0	0	0	0	0	0
62	0	0	17	0	1
123	0	0	36	0	2
185	0	0	59	0	8
254	0	0	91	0	14
308	0	0	124	0	16
386	0	0	185	0	19
451	0	0	249	0	21
482	0	0	286	0	22
513	0	0	329	0	23
544	0	0	377	0	23
575	0	0	432	0	24
606	0	0	493	0	25
637	0	0	573	0	25
668	0	0	664	0	26
800	0	0	955	0	28
924	0	0	1023	0	28
0	62	0	0	15	0
62	62	0	15	15	0
123	62	0	35	14	0
185	62	0	59	9	2
254	62	0	94	0	4
308	62	0	129	0	11
386	62	0	190	0	16
451	62	0	255	0	19
482	62	0	293	0	20
513	62	0	336	0	21
544	62	0	385	0	22
575	62	0	441	0	23
606	62	0	503	0	24
637	62	0	585	0	24
668	62	0	675	0	25
800	62	0	959	0	28
924	62	0	1023	0	28
0	123	0	0	32	12
62	123	0	4	31	0
123	123	0	31	30	0
185	123	0	56	29	0
254	123	0	92	26	0
308	123	0	130	23	2
386	123	0	199	16	4
451	123	0	275	0	6
482	123	0	315	0	10
513	123	0	362	0	13
544	123	0	413	0	15
575	123	0	470	0	17
606	123	0	536	0	19
637	123	0	627	0	20
668	123	0	718	0	21
800	123	0	970	0	25
924	123	0	1023	0	26
0	185	0	0	53	21
62	185	0	0	52	16
123	185	0	25	51	0
185	185	0	51	49	0
254	185	0	88	47	0
308	185	0	126	46	0
386	185	0	195	42	0
451	185	0	271	38	1
482	185	0	315	35	3
513	185	0	369	32	5
544	185	0	429	29	6
575	185	0	495	25	7
606	185	0	585	21	7
637	185	0	687	15	8
668	185	0	789	0	9
800	185	0	992	0	19
924	185	0	1023	0	22
0	254	0	0	83	30
62	254	0	0	82	26
123	254	0	0	80	0
185	254	0	43	80	0
254	254	0	80	77	0
308	254	0	118	76	0
386	254	0	187	73	0
451	254	0	263	69	0
482	254	0	306	68	0
513	254	0	359	65	0
544	254	0	418	63	0
575	254	0	485	60	0
606	254	0	570	58	0
637	254	0	672	55	3
668	254	0	774	51	5
800	254	0	1007	35	9
924	254	0	1023	37	19
0	308	0	0	111	33
62	308	0	0	111	30
123	308	0	0	110	18
185	308	0	33	109	0
254	308	0	73	107	0
308	308	0	110	105	0
386	308	0	180	102	0
451	308	0	254	98	0
482	308	0	298	97	0
513	308	0	349	95	0
544	308	0	407	93	0
575	308	0	472	90	0
606	308	0	556	88	0
637	308	0	658	86	0
668	308	0	763	82	0
800	308	0	1003	68	6
924	308	0	1023	62	18
0	386	0	0	163	39
62	386	0	0	163	36
123	386	0	0	163	27
185	386	0	8	163	0
254	386	0	60	162	0
308	386	0	97	160	0
386	386	0	164	157	0
451	386	0	238	154	0
482	386	0	280	152	0
513	386	0	330	150	0
544	386	0	386	148	0
575	386	0	452	146	0
606	386	0	526	144	0
637	386	0	630	141	0
668	386	0	735	139	0
800	386	0	997	124	0
924	386	0	1023	102	15
0	451	0	0	217	44
62	451	0	0	217	42
123	451	0	0	218	33
185	451	0	0	221	17
254	451	0	47	221	0
308	451	0	85	219	0
386	451	0	152	215	0
451	451	0	224	212	0
482	451	0	265	210	0
513	451	0	311	208	0
544	451	0	367	207	0
575	451	0	430	205	0
606	451	0	501	202	0
637	451	0	599	200	0
668	451	0	704	197	0
800	451	0	987	184	0
924	451	0	1023	145	11
0	482	0	0	248	47
62	482	0	0	248	44
123	482	0	0	249	37
185	482	0	0	252	21
254	482	0	40	253	0
308	482	0	79	252	0
386	482	0	146	249	0
451	482	0	217	245	0
482	482	0	257	243	0
513	482	0	304	241	0
544	482	0	358	240	0
575	482	0	420	237	0
606	482	0	491	235	0
637	482	0	582	233	0
668	482	0	687	230	0
800	482	0	982	216	0
924	482	0	1023	168	6
0	513	0	0	281	49
62	513	0	0	281	47
123	513	0	0	283	40
185	513	0	0	286	26
254	513	0	31	290	0
308	513	0	73	289	0
386	513	0	140	285	0
451	513	0	210	281	0
482	513	0	251	280	0
513	513	0	296	278	0
544	513	0	349	276	0
575	513	0	409	274	0
606	513	0	478	272	0
637	513	0	565	270	0
668	513	0	672	266	0
800	513	0	976	253	0
924	513	0	1023	193	0
0	544	0	0	320	53
62	544	0	0	320	51
123	544	0	0	323	43
185	544	0	0	327	30
254	544	0	21	333	0
308	544	0	66	330	0
386	544	0	134	327	0
451	544	0	203	323	0
482	544	0	243	321	0
513	544	0	288	320	0
544	544	0	340	317	0
575	544	0	399	315	0
606	544	0	466	313	0
637	544	0	551	310	0
668	544	0	656	308	0
800	544	0	971	294	0
924	544	0	1023	226	0
0	575	0	0	364	57
62	575	0	0	364	55
123	575	0	0	367	47
185	575	0	0	372	34
254	575	0	0	380	0
308	575	0	59	378	0
386	575	0	127	375	0
451	575	0	196	372	0
482	575	0	235	369	0
513	575	0	279	367	0
544	575	0	331	365	0
575	575	0	390	362	0
606	575	0	455	361	0
637	575	0	534	358	0
668	575	0	641	355	0
800	575	0	965	342	0
924	575	0	1023	264	0
0	606	0	0	411	61
62	606	0	0	413	59
123	606	0	0	416	51
185	606	0	0	421	39
254	606	0	0	430	14
308	606	0	49	432	0
386	606	0	119	429	0
451	606	0	189	425	0
482	606	0	227	421	0
513	606	0	271	420	0
544	606	0	321	418	0
575	606	0	380	416	0
606	606	0	444	413	0
637	606	0	522	411	0
668	606	0	624	407	0
800	606	0	961	394	0
924	606	0	1023	306	0
0	637	0	0	464	65
62	637	0	0	466	63
123	637	0	0	468	56
185	637	0	0	476	44
254	637	0	0	487	22
308	637	0	40	493	0
386	637	0	109	489	0
451	637	0	180	485	0
482	637	0	218	483	0
513	637	0	261	478	0
544	637	0	310	476	0
575	637	0	369	474	0
606	637	0	434	472	0
637	637	0	507	468	0
668	637	0	610	466	0
800	637	0	956	452	0
924	637	0	1023	353	0
0	668	0	0	526	70
62	668	0	0	528	68
123	668	0	0	531	61
185	668	0	0	542	48
254	668	0	0	556	28
308	668	0	27	568	0
386	668	0	100	562	0
451	668	0	170	559	0
482	668	0	208	556	0
513	668	0	252	551	0
544	668	0	300	548	0
575	668	0	356	545	0
606	668	0	421	542	0
637	668	0	495	539	0
668	668	0	590	534	0
800	668	0	951	518	0
924	668	0	1023	409	0
0	800	0	0	885	90
62	800	0	0	888	89
123	800	0	0	894	82
185	800	0	0	902	71
254	800	0	0	907	52
308	800	0	0	913	33
386	800	0	54	918	0
451	800	0	126	916	0
482	800	0	163	915	0
513	800	0	204	915	0
544	800	0	251	914	0
575	800	0	303	913	0
606	800	0	364	912	0
637	800	0	432	911	0
668	800	0	511	910	0
800	800	0	928	904	0
924	800	0	1023	769	0
0	924	0	0	1013	114
62	924	0	0	1013	112
123	924	0	0	1015	106
185	924	0	0	1018	95
254	924	0	0	1023	77
308	924	0	0	1023	59
386	924	0	0	1023	23
451	924	0	72	1023	0
482	924	0	107	1023	0
513	924	0	148	1023	0
544	924	0	191	1023	0
575	924	0	239	1023	0
606	924	0	293	1023	0
637	924	0	356	1023	0
668	924	0	427	1023	0
800	924	0	882	1023	0
924	924	0	1023	996	0
0	0	62	0	0	15
62	0	62	17	0	15
123	0	62	35	0	15
185	0	62	59	0	16
254	0	62	91	0	19
308	0	62	124	0	21
386	0	62	185	0	23
451	0	62	249	0	25
482	0	62	285	0	26
513	0	62	329	0	26
544	0	62	377	0	27
575	0	62	432	0	27
606	0	62	493	0	28
637	0	62	573	0	29
668	0	62	664	0	29
800	0	62	955	0	31
924	0	62	1023	0	31
0	62	62	0	15	15
62	62	62	15	15	15
123	62	62	34	13	15
185	62	62	59	9	15
254	62	62	94	0	15
308	62	62	129	0	18
386	62	62	190	0	21
451	62	62	254	0	23
482	62	62	293	0	24
513	62	62	336	0	25
544	62	62	385	0	26
575	62	62	439	0	26
606	62	62	503	0	27
637	62	62	585	0	28
668	62	62	675	0	28
800	62	62	959	0	31
924	62	62	1023	0	31
0	123	62	0	32	18
62	123	62	1	31	15
123	123	62	31	30	15
185	123	62	56	29	15
254	123	62	92	26	15
308	123	62	130	23	15
386	123	62	199	16	15
451	123	62	275	0	16
482	123	62	315	0	18
513	123	62	362	0	19
544	123	62	413	0	21
575	123	62	468	0	22
606	123	62	536	0	23
637	123	62	627	0	24
668	123	62	715	0	25
800	123	62	970	0	29
924	123	62	1023	0	29
0	185	62	0	52	25
62	185	62	0	52	21
123	185	62	24	51	14
185	185	62	51	49	14
254	185	62	88	47	14
308	185	62	126	46	14
386	185	62	195	42	15
451	185	62	271	38	15
482	185	62	315	35	15
513	185	62	369	32	16
544	185	62	427	29	16
575	185	62	495	25	16
606	185	62	585	21	16
637	185	62	687	15	17
668	185	62	789	0	17
800	185	62	992	0	24
924	185	62	1023	0	25
0	254	62	0	83	32
62	254	62	0	82	29
123	254	62	0	80	12
185	254	62	43	80	12
254	254	62	80	77	12
308	254	62	118	76	13
386	254	62	187	73	13
451	254	62	262	69	14
482	254	62	306	68	14
513	254	62	359	65	14
544	254	62	418	63	15
575	254	62	485	60	15
606	254	62	570	58	15
637	254	62	672	55	15
668	254	62	774	51	16
800	254	62	1007	35	17
924	254	62	1023	37	23
0	308	62	0	111	36
62	308	62	0	111	33
123	308	62	0	110	22
185	308	62	33	109	10
254	308	62	73	107	10
308	308	62	109	105	10
386	308	62	180	102	11
451	308	62	254	98	12
482	308	62	298	97	12
513	308	62	349	95	12
544	308	62	407	93	13
575	308	62	472	90	13
606	308	62	556	88	13
637	308	62	658	86	14
668	308	62	760	82	14
800	308	62	1003	68	16
924	308	62	1023	62	22
0	386	62	0	162	42
62	386	62	0	162	40
123	386	62	0	163	30
185	386	62	0	164	7
254	386	62	58	163	0
308	386	62	95	160	2
386	386	62	163	157	5
451	386	62	238	153	6
482	386	62	281	152	7
513	386	62	331	150	8
544	386	62	388	148	8
575	386	62	453	145	9
606	386	62	528	143	9
637	386	62	633	141	10
668	386	62	738	138	10
800	386	62	997	124	13
924	386	62	1023	102	20
0	451	62	0	216	47
62	451	62	0	217	45
123	451	62	0	218	37
185	451	62	0	220	22
254	451	62	40	222	0
308	451	62	80	220	0
386	451	62	148	216	0
451	451	62	222	212	0
482	451	62	264	210	0
513	451	62	311	208	0
544	451	62	369	206	0
575	451	62	432	204	0
606	451	62	505	202	0
637	451	62	604	199	0
668	451	62	709	196	0
800	451	62	990	182	8
924	451	62	1023	145	17
0	482	62	0	246	51
62	482	62	0	248	48
123	482	62	0	249	41
185	482	62	0	252	26
254	482	62	31	255	0
308	482	62	73	253	0
386	482	62	142	250	0
451	482	62	214	245	0
482	482	62	255	243	0
513	482	62	303	241	0
544	482	62	358	239	0
575	482	62	421	236	0
606	482	62	493	234	0
637	482	62	590	231	0
668	482	62	695	228	0
800	482	62	986	213	2
924	482	62	1023	168	14
0	513	62	0	280	54
62	513	62	0	281	52
123	513	62	0	283	44
185	513	62	0	286	30
254	513	62	20	293	0
308	513	62	66	290	0
386	513	62	135	286	0
451	513	62	206	283	0
482	513	62	246	280	0
513	513	62	293	278	0
544	513	62	347	275	0
575	513	62	409	273	0
606	513	62	481	271	0
637	513	62	570	267	0
668	513	62	681	264	0
800	513	62	981	250	0
924	513	62	1023	193	10
0	544	62	0	318	58
62	544	62	0	320	56
123	544	62	0	321	48
185	544	62	0	326	35
254	544	62	0	334	0
308	544	62	58	333	0
386	544	62	128	329	0
451	544	62	198	324	0
482	544	62	238	323	0
513	544	62	284	320	0
544	544	62	337	317	0
575	544	62	398	315	0
606	544	62	466	311	0
637	544	62	554	309	0
668	544	62	661	306	0
800	544	62	976	290	0
924	544	62	1023	221	0
0	575	62	0	362	62
62	575	62	0	364	60
123	575	62	0	365	52
185	575	62	0	372	40
254	575	62	0	380	15
308	575	62	49	382	0
386	575	62	119	377	0
451	575	62	191	374	0
482	575	62	229	370	0
513	575	62	274	369	0
544	575	62	326	365	0
575	575	62	386	364	0
606	575	62	453	361	0
637	575	62	534	358	0
668	575	62	644	353	0
800	575	62	970	337	0
924	575	62	1023	255	0
0	606	62	0	411	66
62	606	62	0	413	64
123	606	62	0	414	57
185	606	62	0	421	44
254	606	62	0	430	22
308	606	62	40	436	0
386	606	62	110	430	0
451	606	62	181	427	0
482	606	62	220	425	0
513	606	62	264	421	0
544	606	62	314	420	0
575	606	62	375	416	0
606	606	62	441	414	0
637	606	62	518	411	0
668	606	62	624	407	0
800	606	62	964	391	0
924	606	62	1023	296	0
0	637	62	0	464	71
62	637	62	0	466	68
123	637	62	0	468	62
185	637	62	0	476	48
254	637	62	0	487	28
308	637	62	27	495	0
386	637	62	101	491	0
451	637	62	172	487	0
482	637	62	210	485	0
513	637	62	254	483	0
544	637	62	304	478	0
575	637	62	362	476	0
606	637	62	429	472	0
637	637	62	505	470	0
668	637	62	604	466	0
800	637	62	959	450	0
924	637	62	1023	347	0
0	668	62	0	526	75
62	668	62	0	526	73
123	668	62	0	531	66
185	668	62	0	539	54
254	668	62	0	556	33
308	668	62	0	573	0
386	668	62	92	568	0
451	668	62	162	562	0
482	668	62	202	559	0
513	668	62	244	556	0
544	668	62	293	551	0
575	668	62	350	548	0
606	668	62	414	545	0
637	668	62	489	539	0
668	668	62	588	536	0
800	668	62	953	516	0
924	668	62	1023	401	0
0	800	62	0	885	96
62	800	62	0	888	94
123	800	62	0	891	88
185	800	62	0	899	76
254	800	62	0	907	58
308	800	62	0	913	38
386	800	62	44	919	0
451	800	62	117	918	0
482	800	62	154	917	0
513	800	62	196	916	0
544	800	62	242	915	0
575	800	62	294	914	0
606	800	62	355	913	0
637	800	62	425	912	0
668	800	62	503	910	0
800	800	62	926	905	0
924	800	62	1023	766	0
0	924	62	0	1012	120
62	924	62	0	1013	118
123	924	62	0	1015	111
185	924	62	0	1017	100
254	924	62	0	1023	82
308	924	62	0	1023	63
386	924	62	0	1023	28
451	924	62	63	1023	0
482	924	62	99	1023	0
513	924	62	139	1023	0
544	924	62	183	1023	0
575	924	62	229	1023	0
606	924	62	283	1023	0
637	924	62	344	1023	0
668	924	62	414	1023	0
800	924	62	871	1023	0
924	924	62	1023	998	0
0	0	123	0	0	30
62	0	123	15	0	30
123	0	123	35	0	30
185	0	123	58	0	31
254	0	123	90	0	32
308	0	123	124	0	33
386	0	123	184	0	35
451	0	123	248	0	36
482	0	123	284	0	37
513	0	123	327	0	37
544	0	123	375	0	38
575	0	123	430	0	39
606	0	123	491	0	40
637	0	123	570	0	40
668	0	123	661	0	41
800	0	123	955	0	43
924	0	123	1023	0	43
0	62	123	0	15	30
62	62	123	14	15	30
123	62	123	34	13	30
185	62	123	58	9	30
254	62	123	94	0	30
308	62	123	128	0	32
386	62	123	189	0	33
451	62	123	254	0	35
482	62	123	291	0	36
513	62	123	334	0	36
544	62	123	383	0	37
575	62	123	439	0	38
606	62	123	501	0	39
637	62	123	582	0	39
668	62	123	675	0	40
800	62	123	958	0	43
924	62	123	1023	0	42
0	123	123	0	31	30
62	123	123	0	31	30
123	123	123	30	30	30
185	123	123	55	29	30
254	123	123	92	26	30
308	123	123	130	23	30
386	123	123	198	16	31
451	123	123	274	0	31
482	123	123	314	0	32
513	123	123	361	0	33
544	123	123	411	0	34
575	123	123	468	0	35
606	123	123	534	0	36
637	123	123	624	0	36
668	123	123	715	0	37
800	123	123	969	0	40
924	123	123	1023	0	40
0	185	123	0	52	35
62	185	123	0	52	33
123	185	123	24	51	30
185	185	123	50	49	30
254	185	123	88	47	30
308	185	123	125	46	30
386	185	123	194	42	30
451	185	123	270	38	30
482	185	123	314	35	30
513	185	123	367	32	31
544	185	123	427	29	31
575	185	123	495	25	31
606	185	123	585	21	31
637	185	123	687	14	31
668	185	123	786	0	32
800	185	123	992	0	36
924	185	123	1023	0	36
0	254	123	0	82	42
62	254	123	0	82	40
123	254	123	0	80	29
185	254	123	42	80	29
254	254	123	80	78	29
308	254	123	117	76	29
386	254	123	186	73	29
451	254	123	262	69	30
482	254	123	306	67	30
513	254	123	358	65	30
544	254	123	416	63	30
575	254	123	485	60	30
606	254	123	570	58	30
637	254	123	672	54	30
668	254	123	774	51	31
800	254	123	1007	34	32
924	254	123	1023	37	34
0	308	123	0	110	47
62	308	123	0	110	44
123	308	123	0	109	36
185	308	123	32	109	28
254	308	123	72	107	28
308	308	123	109	105	29
386	308	123	179	102	29
451	308	123	253	98	29
482	308	123	298	97	29
513	308	123	349	95	29
544	308	123	406	92	29
575	308	123	472	90	29
606	308	123	554	88	30
637	308	123	658	85	30
668	308	123	760	82	30
800	308	123	1003	68	31
924	308	123	1023	62	33
0	386	123	0	161	55
62	386	123	0	161	52
123	386	123	0	162	44
185	386	123	0	163	28
254	386	123	57	162	27
308	386	123	94	160	27
386	386	123	163	157	27
451	386	123	238	153	28
482	386	123	280	151	28
513	386	123	330	150	28
544	386	123	388	148	28
575	386	123	452	145	28
606	386	123	528	143	28
637	386	123	633	141	28
668	386	123	735	138	29
800	386	123	997	124	29
924	386	123	1023	102	31
0	451	123	0	215	62
62	451	123	0	215	60
123	451	123	0	217	51
185	451	123	0	220	37
254	451	123	40	221	25
308	451	123	80	220	25
386	451	123	148	216	26
451	451	123	222	212	26
482	451	123	264	210	26
513	451	123	311	208	26
544	451	123	369	206	26
575	451	123	432	203	26
606	451	123	505	202	27
637	451	123	604	199	27
668	451	123	709	196	27
800	451	123	989	182	28
924	451	123	1023	144	29
0	482	123	0	245	66
62	482	123	0	246	64
123	482	123	0	248	56
185	482	123	0	251	42
254	482	123	28	255	24
308	482	123	71	253	25
386	482	123	141	250	25
451	482	123	213	245	25
482	482	123	255	243	25
513	482	123	303	241	25
544	482	123	358	239	25
575	482	123	421	236	26
606	482	123	493	234	26
637	482	123	588	231	26
668	482	123	695	228	26
800	482	123	985	213	27
924	482	123	1023	167	28
0	513	123	0	279	69
62	513	123	0	280	67
123	513	123	0	281	60
185	513	123	0	286	46
254	513	123	6	293	23
308	513	123	62	290	23
386	513	123	132	286	24
451	513	123	204	283	24
482	513	123	245	280	24
513	513	123	291	278	24
544	513	123	346	275	24
575	513	123	409	273	25
606	513	123	481	271	25
637	513	123	570	267	25
668	513	123	678	264	25
800	513	123	981	249	26
924	513	123	1023	193	26
0	544	123	0	317	73
62	544	123	0	318	71
123	544	123	0	320	64
185	544	123	0	326	50
254	544	123	0	334	28
308	544	123	51	334	22
386	544	123	122	330	23
451	544	123	195	326	23
482	544	123	235	323	23
513	544	123	281	320	23
544	544	123	334	317	23
575	544	123	396	314	23
606	544	123	466	311	24
637	544	123	554	309	24
668	544	123	661	305	24
800	544	123	976	290	25
924	544	123	1023	220	24
0	575	123	0	361	77
62	575	123	0	362	75
123	575	123	0	365	68
185	575	123	0	370	55
254	575	123	0	380	33
308	575	123	40	383	21
386	575	123	112	378	21
451	575	123	185	375	21
482	575	123	224	372	22
513	575	123	270	369	22
544	575	123	323	367	22
575	575	123	383	364	22
606	575	123	452	361	22
637	575	123	534	356	23
668	575	123	644	353	23
800	575	123	971	336	24
924	575	123	1023	254	23
0	606	123	0	409	81
62	606	123	0	411	78
123	606	123	0	414	72
185	606	123	0	420	60
254	606	123	0	430	39
308	606	123	24	437	19
386	606	123	100	434	20
451	606	123	173	429	20
482	606	123	212	427	20
513	606	123	257	423	20
544	606	123	309	421	20
575	606	123	369	418	21
606	606	123	437	414	21
637	606	123	516	411	21
668	606	123	624	407	21
800	606	123	966	388	23
924	606	123	1023	294	22
0	637	123	0	462	86
62	637	123	0	464	84
123	637	123	0	466	76
185	637	123	0	474	64
254	637	123	0	487	43
308	637	123	0	499	21
386	637	123	90	495	18
451	637	123	161	491	18
482	637	123	201	487	18
513	637	123	245	485	18
544	637	123	295	481	19
575	637	123	355	478	19
606	637	123	421	474	19
637	637	123	499	470	19
668	637	123	602	466	20
800	637	123	961	448	21
924	637	123	1023	342	20
0	668	123	0	524	90
62	668	123	0	526	88
123	668	123	0	528	81
185	668	123	0	539	69
254	668	123	0	556	48
308	668	123	0	573	27
386	668	123	77	576	15
451	668	123	148	568	16
482	668	123	189	565	16
513	668	123	232	562	16
544	668	123	281	556	17
575	668	123	340	554	17
606	668	123	406	548	17
637	668	123	481	542	17
668	668	123	579	536	18
800	668	123	954	514	19
924	668	123	1023	394	19
0	800	123	0	882	111
62	800	123	0	885	109
123	800	123	0	891	102
185	800	123	0	899	92
254	800	123	0	906	72
308	800	123	0	912	53
386	800	123	0	922	9
451	800	123	90	922	0
482	800	123	130	921	0
513	800	123	171	920	0
544	800	123	216	919	0
575	800	123	268	918	0
606	800	123	329	916	0
637	800	123	399	915	0
668	800	123	478	913	0
800	800	123	923	906	0
924	800	123	1023	760	7
0	924	123	0	1012	136
62	924	123	0	1012	134
123	924	123	0	1014	128
185	924	123	0	1017	116
254	924	123	0	1022	96
308	924	123	0	1023	77
386	924	123	0	1023	43
451	924	123	29	1023	0
482	924	123	72	1023	0
513	924	123	111	1023	0
544	924	123	153	1023	0
575	924	123	201	1023	0
606	924	123	253	1023	0
637	924	123	313	1023	0
668	924	123	383	1023	0
800	924	123	840	1023	0
924	924	123	1023	1003	0
0	0	185	0	3	49
62	0	185	12	0	49
123	0	185	33	0	49
185	0	185	57	0	49
254	0	185	90	0	49
308	0	185	122	0	51
386	0	185	182	0	53
451	0	185	245	0	54
482	0	185	283	0	55
513	0	185	324	0	56
544	0	185	374	0	57
575	0	185	427	0	58
606	0	185	489	0	59
637	0	185	565	0	60
668	0	185	658	0	61
800	0	185	953	0	64
924	0	185	1023	0	62
0	62	185	0	16	48
62	62	185	10	14	49
123	62	185	32	13	49
185	62	185	57	8	49
254	62	185	93	0	50
308	62	185	127	0	50
386	62	185	187	0	52
451	62	185	252	0	53
482	62	185	289	0	54
513	62	185	333	0	55
544	62	185	382	0	56
575	62	185	436	0	57
606	62	185	497	0	58
637	62	185	579	0	59
668	62	185	670	0	60
800	62	185	957	0	64
924	62	185	1023	0	62
0	123	185	0	32	47
62	123	185	0	31	49
123	123	185	29	30	49
185	123	185	54	29	49
254	123	185	91	26	49
308	123	185	128	23	49
386	123	185	197	15	50
451	123	185	273	0	50
482	123	185	313	0	51
513	123	185	359	0	52
544	123	185	409	0	53
575	123	185	466	0	54
606	123	185	531	0	55
637	123	185	622	0	56
668	123	185	709	0	57
800	123	185	968	0	61
924	123	185	1023	0	58
0	185	185	0	52	49
62	185	185	0	51	49
123	185	185	22	50	49
185	185	185	49	49	49
254	185	185	86	47	49
308	185	185	124	45	49
386	185	185	193	42	49
451	185	185	268	37	49
482	185	185	313	35	50
513	185	185	365	32	50
544	185	185	425	29	50
575	185	185	493	25	50
606	185	185	582	20	50
637	185	185	684	14	50
668	185	185	786	0	51
800	185	185	991	0	56
924	185	185	1023	0	53
0	254	185	0	80	57
62	254	185	0	80	55
123	254	185	0	80	49
185	254	185	41	79	48
254	254	185	79	78	49
308	254	185	116	76	49
386	254	185	185	73	49
451	254	185	261	69	49
482	254	185	305	67	49
513	254	185	356	65	49
544	254	185	416	63	49
575	254	185	483	60	49
606	254	185	568	58	49
637	254	185	670	54	50
668	254	185	772	51	50
800	254	185	1006	34	51
924	254	185	1023	36	50
0	308	185	0	109	63
62	308	185	0	109	62
123	308	185	0	109	55
185	308	185	30	109	48
254	308	185	71	107	48
308	308	185	108	105	48
386	308	185	178	102	48
451	308	185	252	98	48
482	308	185	296	96	48
513	308	185	347	94	49
544	308	185	406	92	49
575	308	185	470	90	49
606	308	185	554	88	49
637	308	185	656	85	49
668	308	185	760	82	49
800	308	185	1003	68	50
924	308	185	1023	61	49
0	386	185	0	159	73
62	386	185	0	160	71
123	386	185	0	161	64
185	386	185	0	163	49
254	386	185	56	162	47
308	386	185	94	160	47
386	386	185	163	156	47
451	386	185	237	153	47
482	386	185	279	151	47
513	386	185	329	149	47
544	386	185	386	147	48
575	386	185	452	145	48
606	386	185	526	143	48
637	386	185	630	141	48
668	386	185	735	138	48
800	386	185	996	124	49
924	386	185	1023	101	48
0	451	185	0	214	80
62	451	185	0	214	78
123	451	185	0	216	72
185	451	185	0	219	58
254	451	185	38	221	46
308	451	185	78	219	46
386	451	185	147	216	46
451	451	185	221	212	46
482	451	185	263	210	46
513	451	185	310	207	47
544	451	185	367	206	47
575	451	185	430	203	47
606	451	185	503	201	47
637	451	185	602	198	47
668	451	185	706	196	47
800	451	185	989	182	48
924	451	185	1023	144	46
0	482	185	0	244	85
62	482	185	0	244	83
123	482	185	0	246	76
185	482	185	0	250	63
254	482	185	27	255	45
308	482	185	71	253	45
386	482	185	140	249	46
451	482	185	212	245	46
482	482	185	254	243	46
513	482	185	301	241	46
544	482	185	356	239	46
575	482	185	420	236	46
606	482	185	491	234	46
637	482	185	588	231	46
668	482	185	692	228	47
800	482	185	985	213	47
924	482	185	1023	166	45
0	513	185	0	278	89
62	513	185	0	278	87
123	513	185	0	280	80
185	513	185	0	285	68
254	513	185	0	293	45
308	513	185	62	290	45
386	513	185	131	286	45
451	513	185	203	283	45
482	513	185	244	280	45
513	513	185	291	278	45
544	513	185	346	275	45
575	513	185	407	273	45
606	513	185	478	270	46
637	513	185	570	267	46
668	513	185	678	264	46
800	513	185	981	249	47
924	513	185	1023	192	43
0	544	185	0	315	94
62	544	185	0	315	92
123	544	185	0	318	84
185	544	185	0	324	72
254	544	185	0	333	49
308	544	185	50	334	44
386	544	185	122	330	44
451	544	185	194	326	44
482	544	185	234	323	44
513	544	185	280	320	44
544	544	185	334	317	45
575	544	185	396	314	45
606	544	185	464	311	45
637	544	185	551	309	45
668	544	185	661	305	45
800	544	185	976	289	46
924	544	185	1023	220	42
0	575	185	0	359	98
62	575	185	0	359	96
123	575	185	0	362	90
185	575	185	0	369	76
254	575	185	0	378	55
308	575	185	39	383	43
386	575	185	111	378	43
451	575	185	184	374	43
482	575	185	223	372	43
513	575	185	268	369	44
544	575	185	321	365	44
575	575	185	383	364	44
606	575	185	452	359	44
637	575	185	531	356	44
668	575	185	641	353	44
800	575	185	971	336	45
924	575	185	1023	254	41
0	606	185	0	407	102
62	606	185	0	407	100
123	606	185	0	411	94
185	606	185	0	418	81
254	606	185	0	429	60
308	606	185	23	437	42
386	606	185	100	434	43
451	606	185	172	429	43
482	606	185	211	427	43
513	606	185	256	423	43
544	606	185	308	420	43
575	606	185	369	418	43
606	606	185	436	414	43
637	606	185	516	411	43
668	606	185	622	406	43
800	606	185	965	388	44
924	606	185	1023	295	40
0	637	185	0	460	107
62	637	185	0	460	105
123	637	185	0	464	98
185	637	185	0	472	86
254	637	185	0	485	66
308	637	185	0	499	44
386	637	185	88	495	42
451	637	185	159	491	42
482	637	185	200	487	42
513	637	185	244	485	42
544	637	185	295	481	42
575	637	185	353	478	42
606	637	185	421	474	42
637	637	185	497	470	42
668	637	185	599	466	43
800	637	185	960	446	43
924	637	185	1023	342	40
0	668	185	0	522	112
62	668	185	0	522	111
123	668	185	0	526	103
185	668	185	0	536	92
254	668	185	0	554	71
308	668	185	0	570	49
386	668	185	76	576	40
451	668	185	148	568	41
482	668	185	188	565	41
513	668	185	231	562	41
544	668	185	280	556	41
575	668	185	339	554	41
606	668	185	404	548	41
637	668	185	481	542	41
668	668	185	576	536	42
800	668	185	954	514	42
924	668	185	1023	396	39
0	800	185	0	879	137
62	800	185	0	882	135
123	800	185	0	888	128
185	800	185	0	896	116
254	800	185	0	906	96
308	800	185	0	912	75
386	800	185	0	922	40
451	800	185	88	922	35
482	800	185	128	921	36
513	800	185	169	920	36
544	800	185	215	919	36
575	800	185	267	918	36
606	800	185	327	916	36
637	800	185	398	915	36
668	800	185	476	913	36
800	800	185	922	906	37
924	800	185	1023	760	36
0	924	185	0	1011	162
62	924	185	0	1012	159
123	924	185	0	1013	152
185	924	185	0	1016	142
254	924	185	0	1022	122
308	924	185	0	1023	100
386	924	185	0	1023	66
451	924	185	0	1023	30
482	924	185	56	1023	28
513	924	185	96	1023	28
544	924	185	140	1023	28
575	924	185	187	1023	28
606	924	185	238	1023	28
637	924	185	298	1023	29
668	924	185	367	1023	29
800	924	185	826	1023	30
924	924	185	1023	1003	30
0	0	254	0	8	73
62	0	254	0	0	78
123	0	254	31	0	78
185	0	254	55	0	75
254	0	254	88	0	75
308	0	254	121	0	76
386	0	254	180	0	78
451	0	254	243	0	80
482	0	254	280	0	81
513	0	254	323	0	82
544	0	254	370	0	83
575	0	254	425	0	84
606	0	254	485	0	85
637	0	254	562	0	86
668	0	254	653	0	88
800	0	254	952	0	92
924	0	254	1023	0	88
0	62	254	0	17	72
62	62	254	0	13	78
123	62	254	30	11	78
185	62	254	55	6	78
254	62	254	91	0	78
308	62	254	125	0	77
386	62	254	185	0	78
451	62	254	250	0	80
482	62	254	286	0	80
513	62	254	330	0	82
544	62	254	378	0	82
575	62	254	432	0	84
606	62	254	495	0	84
637	62	254	573	0	86
668	62	254	664	0	86
800	62	254	955	0	92
924	62	254	1023	0	87
0	123	254	0	32	69
62	123	254	0	31	74
123	123	254	27	30	78
185	123	254	53	28	78
254	123	254	90	26	78
308	123	254	127	22	78
386	123	254	196	15	78
451	123	254	272	0	78
482	123	254	310	0	79
513	123	254	356	0	80
544	123	254	406	0	80
575	123	254	462	0	81
606	123	254	526	0	82
637	123	254	616	0	83
668	123	254	706	0	84
800	123	254	966	0	89
924	123	254	1023	0	84
0	185	254	0	51	70
62	185	254	0	51	72
123	185	254	18	50	78
185	185	254	47	49	78
254	185	254	85	47	78
308	185	254	122	45	78
386	185	254	191	41	78
451	185	254	267	37	78
482	185	254	311	34	78
513	185	254	364	31	78
544	185	254	423	28	78
575	185	254	491	25	78
606	185	254	579	20	78
637	185	254	681	13	78
668	185	254	783	0	79
800	185	254	989	0	84
924	185	254	1023	0	77
0	254	254	0	80	75
62	254	254	0	80	76
123	254	254	0	80	77
185	254	254	39	79	77
254	254	254	77	77	77
308	254	254	114	75	77
386	254	254	184	72	77
451	254	254	260	69	78
482	254	254	303	67	78
513	254	254	355	65	78
544	254	254	413	62	78
575	254	254	481	60	78
606	254	254	565	57	78
637	254	254	667	54	78
668	254	254	769	50	78
800	254	254	1005	34	79
924	254	254	1023	35	74
0	308	254	0	107	82
62	308	254	0	107	82
123	308	254	0	108	80
185	308	254	28	109	77
254	308	254	70	107	77
308	308	254	106	105	77
386	308	254	176	102	77
451	308	254	251	98	77
482	308	254	294	96	77
513	308	254	344	94	77
544	308	254	403	92	77
575	308	254	468	90	77
606	308	254	551	88	78
637	308	254	653	85	78
668	308	254	758	82	78
800	308	254	1003	68	78
924	308	254	1023	60	73
0	386	254	0	158	94
62	386	254	0	158	93
123	386	254	0	159	88
185	386	254	0	163	78
254	386	254	54	162	76
308	386	254	92	160	76
386	386	254	160	156	76
451	386	254	235	152	76
482	386	254	278	151	76
513	386	254	327	149	76
544	386	254	385	147	76
575	386	254	448	145	76
606	386	254	524	143	76
637	386	254	627	140	77
668	386	254	732	137	77
800	386	254	996	124	77
924	386	254	1023	100	72
0	451	254	0	212	104
62	451	254	0	213	102
123	451	254	0	214	98
185	451	254	0	218	86
254	451	254	36	221	75
308	451	254	77	219	75
386	451	254	146	215	75
451	451	254	219	212	75
482	451	254	261	209	75
513	451	254	309	207	75
544	451	254	365	206	75
575	451	254	429	203	75
606	451	254	501	201	75
637	451	254	599	198	75
668	451	254	704	196	76
800	451	254	988	181	76
924	451	254	1023	143	71
0	482	254	0	242	109
62	482	254	0	243	107
123	482	254	0	245	102
185	482	254	0	249	91
254	482	254	24	254	74
308	482	254	69	253	74
386	482	254	138	249	74
451	482	254	210	245	75
482	482	254	252	243	75
513	482	254	299	241	75
544	482	254	355	238	75
575	482	254	418	236	75
606	482	254	489	233	75
637	482	254	582	230	75
668	482	254	690	227	75
800	482	254	984	212	76
924	482	254	1023	165	69
0	513	254	0	275	115
62	513	254	0	276	113
123	513	254	0	279	107
185	513	254	0	284	96
254	513	254	0	291	74
308	513	254	60	290	74
386	513	254	130	286	74
451	513	254	202	283	74
482	513	254	242	280	74
513	513	254	289	278	74
544	513	254	343	275	74
575	513	254	406	273	74
606	513	254	476	270	74
637	513	254	568	267	75
668	513	254	675	264	75
800	513	254	980	249	75
924	513	254	1023	191	67
0	544	254	0	313	121
62	544	254	0	314	119
123	544	254	0	317	112
185	544	254	0	323	100
254	544	254	0	331	80
308	544	254	48	333	73
386	544	254	120	330	73
451	544	254	192	326	73
482	544	254	232	323	73
513	544	254	278	320	73
544	544	254	331	317	73
575	544	254	393	314	74
606	544	254	462	311	74
637	544	254	548	308	74
668	544	254	658	305	74
800	544	254	975	289	75
924	544	254	1023	219	65
0	575	254	0	358	127
62	575	254	0	358	125
123	575	254	0	361	118
185	575	254	0	367	105
254	575	254	0	377	85
308	575	254	37	383	72
386	575	254	109	378	73
451	575	254	182	374	73
482	575	254	221	372	73
513	575	254	266	369	73
544	575	254	318	365	73
575	575	254	380	362	73
606	575	254	448	359	73
637	575	254	528	356	73
668	575	254	638	353	73
800	575	254	970	336	74
924	575	254	1023	254	65
0	606	254	0	406	132
62	606	254	0	406	131
123	606	254	0	409	124
185	606	254	0	416	112
254	606	254	0	427	90
308	606	254	20	437	72
386	606	254	98	434	72
451	606	254	170	429	72
482	606	254	209	425	72
513	606	254	255	423	72
544	606	254	306	420	72
575	606	254	365	416	72
606	606	254	434	413	72
637	606	254	511	409	73
668	606	254	619	406	73
800	606	254	964	388	73
924	606	254	1023	294	65
0	637	254	0	459	138
62	637	254	0	459	136
123	637	254	0	462	130
185	637	254	0	470	118
254	637	254	0	483	96
308	637	254	0	497	74
386	637	254	87	495	71
451	637	254	158	491	71
482	637	254	198	487	71
513	637	254	242	485	71
544	637	254	293	481	71
575	637	254	352	476	71
606	637	254	418	474	72
637	637	254	495	470	72
668	637	254	596	466	72
800	637	254	959	446	73
924	637	254	1023	342	64
0	668	254	0	520	144
62	668	254	0	520	142
123	668	254	0	524	136
185	668	254	0	534	124
254	668	254	0	551	102
308	668	254	0	570	80
386	668	254	74	573	70
451	668	254	146	568	70
482	668	254	186	565	71
513	668	254	229	559	71
544	668	254	279	556	71
575	668	254	336	551	71
606	668	254	403	548	71
637	668	254	476	542	71
668	668	254	573	536	71
800	668	254	953	514	72
924	668	254	1023	396	64
0	800	254	0	876	171
62	800	254	0	879	169
123	800	254	0	885	162
185	800	254	0	894	150
254	800	254	0	905	130
308	800	254	0	911	108
386	800	254	0	922	71
451	800	254	86	922	66
482	800	254	126	921	66
513	800	254	168	920	66
544	800	254	213	919	66
575	800	254	265	918	66
606	800	254	326	916	66
637	800	254	396	915	67
668	800	254	474	913	67
800	800	254	922	905	67
924	800	254	1023	760	63
0	924	254	0	1010	201
62	924	254	0	1010	198
123	924	254	0	1012	192
185	924	254	0	1015	180
254	924	254	0	1021	158
308	924	254	0	1023	137
386	924	254	0	1023	98
451	924	254	0	1023	62
482	924	254	54	1023	59
513	924	254	94	1023	59
544	924	254	139	1023	59
575	924	254	185	1023	60
606	924	254	237	1023	60
637	924	254	295	1023	60
668	924	254	365	1023	60
800	924	254	823	1023	61
924	924	254	1023	1004	61
0	0	308	0	9	96
62	0	308	0	0	104
123	0	308	29	0	103
185	0	308	54	0	100
254	0	308	88	0	100
308	0	308	120	0	100
386	0	308	180	0	102
451	0	308	242	0	104
482	0	308	279	0	105
513	0	308	320	0	106
544	0	308	369	0	107
575	0	308	421	0	109
606	0	308	483	0	110
637	0	308	556	0	112
668	0	308	650	0	113
800	0	308	951	0	120
924	0	308	1023	0	113
0	62	308	0	17	94
62	62	308	0	14	102
123	62	308	27	10	105
185	62	308	53	0	105
254	62	308	90	0	104
308	62	308	124	0	103
386	62	308	185	0	103
451	62	308	249	0	104
482	62	308	285	0	105
513	62	308	327	0	106
544	62	308	377	0	107
575	62	308	430	0	109
606	62	308	491	0	110
637	62	308	570	0	111
668	62	308	661	0	112
800	62	308	954	0	119
924	62	308	1023	0	112
0	123	308	0	32	92
62	123	308	0	31	98
123	123	308	24	29	105
185	123	308	50	28	105
254	123	308	87	25	105
308	123	308	125	22	105
386	123	308	194	14	106
451	123	308	268	0	106
482	123	308	308	0	106
513	123	308	353	0	106
544	123	308	404	0	107
575	123	308	459	0	108
606	123	308	524	0	109
637	123	308	613	0	110
668	123	308	704	0	111
800	123	308	965	0	116
924	123	308	1023	0	107
0	185	308	0	51	90
62	185	308	0	51	94
123	185	308	14	49	105
185	185	308	46	48	105
254	185	308	83	47	105
308	185	308	120	45	105
386	185	308	190	41	105
451	185	308	265	36	105
482	185	308	309	34	105
513	185	308	362	31	106
544	185	308	421	28	106
575	185	308	489	24	106
606	185	308	576	19	106
637	185	308	678	12	106
668	185	308	777	0	107
800	185	308	988	0	112
924	185	308	1023	0	100
0	254	308	0	79	94
62	254	308	0	79	96
123	254	308	0	80	102
185	254	308	37	79	105
254	254	308	75	77	105
308	254	308	112	75	105
386	254	308	182	72	105
451	254	308	257	68	105
482	254	308	301	67	105
513	254	308	353	64	105
544	254	308	411	62	105
575	254	308	478	60	105
606	254	308	562	57	105
637	254	308	664	53	105
668	254	308	766	50	106
800	254	308	1005	33	107
924	254	308	1023	34	96
0	308	308	0	107	100
62	308	308	0	107	101
123	308	308	0	107	102
185	308	308	26	108	104
254	308	308	68	106	104
308	308	308	104	104	104
386	308	308	174	101	104
451	308	308	249	98	104
482	308	308	293	96	105
513	308	308	343	94	105
544	308	308	401	92	105
575	308	308	466	90	105
606	308	308	548	87	105
637	308	308	650	84	105
668	308	308	755	82	105
800	308	308	1002	68	106
924	308	308	1023	60	96
0	386	308	0	157	114
62	386	308	0	158	113
123	386	308	0	159	111
185	386	308	0	162	105
254	386	308	52	162	103
308	386	308	90	159	103
386	386	308	158	156	103
451	386	308	233	152	104
482	386	308	275	150	104
513	386	308	326	149	104
544	386	308	383	147	104
575	386	308	446	145	104
606	386	308	522	143	104
637	386	308	624	140	104
668	386	308	729	137	104
800	386	308	995	124	105
924	386	308	1023	100	94
0	451	308	0	211	126
62	451	308	0	212	125
123	451	308	0	213	122
185	451	308	0	217	112
254	451	308	34	221	102
308	451	308	75	219	102
386	451	308	145	215	102
451	451	308	217	211	102
482	451	308	260	209	103
513	451	308	306	207	102
544	451	308	362	205	102
575	451	308	427	203	103
606	451	308	499	201	103
637	451	308	596	198	103
668	451	308	701	195	103
800	451	308	987	181	104
924	451	308	1023	143	92
0	482	308	0	241	132
62	482	308	0	242	131
123	482	308	0	244	127
185	482	308	0	248	118
254	482	308	21	254	102
308	482	308	67	252	102
386	482	308	137	249	102
451	482	308	208	244	102
482	482	308	250	242	102
513	482	308	298	240	102
544	482	308	352	238	102
575	482	308	414	236	102
606	482	308	487	233	102
637	482	308	579	230	102
668	482	308	687	227	102
800	482	308	983	212	103
924	482	308	1023	164	92
0	513	308	0	274	138
62	513	308	0	275	137
123	513	308	0	278	133
185	513	308	0	283	123
254	513	308	0	291	102
308	513	308	58	290	101
386	513	308	128	286	101
451	513	308	200	281	102
482	513	308	240	280	102
513	513	308	288	278	102
544	513	308	342	275	102
575	513	308	404	272	102
606	513	308	474	270	102
637	513	308	562	266	102
668	513	308	672	264	102
800	513	308	979	249	102
924	513	308	1023	191	90
0	544	308	0	313	144
62	544	308	0	313	143
123	544	308	0	315	138
185	544	308	0	321	128
254	544	308	0	331	108
308	544	308	47	333	100
386	544	308	118	329	100
451	544	308	191	324	101
482	544	308	230	323	101
513	544	308	276	320	101
544	544	308	330	317	101
575	544	308	391	314	101
606	544	308	460	311	101
637	544	308	545	308	102
668	544	308	656	305	102
800	544	308	974	289	102
924	544	308	1023	219	88
0	575	308	0	356	150
62	575	308	0	356	148
123	575	308	0	359	144
185	575	308	0	365	134
254	575	308	0	377	114
308	575	308	34	383	100
386	575	308	107	378	100
451	575	308	180	374	100
482	575	308	220	370	100
513	575	308	265	369	100
544	575	308	317	365	100
575	575	308	378	362	100
606	575	308	446	359	100
637	575	308	526	356	100
668	575	308	636	352	101
800	575	308	969	336	102
924	575	308	1023	255	88
0	606	308	0	404	156
62	606	308	0	404	154
123	606	308	0	407	150
185	606	308	0	414	140
254	606	308	0	427	120
308	606	308	15	437	99
386	606	308	96	432	100
451	606	308	169	429	100
482	606	308	208	425	100
513	606	308	253	423	100
544	606	308	304	420	100
575	606	308	364	416	100
606	606	308	432	413	100
637	606	308	509	409	100
668	606	308	616	406	100
800	606	308	963	388	100
924	606	308	1023	295	88
0	637	308	0	457	163
62	637	308	0	457	162
123	637	308	0	460	156
185	637	308	0	468	146
254	637	308	0	481	127
308	637	308	0	495	103
386	637	308	85	495	98
451	637	308	156	489	99
482	637	308	196	487	99
513	637	308	240	485	99
544	637	308	291	481	99
575	637	308	349	476	99
606	637	308	416	472	99
637	637	308	493	468	100
668	637	308	593	464	100
800	637	308	959	446	100
924	637	308	1023	342	88
0	668	308	0	518	171
62	668	308	0	518	169
123	668	308	0	522	163
185	668	308	0	531	152
254	668	308	0	548	133
308	668	308	0	568	110
386	668	308	73	573	98
451	668	308	145	568	98
482	668	308	185	565	98
513	668	308	228	559	98
544	668	308	276	556	98
575	668	308	334	551	98
606	668	308	399	545	98
637	668	308	474	542	98
668	668	308	570	536	98
800	668	308	952	514	99
924	668	308	1023	396	88
0	800	308	0	874	202
62	800	308	0	876	201
123	800	308	0	882	195
185	800	308	0	891	183
254	800	308	0	904	162
308	800	308	0	910	141
386	800	308	0	922	100
451	800	308	84	922	94
482	800	308	124	921	94
513	800	308	165	920	94
544	800	308	211	919	94
575	800	308	264	917	94
606	800	308	324	916	94
637	800	308	393	915	94
668	800	308	472	913	94
800	800	308	921	905	96
924	800	308	1023	760	88
0	924	308	0	1009	235
62	924	308	0	1010	234
123	924	308	0	1011	227
185	924	308	0	1014	214
254	924	308	0	1020	194
308	924	308	0	1023	171
386	924	308	0	1023	130
451	924	308	0	1023	90
482	924	308	52	1023	86
513	924	308	94	1023	86
544	924	308	137	1023	86
575	924	308	184	1023	87
606	924	308	235	1023	87
637	924	308	294	1023	87
668	924	308	362	1023	88
800	924	308	823	1023	89
924	924	308	1023	1004	88
0	0	386	0	8	137
62	0	386	0	0	146
123	0	386	27	0	149
185	0	386	52	0	146
254	0	386	86	0	145
308	0	386	118	0	145
386	0	386	178	0	146
451	0	386	240	0	148
482	0	386	276	0	150
513	0	386	318	0	151
544	0	386	365	0	152
575	0	386	420	0	154
606	0	386	478	0	155
637	0	386	554	0	157
668	0	386	644	0	158
800	0	386	949	0	166
924	0	386	1023	0	155
0	62	386	0	17	135
62	62	386	0	15	144
123	62	386	22	7	158
185	62	386	49	0	158
254	62	386	86	0	153
308	62	386	121	0	150
386	62	386	182	0	150
451	62	386	245	0	150
482	62	386	283	0	151
513	62	386	324	0	152
544	62	386	374	0	153
575	62	386	427	0	154
606	62	386	487	0	155
637	62	386	565	0	157
668	62	386	656	0	158
800	62	386	952	0	166
924	62	386	1023	0	154
0	123	386	0	32	132
62	123	386	0	31	139
123	123	386	17	28	158
185	123	386	47	27	158
254	123	386	84	24	158
308	123	386	122	21	158
386	123	386	191	12	158
451	123	386	264	0	157
482	123	386	304	0	156
513	123	386	349	0	156
544	123	386	399	0	156
575	123	386	455	0	156
606	123	386	520	0	157
637	123	386	604	0	158
668	123	386	695	0	159
800	123	386	963	0	165
924	123	386	1023	0	150
0	185	386	0	51	129
62	185	386	0	51	134
123	185	386	0	49	157
185	185	386	42	48	157
254	185	386	80	46	157
308	185	386	117	44	158
386	185	386	187	40	158
451	185	386	262	36	158
482	185	386	306	33	158
513	185	386	358	30	158
544	185	386	416	27	158
575	185	386	485	23	158
606	185	386	570	18	158
637	185	386	672	9	158
668	185	386	769	0	158
800	185	386	986	0	162
924	185	386	1023	0	143
0	254	386	0	79	130
62	254	386	0	79	133
123	254	386	0	79	146
185	254	386	32	78	157
254	254	386	73	76	157
308	254	386	109	75	157
386	254	386	180	71	157
451	254	386	254	68	157
482	254	386	298	66	157
513	254	386	349	64	157
544	254	386	407	62	158
575	254	386	472	59	158
606	254	386	556	56	158
637	254	386	658	53	158
668	254	386	760	49	158
800	254	386	1003	32	158
924	254	386	1023	32	137
0	308	386	0	105	135
62	308	386	0	106	137
123	308	386	0	107	144
185	308	386	20	107	156
254	308	386	65	105	156
308	308	386	101	104	156
386	308	386	171	100	156
451	308	386	245	98	156
482	308	386	289	96	157
513	308	386	339	94	157
544	308	386	398	92	157
575	308	386	462	89	157
606	308	386	539	86	157
637	308	386	644	84	157
668	308	386	749	81	157
800	308	386	1000	67	158
924	308	386	1023	58	137
0	386	386	0	156	147
62	386	386	0	157	148
123	386	386	0	158	150
185	386	386	0	161	153
254	386	386	48	161	155
308	386	386	88	158	155
386	386	386	155	155	155
451	386	386	230	152	155
482	386	386	272	150	155
513	386	386	321	148	155
544	386	386	378	147	156
575	386	386	443	145	156
606	386	386	516	142	156
637	386	386	619	139	156
668	386	386	724	137	156
800	386	386	993	123	157
924	386	386	1023	98	136
0	451	386	0	210	160
62	451	386	0	210	160
123	451	386	0	212	159
185	451	386	0	216	158
254	451	386	29	220	154
308	451	386	72	218	154
386	451	386	141	214	154
451	451	386	214	211	154
482	451	386	255	209	154
513	451	386	303	207	154
544	451	386	359	205	154
575	451	386	421	202	154
606	451	386	495	200	154
637	451	386	590	197	155
668	451	386	695	195	155
800	451	386	986	180	156
924	451	386	1023	141	134
0	482	386	0	240	168
62	482	386	0	241	168
123	482	386	0	243	166
185	482	386	0	246	162
254	482	386	13	254	153
308	482	386	64	252	154
386	482	386	133	248	154
451	482	386	206	244	154
482	482	386	246	242	154
513	482	386	294	240	154
544	482	386	349	238	154
575	482	386	411	235	154
606	482	386	483	232	154
637	482	386	573	230	154
668	482	386	681	227	154
800	482	386	982	212	155
924	482	386	1023	164	133
0	513	386	0	273	175
62	513	386	0	274	175
123	513	386	0	276	173
185	513	386	0	281	168
254	513	386	0	289	155
308	513	386	54	289	153
386	513	386	125	285	153
451	513	386	196	281	153
482	513	386	237	279	153
513	513	386	284	276	153
544	513	386	337	274	154
575	513	386	399	272	154
606	513	386	468	268	154
637	513	386	556	266	154
668	513	386	667	263	154
800	513	386	977	248	154
924	513	386	1023	190	131
0	544	386	0	311	183
62	544	386	0	311	183
123	544	386	0	314	180
185	544	386	0	320	174
254	544	386	0	329	159
308	544	386	43	333	152
386	544	386	114	329	152
451	544	386	187	324	152
482	544	386	227	321	152
513	544	386	273	318	152
544	544	386	326	315	153
575	544	386	388	313	153
606	544	386	455	310	153
637	544	386	539	308	153
668	544	386	650	304	153
800	544	386	973	288	154
924	544	386	1023	219	130
0	575	386	0	355	191
62	575	386	0	355	191
123	575	386	0	358	187
185	575	386	0	364	180
254	575	386	0	374	164
308	575	386	30	382	152
386	575	386	104	377	152
451	575	386	177	374	152
482	575	386	216	370	152
513	575	386	262	367	152
544	575	386	313	365	152
575	575	386	374	362	152
606	575	386	443	359	152
637	575	386	522	355	152
668	575	386	630	352	152
800	575	386	967	334	153
924	575	386	1023	254	131
0	606	386	0	403	199
62	606	386	0	403	198
123	606	386	0	406	194
185	606	386	0	413	186
254	606	386	0	423	171
308	606	386	0	437	151
386	606	386	94	432	151
451	606	386	165	427	151
482	606	386	205	425	151
513	606	386	250	421	151
544	606	386	300	420	152
575	606	386	359	416	152
606	606	386	429	413	152
637	606	386	505	409	152
668	606	386	610	406	152
800	606	386	962	386	152
924	606	386	1023	295	131
0	637	386	0	455	207
62	637	386	0	455	206
123	637	386	0	459	202
185	637	386	0	466	193
254	637	386	0	478	177
308	637	386	0	493	156
386	637	386	82	493	150
451	637	386	153	489	150
482	637	386	194	487	150
513	637	386	237	483	150
544	637	386	288	481	151
575	637	386	346	476	151
606	637	386	413	472	151
637	637	386	489	468	151
668	637	386	588	464	151
800	637	386	957	446	152
924	637	386	1023	343	131
0	668	386	0	516	215
62	668	386	0	516	214
123	668	386	0	520	209
185	668	386	0	528	201
254	668	386	0	545	185
308	668	386	0	565	163
386	668	386	70	573	150
451	668	386	142	568	150
482	668	386	181	562	150
513	668	386	224	559	150
544	668	386	273	554	150
575	668	386	330	551	150
606	668	386	396	545	150
637	668	386	470	539	150
668	668	386	565	534	150
800	668	386	951	514	151
924	668	386	1023	396	132
0	800	386	0	874	254
62	800	386	0	874	253
123	800	386	0	879	246
185	800	386	0	888	236
254	800	386	0	903	217
308	800	386	0	909	196
386	800	386	0	921	154
451	800	386	82	922	146
482	800	386	121	921	146
513	800	386	162	920	146
544	800	386	208	918	146
575	800	386	261	917	146
606	800	386	320	916	146
637	800	386	390	914	146
668	800	386	468	913	146
800	800	386	920	905	147
924	800	386	1023	766	135
0	924	386	0	1008	295
62	924	386	0	1009	294
123	924	386	0	1010	286
185	924	386	0	1013	274
254	924	386	0	1019	254
308	924	386	0	1023	231
386	924	386	0	1023	187
451	924	386	0	1023	142
482	924	386	48	1023	136
513	924	386	90	1023	136
544	924	386	135	1023	136
575	924	386	181	1023	137
606	924	386	232	1023	137
637	924	386	290	1023	137
668	924	386	359	1023	137
800	924	386	817	1023	140
924	924	386	1023	1005	137
0	0	451	0	8	178
62	0	451	0	0	188
123	0	451	25	0	196
185	0	451	50	0	194
254	0	451	84	0	192
308	0	451	116	0	191
386	0	451	176	0	193
451	0	451	239	0	196
482	0	451	275	0	196
513	0	451	315	0	198
544	0	451	364	0	200
575	0	451	416	0	202
606	0	451	476	0	202
637	0	451	548	0	204
668	0	451	641	0	207
800	0	451	948	0	215
924	0	451	1023	0	201
0	62	451	0	17	177
62	62	451	0	15	186
123	62	451	15	0	213
185	62	451	46	0	213
254	62	451	84	0	204
308	62	451	118	0	201
386	62	451	180	0	199
451	62	451	243	0	199
482	62	451	280	0	200
513	62	451	321	0	201
544	62	451	370	0	202
575	62	451	425	0	202
606	62	451	485	0	204
637	62	451	559	0	206
668	62	451	653	0	207
800	62	451	951	0	215
924	62	451	1023	0	199
0	123	451	0	32	173
62	123	451	0	31	182
123	123	451	0	28	213
185	123	451	43	26	213
254	123	451	81	23	213
308	123	451	118	20	213
386	123	451	188	10	214
451	123	451	260	0	211
482	123	451	299	0	209
513	123	451	344	0	208
544	123	451	394	0	208
575	123	451	450	0	208
606	123	451	514	0	208
637	123	451	599	0	209
668	123	451	690	0	210
800	123	451	962	0	216
924	123	451	1023	0	195
0	185	451	0	52	169
62	185	451	0	51	175
123	185	451	0	49	203
185	185	451	38	47	213
254	185	451	76	46	213
308	185	451	114	43	213
386	185	451	184	40	213
451	185	451	259	35	213
482	185	451	303	32	213
513	185	451	353	29	214
544	185	451	413	26	214
575	185	451	478	22	214
606	185	451	565	17	214
637	185	451	667	6	214
668	185	451	760	0	214
800	185	451	984	0	216
924	185	451	1023	0	186
0	254	451	0	79	167
62	254	451	0	79	172
123	254	451	0	78	191
185	254	451	28	78	212
254	254	451	69	76	212
308	254	451	105	74	212
386	254	451	175	71	213
451	254	451	250	68	213
482	254	451	294	66	213
513	254	451	344	63	213
544	254	451	403	61	213
575	254	451	468	58	213
606	254	451	551	55	213
637	254	451	653	52	213
668	254	451	755	49	214
800	254	451	1002	32	214
924	254	451	1023	31	180
0	308	451	0	106	171
62	308	451	0	106	174
123	308	451	0	107	187
185	308	451	11	107	212
254	308	451	61	105	212
308	308	451	98	103	212
386	308	451	168	100	212
451	308	451	242	97	212
482	308	451	285	95	212
513	308	451	336	93	212
544	308	451	393	91	213
575	308	451	457	88	213
606	308	451	534	86	213
637	308	451	638	84	213
668	308	451	743	80	213
800	308	451	999	66	214
924	308	451	1023	57	180
0	386	451	0	156	183
62	386	451	0	156	185
123	386	451	0	158	191
185	386	451	0	160	202
254	386	451	45	160	211
308	386	451	84	158	211
386	386	451	152	154	211
451	386	451	226	152	211
482	386	451	268	150	211
513	386	451	317	148	211
544	386	451	374	146	211
575	386	451	437	144	212
606	386	451	511	141	212
637	386	451	613	139	212
668	386	451	718	136	212
800	386	451	992	122	213
924	386	451	1023	98	179
0	451	451	0	209	196
62	451	451	0	210	197
123	451	451	0	212	200
185	451	451	0	215	204
254	451	451	24	219	210
308	451	451	69	218	210
386	451	451	138	214	210
451	451	451	210	210	210
482	451	451	252	208	210
513	451	451	299	207	210
544	451	451	355	204	210
575	451	451	418	202	210
606	451	451	489	200	210
637	451	451	585	196	211
668	451	451	690	194	211
800	451	451	984	180	211
924	451	451	1023	140	177
0	482	451	0	240	204
62	482	451	0	240	204
123	482	451	0	242	205
185	482	451	0	245	207
254	482	451	0	253	209
308	482	451	60	251	209
386	482	451	130	248	209
451	482	451	202	243	209
482	482	451	243	241	209
513	482	451	290	239	209
544	482	451	344	237	210
575	482	451	406	234	210
606	482	451	476	232	210
637	482	451	568	229	210
668	482	451	675	226	210
800	482	451	980	211	211
924	482	451	1023	163	175
0	513	451	0	273	211
62	513	451	0	273	211
123	513	451	0	275	212
185	513	451	0	280	211
254	513	451	0	288	209
308	513	451	50	289	208
386	513	451	121	285	208
451	513	451	194	280	209
482	513	451	234	279	209
513	513	451	280	276	209
544	513	451	333	274	209
575	513	451	396	271	209
606	513	451	464	268	209
637	513	451	551	265	209
668	513	451	661	262	209
800	513	451	976	248	210
924	513	451	1023	189	174
0	544	451	0	310	220
62	544	451	0	311	220
123	544	451	0	313	219
185	544	451	0	318	217
254	544	451	0	327	212
308	544	451	39	331	208
386	544	451	111	327	208
451	544	451	184	323	208
482	544	451	224	321	208
513	544	451	268	318	208
544	544	451	321	315	208
575	544	451	383	313	208
606	544	451	452	310	208
637	544	451	531	306	209
668	544	451	641	304	209
800	544	451	971	288	209
924	544	451	1023	219	174
0	575	451	0	353	229
62	575	451	0	355	229
123	575	451	0	358	227
185	575	451	0	362	224
254	575	451	0	372	216
308	575	451	25	382	207
386	575	451	100	377	207
451	575	451	174	372	207
482	575	451	213	370	207
513	575	451	259	367	207
544	575	451	309	364	207
575	575	451	370	361	208
606	575	451	437	358	208
637	575	451	516	355	208
668	575	451	624	350	208
800	575	451	966	334	209
924	575	451	1023	255	174
0	606	451	0	401	238
62	606	451	0	403	238
123	606	451	0	406	236
185	606	451	0	411	231
254	606	451	0	421	221
308	606	451	0	434	207
386	606	451	90	432	207
451	606	451	162	427	207
482	606	451	202	423	207
513	606	451	246	421	207
544	606	451	296	418	207
575	606	451	356	414	207
606	606	451	423	411	207
637	606	451	501	407	207
668	606	451	604	404	207
800	606	451	961	386	208
924	606	451	1023	295	175
0	637	451	0	453	249
62	637	451	0	455	248
123	637	451	0	459	244
185	637	451	0	464	239
254	637	451	0	476	228
308	637	451	0	491	212
386	637	451	78	493	206
451	637	451	150	489	206
482	637	451	191	485	206
513	637	451	234	483	207
544	637	451	284	478	207
575	637	451	342	474	207
606	637	451	407	472	207
637	637	451	483	468	207
668	637	451	582	464	207
800	637	451	955	444	207
924	637	451	1023	343	177
0	668	451	0	514	259
62	668	451	0	516	257
123	668	451	0	520	254
185	668	451	0	526	248
254	668	451	0	542	234
308	668	451	0	562	218
386	668	451	66	573	205
451	668	451	139	565	205
482	668	451	178	562	205
513	668	451	221	556	206
544	668	451	270	554	206
575	668	451	326	548	206
606	668	451	391	545	206
637	668	451	464	539	206
668	668	451	559	534	206
800	668	451	949	511	207
924	668	451	1023	398	179
0	800	451	0	871	305
62	800	451	0	871	304
123	800	451	0	876	299
185	800	451	0	888	289
254	800	451	0	902	271
308	800	451	0	908	252
386	800	451	0	920	211
451	800	451	78	921	202
482	800	451	118	920	202
513	800	451	158	919	202
544	800	451	205	918	202
575	800	451	257	917	202
606	800	451	315	915	202
637	800	451	385	914	202
668	800	451	462	912	202
800	800	451	918	905	202
924	800	451	1023	766	184
0	924	451	0	1008	356
62	924	451	0	1008	353
123	924	451	0	1010	347
185	924	451	0	1013	336
254	924	451	0	1018	314
308	924	451	0	1023	291
386	924	451	0	1023	243
451	924	451	0	1023	196
482	924	451	45	1023	187
513	924	451	88	1023	187
544	924	451	131	1023	188
575	924	451	178	1023	189
606	924	451	229	1023	190
637	924	451	286	1023	190
668	924	451	355	1023	191
800	924	451	811	1023	194
924	924	451	1023	1006	191
0	0	482	0	9	200
62	0	482	0	0	210
123	0	482	23	0	222
185	0	482	49	0	219
254	0	482	83	0	216
308	0	482	116	0	216
386	0	482	175	0	218
451	0	482	238	0	220
482	0	482	274	0	222
513	0	482	314	0	223
544	0	482	362	0	225
575	0	482	416	0	227
606	0	482	474	0	229
637	0	482	548	0	230
668	0	482	638	0	233
800	0	482	947	0	242
924	0	482	1023	0	225
0	62	482	0	18	199
62	62	482	0	15	208
123	62	482	7	0	245
185	62	482	44	0	242
254	62	482	82	0	232
308	62	482	116	0	227
386	62	482	179	0	225
451	62	482	242	0	225
482	62	482	279	0	226
513	62	482	321	0	226
544	62	482	369	0	228
575	62	482	423	0	229
606	62	482	483	0	230
637	62	482	559	0	232
668	62	482	650	0	234
800	62	482	950	0	242
924	62	482	1023	0	223
0	123	482	0	32	196
62	123	482	0	32	204
123	123	482	0	27	242
185	123	482	41	26	244
254	123	482	79	23	245
308	123	482	116	19	245
386	123	482	186	8	245
451	123	482	257	0	242
482	123	482	296	0	239
513	123	482	342	0	238
544	123	482	393	0	237
575	123	482	448	0	237
606	123	482	511	0	237
637	123	482	596	0	237
668	123	482	687	0	238
800	123	482	962	0	243
924	123	482	1023	0	218
0	185	482	0	52	191
62	185	482	0	51	198
123	185	482	0	49	228
185	185	482	36	47	244
254	185	482	75	45	244
308	185	482	112	43	244
386	185	482	181	39	244
451	185	482	256	35	245
482	185	482	300	32	245
513	185	482	352	29	245
544	185	482	411	26	245
575	185	482	476	22	245
606	185	482	559	16	245
637	185	482	664	0	245
668	185	482	758	0	245
800	185	482	983	0	245
924	185	482	1023	0	209
0	254	482	0	80	189
62	254	482	0	79	194
123	254	482	0	78	214
185	254	482	25	77	244
254	254	482	68	75	244
308	254	482	104	74	244
386	254	482	174	71	244
451	254	482	249	67	244
482	254	482	291	65	244
513	254	482	343	63	244
544	254	482	401	61	244
575	254	482	466	58	244
606	254	482	545	55	245
637	254	482	650	52	245
668	254	482	752	48	245
800	254	482	1002	31	245
924	254	482	1023	30	203
0	308	482	0	106	191
62	308	482	0	106	195
123	308	482	0	107	209
185	308	482	0	107	243
254	308	482	60	105	243
308	308	482	97	103	243
386	308	482	165	100	243
451	308	482	240	96	244
482	308	482	283	95	244
513	308	482	333	93	244
544	308	482	391	90	244
575	308	482	455	88	244
606	308	482	531	86	244
637	308	482	636	83	244
668	308	482	740	80	244
800	308	482	998	66	245
924	308	482	1023	56	202
0	386	482	0	156	202
62	386	482	0	156	203
123	386	482	0	158	211
185	386	482	0	159	228
254	386	482	43	160	242
308	386	482	82	158	242
386	386	482	150	154	242
451	386	482	225	151	243
482	386	482	266	150	243
513	386	482	314	148	243
544	386	482	372	146	243
575	386	482	436	143	243
606	386	482	509	141	243
637	386	482	607	139	243
668	386	482	715	136	243
800	386	482	991	122	244
924	386	482	1023	97	202
0	451	482	0	209	215
62	451	482	0	210	216
123	451	482	0	211	221
185	451	482	0	215	229
254	451	482	21	219	241
308	451	482	67	217	241
386	451	482	137	214	241
451	451	482	208	210	241
482	451	482	250	208	242
513	451	482	298	206	242
544	451	482	352	204	242
575	451	482	414	202	242
606	451	482	487	199	242
637	451	482	579	196	242
668	451	482	687	194	242
800	451	482	983	180	243
924	451	482	1023	139	201
0	482	482	0	240	223
62	482	482	0	240	224
123	482	482	0	242	227
185	482	482	0	245	232
254	482	482	0	252	240
308	482	482	58	251	241
386	482	482	129	246	241
451	482	482	201	243	241
482	482	482	241	241	241
513	482	482	288	239	241
544	482	482	342	237	241
575	482	482	404	234	241
606	482	482	474	232	241
637	482	482	565	229	241
668	482	482	673	226	242
800	482	482	979	211	242
924	482	482	1023	162	199
0	513	482	0	273	232
62	513	482	0	273	232
123	513	482	0	275	233
185	513	482	0	279	236
254	513	482	0	288	239
308	513	482	48	288	240
386	513	482	120	284	240
451	513	482	191	280	240
482	513	482	232	278	240
513	513	482	278	275	240
544	513	482	331	273	240
575	513	482	393	271	241
606	513	482	462	268	241
637	513	482	548	265	241
668	513	482	656	262	241
800	513	482	975	246	242
924	513	482	1023	188	197
0	544	482	0	310	240
62	544	482	0	310	241
123	544	482	0	313	241
185	544	482	0	318	241
254	544	482	0	327	241
308	544	482	37	331	239
386	544	482	109	327	239
451	544	482	182	323	240
482	544	482	222	320	240
513	544	482	267	318	240
544	544	482	320	315	240
575	544	482	380	313	240
606	544	482	450	309	240
637	544	482	528	306	240
668	544	482	638	303	240
800	544	482	970	288	241
924	544	482	1023	219	199
0	575	482	0	353	250
62	575	482	0	355	250
123	575	482	0	356	250
185	575	482	0	362	248
254	575	482	0	372	244
308	575	482	22	380	239
386	575	482	99	377	239
451	575	482	171	372	239
482	575	482	211	369	239
513	575	482	256	367	239
544	575	482	306	364	239
575	575	482	367	361	239
606	575	482	436	358	239
637	575	482	514	355	239
668	575	482	622	350	240
800	575	482	965	333	240
924	575	482	1023	254	200
0	606	482	0	401	260
62	606	482	0	403	260
123	606	482	0	404	259
185	606	482	0	411	255
254	606	482	0	421	249
308	606	482	0	434	239
386	606	482	88	430	238
451	606	482	159	427	238
482	606	482	200	423	238
513	606	482	244	421	238
544	606	482	295	418	238
575	606	482	353	414	238
606	606	482	421	411	239
637	606	482	497	407	239
668	606	482	602	404	239
800	606	482	960	386	239
924	606	482	1023	296	201
0	637	482	0	453	270
62	637	482	0	455	270
123	637	482	0	459	267
185	637	482	0	464	264
254	637	482	0	476	255
308	637	482	0	491	243
386	637	482	77	493	237
451	637	482	148	487	237
482	637	482	189	485	237
513	637	482	232	481	237
544	637	482	281	478	237
575	637	482	339	474	238
606	637	482	406	470	238
637	637	482	481	466	238
668	637	482	579	462	238
800	637	482	954	444	239
924	637	482	1023	343	202
0	668	482	0	514	281
62	668	482	0	516	280
123	668	482	0	518	278
185	668	482	0	526	272
254	668	482	0	542	262
308	668	482	0	559	249
386	668	482	65	570	236
451	668	482	137	565	236
482	668	482	176	562	236
513	668	482	219	556	236
544	668	482	267	554	237
575	668	482	324	548	237
606	668	482	390	542	237
637	668	482	462	539	237
668	668	482	554	534	237
800	668	482	948	511	238
924	668	482	1023	399	203
0	800	482	0	871	333
62	800	482	0	871	331
123	800	482	0	876	326
185	800	482	0	885	317
254	800	482	0	902	300
308	800	482	0	908	281
386	800	482	0	919	243
451	800	482	76	921	232
482	800	482	116	920	232
513	800	482	157	919	232
544	800	482	203	918	232
575	800	482	255	917	232
606	800	482	313	915	232
637	800	482	383	914	233
668	800	482	460	912	233
800	800	482	917	905	233
924	800	482	1023	769	210
0	924	482	0	1007	388
62	924	482	0	1008	386
123	924	482	0	1010	380
185	924	482	0	1013	369
254	924	482	0	1018	347
308	924	482	0	1023	326
386	924	482	0	1023	275
451	924	482	0	1023	226
482	924	482	43	1023	215
513	924	482	86	1023	216
544	924	482	130	1023	216
575	924	482	176	1023	217
606	924	482	227	1023	217
637	924	482	285	1023	219
668	924	482	353	1023	220
800	924	482	808	1023	222
924	924	482	1023	1007	220
0	0	513	0	10	224
62	0	513	0	4	235
123	0	513	22	0	251
185	0	513	48	0	246
254	0	513	82	0	244
308	0	513	114	0	244
386	0	513	174	0	245
451	0	513	237	0	249
482	0	513	273	0	250
513	0	513	314	0	252
544	0	513	361	0	253
575	0	513	414	0	255
606	0	513	474	0	257
637	0	513	545	0	260
668	0	513	638	0	262
800	0	513	946	0	272
924	0	513	1023	0	252
0	62	513	0	18	223
62	62	513	0	16	234
123	62	513	0	0	278
185	62	513	43	0	273
254	62	513	80	0	262
308	62	513	115	0	257
386	62	513	177	0	254
451	62	513	241	0	254
482	62	513	278	0	255
513	62	513	320	0	255
544	62	513	367	0	256
575	62	513	421	0	259
606	62	513	481	0	260
637	62	513	556	0	261
668	62	513	647	0	263
800	62	513	949	0	272
924	62	513	1023	0	250
0	123	513	0	32	219
62	123	513	0	32	229
123	123	513	0	28	268
185	123	513	39	25	280
254	123	513	77	22	280
308	123	513	114	18	280
386	123	513	184	6	280
451	123	513	255	0	275
482	123	513	294	0	272
513	123	513	339	0	270
544	123	513	390	0	268
575	123	513	446	0	268
606	123	513	509	0	268
637	123	513	593	0	268
668	123	513	684	0	268
800	123	513	961	0	274
924	123	513	1023	0	244
0	185	513	0	52	214
62	185	513	0	51	222
123	185	513	0	49	255
185	185	513	33	47	279
254	185	513	73	45	279
308	185	513	110	43	280
386	185	513	180	39	280
451	185	513	254	34	280
482	185	513	298	31	280
513	185	513	349	28	280
544	185	513	407	25	280
575	185	513	474	21	280
606	185	513	556	15	280
637	185	513	658	0	280
668	185	513	752	0	279
800	185	513	982	0	279
924	185	513	1023	0	236
0	254	513	0	80	211
62	254	513	0	80	217
123	254	513	0	78	241
185	254	513	22	77	279
254	254	513	66	75	279
308	254	513	102	73	279
386	254	513	172	70	279
451	254	513	246	67	279
482	254	513	290	65	279
513	254	513	340	63	280
544	254	513	398	60	280
575	254	513	462	58	280
606	254	513	542	55	280
637	254	513	647	51	280
668	254	513	749	48	280
800	254	513	1001	31	281
924	254	513	1023	29	228
0	308	513	0	106	213
62	308	513	0	106	217
123	308	513	0	107	235
185	308	513	0	106	275
254	308	513	57	104	278
308	308	513	95	102	279
386	308	513	163	100	279
451	308	513	238	96	279
482	308	513	280	94	279
513	308	513	330	92	279
544	308	513	388	90	279
575	308	513	452	88	279
606	308	513	528	86	279
637	308	513	633	82	279
668	308	513	735	80	280
800	308	513	997	66	280
924	308	513	1023	55	228
0	386	513	0	156	223
62	386	513	0	156	226
123	386	513	0	157	235
185	386	513	0	159	257
254	386	513	40	159	278
308	386	513	80	158	278
386	386	513	149	154	278
451	386	513	222	151	278
482	386	513	264	149	278
513	386	513	313	147	278
544	386	513	369	145	278
575	386	513	434	143	278
606	386	513	505	141	278
637	386	513	604	138	278
668	386	513	712	135	279
800	386	513	990	122	279
924	386	513	1023	96	228
0	451	513	0	209	237
62	451	513	0	210	238
123	451	513	0	211	244
185	451	513	0	214	255
254	451	513	17	219	276
308	451	513	65	217	276
386	451	513	135	213	276
451	451	513	207	209	276
482	451	513	248	207	276
513	451	513	295	206	276
544	451	513	350	203	276
575	451	513	413	202	276
606	451	513	485	199	276
637	451	513	576	196	276
668	451	513	684	193	278
800	451	513	982	180	278
924	451	513	1023	139	226
0	482	513	0	239	244
62	482	513	0	240	245
123	482	513	0	242	250
185	482	513	0	245	259
254	482	513	0	251	273
308	482	513	56	251	275
386	482	513	127	246	275
451	482	513	199	243	275
482	482	513	239	241	275
513	482	513	285	239	276
544	482	513	340	236	276
575	482	513	403	234	276
606	482	513	472	231	276
637	482	513	562	228	276
668	482	513	670	225	276
800	482	513	978	210	278
924	482	513	1023	161	225
0	513	513	0	273	254
62	513	513	0	273	254
123	513	513	0	275	257
185	513	513	0	279	262
254	513	513	0	286	271
308	513	513	46	288	274
386	513	513	118	284	275
451	513	513	190	280	275
482	513	513	230	278	275
513	513	513	275	275	275
544	513	513	329	273	275
575	513	513	391	271	275
606	513	513	459	267	275
637	513	513	542	265	275
668	513	513	653	262	275
800	513	513	974	246	276
924	513	513	1023	189	225
0	544	513	0	310	263
62	544	513	0	310	263
123	544	513	0	313	265
185	544	513	0	317	267
254	544	513	0	326	272
308	544	513	34	331	274
386	544	513	107	327	274
451	544	513	180	323	274
482	544	513	220	320	274
513	544	513	265	317	274
544	544	513	317	314	274
575	544	513	378	311	274
606	544	513	446	309	275
637	544	513	526	306	275
668	544	513	636	303	275
800	544	513	969	286	275
924	544	513	1023	219	226
0	575	513	0	353	272
62	575	513	0	353	273
123	575	513	0	356	273
185	575	513	0	362	274
254	575	513	0	372	274
308	575	513	17	380	273
386	575	513	97	375	273
451	575	513	169	372	273
482	575	513	208	369	274
513	575	513	254	365	274
544	575	513	305	364	274
575	575	513	365	361	274
606	575	513	434	358	274
637	575	513	511	353	274
668	575	513	616	350	274
800	575	513	964	333	275
924	575	513	1023	255	226
0	606	513	0	401	283
62	606	513	0	403	283
123	606	513	0	404	283
185	606	513	0	411	281
254	606	513	0	421	279
308	606	513	0	432	274
386	606	513	86	430	273
451	606	513	158	425	273
482	606	513	198	423	273
513	606	513	242	420	273
544	606	513	293	418	273
575	606	513	352	414	273
606	606	513	418	411	273
637	606	513	495	407	273
668	606	513	596	404	273
800	606	513	959	386	274
924	606	513	1023	296	228
0	637	513	0	453	294
62	637	513	0	455	294
123	637	513	0	457	293
185	637	513	0	464	290
254	637	513	0	476	285
308	637	513	0	489	276
386	637	513	75	493	272
451	637	513	146	487	272
482	637	513	186	485	272
513	637	513	230	481	272
544	637	513	279	478	272
575	637	513	337	474	272
606	637	513	403	470	272
637	637	513	478	466	273
668	637	513	573	462	273
800	637	513	953	444	273
924	637	513	1023	344	230
0	668	513	0	514	305
62	668	513	0	516	305
123	668	513	0	518	304
185	668	513	0	526	300
254	668	513	0	539	293
308	668	513	0	559	281
386	668	513	62	570	271
451	668	513	135	565	271
482	668	513	174	559	271
513	668	513	217	556	271
544	668	513	265	554	271
575	668	513	321	548	272
606	668	513	386	542	272
637	668	513	460	536	272
668	668	513	551	531	272
800	668	513	947	511	272
924	668	513	1023	398	232
0	800	513	0	871	361
62	800	513	0	871	361
123	800	513	0	876	356
185	800	513	0	885	349
254	800	513	0	902	333
308	800	513	0	907	315
386	800	513	0	919	279
451	800	513	74	921	266
482	800	513	113	920	266
513	800	513	154	919	266
544	800	513	202	918	266
575	800	513	253	916	266
606	800	513	311	915	267
637	800	513	380	914	267
668	800	513	457	912	267
800	800	513	916	904	267
924	800	513	1023	769	240
0	924	513	0	1007	421
62	924	513	0	1008	420
123	924	513	0	1009	414
185	924	513	0	1012	403
254	924	513	0	1018	383
308	924	513	0	1023	362
386	924	513	0	1023	311
451	924	513	0	1023	261
482	924	513	41	1023	248
513	924	513	84	1023	249
544	924	513	128	1023	249
575	924	513	174	1023	250
606	924	513	225	1023	250
637	924	513	284	1023	251
668	924	513	352	1023	252
800	924	513	806	1023	256
924	924	513	1023	1007	252
0	0	544	0	11	251
62	0	544	0	6	262
123	0	544	21	0	281
185	0	544	47	0	278
254	0	544	81	0	275
308	0	544	114	0	275
386	0	544	174	0	276
451	0	544	236	0	279
482	0	544	272	0	281
513	0	544	313	0	283
544	0	544	361	0	284
575	0	544	413	0	286
606	0	544	472	0	289
637	0	544	542	0	291
668	0	544	636	0	294
800	0	544	946	0	305
924	0	544	1023	0	279
0	62	544	0	18	249
62	62	544	0	16	261
123	62	544	0	0	308
185	62	544	42	0	306
254	62	544	79	0	296
308	62	544	114	0	290
386	62	544	175	0	286
451	62	544	240	0	286
482	62	544	276	0	286
513	62	544	318	0	288
544	62	544	365	0	289
575	62	544	420	0	290
606	62	544	481	0	291
637	62	544	554	0	294
668	62	544	647	0	295
800	62	544	949	0	305
924	62	544	1023	0	279
0	123	544	0	33	245
62	123	544	0	32	256
123	123	544	0	28	299
185	123	544	36	24	320
254	123	544	75	21	320
308	123	544	112	17	320
386	123	544	182	0	320
451	123	544	253	0	311
482	123	544	291	0	309
513	123	544	337	0	306
544	123	544	388	0	304
575	123	544	443	0	304
606	123	544	507	0	303
637	123	544	590	0	303
668	123	544	681	0	304
800	123	544	960	0	309
924	123	544	1023	0	274
0	185	544	0	52	241
62	185	544	0	51	250
123	185	544	0	49	284
185	185	544	30	46	320
254	185	544	71	44	320
308	185	544	107	43	320
386	185	544	177	38	320
451	185	544	252	34	320
482	185	544	295	31	320
513	185	544	347	28	320
544	185	544	404	25	320
575	185	544	470	20	320
606	185	544	554	14	320
637	185	544	656	0	321
668	185	544	749	0	318
800	185	544	980	0	315
924	185	544	1023	0	264
0	254	544	0	80	237
62	254	544	0	79	244
123	254	544	0	78	270
185	254	544	17	77	318
254	254	544	64	75	318
308	254	544	100	73	318
386	254	544	169	70	318
451	254	544	244	66	320
482	254	544	288	64	320
513	254	544	337	62	320
544	254	544	396	60	320
575	254	544	460	57	320
606	254	544	539	54	320
637	254	544	641	51	320
668	254	544	746	48	320
800	254	544	1000	30	321
924	254	544	1023	28	256
0	308	544	0	106	238
62	308	544	0	106	243
123	308	544	0	107	263
185	308	544	0	106	309
254	308	544	55	104	318
308	308	544	93	102	318
386	308	544	161	99	318
451	308	544	236	96	318
482	308	544	278	94	318
513	308	544	329	92	318
544	308	544	385	90	318
575	308	544	450	88	318
606	308	544	524	85	320
637	308	544	627	82	320
668	308	544	732	80	320
800	308	544	996	66	320
924	308	544	1023	55	256
0	386	544	0	156	246
62	386	544	0	156	250
123	386	544	0	157	262
185	386	544	0	158	289
254	386	544	38	159	317
308	386	544	78	157	317
386	386	544	147	154	317
451	386	544	220	150	317
482	386	544	262	149	317
513	386	544	310	147	317
544	386	544	367	145	317
575	386	544	430	143	318
606	386	544	503	141	318
637	386	544	602	138	318
668	386	544	706	135	318
800	386	544	989	121	318
924	386	544	1023	96	256
0	451	544	0	209	261
62	451	544	0	210	262
123	451	544	0	211	270
185	451	544	0	214	285
254	451	544	10	218	315
308	451	544	63	216	315
386	451	544	133	213	315
451	451	544	205	209	315
482	451	544	245	207	315
513	451	544	293	205	315
544	451	544	347	203	317
575	451	544	409	201	317
606	451	544	481	198	317
637	451	544	573	196	317
668	451	544	681	193	317
800	451	544	981	179	317
924	451	544	1023	138	255
0	482	544	0	239	268
62	482	544	0	240	270
123	482	544	0	241	275
185	482	544	0	244	288
254	482	544	0	251	310
308	482	544	54	250	315
386	482	544	124	246	315
451	482	544	196	242	315
482	482	544	237	240	315
513	482	544	283	238	315
544	482	544	337	236	315
575	482	544	399	233	315
606	482	544	468	231	315
637	482	544	556	228	315
668	482	544	667	225	315
800	482	544	977	210	317
924	482	544	1023	160	254
0	513	544	0	273	276
62	513	544	0	273	278
123	513	544	0	275	283
185	513	544	0	279	291
254	513	544	0	285	306
308	513	544	44	288	314
386	513	544	115	284	314
451	513	544	188	279	314
482	513	544	228	278	314
513	513	544	273	275	314
544	513	544	326	273	315
575	513	544	388	270	315
606	513	544	457	267	315
637	513	544	539	264	315
668	513	544	650	261	315
800	513	544	973	246	315
924	513	544	1023	188	254
0	544	544	0	310	288
62	544	544	0	310	288
123	544	544	0	313	291
185	544	544	0	317	296
254	544	544	0	326	306
308	544	544	31	330	313
386	544	544	105	326	314
451	544	544	178	321	314
482	544	544	217	320	314
513	544	544	263	317	314
544	544	544	314	314	314
575	544	544	375	311	314
606	544	544	444	309	314
637	544	544	522	305	314
668	544	544	633	303	314
800	544	544	968	286	315
924	544	544	1023	219	255
0	575	544	0	353	298
62	575	544	0	353	298
123	575	544	0	356	300
185	575	544	0	361	303
254	575	544	0	370	309
308	575	544	11	380	313
386	575	544	96	375	313
451	575	544	167	370	313
482	575	544	207	369	313
513	575	544	252	365	313
544	575	544	303	362	313
575	575	544	362	359	313
606	575	544	430	356	313
637	575	544	507	353	314
668	575	544	613	350	314
800	575	544	963	333	314
924	575	544	1023	255	257
0	606	544	0	401	309
62	606	544	0	401	309
123	606	544	0	404	309
185	606	544	0	409	310
254	606	544	0	420	313
308	606	544	0	432	311
386	606	544	84	430	311
451	606	544	155	425	311
482	606	544	196	423	311
513	606	544	240	420	313
544	606	544	290	416	313
575	606	544	349	414	313
606	606	544	416	411	313
637	606	544	493	407	313
668	606	544	593	403	313
800	606	544	958	385	314
924	606	544	1023	295	259
0	637	544	0	453	320
62	637	544	0	453	320
123	637	544	0	457	320
185	637	544	0	462	320
254	637	544	0	474	318
308	637	544	0	489	314
386	637	544	73	491	311
451	637	544	145	487	311
482	637	544	185	483	311
513	637	544	228	481	311
544	637	544	276	476	311
575	637	544	334	474	311
606	637	544	401	470	311
637	637	544	474	466	311
668	637	544	570	462	311
800	637	544	952	443	313
924	637	544	1023	343	261
0	668	544	0	514	333
62	668	544	0	516	333
123	668	544	0	518	333
185	668	544	0	524	330
254	668	544	0	539	326
308	668	544	0	556	318
386	668	544	60	570	310
451	668	544	133	562	310
482	668	544	172	559	310
513	668	544	214	556	310
544	668	544	263	551	310
575	668	544	318	548	310
606	668	544	385	542	310
637	668	544	457	536	310
668	668	544	548	531	311
800	668	544	946	509	311
924	668	544	1023	398	263
0	800	544	0	868	393
62	800	544	0	871	393
123	800	544	0	876	388
185	800	544	0	885	382
254	800	544	0	899	369
308	800	544	0	907	353
386	800	544	0	918	318
451	800	544	72	921	305
482	800	544	111	920	305
513	800	544	152	919	305
544	800	544	200	918	305
575	800	544	251	916	305
606	800	544	309	915	306
637	800	544	378	913	306
668	800	544	455	912	306
800	800	544	915	904	306
924	800	544	1023	772	274
0	924	544	0	1007	457
62	924	544	0	1008	455
123	924	544	0	1009	450
185	924	544	0	1012	441
254	924	544	0	1017	421
308	924	544	0	1023	403
386	924	544	0	1023	352
451	924	544	0	1023	298
482	924	544	39	1023	284
513	924	544	82	1023	284
544	924	544	126	1023	285
575	924	544	172	1023	285
606	924	544	223	1023	286
637	924	544	281	1023	288
668	924	544	349	1023	289
800	924	544	806	1023	294
924	924	544	1023	1008	290
0	0	575	0	11	279
62	0	575	0	7	291
123	0	575	19	0	315
185	0	575	46	0	313
254	0	575	80	0	310
308	0	575	112	0	309
386	0	575	172	0	310
451	0	575	235	0	313
482	0	575	271	0	315
513	0	575	311	0	317
544	0	575	359	0	320
575	0	575	413	0	321
606	0	575	470	0	324
637	0	575	542	0	327
668	0	575	633	0	330
800	0	575	945	0	342
924	0	575	1023	0	313
0	62	575	0	19	278
62	62	575	0	17	290
123	62	575	0	0	342
185	62	575	40	0	346
254	62	575	78	0	334
308	62	575	112	0	327
386	62	575	174	0	323
451	62	575	238	0	323
482	62	575	275	0	323
513	62	575	317	0	324
544	62	575	365	0	326
575	62	575	418	0	327
606	62	575	478	0	329
637	62	575	551	0	330
668	62	575	644	0	333
800	62	575	948	0	343
924	62	575	1023	0	311
0	123	575	0	33	275
62	123	575	0	32	286
123	123	575	0	28	331
185	123	575	33	24	365
254	123	575	73	21	365
308	123	575	110	16	365
386	123	575	180	0	365
451	123	575	250	0	355
482	123	575	289	0	350
513	123	575	334	0	347
544	123	575	385	0	346
575	123	575	441	0	344
606	123	575	503	0	343
637	123	575	588	0	343
668	123	575	678	0	343
800	123	575	959	0	349
924	123	575	1023	0	305
0	185	575	0	52	270
62	185	575	0	51	279
123	185	575	0	49	317
185	185	575	27	46	365
254	185	575	69	44	365
308	185	575	105	42	365
386	185	575	175	38	365
451	185	575	250	33	365
482	185	575	293	30	365
513	185	575	344	27	365
544	185	575	403	24	367
575	185	575	466	19	367
606	185	575	548	13	367
637	185	575	653	0	367
668	185	575	743	0	364
800	185	575	979	0	359
924	185	575	1023	0	296
0	254	575	0	80	265
62	254	575	0	80	273
123	254	575	0	78	301
185	254	575	10	76	365
254	254	575	61	75	365
308	254	575	98	73	365
386	254	575	167	70	365
451	254	575	241	66	365
482	254	575	285	64	365
513	254	575	334	62	365
544	254	575	393	60	365
575	254	575	457	57	365
606	254	575	534	54	365
637	254	575	638	50	365
668	254	575	743	47	365
800	254	575	999	30	367
924	254	575	1023	27	288
0	308	575	0	107	265
62	308	575	0	107	272
123	308	575	0	107	294
185	308	575	0	105	346
254	308	575	52	104	364
308	308	575	90	102	364
386	308	575	158	99	364
451	308	575	233	96	364
482	308	575	275	94	365
513	308	575	326	92	365
544	308	575	383	90	365
575	308	575	446	88	365
606	308	575	522	84	365
637	308	575	624	82	365
668	308	575	729	79	365
800	308	575	995	65	367
924	308	575	1023	54	288
0	386	575	0	156	273
62	386	575	0	156	276
123	386	575	0	157	291
185	386	575	0	158	323
254	386	575	35	158	362
308	386	575	76	157	362
386	386	575	145	153	362
451	386	575	218	150	364
482	386	575	260	148	364
513	386	575	308	147	364
544	386	575	364	145	364
575	386	575	427	143	364
606	386	575	499	140	364
637	386	575	596	137	364
668	386	575	704	135	364
800	386	575	988	121	365
924	386	575	1023	95	288
0	451	575	0	209	286
62	451	575	0	209	289
123	451	575	0	211	299
185	451	575	0	214	318
254	451	575	0	218	361
308	451	575	61	216	361
386	451	575	131	212	362
451	451	575	202	208	362
482	451	575	243	207	362
513	451	575	290	205	362
544	451	575	344	203	362
575	451	575	407	201	362
606	451	575	478	198	362
637	451	575	568	196	362
668	451	575	675	193	362
800	451	575	980	179	364
924	451	575	1023	137	288
0	482	575	0	239	295
62	482	575	0	240	296
123	482	575	0	241	304
185	482	575	0	244	320
254	482	575	0	250	352
308	482	575	51	250	361
386	482	575	122	245	361
451	482	575	195	242	361
482	482	575	235	240	361
513	482	575	280	238	361
544	482	575	334	236	361
575	482	575	396	233	362
606	482	575	466	230	362
637	482	575	554	228	362
668	482	575	661	225	362
800	482	575	976	209	362
924	482	575	1023	159	286
0	513	575	0	273	304
62	513	575	0	273	305
123	513	575	0	275	311
185	513	575	0	279	323
254	513	575	0	285	347
308	513	575	41	286	361
386	513	575	112	283	361
451	513	575	185	279	361
482	513	575	225	276	361
513	513	575	271	274	361
544	513	575	323	272	361
575	513	575	385	270	361
606	513	575	453	266	361
637	513	575	536	264	361
668	513	575	644	261	361
800	513	575	972	245	362
924	513	575	1023	188	286
0	544	575	0	310	314
62	544	575	0	310	315
123	544	575	0	313	320
185	544	575	0	317	329
254	544	575	0	324	346
308	544	575	28	330	359
386	544	575	102	326	359
451	544	575	175	321	359
482	544	575	215	318	359
513	544	575	261	317	359
544	544	575	311	314	359
575	544	575	372	311	361
606	544	575	441	308	361
637	544	575	520	305	361
668	544	575	627	301	361
800	544	575	967	286	361
924	544	575	1023	219	289
0	575	575	0	353	326
62	575	575	0	353	326
123	575	575	0	356	330
185	575	575	0	361	336
254	575	575	0	370	347
308	575	575	0	380	358
386	575	575	93	375	358
451	575	575	165	370	359
482	575	575	205	367	359
513	575	575	250	365	359
544	575	575	300	362	359
575	575	575	359	359	359
606	575	575	427	356	359
637	575	575	505	353	359
668	575	575	610	349	359
800	575	575	962	331	361
924	575	575	1023	256	291
0	606	575	0	401	337
62	606	575	0	401	337
123	606	575	0	404	340
185	606	575	0	409	344
254	606	575	0	420	350
308	606	575	0	430	356
386	606	575	82	430	358
451	606	575	153	425	358
482	606	575	194	421	358
513	606	575	237	420	358
544	606	575	288	416	358
575	606	575	346	413	358
606	606	575	413	409	358
637	606	575	489	406	358
668	606	575	588	403	359
800	606	575	957	385	359
924	606	575	1023	296	294
0	637	575	0	453	350
62	637	575	0	453	350
123	637	575	0	457	352
185	637	575	0	462	353
254	637	575	0	474	356
308	637	575	0	487	356
386	637	575	71	491	356
451	637	575	143	487	356
482	637	575	182	483	356
513	637	575	225	481	356
544	637	575	274	476	358
575	637	575	331	472	358
606	637	575	398	470	358
637	637	575	472	466	358
668	637	575	568	462	358
800	637	575	951	443	358
924	637	575	1023	344	296
0	668	575	0	514	362
62	668	575	0	514	364
123	668	575	0	518	364
185	668	575	0	524	364
254	668	575	0	539	362
308	668	575	0	556	359
386	668	575	58	570	355
451	668	575	131	562	356
482	668	575	169	559	356
513	668	575	212	556	356
544	668	575	261	551	356
575	668	575	315	545	356
606	668	575	382	542	356
637	668	575	455	536	356
668	668	575	542	531	356
800	668	575	945	509	358
924	668	575	1023	399	298
0	800	575	0	868	427
62	800	575	0	871	427
123	800	575	0	876	423
185	800	575	0	885	418
254	800	575	0	899	407
308	800	575	0	907	394
386	800	575	0	918	364
451	800	575	70	921	350
482	800	575	109	920	350
513	800	575	150	919	350
544	800	575	197	917	350
575	800	575	249	916	350
606	800	575	306	915	352
637	800	575	375	913	352
668	800	575	452	912	352
800	800	575	913	904	352
924	800	575	1023	775	313
0	924	575	0	1007	497
62	924	575	0	1007	495
123	924	575	0	1009	491
185	924	575	0	1012	481
254	924	575	0	1017	462
308	924	575	0	1022	444
386	924	575	0	1023	396
451	924	575	0	1023	342
482	924	575	36	1023	324
513	924	575	80	1023	326
544	924	575	124	1023	326
575	924	575	169	1023	327
606	924	575	221	1023	329
637	924	575	279	1023	330
668	924	575	347	1023	331
800	924	575	803	1023	337
924	924	575	1023	1009	333
0	0	606	0	12	311
62	0	606	0	8	326
123	0	606	17	0	356
185	0	606	45	0	352
254	0	606	79	0	349
308	0	606	111	0	349
386	0	606	171	0	350
451	0	606	234	0	353
482	0	606	270	0	355
513	0	606	310	0	358
544	0	606	358	0	359
575	0	606	411	0	362
606	0	606	470	0	364
637	0	606	539	0	367
668	0	606	633	0	370
800	0	606	944	0	383
924	0	606	1023	0	350
0	62	606	0	19	310
62	62	606	0	17	324
123	62	606	0	4	377
185	62	606	39	0	388
254	62	606	76	0	377
308	62	606	111	0	369
386	62	606	173	0	364
451	62	606	237	0	362
482	62	606	273	0	364
513	62	606	315	0	365
544	62	606	364	0	365
575	62	606	416	0	367
606	62	606	476	0	370
637	62	606	551	0	372
668	62	606	641	0	374
800	62	606	947	0	386
924	62	606	1023	0	349
0	123	606	0	33	308
62	123	606	0	32	320
123	123	606	0	28	367
185	123	606	30	23	416
254	123	606	71	20	416
308	123	606	107	15	418
386	123	606	177	0	418
451	123	606	248	0	403
482	123	606	286	0	398
513	123	606	331	0	393
544	123	606	382	0	391
575	123	606	437	0	390
606	123	606	501	0	388
637	123	606	585	0	388
668	123	606	675	0	388
800	123	606	958	0	393
924	123	606	1023	0	343
0	185	606	0	52	301
62	185	606	0	51	311
123	185	606	0	49	353
185	185	606	23	45	416
254	185	606	66	43	416
308	185	606	102	42	416
386	185	606	173	37	416
451	185	606	246	32	418
482	185	606	290	30	418
513	185	606	342	27	418
544	185	606	399	23	418
575	185	606	464	18	418
606	185	606	545	11	418
637	185	606	647	0	418
668	185	606	738	0	413
800	185	606	978	0	406
924	185	606	1023	0	333
0	254	606	0	80	298
62	254	606	0	80	305
123	254	606	0	78	337
185	254	606	0	76	414
254	254	606	58	74	416
308	254	606	96	73	416
386	254	606	164	69	416
451	254	606	239	66	416
482	254	606	281	64	416
513	254	606	331	62	416
544	254	606	390	59	416
575	254	606	453	56	416
606	254	606	528	53	418
637	254	606	633	50	418
668	254	606	738	47	418
800	254	606	997	29	418
924	254	606	1023	26	323
0	308	606	0	107	296
62	308	606	0	107	303
123	308	606	0	107	329
185	308	606	0	105	388
254	308	606	49	103	414
308	308	606	88	102	414
386	308	606	156	98	416
451	308	606	231	95	416
482	308	606	273	94	416
513	308	606	323	92	416
544	308	606	380	89	416
575	308	606	443	87	416
606	308	606	518	84	416
637	308	606	619	82	416
668	308	606	724	78	416
800	308	606	994	65	418
924	308	606	1023	53	324
0	386	606	0	156	303
62	386	606	0	156	308
123	386	606	0	157	324
185	386	606	0	158	362
254	386	606	32	158	414
308	386	606	74	156	414
386	386	606	143	153	414
451	386	606	215	150	414
482	386	606	257	148	414
513	386	606	305	147	414
544	386	606	361	145	414
575	386	606	423	142	414
606	386	606	497	140	414
637	386	606	593	137	414
668	386	606	698	135	414
800	386	606	987	120	416
924	386	606	1023	94	324
0	451	606	0	209	315
62	451	606	0	210	318
123	451	606	0	211	331
185	451	606	0	213	356
254	451	606	0	217	407
308	451	606	58	216	413
386	451	606	128	212	413
451	451	606	200	208	413
482	451	606	241	207	413
513	451	606	288	205	413
544	451	606	342	202	413
575	451	606	404	200	413
606	451	606	474	197	413
637	451	606	565	195	414
668	451	606	672	192	414
800	451	606	979	178	414
924	451	606	1023	137	324
0	482	606	0	239	324
62	482	606	0	240	327
123	482	606	0	241	336
185	482	606	0	244	356
254	482	606	0	249	398
308	482	606	48	249	411
386	482	606	120	245	413
451	482	606	192	241	413
482	482	606	232	239	413
513	482	606	278	237	413
544	482	606	331	235	413
575	482	606	393	233	413
606	482	606	462	230	413
637	482	606	548	227	413
668	482	606	658	224	413
800	482	606	975	209	414
924	482	606	1023	158	323
0	513	606	0	273	333
62	513	606	0	273	336
123	513	606	0	275	343
185	513	606	0	278	359
254	513	606	0	284	391
308	513	606	38	286	411
386	513	606	111	283	411
451	513	606	183	279	411
482	513	606	223	276	411
513	513	606	268	274	411
544	513	606	320	272	411
575	513	606	382	270	411
606	513	606	450	266	413
637	513	606	531	263	413
668	513	606	641	261	413
800	513	606	970	245	413
924	513	606	1023	188	326
0	544	606	0	310	344
62	544	606	0	310	346
123	544	606	0	313	352
185	544	606	0	317	364
254	544	606	0	324	388
308	544	606	25	330	409
386	544	606	100	326	411
451	544	606	173	321	411
482	544	606	212	318	411
513	544	606	257	315	411
544	544	606	309	313	411
575	544	606	369	310	411
606	544	606	437	308	411
637	544	606	516	305	411
668	544	606	624	301	411
800	544	606	966	285	413
924	544	606	1023	219	327
0	575	606	0	353	356
62	575	606	0	353	358
123	575	606	0	356	362
185	575	606	0	361	372
254	575	606	0	369	388
308	575	606	0	378	407
386	575	606	91	375	409
451	575	606	162	370	409
482	575	606	202	367	409
513	575	606	246	364	409
544	575	606	298	362	409
575	575	606	356	359	409
606	575	606	423	356	411
637	575	606	501	352	411
668	575	606	604	349	411
800	575	606	961	331	411
924	575	606	1023	255	331
0	606	606	0	401	369
62	606	606	0	403	369
123	606	606	0	404	374
185	606	606	0	409	380
254	606	606	0	420	391
308	606	606	0	429	404
386	606	606	80	429	407
451	606	606	151	425	409
482	606	606	191	421	409
513	606	606	235	418	409
544	606	606	285	416	409
575	606	606	343	413	409
606	606	606	409	409	409
637	606	606	485	406	409
668	606	606	585	403	409
800	606	606	956	385	411
924	606	606	1023	296	333
0	637	606	0	453	382
62	637	606	0	453	383
123	637	606	0	457	385
185	637	606	0	462	390
254	637	606	0	474	396
308	637	606	0	485	403
386	637	606	68	491	407
451	637	606	141	485	407
482	637	606	180	483	407
513	637	606	223	478	407
544	637	606	272	476	407
575	637	606	329	472	407
606	637	606	394	468	407
637	637	606	468	464	407
668	637	606	562	460	407
800	637	606	950	443	409
924	637	606	1023	344	336
0	668	606	0	514	396
62	668	606	0	514	396
123	668	606	0	518	398
185	668	606	0	524	399
254	668	606	0	539	403
308	668	606	0	554	406
386	668	606	55	568	406
451	668	606	129	562	406
482	668	606	167	559	406
513	668	606	209	554	406
544	668	606	259	551	406
575	668	606	313	545	407
606	668	606	378	539	407
637	668	606	452	536	407
668	668	606	539	531	407
800	668	606	943	509	407
924	668	606	1023	401	340
0	800	606	0	871	462
62	800	606	0	871	462
123	800	606	0	876	460
185	800	606	0	885	455
254	800	606	0	899	448
308	800	606	0	906	437
386	800	606	0	917	413
451	800	606	68	921	401
482	800	606	106	919	401
513	800	606	148	918	401
544	800	606	195	917	401
575	800	606	245	916	401
606	800	606	304	914	401
637	800	606	372	913	401
668	800	606	450	911	403
800	800	606	912	904	403
924	800	606	1023	775	358
0	924	606	0	1007	539
62	924	606	0	1007	539
123	924	606	0	1009	534
185	924	606	0	1012	524
254	924	606	0	1017	509
308	924	606	0	1022	491
386	924	606	0	1023	444
451	924	606	0	1023	390
482	924	606	33	1023	372
513	924	606	78	1023	372
544	924	606	121	1023	374
575	924	606	167	1023	375
606	924	606	219	1023	377
637	924	606	275	1023	378
668	924	606	344	1023	380
800	924	606	797	1023	386
924	924	606	1023	1011	382
0	0	637	0	13	349
62	0	637	0	10	362
123	0	637	15	0	399
185	0	637	44	0	396
254	0	637	78	0	393
308	0	637	111	0	391
386	0	637	170	0	393
451	0	637	233	0	396
482	0	637	268	0	398
513	0	637	309	0	401
544	0	637	356	0	403
575	0	637	409	0	406
606	0	637	468	0	407
637	0	637	539	0	411
668	0	637	630	0	414
800	0	637	944	0	429
924	0	637	1023	0	390
0	62	637	0	19	347
62	62	637	0	18	361
123	62	637	0	7	416
185	62	637	37	0	434
254	62	637	75	0	421
308	62	637	109	0	414
386	62	637	171	0	409
451	62	637	235	0	407
482	62	637	272	0	409
513	62	637	313	0	409
544	62	637	361	0	411
575	62	637	414	0	413
606	62	637	474	0	414
637	62	637	548	0	416
668	62	637	638	0	420
800	62	637	947	0	432
924	62	637	1023	0	390
0	123	637	0	33	343
62	123	637	0	32	356
123	123	637	0	29	407
185	123	637	26	22	474
254	123	637	68	19	474
308	123	637	104	14	474
386	123	637	174	0	472
451	123	637	244	0	453
482	123	637	284	0	448
513	123	637	329	0	443
544	123	637	378	0	441
575	123	637	436	0	437
606	123	637	499	0	437
637	123	637	579	0	436
668	123	637	672	0	436
800	123	637	958	0	441
924	123	637	1023	0	383
0	185	637	0	52	339
62	185	637	0	52	350
123	185	637	0	49	394
185	185	637	18	45	472
254	185	637	64	43	472
308	185	637	100	41	474
386	185	637	170	37	474
451	185	637	244	32	474
482	185	637	288	29	474
513	185	637	337	26	474
544	185	637	396	22	474
575	185	637	460	17	474
606	185	637	539	9	474
637	185	637	638	0	472
668	185	637	732	0	466
800	185	637	977	0	457
924	185	637	1023	0	374
0	254	637	0	80	333
62	254	637	0	80	342
123	254	637	0	78	378
185	254	637	0	76	459
254	254	637	55	74	472
308	254	637	94	72	472
386	254	637	162	69	472
451	254	637	236	65	472
482	254	637	279	63	472
513	254	637	329	61	474
544	254	637	386	58	474
575	254	637	450	56	474
606	254	637	526	53	474
637	254	637	630	49	474
668	254	637	735	46	474
800	254	637	996	29	474
924	254	637	1023	24	362
0	308	637	0	107	331
62	308	637	0	107	339
123	308	637	0	107	367
185	308	637	0	105	432
254	308	637	47	102	472
308	308	637	86	101	472
386	308	637	154	98	472
451	308	637	228	95	472
482	308	637	271	93	472
513	308	637	318	91	472
544	308	637	377	89	472
575	308	637	441	86	472
606	308	637	514	84	472
637	308	637	616	81	472
668	308	637	721	78	474
800	308	637	992	64	474
924	308	637	1023	51	364
0	386	637	0	156	337
62	386	637	0	157	342
123	386	637	0	158	362
185	386	637	0	158	404
254	386	637	28	158	470
308	386	637	71	156	470
386	386	637	141	152	470
451	386	637	212	150	470
482	386	637	254	148	470
513	386	637	301	146	470
544	386	637	358	144	470
575	386	637	421	142	472
606	386	637	493	139	472
637	386	637	588	137	472
668	386	637	695	134	472
800	386	637	985	120	472
924	386	637	1023	93	365
0	451	637	0	209	349
62	451	637	0	210	353
123	451	637	0	211	367
185	451	637	0	213	396
254	451	637	0	216	459
308	451	637	55	215	468
386	451	637	126	211	468
451	451	637	197	208	468
482	451	637	238	206	470
513	451	637	284	204	470
544	451	637	339	202	470
575	451	637	401	200	470
606	451	637	470	197	470
637	451	637	559	195	470
668	451	637	667	192	470
800	451	637	978	178	470
924	451	637	1023	136	365
0	482	637	0	239	356
62	482	637	0	240	359
123	482	637	0	241	372
185	482	637	0	244	396
254	482	637	0	249	446
308	482	637	46	249	468
386	482	637	117	245	468
451	482	637	190	241	468
482	482	637	229	239	468
513	482	637	275	237	468
544	482	637	329	235	468
575	482	637	390	232	468
606	482	637	459	230	468
637	482	637	542	227	470
668	482	637	653	224	470
800	482	637	974	208	470
924	482	637	1023	158	367
0	513	637	0	273	367
62	513	637	0	273	369
123	513	637	0	274	380
185	513	637	0	278	399
254	513	637	0	284	437
308	513	637	35	286	466
386	513	637	107	283	468
451	513	637	180	278	468
482	513	637	220	275	468
513	513	637	265	274	468
544	513	637	317	271	468
575	513	637	378	268	468
606	513	637	446	266	468
637	513	637	526	263	468
668	513	637	636	260	468
800	513	637	969	244	470
924	513	637	1023	188	367
0	544	637	0	310	378
62	544	637	0	310	380
123	544	637	0	313	388
185	544	637	0	317	403
254	544	637	0	323	434
308	544	637	20	329	466
386	544	637	98	324	466
451	544	637	170	320	466
482	544	637	210	318	466
513	544	637	255	315	466
544	544	637	306	313	466
575	544	637	365	310	466
606	544	637	434	308	466
637	544	637	511	304	468
668	544	637	619	301	468
800	544	637	964	285	468
924	544	637	1023	220	372
0	575	637	0	353	390
62	575	637	0	353	391
123	575	637	0	356	398
185	575	637	0	361	409
254	575	637	0	369	434
308	575	637	0	377	460
386	575	637	88	374	466
451	575	637	159	369	466
482	575	637	200	367	466
513	575	637	244	364	466
544	575	637	294	361	466
575	575	637	353	358	466
606	575	637	421	355	466
637	575	637	497	352	466
668	575	637	599	349	466
800	575	637	960	331	468
924	575	637	1023	256	375
0	606	637	0	401	403
62	606	637	0	403	404
123	606	637	0	404	409
185	606	637	0	409	418
254	606	637	0	418	436
308	606	637	0	429	455
386	606	637	77	429	464
451	606	637	148	423	464
482	606	637	189	421	464
513	606	637	232	418	464
544	606	637	281	414	464
575	606	637	340	413	464
606	606	637	406	409	464
637	606	637	481	406	466
668	606	637	579	401	466
800	606	637	955	383	466
924	606	637	1023	296	378
0	637	637	0	453	416
62	637	637	0	455	418
123	637	637	0	457	421
185	637	637	0	462	429
254	637	637	0	472	441
308	637	637	0	485	453
386	637	637	66	489	462
451	637	637	138	485	462
482	637	637	177	483	464
513	637	637	220	478	464
544	637	637	268	476	464
575	637	637	326	472	464
606	637	637	391	468	464
637	637	637	464	464	464
668	637	637	556	460	464
800	637	637	949	443	464
924	637	637	1023	344	382
0	668	637	0	514	430
62	668	637	0	516	432
123	668	637	0	518	434
185	668	637	0	524	439
254	668	637	0	536	446
308	668	637	0	554	455
386	668	637	52	568	462
451	668	637	126	562	462
482	668	637	164	556	462
513	668	637	207	554	462
544	668	637	255	548	462
575	668	637	310	545	462
606	668	637	375	539	462
637	668	637	448	534	462
668	668	637	534	528	462
800	668	637	942	509	464
924	668	637	1023	399	385
0	800	637	0	871	503
62	800	637	0	871	503
123	800	637	0	876	501
185	800	637	0	885	499
254	800	637	0	899	495
308	800	637	0	906	487
386	800	637	0	917	466
451	800	637	65	920	457
482	800	637	104	919	457
513	800	637	146	918	457
544	800	637	193	917	457
575	800	637	243	916	457
606	800	637	300	914	457
637	800	637	369	913	457
668	800	637	446	911	457
800	800	637	911	904	459
924	800	637	1023	777	407
0	924	637	0	1007	596
62	924	637	0	1007	596
123	924	637	0	1009	590
185	924	637	0	1012	582
254	924	637	0	1017	565
308	924	637	0	1022	545
386	924	637	0	1023	497
451	924	637	0	1023	443
482	924	637	29	1023	423
513	924	637	75	1023	423
544	924	637	118	1023	425
575	924	637	164	1023	429
606	924	637	216	1023	429
637	924	637	273	1023	430
668	924	637	342	1023	432
800	924	637	794	1023	439
924	924	637	1023	1011	437
0	0	668	0	14	388
62	0	668	0	11	403
123	0	668	12	0	446
185	0	668	43	0	443
254	0	668	77	0	439
308	0	668	109	0	439
386	0	668	169	0	441
451	0	668	232	0	443
482	0	668	267	0	444
513	0	668	308	0	448
544	0	668	355	0	450
575	0	668	407	0	453
606	0	668	466	0	457
637	0	668	536	0	459
668	0	668	627	0	462
800	0	668	943	0	478
924	0	668	1023	0	436
0	62	668	0	20	388
62	62	668	0	18	401
123	62	668	0	8	459
185	62	668	36	0	487
254	62	668	74	0	472
308	62	668	107	0	464
386	62	668	169	0	459
451	62	668	234	0	457
482	62	668	271	0	457
513	62	668	311	0	459
544	62	668	359	0	459
575	62	668	413	0	460
606	62	668	472	0	464
637	62	668	545	0	466
668	62	668	639	0	468
800	62	668	946	0	483
924	62	668	1023	0	434
0	123	668	0	33	383
62	123	668	0	32	398
123	123	668	0	29	450
185	123	668	21	21	542
254	123	668	66	18	542
308	123	668	102	13	542
386	123	668	171	0	534
451	123	668	241	0	511
482	123	668	280	0	505
513	123	668	326	0	499
544	123	668	375	0	495
575	123	668	432	0	493
606	123	668	495	0	491
637	123	668	576	0	491
668	123	668	670	0	489
800	123	668	957	0	495
924	123	668	1023	0	427
0	185	668	0	52	378
62	185	668	0	52	391
123	185	668	0	49	437
185	185	668	9	44	542
254	185	668	61	43	542
308	185	668	98	40	542
386	185	668	167	36	542
451	185	668	241	31	542
482	185	668	284	29	542
513	185	668	334	25	542
544	185	668	393	22	542
575	185	668	457	16	542
606	185	668	534	6	542
637	185	668	633	0	539
668	185	668	726	0	531
800	185	668	975	0	518
924	185	668	1023	0	418
0	254	668	0	80	372
62	254	668	0	80	383
123	254	668	0	78	421
185	254	668	0	76	509
254	254	668	52	73	539
308	254	668	91	72	539
386	254	668	159	68	542
451	254	668	234	65	542
482	254	668	275	63	542
513	254	668	326	60	542
544	254	668	383	58	542
575	254	668	446	55	542
606	254	668	522	52	542
637	254	668	624	49	542
668	254	668	729	46	542
800	254	668	995	28	545
924	254	668	1023	23	407
0	308	668	0	107	370
62	308	668	0	107	378
123	308	668	0	107	409
185	308	668	0	105	481
254	308	668	43	102	539
308	308	668	83	100	539
386	308	668	151	98	539
451	308	668	225	94	539
482	308	668	267	92	539
513	308	668	315	91	539
544	308	668	372	89	539
575	308	668	437	86	542
606	308	668	509	84	542
637	308	668	610	80	542
668	308	668	715	78	542
800	308	668	991	64	542
924	308	668	1023	51	409
0	386	668	0	157	375
62	386	668	0	157	382
123	386	668	0	158	403
185	386	668	0	158	452
254	386	668	24	158	537
308	386	668	68	155	537
386	386	668	138	152	537
451	386	668	210	149	539
482	386	668	252	147	539
513	386	668	299	145	539
544	386	668	355	143	539
575	386	668	418	141	539
606	386	668	489	139	539
637	386	668	582	136	539
668	386	668	690	133	539
800	386	668	984	120	539
924	386	668	1023	92	411
0	451	668	0	210	386
62	451	668	0	210	390
123	451	668	0	211	406
185	451	668	0	213	441
254	451	668	0	216	516
308	451	668	52	215	537
386	451	668	123	211	537
451	451	668	195	207	537
482	451	668	235	206	537
513	451	668	281	204	537
544	451	668	336	202	537
575	451	668	398	199	537
606	451	668	466	196	537
637	451	668	554	194	537
668	451	668	664	191	537
800	451	668	976	177	539
924	451	668	1023	135	411
0	482	668	0	240	393
62	482	668	0	240	398
123	482	668	0	241	411
185	482	668	0	244	441
254	482	668	0	248	501
308	482	668	43	248	534
386	482	668	114	244	534
451	482	668	187	241	534
482	482	668	227	239	537
513	482	668	272	236	537
544	482	668	326	234	537
575	482	668	386	232	537
606	482	668	455	229	537
637	482	668	537	226	537
668	482	668	647	223	537
800	482	668	972	208	537
924	482	668	1023	158	413
0	513	668	0	273	403
62	513	668	0	273	406
123	513	668	0	275	418
185	513	668	0	278	443
254	513	668	0	283	491
308	513	668	31	285	534
386	513	668	105	281	534
451	513	668	178	278	534
482	513	668	217	275	534
513	513	668	263	273	534
544	513	668	314	271	534
575	513	668	375	268	534
606	513	668	443	265	534
637	513	668	522	263	534
668	513	668	633	260	537
800	513	668	968	244	537
924	513	668	1023	188	414
0	544	668	0	310	414
62	544	668	0	310	416
123	544	668	0	313	427
185	544	668	0	315	446
254	544	668	0	323	485
308	544	668	13	329	531
386	544	668	96	324	531
451	544	668	168	320	534
482	544	668	207	317	534
513	544	668	252	314	534
544	544	668	303	313	534
575	544	668	362	309	534
606	544	668	430	306	534
637	544	668	509	304	534
668	544	668	613	300	534
800	544	668	963	284	534
924	544	668	1023	219	418
0	575	668	0	353	427
62	575	668	0	353	429
123	575	668	0	356	436
185	575	668	0	361	452
254	575	668	0	367	483
308	575	668	0	375	522
386	575	668	86	374	531
451	575	668	157	369	531
482	575	668	197	365	531
513	575	668	241	364	531
544	575	668	291	361	531
575	575	668	350	358	531
606	575	668	416	355	531
637	575	668	493	352	531
668	575	668	596	347	534
800	575	668	959	330	534
924	575	668	1023	255	423
0	606	668	0	401	439
62	606	668	0	403	441
123	606	668	0	404	448
185	606	668	0	409	460
254	606	668	0	418	485
308	606	668	0	427	514
386	606	668	75	429	528
451	606	668	147	423	531
482	606	668	186	420	531
513	606	668	230	418	531
544	606	668	279	414	531
575	606	668	336	411	531
606	606	668	403	407	531
637	606	668	478	404	531
668	606	668	573	401	531
800	606	668	953	383	531
924	606	668	1023	296	427
0	637	668	0	453	453
62	637	668	0	455	455
123	637	668	0	457	460
185	637	668	0	462	470
254	637	668	0	472	489
308	637	668	0	483	509
386	637	668	63	489	528
451	637	668	135	485	528
482	637	668	174	481	528
513	637	668	217	478	528
544	637	668	266	474	528
575	637	668	321	470	528
606	637	668	388	468	528
637	637	668	460	464	528
668	637	668	551	460	531
800	637	668	947	441	531
924	637	668	1023	344	430
0	668	668	0	514	468
62	668	668	0	516	470
123	668	668	0	518	474
185	668	668	0	524	483
254	668	668	0	536	495
308	668	668	0	554	509
386	668	668	49	568	526
451	668	668	124	559	526
482	668	668	161	556	526
513	668	668	205	554	528
544	668	668	253	548	528
575	668	668	308	545	528
606	668	668	372	539	528
637	668	668	444	534	528
668	668	668	528	528	528
800	668	668	941	507	528
924	668	668	1023	401	437
0	800	668	0	871	551
62	800	668	0	871	551
123	800	668	0	876	551
185	800	668	0	885	551
254	800	668	0	899	548
308	800	668	0	906	542
386	800	668	0	916	528
451	800	668	62	920	522
482	800	668	101	919	522
513	800	668	144	918	522
544	800	668	190	917	522
575	800	668	240	915	522
606	800	668	298	914	522
637	800	668	365	913	522
668	800	668	443	911	522
800	800	668	909	903	522
924	800	668	1023	777	462
0	924	668	0	1007	653
62	924	668	0	1007	653
123	924	668	0	1009	647
185	924	668	0	1012	641
254	924	668	0	1017	630
308	924	668	0	1022	613
386	924	668	0	1023	562
451	924	668	0	1023	505
482	924	668	25	1023	481
513	924	668	73	1023	483
544	924	668	116	1023	483
575	924	668	162	1023	485
606	924	668	213	1023	489
637	924	668	272	1023	491
668	924	668	337	1023	493
800	924	668	789	1023	501
924	924	668	1023	1012	499
0	0	800	0	16	624
62	0	800	0	14	647
123	0	800	0	0	726
185	0	800	38	0	735
254	0	800	73	0	732
308	0	800	104	0	729
386	0	800	163	0	732
451	0	800	226	0	735
482	0	800	262	0	738
513	0	800	301	0	740
544	0	800	347	0	746
575	0	800	401	0	749
606	0	800	459	0	755
637	0	800	526	0	758
668	0	800	619	0	763
800	0	800	940	0	786
924	0	800	1023	0	706
0	62	800	0	22	624
62	62	800	0	20	644
123	62	800	0	13	724
185	62	800	28	0	794
254	62	800	68	0	780
308	62	800	101	0	772
386	62	800	163	0	763
451	62	800	227	0	760
482	62	800	263	0	760
513	62	800	304	0	760
544	62	800	350	0	763
575	62	800	404	0	766
606	62	800	462	0	769
637	62	800	531	0	772
668	62	800	624	0	774
800	62	800	943	0	794
924	62	800	1023	0	704
0	123	800	0	35	619
62	123	800	0	34	641
123	123	800	0	30	715
185	123	800	0	21	865
254	123	800	51	11	908
308	123	800	90	0	908
386	123	800	158	0	879
451	123	800	229	0	851
482	123	800	268	0	842
513	123	800	311	0	834
544	123	800	362	0	826
575	123	800	418	0	823
606	123	800	481	0	817
637	123	800	556	0	817
668	123	800	653	0	814
800	123	800	952	0	817
924	123	800	1023	0	701
0	185	800	0	53	613
62	185	800	0	53	633
123	185	800	0	50	701
185	185	800	0	45	837
254	185	800	46	40	908
308	185	800	85	38	908
386	185	800	153	33	908
451	185	800	228	28	908
482	185	800	270	25	908
513	185	800	318	21	908
544	185	800	375	16	908
575	185	800	439	8	908
606	185	800	511	0	906
637	185	800	602	0	902
668	185	800	698	0	891
800	185	800	969	0	865
924	185	800	1023	0	695
0	254	800	0	80	604
62	254	800	0	80	622
123	254	800	0	79	681
185	254	800	0	75	800
254	254	800	37	71	907
308	254	800	78	69	908
386	254	800	146	66	908
451	254	800	220	62	908
482	254	800	262	60	908
513	254	800	309	58	908
544	254	800	365	55	908
575	254	800	430	53	908
606	254	800	503	49	908
637	254	800	599	47	908
668	254	800	706	43	908
800	254	800	989	24	908
924	254	800	1023	10	684
0	308	800	0	108	599
62	308	800	0	107	616
123	308	800	0	107	667
185	308	800	0	104	772
254	308	800	26	100	907
308	308	800	70	98	907
386	308	800	139	96	907
451	308	800	211	92	907
482	308	800	253	91	907
513	308	800	300	88	907
544	308	800	356	86	908
575	308	800	420	84	908
606	308	800	491	81	908
637	308	800	585	78	908
668	308	800	692	75	908
800	308	800	985	62	908
924	308	800	1023	45	687
0	386	800	0	158	599
62	386	800	0	158	610
123	386	800	0	158	653
185	386	800	0	158	735
254	386	800	0	155	888
308	386	800	54	153	907
386	386	800	125	150	907
451	386	800	197	147	907
482	386	800	237	145	907
513	386	800	284	143	907
544	386	800	337	141	907
575	386	800	399	139	907
606	386	800	470	137	907
637	386	800	556	134	907
668	386	800	667	131	907
800	386	800	977	117	908
924	386	800	1023	88	695
0	451	800	0	211	607
62	451	800	0	211	616
123	451	800	0	212	650
185	451	800	0	213	715
254	451	800	0	213	837
308	451	800	37	212	906
386	451	800	109	208	906
451	451	800	182	206	906
482	451	800	221	203	906
513	451	800	267	202	906
544	451	800	318	200	906
575	451	800	380	197	906
606	451	800	448	195	907
637	451	800	528	192	907
668	451	800	638	189	907
800	451	800	970	174	907
924	451	800	1023	133	704
0	482	800	0	241	616
62	482	800	0	241	624
123	482	800	0	242	653
185	482	800	0	243	709
254	482	800	0	245	817
308	482	800	25	245	906
386	482	800	100	242	906
451	482	800	174	238	906
482	482	800	213	236	906
513	482	800	257	234	906
544	482	800	309	232	906
575	482	800	370	229	906
606	482	800	437	227	906
637	482	800	516	224	906
668	482	800	624	221	906
800	482	800	966	206	907
924	482	800	1023	158	709
0	513	800	0	274	624
62	513	800	0	274	633
123	513	800	0	275	658
185	513	800	0	278	709
254	513	800	0	280	800
308	513	800	0	283	905
386	513	800	92	279	906
451	513	800	163	275	906
482	513	800	204	273	906
513	513	800	249	271	906
544	513	800	299	268	906
575	513	800	358	266	906
606	513	800	427	263	906
637	513	800	503	260	906
668	513	800	607	257	906
800	513	800	962	242	906
924	513	800	1023	188	718
0	544	800	0	311	638
62	544	800	0	311	644
123	544	800	0	313	667
185	544	800	0	315	709
254	544	800	0	320	789
308	544	800	0	324	882
386	544	800	82	321	905
451	544	800	154	317	905
482	544	800	195	314	905
513	544	800	238	311	905
544	544	800	288	310	905
575	544	800	346	306	905
606	544	800	413	304	905
637	544	800	489	301	906
668	544	800	590	298	906
800	544	800	957	281	906
924	544	800	1023	220	724
0	575	800	0	355	650
62	575	800	0	355	656
123	575	800	0	356	675
185	575	800	0	359	715
254	575	800	0	365	783
308	575	800	0	370	862
386	575	800	73	370	905
451	575	800	145	365	905
482	575	800	185	364	905
513	575	800	227	361	905
544	575	800	276	358	905
575	575	800	334	355	905
606	575	800	399	352	905
637	575	800	474	349	905
668	575	800	570	344	905
800	575	800	952	327	906
924	575	800	1023	256	732
0	606	800	0	403	667
62	606	800	0	403	672
123	606	800	0	404	690
185	606	800	0	409	721
254	606	800	0	414	780
308	606	800	0	421	845
386	606	800	62	425	904
451	606	800	134	420	904
482	606	800	173	418	904
513	606	800	216	414	905
544	606	800	264	411	905
575	606	800	320	409	905
606	606	800	386	406	905
637	606	800	459	401	905
668	606	800	548	398	905
800	606	800	946	380	905
924	606	800	1023	299	743
0	637	800	0	455	684
62	637	800	0	455	690
123	637	800	0	457	704
185	637	800	0	462	732
254	637	800	0	470	780
308	637	800	0	478	837
386	637	800	48	487	904
451	637	800	122	481	904
482	637	800	160	478	904
513	637	800	204	474	904
544	637	800	252	472	904
575	637	800	306	468	904
606	637	800	370	464	904
637	637	800	443	460	904
668	637	800	526	457	904
800	637	800	940	439	905
924	637	800	1023	347	749
0	668	800	0	516	704
62	668	800	0	516	706
123	668	800	0	518	721
185	668	800	0	524	743
254	668	800	0	534	783
308	668	800	0	545	831
386	668	800	33	562	903
451	668	800	109	556	903
482	668	800	148	554	904
513	668	800	191	548	904
544	668	800	238	545	904
575	668	800	293	539	904
606	668	800	355	534	904
637	668	800	427	528	904
668	668	800	509	524	904
800	668	800	934	505	904
924	668	800	1023	404	760
0	800	800	0	874	797
62	800	800	0	874	797
123	800	800	0	876	803
185	800	800	0	885	814
254	800	800	0	896	828
308	800	800	0	905	848
386	800	800	0	914	879
451	800	800	47	919	899
482	800	800	88	918	899
513	800	800	131	917	899
544	800	800	177	915	899
575	800	800	226	914	899
606	800	800	283	913	899
637	800	800	349	911	899
668	800	800	425	910	902
800	800	800	902	902	902
924	800	800	1023	789	811
0	924	800	0	1008	894
62	924	800	0	1008	894
123	924	800	0	1010	896
185	924	800	0	1012	896
254	924	800	0	1016	899
308	924	800	0	1021	902
386	924	800	0	1023	885
451	924	800	0	1023	857
482	924	800	0	1023	842
513	924	800	60	1023	842
544	924	800	102	1023	845
575	924	800	150	1023	848
606	924	800	201	1023	851
637	924	800	257	1023	854
668	924	800	323	1023	857
800	924	800	772	1023	871
924	924	800	1023	1017	879
0	0	924	0	19	905
62	0	924	0	17	912
123	0	924	0	8	935
185	0	924	32	0	950
254	0	924	68	0	949
308	0	924	99	0	949
386	0	924	157	0	949
451	0	924	220	0	951
482	0	924	255	0	952
513	0	924	295	0	953
544	0	924	340	0	954
575	0	924	393	0	955
606	0	924	450	0	957
637	0	924	516	0	958
668	0	924	604	0	960
800	0	924	937	0	967
924	0	924	1023	0	936
0	62	924	0	24	905
62	62	924	0	22	912
123	62	924	0	17	935
185	62	924	19	0	968
254	62	924	62	0	965
308	62	924	96	0	963
386	62	924	155	0	961
451	62	924	220	0	960
482	62	924	255	0	960
513	62	924	296	0	961
544	62	924	343	0	961
575	62	924	394	0	962
606	62	924	453	0	962
637	62	924	520	0	963
668	62	924	613	0	964
800	62	924	940	0	970
924	62	924	1023	0	937
0	123	924	0	36	904
62	123	924	0	35	911
123	123	924	0	32	933
185	123	924	0	24	978
254	123	924	34	0	1023
308	123	924	78	0	1016
386	123	924	148	0	1003
451	123	924	218	0	994
482	123	924	256	0	991
513	123	924	299	0	988
544	123	924	349	0	986
575	123	924	404	0	984
606	123	924	464	0	982
637	123	924	536	0	981
668	123	924	633	0	981
800	123	924	948	0	981
924	123	924	1023	0	936
0	185	924	0	54	903
62	185	924	0	53	909
123	185	924	0	51	930
185	185	924	0	46	972
254	185	924	26	36	1023
308	185	924	70	34	1023
386	185	924	137	29	1023
451	185	924	208	24	1023
482	185	924	249	20	1023
513	185	924	295	16	1023
544	185	924	350	7	1023
575	185	924	413	0	1023
606	185	924	487	0	1022
637	185	924	570	0	1017
668	185	924	670	0	1012
800	185	924	962	0	1002
924	185	924	1023	0	938
0	254	924	0	82	899
62	254	924	0	81	907
123	254	924	0	79	925
185	254	924	0	76	963
254	254	924	8	68	1023
308	254	924	62	66	1023
386	254	924	130	62	1023
451	254	924	202	59	1023
482	254	924	241	57	1023
513	254	924	288	54	1023
544	254	924	342	52	1023
575	254	924	401	49	1023
606	254	924	470	46	1023
637	254	924	556	43	1023
668	254	924	667	40	1023
800	254	924	974	19	1023
924	254	924	1023	0	939
0	308	924	0	109	896
62	308	924	0	108	905
123	308	924	0	107	922
185	308	924	0	104	956
254	308	924	0	99	1018
308	308	924	53	96	1023
386	308	924	123	92	1023
451	308	924	194	88	1023
482	308	924	234	87	1023
513	308	924	280	84	1023
544	308	924	331	82	1023
575	308	924	391	80	1023
606	308	924	459	78	1023
637	308	924	542	75	1023
668	308	924	653	72	1023
800	308	924	970	58	1023
924	308	924	1023	38	941
0	386	924	0	158	894
62	386	924	0	158	903
123	386	924	0	158	917
185	386	924	0	157	945
254	386	924	0	154	997
308	386	924	37	150	1023
386	386	924	108	147	1023
451	386	924	180	143	1023
482	386	924	219	142	1023
513	386	924	264	140	1023
544	386	924	314	137	1023
575	386	924	374	135	1023
606	386	924	443	133	1023
637	386	924	520	130	1023
668	386	924	624	128	1023
800	386	924	963	113	1023
924	386	924	1023	84	945
0	451	924	0	212	896
62	451	924	0	212	903
123	451	924	0	212	916
185	451	924	0	212	938
254	451	924	0	212	981
308	451	924	6	207	1023
386	451	924	94	205	1023
451	451	924	164	202	1023
482	451	924	204	199	1023
513	451	924	248	196	1023
544	451	924	298	195	1023
575	451	924	355	192	1023
606	451	924	421	190	1023
637	451	924	499	187	1023
668	451	924	599	184	1023
800	451	924	957	169	1023
924	451	924	1023	133	949
0	482	924	0	242	899
62	482	924	0	242	904
123	482	924	0	242	915
185	482	924	0	243	936
254	482	924	0	244	975
308	482	924	0	243	1019
386	482	924	86	236	1023
451	482	924	155	233	1023
482	482	924	196	231	1023
513	482	924	239	228	1023
544	482	924	289	226	1023
575	482	924	346	224	1023
606	482	924	413	221	1023
637	482	924	487	219	1023
668	482	924	585	215	1023
800	482	924	953	202	1023
924	482	924	1023	158	953
0	513	924	0	275	903
62	513	924	0	275	906
123	513	924	0	276	916
185	513	924	0	278	935
254	513	924	0	279	969
308	513	924	0	279	1009
386	513	924	77	273	1023
451	513	924	147	268	1023
482	513	924	187	266	1023
513	513	924	229	264	1023
544	513	924	278	262	1023
575	513	924	336	260	1023
606	513	924	401	257	1023
637	513	924	474	254	1023
668	513	924	568	251	1023
800	513	924	949	236	1023
924	513	924	1023	188	955
0	544	924	0	313	906
62	544	924	0	313	908
123	544	924	0	314	918
185	544	924	0	315	934
254	544	924	0	318	965
308	544	924	0	320	1002
386	544	924	68	314	1023
451	544	924	139	310	1023
482	544	924	178	308	1023
513	544	924	220	305	1023
544	544	924	267	303	1023
575	544	924	324	300	1023
606	544	924	390	298	1023
637	544	924	462	294	1023
668	544	924	551	291	1023
800	544	924	945	275	1023
924	544	924	1023	221	959
0	575	924	0	356	909
62	575	924	0	356	911
123	575	924	0	358	920
185	575	924	0	361	934
254	575	924	0	364	962
308	575	924	0	367	994
386	575	924	57	364	1023
451	575	924	130	359	1023
482	575	924	167	356	1023
513	575	924	209	355	1023
544	575	924	257	352	1023
575	575	924	313	349	1023
606	575	924	375	346	1023
637	575	924	448	342	1023
668	575	924	531	337	1023
800	575	924	939	320	1023
924	575	924	1023	259	962
0	606	924	0	404	913
62	606	924	0	404	915
123	606	924	0	406	922
185	606	924	0	409	936
254	606	924	0	414	961
308	606	924	0	418	989
386	606	924	44	416	1023
451	606	924	118	411	1023
482	606	924	155	409	1023
513	606	924	199	406	1023
544	606	924	246	403	1023
575	606	924	300	401	1023
606	606	924	364	398	1023
637	606	924	434	393	1023
668	606	924	516	390	1023
800	606	924	934	372	1023
924	606	924	1023	300	964
0	637	924	0	457	917
62	637	924	0	457	919
123	637	924	0	459	925
185	637	924	0	462	937
254	637	924	0	468	960
308	637	924	0	474	984
386	637	924	29	478	1023
451	637	924	106	470	1023
482	637	924	145	468	1023
513	637	924	187	464	1023
544	637	924	234	462	1023
575	637	924	286	459	1023
606	637	924	349	455	1023
637	637	924	418	452	1023
668	637	924	499	448	1023
800	637	924	928	430	1023
924	637	924	1023	350	968
0	668	924	0	518	922
62	668	924	0	518	923
123	668	924	0	520	929
185	668	924	0	524	940
254	668	924	0	534	960
308	668	924	0	542	981
386	668	924	0	554	1023
451	668	924	94	545	1023
482	668	924	133	542	1023
513	668	924	175	536	1023
544	668	924	221	534	1023
575	668	924	273	528	1023
606	668	924	334	526	1023
637	668	924	404	522	1023
668	668	924	483	518	1023
800	668	924	922	495	1023
924	668	924	1023	407	973
0	800	924	0	874	949
62	800	924	0	876	950
123	800	924	0	879	953
185	800	924	0	885	959
254	800	924	0	896	969
308	800	924	0	904	980
386	800	924	0	911	1003
451	800	924	29	916	1023
482	800	924	74	915	1023
513	800	924	116	914	1023
544	800	924	161	913	1023
575	800	924	210	912	1023
606	800	924	265	910	1023
637	800	924	329	909	1023
668	800	924	403	906	1023
800	800	924	874	894	1023
924	800	924	1023	800	995
0	924	924	0	1009	979
62	924	924	0	1009	980
123	924	924	0	1011	981
185	924	924	0	1013	984
254	924	924	0	1017	990
308	924	924	0	1021	995
386	924	924	0	1023	999
451	924	924	0	1023	1001
482	924	924	0	1023	1002
513	924	924	44	1023	1003
544	924	924	90	1023	1003
575	924	924	137	1023	1004
606	924	924	188	1023	1006
637	924	924	242	1023	1007
668	924	924	306	1023	1008
800	924	924	749	1023	1016
924	924	924	1023	1023	1023
