0	0	0	0	0	0
256	0	0	95	21	31
512	0	0	168	20	50
768	0	0	229	19	70
1024	0	0	278	18	80
1280	0	0	314	17	83
1536	0	0	345	16	84
1792	0	0	371	15	85
2048	0	0	411	15	88
2304	0	0	460	15	90
2560	0	0	518	15	93
2816	0	0	617	15	99
3072	0	0	766	16	109
3328	0	0	966	15	113
3584	0	0	1016	14	104
3840	0	0	1023	21	100
4095	0	0	1023	42	98
0	256	0	20	91	46
256	256	0	87	86	20
512	256	0	165	75	20
768	256	0	232	51	19
1024	256	0	283	18	46
1280	256	0	319	17	66
1536	256	0	347	16	74
1792	256	0	374	15	78
2048	256	0	415	15	83
2304	256	0	463	15	86
2560	256	0	522	15	89
2816	256	0	623	15	96
3072	256	0	775	16	107
3328	256	0	893	16	110
3584	256	0	1018	14	102
3840	256	0	1023	14	101
4095	256	0	1023	63	98
0	512	0	19	152	75
256	512	0	36	151	18
512	512	0	150	147	18
768	512	0	214	135	19
1024	512	0	267	120	18
1280	512	0	311	101	17
1536	512	0	347	77	17
1792	512	0	383	31	23
2048	512	0	428	15	54
2304	512	0	477	15	67
2560	512	0	538	15	76
2816	512	0	650	15	88
3072	512	0	804	16	97
3328	512	0	912	16	98
3584	512	0	993	15	93
3840	512	0	1022	14	94
4095	512	0	1023	99	98
0	768	0	18	199	105
256	768	0	18	199	86
512	768	0	114	193	17
768	768	0	190	186	16
1024	768	0	242	174	17
1280	768	0	287	160	16
1536	768	0	330	148	15
1792	768	0	376	136	15
2048	768	0	428	122	16
2304	768	0	486	102	24
2560	768	0	576	75	31
2816	768	0	714	16	49
3072	768	0	847	16	70
3328	768	0	943	15	79
3584	768	0	1005	14	79
3840	768	0	1022	13	80
4095	768	0	1023	136	98
0	1024	0	16	243	124
256	1024	0	16	243	119
512	1024	0	56	229	15
768	1024	0	158	220	15
1024	1024	0	217	212	15
1280	1024	0	268	206	15
1536	1024	0	319	201	15
1792	1024	0	366	193	15
2048	1024	0	415	183	15
2304	1024	0	477	173	15
2560	1024	0	576	166	15
2816	1024	0	726	162	26
3072	1024	0	860	143	35
3328	1024	0	966	110	41
3584	1024	0	1020	56	41
3840	1024	0	1023	14	47
4095	1024	0	1023	174	98
0	1280	0	15	278	131
256	1280	0	15	278	122
512	1280	0	15	259	76
768	1280	0	128	257	15
1024	1280	0	200	255	15
1280	1280	0	256	251	15
1536	1280	0	307	246	15
1792	1280	0	354	240	15
2048	1280	0	404	233	15
2304	1280	0	468	228	15
2560	1280	0	575	231	15
2816	1280	0	723	236	16
3072	1280	0	848	221	16
3328	1280	0	954	196	24
3584	1280	0	1017	164	31
3840	1280	0	1023	146	36
4095	1280	0	1023	211	99
0	1536	0	15	314	140
256	1536	0	15	314	131
512	1536	0	15	315	103
768	1536	0	86	298	15
1024	1536	0	179	294	15
1280	1536	0	240	290	15
1536	1536	0	293	286	15
1792	1536	0	343	282	15
2048	1536	0	396	280	15
2304	1536	0	473	284	15
2560	1536	0	585	296	16
2816	1536	0	708	296	16
3072	1536	0	823	281	16
3328	1536	0	934	260	15
3584	1536	0	1012	227	14
3840	1536	0	1023	203	13
4095	1536	0	1023	246	100
0	1792	0	15	352	148
256	1792	0	15	352	142
512	1792	0	15	353	119
768	1792	0	15	334	55
1024	1792	0	155	332	15
1280	1792	0	225	331	15
1536	1792	0	283	330	15
1792	1792	0	338	329	15
2048	1792	0	400	335	15
2304	1792	0	486	349	15
2560	1792	0	583	354	16
2816	1792	0	691	352	16
3072	1792	0	798	335	16
3328	1792	0	908	314	15
3584	1792	0	1001	284	14
3840	1792	0	1023	293	97
4095	1792	0	1023	283	104
0	2048	0	15	412	170
256	2048	0	15	413	165
512	2048	0	15	414	140
768	2048	0	15	378	90
1024	2048	0	126	382	15
1280	2048	0	213	381	15
1536	2048	0	282	387	16
1792	2048	0	348	396	16
2048	2048	0	415	404	16
2304	2048	0	489	408	16
2560	2048	0	575	407	16
2816	2048	0	670	398	16
3072	2048	0	771	383	15
3328	2048	0	881	362	15
3584	2048	0	989	338	14
3840	2048	0	1023	331	97
4095	2048	0	1023	319	108
0	2304	0	16	490	190
256	2304	0	16	490	186
512	2304	0	16	492	164
768	2304	0	16	497	131
1024	2304	0	60	457	16
1280	2304	0	205	462	16
1536	2304	0	285	466	16
1792	2304	0	352	465	16
2048	2304	0	412	465	16
2304	2304	0	481	463	16
2560	2304	0	559	457	16
2816	2304	0	648	446	16
3072	2304	0	742	429	15
3328	2304	0	855	410	15
3584	2304	0	977	390	14
3840	2304	0	1023	371	98
4095	2304	0	1023	356	113
0	2560	0	16	558	209
256	2560	0	16	559	205
512	2560	0	16	561	188
768	2560	0	16	565	158
1024	2560	0	16	534	91
1280	2560	0	174	536	16
1536	2560	0	267	535	16
1792	2560	0	337	531	16
2048	2560	0	398	525	16
2304	2560	0	459	519	16
2560	2560	0	533	510	15
2816	2560	0	617	497	16
3072	2560	0	712	480	15
3328	2560	0	828	467	15
3584	2560	0	964	450	14
3840	2560	0	1023	422	96
4095	2560	0	1023	400	118
0	2816	0	15	615	213
256	2816	0	16	615	209
512	2816	0	15	617	203
768	2816	0	16	620	173
1024	2816	0	15	625	128
1280	2816	0	108	598	15
1536	2816	0	232	594	15
1792	2816	0	309	589	15
2048	2816	0	370	583	15
2304	2816	0	430	575	15
2560	2816	0	500	566	15
2816	2816	0	582	553	15
3072	2816	0	683	542	15
3328	2816	0	803	532	14
3584	2816	0	946	520	14
3840	2816	0	1023	482	87
4095	2816	0	1023	452	123
0	3072	0	15	678	223
256	3072	0	15	678	220
512	3072	0	15	681	207
768	3072	0	15	685	190
1024	3072	0	15	692	154
1280	3072	0	15	656	77
1536	3072	0	188	655	15
1792	3072	0	273	649	15
2048	3072	0	339	644	15
2304	3072	0	400	639	14
2560	3072	0	469	635	15
2816	3072	0	553	627	14
3072	3072	0	654	618	14
3328	3072	0	776	609	14
3584	3072	0	920	600	15
3840	3072	0	1023	554	28
4095	3072	0	1023	513	123
0	3328	0	14	763	234
256	3328	0	15	763	231
512	3328	0	15	767	221
768	3328	0	15	772	201
1024	3328	0	14	780	172
1280	3328	0	15	792	121
1536	3328	0	132	738	14
1792	3328	0	242	735	14
2048	3328	0	313	730	14
2304	3328	0	376	727	14
2560	3328	0	443	722	14
2816	3328	0	525	716	14
3072	3328	0	626	710	14
3328	3328	0	746	701	14
3584	3328	0	873	679	14
3840	3328	0	1006	650	14
4095	3328	0	1023	584	110
0	3584	0	14	849	232
256	3584	0	14	850	229
512	3584	0	14	852	233
768	3584	0	14	855	212
1024	3584	0	14	861	191
1280	3584	0	14	870	151
1536	3584	0	14	833	59
1792	3584	0	204	832	14
2048	3584	0	285	829	14
2304	3584	0	350	827	14
2560	3584	0	415	820	14
2816	3584	0	492	811	14
3072	3584	0	583	800	13
3328	3584	0	692	783	14
3584	3584	0	820	765	14
3840	3584	0	979	756	13
4095	3584	0	1022	673	13
0	3840	0	14	949	242
256	3840	0	14	950	240
512	3840	0	14	953	233
768	3840	0	14	960	221
1024	3840	0	14	970	198
1280	3840	0	14	984	166
1536	3840	0	14	1002	111
1792	3840	0	149	927	14
2048	3840	0	247	921	14
2304	3840	0	314	916	13
2560	3840	0	375	910	13
2816	3840	0	452	906	13
3072	3840	0	542	902	13
3328	3840	0	653	897	14
3584	3840	0	790	892	13
3840	3840	0	953	885	13
4095	3840	0	1020	798	14
0	4095	0	14	1021	249
256	4095	0	13	1022	248
512	4095	0	14	1023	240
768	4095	0	13	1022	228
1024	4095	0	14	1022	210
1280	4095	0	13	1022	182
1536	4095	0	14	1023	137
1792	4095	0	23	1023	17
2048	4095	0	213	1022	14
2304	4095	0	289	1023	13
2560	4095	0	354	1023	14
2816	4095	0	424	1022	13
3072	4095	0	512	1021	14
3328	4095	0	621	1022	13
3584	4095	0	750	1021	14
3840	4095	0	934	1023	110
4095	4095	0	1022	953	13
0	0	256	21	29	86
256	0	256	94	21	87
512	0	256	167	20	90
768	0	256	228	19	96
1024	0	256	277	18	99
1280	0	256	314	17	99
1536	0	256	344	16	98
1792	0	256	371	15	97
2048	0	256	410	15	99
2304	0	256	459	15	101
2560	0	256	517	15	102
2816	0	256	616	15	108
3072	0	256	766	16	118
3328	0	256	966	15	123
3584	0	256	1016	14	113
3840	0	256	1023	19	108
4095	0	256	1023	42	105
0	256	256	20	91	86
256	256	256	85	85	85
512	256	256	164	73	83
768	256	256	232	49	81
1024	256	256	282	18	84
1280	256	256	318	17	88
1536	256	256	347	16	91
1792	256	256	374	15	92
2048	256	256	414	15	95
2304	256	256	463	15	98
2560	256	256	521	15	100
2816	256	256	624	15	106
3072	256	256	775	16	116
3328	256	256	893	16	120
3584	256	256	1018	14	111
3840	256	256	1023	14	106
4095	256	256	1023	62	105
0	512	256	19	152	97
256	512	256	20	151	80
512	512	256	149	147	75
768	512	256	214	134	79
1024	512	256	268	119	76
1280	512	256	311	100	69
1536	512	256	347	77	65
1792	512	256	383	31	65
2048	512	256	428	15	76
2304	512	256	477	15	83
2560	512	256	538	15	90
2816	512	256	650	15	102
3072	512	256	804	16	109
3328	512	256	912	16	108
3584	512	256	993	15	101
3840	512	256	1023	27	101
4095	512	256	1023	99	105
0	768	256	18	199	117
256	768	256	18	198	103
512	768	256	112	193	66
768	768	256	189	186	63
1024	768	256	242	173	68
1280	768	256	287	159	66
1536	768	256	331	147	64
1792	768	256	376	135	62
2048	768	256	428	121	62
2304	768	256	486	102	63
2560	768	256	576	74	67
2816	768	256	714	16	76
3072	768	256	846	16	89
3328	768	256	943	16	93
3584	768	256	1004	14	90
3840	768	256	1022	14	91
4095	768	256	1023	136	106
0	1024	256	16	243	133
256	1024	256	16	230	117
512	1024	256	29	229	54
768	1024	256	155	220	52
1024	1024	256	216	212	51
1280	1024	256	268	205	56
1536	1024	256	320	200	55
1792	1024	256	367	192	56
2048	1024	256	416	182	57
2304	1024	256	478	172	59
2560	1024	256	576	165	63
2816	1024	256	726	162	69
3072	1024	256	860	143	71
3328	1024	256	966	110	71
3584	1024	256	1020	56	65
3840	1024	256	1023	14	67
4095	1024	256	1023	174	106
0	1280	256	15	278	140
256	1280	256	15	278	131
512	1280	256	15	259	89
768	1280	256	120	257	39
1024	1280	256	196	255	41
1280	1280	256	255	251	42
1536	1280	256	307	245	44
1792	1280	256	355	239	46
2048	1280	256	406	232	48
2304	1280	256	471	227	51
2560	1280	256	579	229	57
2816	1280	256	726	234	63
3072	1280	256	849	220	65
3328	1280	256	954	196	64
3584	1280	256	1017	164	61
3840	1280	256	1023	146	62
4095	1280	256	1023	210	107
0	1536	256	15	314	150
256	1536	256	15	314	142
512	1536	256	15	298	108
768	1536	256	43	299	15
1024	1536	256	171	295	17
1280	1536	256	236	291	21
1536	1536	256	291	285	26
1792	1536	256	343	282	30
2048	1536	256	398	278	34
2304	1536	256	476	282	38
2560	1536	256	591	293	45
2816	1536	256	715	293	51
3072	1536	256	829	278	54
3328	1536	256	940	257	55
3584	1536	256	1013	225	58
3840	1536	256	1023	253	106
4095	1536	256	1023	245	109
0	1792	256	15	352	158
256	1792	256	15	352	152
512	1792	256	15	353	130
768	1792	256	15	334	75
1024	1792	256	141	333	15
1280	1792	256	218	331	15
1536	1792	256	280	331	15
1792	1792	256	336	329	15
2048	1792	256	400	335	15
2304	1792	256	488	347	15
2560	1792	256	589	352	16
2816	1792	256	700	348	28
3072	1792	256	807	330	35
3328	1792	256	919	309	40
3584	1792	256	1006	278	42
3840	1792	256	1023	292	107
4095	1792	256	1023	282	112
0	2048	256	15	412	178
256	2048	256	15	413	174
512	2048	256	15	414	149
768	2048	256	15	378	104
1024	2048	256	99	383	15
1280	2048	256	203	382	15
1536	2048	256	275	387	16
1792	2048	256	344	396	16
2048	2048	256	413	403	16
2304	2048	256	488	407	16
2560	2048	256	578	406	16
2816	2048	256	676	396	16
3072	2048	256	780	379	15
3328	2048	256	894	358	15
3584	2048	256	998	329	15
3840	2048	256	1023	331	109
4095	2048	256	1023	318	117
0	2304	256	16	489	199
256	2304	256	16	490	196
512	2304	256	16	492	181
768	2304	256	16	496	145
1024	2304	256	16	457	68
1280	2304	256	189	463	16
1536	2304	256	276	467	16
1792	2304	256	346	466	16
2048	2304	256	409	465	16
2304	2304	256	478	463	16
2560	2304	256	559	456	16
2816	2304	256	650	445	16
3072	2304	256	747	427	15
3328	2304	256	865	408	15
3584	2304	256	984	383	14
3840	2304	256	1023	371	109
4095	2304	256	1023	356	122
0	2560	256	16	558	221
256	2560	256	16	558	216
512	2560	256	16	560	201
768	2560	256	16	564	170
1024	2560	256	16	534	112
1280	2560	256	149	538	16
1536	2560	256	255	537	16
1792	2560	256	330	533	16
2048	2560	256	393	526	16
2304	2560	256	455	520	16
2560	2560	256	531	511	15
2816	2560	256	617	497	16
3072	2560	256	714	479	15
3328	2560	256	833	465	15
3584	2560	256	968	445	14
3840	2560	256	1023	421	107
4095	2560	256	1023	400	127
0	2816	256	16	614	224
256	2816	256	16	615	220
512	2816	256	15	617	215
768	2816	256	16	620	186
1024	2816	256	15	625	145
1280	2816	256	16	600	20
1536	2816	256	218	596	15
1792	2816	256	300	591	15
2048	2816	256	365	585	15
2304	2816	256	426	577	15
2560	2816	256	496	567	15
2816	2816	256	580	554	15
3072	2816	256	683	542	15
3328	2816	256	805	531	15
3584	2816	256	950	518	14
3840	2816	256	1023	481	98
4095	2816	256	1023	452	132
0	3072	256	15	677	232
256	3072	256	15	678	229
512	3072	256	15	680	217
768	3072	256	15	685	200
1024	3072	256	15	692	161
1280	3072	256	15	656	98
1536	3072	256	171	657	15
1792	3072	256	264	652	15
2048	3072	256	333	646	14
2304	3072	256	395	642	14
2560	3072	256	465	636	14
2816	3072	256	549	628	14
3072	3072	256	652	619	15
3328	3072	256	776	609	14
3584	3072	256	922	599	15
3840	3072	256	1023	554	62
4095	3072	256	1023	511	127
0	3328	256	15	762	241
256	3328	256	15	763	239
512	3328	256	15	766	229
768	3328	256	15	772	210
1024	3328	256	15	780	182
1280	3328	256	15	791	135
1536	3328	256	100	741	14
1792	3328	256	232	737	14
2048	3328	256	306	733	14
2304	3328	256	371	729	14
2560	3328	256	439	724	14
2816	3328	256	521	718	14
3072	3328	256	622	711	14
3328	3328	256	744	702	14
3584	3328	256	872	679	14
3840	3328	256	1008	649	14
4095	3328	256	1023	581	107
0	3584	256	14	849	240
256	3584	256	14	849	237
512	3584	256	14	851	227
768	3584	256	14	855	221
1024	3584	256	14	861	189
1280	3584	256	14	869	153
1536	3584	256	15	832	82
1792	3584	256	190	834	14
2048	3584	256	277	831	14
2304	3584	256	344	828	14
2560	3584	256	410	822	14
2816	3584	256	487	813	14
3072	3584	256	579	801	13
3328	3584	256	689	784	13
3584	3584	256	817	766	13
3840	3584	256	978	756	13
4095	3584	256	1021	672	13
0	3840	256	14	948	247
256	3840	256	14	949	245
512	3840	256	14	953	238
768	3840	256	14	959	225
1024	3840	256	13	970	205
1280	3840	256	14	984	174
1536	3840	256	14	1001	123
1792	3840	256	129	929	14
2048	3840	256	239	925	13
2304	3840	256	309	920	13
2560	3840	256	371	914	13
2816	3840	256	447	909	14
3072	3840	256	538	904	14
3328	3840	256	649	899	14
3584	3840	256	787	893	14
3840	3840	256	950	887	14
4095	3840	256	1020	799	13
0	4095	256	14	1021	254
256	4095	256	14	1022	253
512	4095	256	14	1022	246
768	4095	256	14	1021	233
1024	4095	256	14	1021	216
1280	4095	256	14	1022	187
1536	4095	256	14	1022	145
1792	4095	256	14	1023	62
2048	4095	256	203	1022	14
2304	4095	256	283	1022	13
2560	4095	256	348	1023	14
2816	4095	256	419	1022	14
3072	4095	256	506	1021	13
3328	4095	256	614	1022	14
3584	4095	256	746	1022	14
3840	4095	256	933	1023	120
4095	4095	256	1023	957	13
0	0	512	20	45	154
256	0	512	89	20	153
512	0	512	164	20	150
768	0	512	227	19	149
1024	0	512	275	18	145
1280	0	512	312	17	140
1536	0	512	343	16	135
1792	0	512	370	15	132
2048	0	512	410	15	132
2304	0	512	458	15	133
2560	0	512	516	15	134
2816	0	512	615	15	141
3072	0	512	763	16	153
3328	0	512	885	16	156
3584	0	512	1016	14	145
3840	0	512	1023	14	140
4095	0	512	1023	36	132
0	256	512	20	95	149
256	256	512	75	83	153
512	256	512	162	71	150
768	256	512	229	46	146
1024	256	512	280	18	140
1280	256	512	316	17	135
1536	256	512	345	16	131
1792	256	512	373	15	128
2048	256	512	413	15	129
2304	256	512	462	15	131
2560	256	512	521	15	131
2816	256	512	623	15	139
3072	256	512	773	16	151
3328	256	512	891	16	155
3584	256	512	983	15	150
3840	256	512	1022	13	138
4095	256	512	1023	60	132
0	512	512	19	151	138
256	512	512	20	150	136
512	512	512	147	147	147
768	512	512	212	133	139
1024	512	512	265	118	132
1280	512	512	309	100	124
1536	512	512	346	76	117
1792	512	512	382	28	116
2048	512	512	427	15	119
2304	512	512	475	15	122
2560	512	512	536	15	125
2816	512	512	649	15	137
3072	512	512	803	16	145
3328	512	512	911	16	144
3584	512	512	992	15	135
3840	512	512	1023	14	130
4095	512	512	1023	98	133
0	768	512	18	197	144
256	768	512	18	197	137
512	768	512	108	192	131
768	768	512	187	185	123
1024	768	512	241	172	132
1280	768	512	286	159	126
1536	768	512	330	147	118
1792	768	512	376	135	113
2048	768	512	427	121	112
2304	768	512	486	101	112
2560	768	512	575	74	113
2816	768	512	713	16	123
3072	768	512	844	16	132
3328	768	512	942	16	132
3584	768	512	1004	14	124
3840	768	512	1023	20	120
4095	768	512	1023	135	134
0	1024	512	16	241	171
256	1024	512	16	229	144
512	1024	512	16	229	119
768	1024	512	153	220	115
1024	1024	512	215	211	111
1280	1024	512	268	205	116
1536	1024	512	320	199	113
1792	1024	512	367	191	111
2048	1024	512	416	182	111
2304	1024	512	477	172	108
2560	1024	512	575	165	114
2816	1024	512	726	162	121
3072	1024	512	860	143	122
3328	1024	512	966	110	118
3584	1024	512	1020	55	107
3840	1024	512	1023	175	136
4095	1024	512	1023	173	135
0	1280	512	15	277	169
256	1280	512	15	276	163
512	1280	512	15	258	129
768	1280	512	118	257	107
1024	1280	512	195	255	106
1280	1280	512	255	250	106
1536	1280	512	307	245	108
1792	1280	512	355	238	108
2048	1280	512	405	231	107
2304	1280	512	471	226	106
2560	1280	512	579	229	114
2816	1280	512	725	234	120
3072	1280	512	849	220	118
3328	1280	512	954	196	115
3584	1280	512	1017	164	105
3840	1280	512	1023	215	136
4095	1280	512	1023	210	136
0	1536	512	15	313	178
256	1536	512	15	313	173
512	1536	512	15	297	144
768	1536	512	32	299	102
1024	1536	512	170	295	101
1280	1536	512	235	291	101
1536	1536	512	290	285	100
1792	1536	512	343	282	103
2048	1536	512	397	278	102
2304	1536	512	476	282	103
2560	1536	512	591	294	112
2816	1536	512	714	293	116
3072	1536	512	829	278	114
3328	1536	512	939	257	110
3584	1536	512	1013	225	110
3840	1536	512	1023	252	137
4095	1536	512	1023	244	138
0	1792	512	15	351	188
256	1792	512	15	351	183
512	1792	512	15	352	166
768	1792	512	15	333	123
1024	1792	512	133	333	95
1280	1792	512	215	331	96
1536	1792	512	278	331	97
1792	1792	512	335	329	100
2048	1792	512	400	335	98
2304	1792	512	488	347	101
2560	1792	512	589	352	106
2816	1792	512	699	347	112
3072	1792	512	807	330	110
3328	1792	512	919	309	106
3584	1792	512	1006	277	99
3840	1792	512	1023	291	139
4095	1792	512	1023	281	141
0	2048	512	15	412	200
256	2048	512	15	412	197
512	2048	512	15	414	186
768	2048	512	15	378	145
1024	2048	512	52	384	92
1280	2048	512	193	383	93
1536	2048	512	270	387	96
1792	2048	512	342	396	98
2048	2048	512	412	403	102
2304	2048	512	488	406	100
2560	2048	512	579	406	104
2816	2048	512	678	395	106
3072	2048	512	782	378	103
3328	2048	512	896	357	100
3584	2048	512	997	328	95
3840	2048	512	1023	329	140
4095	2048	512	1023	317	144
0	2304	512	16	488	233
256	2304	512	16	489	230
512	2304	512	16	491	209
768	2304	512	16	496	186
1024	2304	512	16	457	129
1280	2304	512	164	463	90
1536	2304	512	263	469	92
1792	2304	512	339	468	93
2048	2304	512	405	466	94
2304	2304	512	476	463	95
2560	2304	512	559	456	97
2816	2304	512	652	444	98
3072	2304	512	751	425	95
3328	2304	512	871	405	93
3584	2304	512	987	380	90
3840	2304	512	1023	370	140
4095	2304	512	1023	355	148
0	2560	512	16	557	246
256	2560	512	16	557	243
512	2560	512	16	559	229
768	2560	512	16	563	207
1024	2560	512	16	534	156
1280	2560	512	74	541	79
1536	2560	512	233	539	81
1792	2560	512	317	536	81
2048	2560	512	385	528	82
2304	2560	512	450	521	82
2560	2560	512	528	512	83
2816	2560	512	617	497	86
3072	2560	512	717	478	85
3328	2560	512	840	463	84
3584	2560	512	974	440	83
3840	2560	512	1023	421	137
4095	2560	512	1023	399	151
0	2816	512	15	613	254
256	2816	512	15	614	251
512	2816	512	16	616	238
768	2816	512	15	619	213
1024	2816	512	15	624	180
1280	2816	512	16	600	118
1536	2816	512	180	600	64
1792	2816	512	279	595	62
2048	2816	512	352	588	64
2304	2816	512	416	580	65
2560	2816	512	489	570	67
2816	2816	512	576	555	68
3072	2816	512	682	542	71
3328	2816	512	809	530	72
3584	2816	512	955	514	73
3840	2816	512	1023	481	130
4095	2816	512	1023	451	154
0	3072	512	15	676	250
256	3072	512	15	676	247
512	3072	512	15	679	245
768	3072	512	15	684	224
1024	3072	512	15	690	197
1280	3072	512	15	655	141
1536	3072	512	82	665	28
1792	3072	512	234	659	31
2048	3072	512	314	652	35
2304	3072	512	380	646	39
2560	3072	512	453	640	43
2816	3072	512	540	631	47
3072	3072	512	646	621	50
3328	3072	512	775	609	55
3584	3072	512	927	598	58
3840	3072	512	1023	553	105
4095	3072	512	1023	511	151
0	3328	512	15	761	259
256	3328	512	15	762	256
512	3328	512	15	765	248
768	3328	512	15	771	235
1024	3328	512	15	779	207
1280	3328	512	15	790	168
1536	3328	512	15	744	93
1792	3328	512	191	746	15
2048	3328	512	283	741	15
2304	3328	512	354	736	15
2560	3328	512	423	730	14
2816	3328	512	508	723	14
3072	3328	512	610	715	14
3328	3328	512	737	704	14
3584	3328	512	871	680	17
3840	3328	512	1012	647	29
4095	3328	512	1023	582	135
0	3584	512	14	848	265
256	3584	512	14	848	262
512	3584	512	14	851	252
768	3584	512	14	855	234
1024	3584	512	14	860	219
1280	3584	512	14	869	188
1536	3584	512	14	832	125
1792	3584	512	131	840	14
2048	3584	512	250	837	14
2304	3584	512	325	834	14
2560	3584	512	392	827	14
2816	3584	512	471	819	13
3072	3584	512	566	806	14
3328	3584	512	678	789	13
3584	3584	512	810	769	13
3840	3584	512	976	757	14
4095	3584	512	1023	670	28
0	3840	512	13	947	261
256	3840	512	14	948	259
512	3840	512	14	952	256
768	3840	512	14	959	243
1024	3840	512	14	969	224
1280	3840	512	14	983	196
1536	3840	512	14	1000	153
1792	3840	512	14	936	63
2048	3840	512	208	935	13
2304	3840	512	289	930	13
2560	3840	512	356	924	14
2816	3840	512	430	917	13
3072	3840	512	523	912	14
3328	3840	512	636	905	14
3584	3840	512	774	898	14
3840	3840	512	943	890	14
4095	3840	512	1020	802	14
0	4095	512	14	1022	268
256	4095	512	14	1021	266
512	4095	512	14	1021	259
768	4095	512	14	1022	250
1024	4095	512	27	1023	232
1280	4095	512	14	1021	207
1536	4095	512	14	1022	170
1792	4095	512	14	1022	110
2048	4095	512	160	1022	13
2304	4095	512	259	1023	14
2560	4095	512	330	1022	13
2816	4095	512	401	1022	13
3072	4095	512	487	1023	14
3328	4095	512	596	1023	14
3584	4095	512	729	1022	13
3840	4095	512	931	1023	148
4095	4095	512	1023	967	14
0	0	768	20	57	212
256	0	768	80	20	218
512	0	768	161	20	209
768	0	768	225	19	203
1024	0	768	272	18	196
1280	0	768	309	17	187
1536	0	768	340	16	179
1792	0	768	369	15	174
2048	0	768	408	15	174
2304	0	768	457	15	174
2560	0	768	515	15	174
2816	0	768	614	15	183
3072	0	768	760	16	197
3328	0	768	883	16	200
3584	0	768	976	15	193
3840	0	768	1023	17	175
4095	0	768	1023	17	167
0	256	768	20	97	205
256	256	768	53	79	218
512	256	768	157	68	213
768	256	768	227	40	208
1024	256	768	276	18	195
1280	256	768	313	17	185
1536	256	768	343	16	177
1792	256	768	372	15	172
2048	256	768	412	15	172
2304	256	768	461	15	172
2560	256	768	519	15	173
2816	256	768	621	15	182
3072	256	768	770	16	196
3328	256	768	889	16	198
3584	256	768	981	15	192
3840	256	768	1022	14	176
4095	256	768	1023	53	168
0	512	768	19	152	195
256	512	768	20	150	205
512	512	768	139	143	208
768	512	768	209	132	197
1024	512	768	263	117	187
1280	512	768	306	98	176
1536	512	768	343	75	165
1792	512	768	382	22	164
2048	512	768	426	15	165
2304	512	768	474	15	165
2560	512	768	535	15	167
2816	512	768	648	15	181
3072	512	768	801	16	192
3328	512	768	909	16	188
3584	512	768	992	15	176
3840	512	768	1023	80	172
4095	512	768	1023	95	168
0	768	768	18	195	175
256	768	768	18	195	191
512	768	768	101	191	188
768	768	768	184	184	184
1024	768	768	239	171	174
1280	768	768	284	157	166
1536	768	768	329	146	162
1792	768	768	375	135	161
2048	768	768	426	121	159
2304	768	768	484	101	158
2560	768	768	575	73	161
2816	768	768	712	16	171
3072	768	768	843	16	180
3328	768	768	941	15	177
3584	768	768	1004	14	166
3840	768	768	1023	130	172
4095	768	768	1023	134	169
0	1024	768	16	227	179
256	1024	768	16	227	176
512	1024	768	16	227	162
768	1024	768	150	220	167
1024	1024	768	212	210	161
1280	1024	768	267	205	168
1536	1024	768	319	198	161
1792	1024	768	366	191	161
2048	1024	768	415	181	155
2304	1024	768	476	171	156
2560	1024	768	574	164	163
2816	1024	768	725	161	172
3072	1024	768	859	142	173
3328	1024	768	965	109	164
3584	1024	768	1020	53	148
3840	1024	768	1023	173	173
4095	1024	768	1023	172	170
0	1280	768	15	275	204
256	1280	768	15	275	201
512	1280	768	15	256	172
768	1280	768	113	257	158
1024	1280	768	194	254	157
1280	1280	768	254	250	156
1536	1280	768	306	245	158
1792	1280	768	354	238	158
2048	1280	768	405	231	156
2304	1280	768	470	226	155
2560	1280	768	579	229	165
2816	1280	768	724	233	172
3072	1280	768	847	219	169
3328	1280	768	953	196	163
3584	1280	768	1016	163	147
3840	1280	768	1023	214	173
4095	1280	768	1023	209	171
0	1536	768	15	312	209
256	1536	768	15	312	206
512	1536	768	15	296	182
768	1536	768	15	298	156
1024	1536	768	168	294	153
1280	1536	768	234	290	152
1536	1536	768	289	285	151
1792	1536	768	342	281	152
2048	1536	768	397	278	152
2304	1536	768	476	283	153
2560	1536	768	591	294	165
2816	1536	768	713	292	170
3072	1536	768	828	277	166
3328	1536	768	938	257	158
3584	1536	768	1012	225	146
3840	1536	768	1023	251	174
4095	1536	768	1023	244	172
0	1792	768	15	350	220
256	1792	768	15	350	217
512	1792	768	15	351	205
768	1792	768	15	333	168
1024	1792	768	130	333	148
1280	1792	768	214	331	149
1536	1792	768	277	331	149
1792	1792	768	334	329	152
2048	1792	768	400	335	150
2304	1792	768	488	347	152
2560	1792	768	588	352	160
2816	1792	768	698	347	167
3072	1792	768	805	330	163
3328	1792	768	918	309	156
3584	1792	768	1006	277	144
3840	1792	768	1023	290	174
4095	1792	768	1023	279	173
0	2048	768	15	410	236
256	2048	768	15	410	234
512	2048	768	15	413	226
768	2048	768	15	377	189
1024	2048	768	35	384	147
1280	2048	768	191	383	148
1536	2048	768	270	388	153
1792	2048	768	342	397	157
2048	2048	768	411	403	162
2304	2048	768	488	406	157
2560	2048	768	579	405	163
2816	2048	768	677	395	164
3072	2048	768	781	378	159
3328	2048	768	894	357	153
3584	2048	768	997	328	144
3840	2048	768	1023	328	175
4095	2048	768	1023	316	175
0	2304	768	16	487	270
256	2304	768	16	487	257
512	2304	768	16	490	249
768	2304	768	16	495	231
1024	2304	768	16	457	182
1280	2304	768	162	464	155
1536	2304	768	263	469	158
1792	2304	768	338	468	158
2048	2304	768	405	466	159
2304	2304	768	475	463	159
2560	2304	768	558	456	160
2816	2304	768	652	444	161
3072	2304	768	751	425	158
3328	2304	768	870	405	149
3584	2304	768	987	380	142
3840	2304	768	1023	369	174
4095	2304	768	1023	353	178
0	2560	768	16	556	278
256	2560	768	16	556	275
512	2560	768	16	558	270
768	2560	768	16	562	247
1024	2560	768	16	533	204
1280	2560	768	64	540	152
1536	2560	768	232	539	153
1792	2560	768	316	536	152
2048	2560	768	383	528	152
2304	2560	768	449	521	151
2560	2560	768	527	512	149
2816	2560	768	616	497	153
3072	2560	768	716	478	151
3328	2560	768	839	462	144
3584	2560	768	973	440	140
3840	2560	768	1023	420	171
4095	2560	768	1023	397	181
0	2816	768	15	612	282
256	2816	768	16	612	279
512	2816	768	16	614	267
768	2816	768	16	617	258
1024	2816	768	15	623	222
1280	2816	768	16	598	167
1536	2816	768	178	599	142
1792	2816	768	278	594	141
2048	2816	768	351	587	141
2304	2816	768	416	579	140
2560	2816	768	488	569	140
2816	2816	768	575	555	138
3072	2816	768	681	542	141
3328	2816	768	808	530	139
3584	2816	768	954	514	135
3840	2816	768	1023	480	165
4095	2816	768	1023	449	181
0	3072	768	15	675	285
256	3072	768	15	675	282
512	3072	768	15	678	272
768	3072	768	15	682	255
1024	3072	768	15	689	234
1280	3072	768	15	655	187
1536	3072	768	75	664	129
1792	3072	768	232	658	129
2048	3072	768	313	652	129
2304	3072	768	380	647	129
2560	3072	768	452	640	130
2816	3072	768	539	631	130
3072	3072	768	645	621	130
3328	3072	768	774	609	132
3584	3072	768	926	598	131
3840	3072	768	1023	553	146
4095	3072	768	1023	510	179
0	3328	768	15	759	284
256	3328	768	15	760	281
512	3328	768	15	763	279
768	3328	768	15	769	264
1024	3328	768	15	778	241
1280	3328	768	15	789	208
1536	3328	768	15	743	153
1792	3328	768	181	747	120
2048	3328	768	278	743	120
2304	3328	768	351	737	120
2560	3328	768	421	731	120
2816	3328	768	506	723	121
3072	3328	768	608	715	120
3328	3328	768	736	704	119
3584	3328	768	870	680	123
3840	3328	768	1012	647	120
4095	3328	768	1023	583	169
0	3584	768	14	847	283
256	3584	768	14	847	281
512	3584	768	14	850	272
768	3584	768	14	854	272
1024	3584	768	14	860	245
1280	3584	768	14	868	222
1536	3584	768	14	831	170
1792	3584	768	85	842	105
2048	3584	768	237	840	105
2304	3584	768	317	835	106
2560	3584	768	386	829	107
2816	3584	768	466	820	108
3072	3584	768	561	808	108
3328	3584	768	674	791	109
3584	3584	768	808	770	110
3840	3584	768	975	757	111
4095	3584	768	1023	668	90
0	3840	768	13	945	287
256	3840	768	14	946	285
512	3840	768	14	950	279
768	3840	768	14	957	267
1024	3840	768	14	968	252
1280	3840	768	14	981	227
1536	3840	768	14	999	191
1792	3840	768	14	936	131
2048	3840	768	182	942	96
2304	3840	768	275	935	96
2560	3840	768	345	930	97
2816	3840	768	421	922	98
3072	3840	768	514	915	99
3328	3840	768	628	908	100
3584	3840	768	768	900	101
3840	3840	768	938	892	102
4095	3840	768	986	778	45
0	4095	768	13	1021	291
256	4095	768	14	1022	290
512	4095	768	14	1022	284
768	4095	768	14	1021	272
1024	4095	768	14	1022	258
1280	4095	768	13	1021	234
1536	4095	768	14	1020	202
1792	4095	768	14	1021	156
2048	4095	768	14	1022	63
2304	4095	768	215	1000	15
2560	4095	768	298	994	15
2816	4095	768	366	986	16
3072	4095	768	447	978	17
3328	4095	768	544	971	25
3584	4095	768	773	1023	187
3840	4095	768	927	1023	183
4095	4095	768	973	933	17
0	0	1024	20	64	265
256	0	1024	64	20	275
512	0	1024	157	20	264
768	0	1024	222	19	253
1024	0	1024	268	18	241
1280	0	1024	307	17	229
1536	0	1024	337	16	221
1792	0	1024	367	15	215
2048	0	1024	407	15	214
2304	0	1024	455	15	213
2560	0	1024	513	15	213
2816	0	1024	613	15	223
3072	0	1024	758	16	240
3328	0	1024	880	16	242
3584	0	1024	974	15	233
3840	0	1024	1019	14	214
4095	0	1024	1022	13	204
0	256	1024	20	99	256
256	256	1024	20	80	281
512	256	1024	148	62	274
768	256	1024	222	30	267
1024	256	1024	271	18	246
1280	256	1024	310	17	231
1536	256	1024	340	16	221
1792	256	1024	370	15	214
2048	256	1024	411	15	213
2304	256	1024	459	15	212
2560	256	1024	517	15	212
2816	256	1024	620	15	223
3072	256	1024	767	16	239
3328	256	1024	887	16	241
3584	256	1024	979	15	232
3840	256	1024	1021	14	212
4095	256	1024	1023	44	201
0	512	1024	19	152	240
256	512	1024	19	150	256
512	512	1024	129	141	265
768	512	1024	204	128	252
1024	512	1024	259	115	239
1280	512	1024	303	96	225
1536	512	1024	341	72	213
1792	512	1024	381	15	210
2048	512	1024	424	15	210
2304	512	1024	472	15	208
2560	512	1024	533	15	209
2816	512	1024	647	15	221
3072	512	1024	798	16	237
3328	512	1024	907	16	231
3584	512	1024	991	15	216
3840	512	1024	1023	76	207
4095	512	1024	1023	91	201
0	768	1024	18	193	222
256	768	1024	18	193	227
512	768	1024	89	190	220
768	768	1024	179	183	237
1024	768	1024	236	169	225
1280	768	1024	282	156	214
1536	768	1024	327	145	209
1792	768	1024	374	134	207
2048	768	1024	424	120	203
2304	768	1024	483	99	202
2560	768	1024	573	71	206
2816	768	1024	710	16	219
3072	768	1024	841	16	227
3328	768	1024	939	15	221
3584	768	1024	1003	14	206
3840	768	1024	1023	128	207
4095	768	1024	1023	132	202
0	1024	1024	16	225	217
256	1024	1024	16	225	217
512	1024	1024	16	225	219
768	1024	1024	145	218	214
1024	1024	1024	209	209	209
1280	1024	1024	265	205	208
1536	1024	1024	317	198	206
1792	1024	1024	365	191	204
2048	1024	1024	413	181	201
2304	1024	1024	475	171	201
2560	1024	1024	572	164	209
2816	1024	1024	724	161	221
3072	1024	1024	858	141	221
3328	1024	1024	964	108	210
3584	1024	1024	1019	50	189
3840	1024	1024	1023	172	208
4095	1024	1024	1023	171	203
0	1280	1024	15	273	234
256	1280	1024	15	255	215
512	1280	1024	15	256	210
768	1280	1024	107	256	207
1024	1280	1024	191	254	206
1280	1280	1024	252	250	203
1536	1280	1024	304	244	206
1792	1280	1024	352	237	204
2048	1280	1024	403	231	202
2304	1280	1024	469	226	200
2560	1280	1024	578	229	214
2816	1280	1024	722	233	221
3072	1280	1024	845	219	217
3328	1280	1024	951	196	209
3584	1280	1024	1016	163	189
3840	1280	1024	1023	213	208
4095	1280	1024	1023	208	204
0	1536	1024	15	310	243
256	1536	1024	15	310	241
512	1536	1024	15	295	216
768	1536	1024	15	298	203
1024	1536	1024	165	294	200
1280	1536	1024	233	289	198
1536	1536	1024	288	285	197
1792	1536	1024	341	282	199
2048	1536	1024	396	278	198
2304	1536	1024	475	282	199
2560	1536	1024	590	293	214
2816	1536	1024	711	292	220
3072	1536	1024	826	277	215
3328	1536	1024	936	256	206
3584	1536	1024	1011	225	189
3840	1536	1024	1023	250	209
4095	1536	1024	1023	243	205
0	1792	1024	15	349	250
256	1792	1024	15	349	248
512	1792	1024	15	350	241
768	1792	1024	15	331	211
1024	1792	1024	125	333	195
1280	1792	1024	212	331	196
1536	1792	1024	276	331	197
1792	1792	1024	333	328	200
2048	1792	1024	400	335	197
2304	1792	1024	487	347	199
2560	1792	1024	587	352	209
2816	1792	1024	697	347	219
3072	1792	1024	803	330	213
3328	1792	1024	917	309	204
3584	1792	1024	1005	278	187
3840	1792	1024	1023	289	209
4095	1792	1024	1023	279	206
0	2048	1024	15	409	272
256	2048	1024	15	409	271
512	2048	1024	15	411	265
768	2048	1024	15	376	230
1024	2048	1024	15	384	196
1280	2048	1024	189	383	196
1536	2048	1024	268	388	203
1792	2048	1024	340	397	207
2048	2048	1024	411	404	215
2304	2048	1024	487	406	207
2560	2048	1024	578	405	215
2816	2048	1024	676	395	217
3072	2048	1024	779	378	209
3328	2048	1024	893	357	201
3584	2048	1024	996	329	188
3840	2048	1024	1023	327	209
4095	2048	1024	1023	315	207
0	2304	1024	16	486	296
256	2304	1024	16	487	294
512	2304	1024	16	489	288
768	2304	1024	16	494	275
1024	2304	1024	16	457	232
1280	2304	1024	158	464	208
1536	2304	1024	261	469	212
1792	2304	1024	337	468	212
2048	2304	1024	403	466	213
2304	2304	1024	474	463	214
2560	2304	1024	557	456	214
2816	2304	1024	651	443	215
3072	2304	1024	750	425	210
3328	2304	1024	867	405	197
3584	2304	1024	986	380	189
3840	2304	1024	1023	368	208
4095	2304	1024	1023	352	209
0	2560	1024	16	555	317
256	2560	1024	16	555	315
512	2560	1024	16	557	305
768	2560	1024	16	561	287
1024	2560	1024	16	532	249
1280	2560	1024	40	540	209
1536	2560	1024	230	538	210
1792	2560	1024	314	535	209
2048	2560	1024	382	528	207
2304	2560	1024	447	521	206
2560	2560	1024	526	512	203
2816	2560	1024	614	497	208
3072	2560	1024	715	478	204
3328	2560	1024	837	462	194
3584	2560	1024	973	441	187
3840	2560	1024	1023	419	206
4095	2560	1024	1023	395	211
0	2816	1024	15	611	310
256	2816	1024	16	611	307
512	2816	1024	16	613	297
768	2816	1024	16	616	294
1024	2816	1024	15	621	264
1280	2816	1024	16	598	218
1536	2816	1024	175	599	199
1792	2816	1024	276	594	198
2048	2816	1024	350	587	197
2304	2816	1024	415	579	196
2560	2816	1024	487	569	194
2816	2816	1024	573	555	191
3072	2816	1024	680	542	195
3328	2816	1024	807	529	192
3584	2816	1024	954	514	185
3840	2816	1024	1023	479	201
4095	2816	1024	1023	447	211
0	3072	1024	15	673	312
256	3072	1024	15	674	310
512	3072	1024	15	676	302
768	3072	1024	15	681	286
1024	3072	1024	15	688	271
1280	3072	1024	15	653	231
1536	3072	1024	64	664	187
1792	3072	1024	231	658	186
2048	3072	1024	312	652	185
2304	3072	1024	379	646	185
2560	3072	1024	451	639	185
2816	3072	1024	538	631	184
3072	3072	1024	644	621	183
3328	3072	1024	773	609	186
3584	3072	1024	924	598	184
3840	3072	1024	1023	552	186
4095	3072	1024	1023	509	209
0	3328	1024	14	758	317
256	3328	1024	15	759	315
512	3328	1024	14	762	308
768	3328	1024	14	767	295
1024	3328	1024	14	776	279
1280	3328	1024	15	788	250
1536	3328	1024	14	742	200
1792	3328	1024	178	747	178
2048	3328	1024	277	742	178
2304	3328	1024	350	737	177
2560	3328	1024	420	730	177
2816	3328	1024	505	723	177
3072	3328	1024	607	714	176
3328	3328	1024	735	704	174
3584	3328	1024	869	680	177
3840	3328	1024	1010	647	174
4095	3328	1024	1023	581	199
0	3584	1024	14	845	305
256	3584	1024	14	846	303
512	3584	1024	14	848	314
768	3584	1024	14	852	299
1024	3584	1024	14	859	275
1280	3584	1024	14	867	258
1536	3584	1024	14	831	214
1792	3584	1024	77	842	166
2048	3584	1024	236	840	166
2304	3584	1024	316	835	166
2560	3584	1024	385	829	166
2816	3584	1024	465	819	165
3072	3584	1024	560	808	165
3328	3584	1024	672	791	163
3584	3584	1024	807	770	163
3840	3584	1024	974	757	164
4095	3584	1024	1023	669	153
0	3840	1024	14	942	312
256	3840	1024	14	943	311
512	3840	1024	14	948	306
768	3840	1024	14	954	298
1024	3840	1024	14	965	282
1280	3840	1024	13	980	262
1536	3840	1024	14	997	230
1792	3840	1024	14	935	181
2048	3840	1024	179	942	156
2304	3840	1024	274	935	156
2560	3840	1024	344	929	157
2816	3840	1024	420	922	157
3072	3840	1024	513	915	157
3328	3840	1024	627	908	158
3584	3840	1024	766	900	159
3840	3840	1024	937	891	159
4095	3840	1024	989	779	129
0	4095	1024	14	1021	316
256	4095	1024	14	1022	315
512	4095	1024	14	1021	309
768	4095	1024	14	1022	299
1024	4095	1024	14	1020	286
1280	4095	1024	13	1022	264
1536	4095	1024	14	1023	236
1792	4095	1024	18	1023	198
2048	4095	1024	14	1022	141
2304	4095	1024	209	987	126
2560	4095	1024	295	983	126
2816	4095	1024	364	980	127
3072	4095	1024	540	1023	229
3328	4095	1024	641	1023	224
3584	4095	1024	768	1023	223
3840	4095	1024	923	1023	219
4095	4095	1024	935	899	117
0	0	1280	20	60	315
256	0	1280	50	20	326
512	0	1280	153	20	316
768	0	1280	218	19	301
1024	0	1280	265	18	287
1280	0	1280	303	17	272
1536	0	1280	333	16	258
1792	0	1280	364	15	252
2048	0	1280	405	15	252
2304	0	1280	454	15	250
2560	0	1280	512	15	250
2816	0	1280	612	15	262
3072	0	1280	755	16	281
3328	0	1280	878	16	283
3584	0	1280	972	15	272
3840	0	1280	1018	14	248
4095	0	1280	1023	14	233
0	256	1280	20	96	307
256	256	1280	20	83	322
512	256	1280	137	55	334
768	256	1280	216	19	319
1024	256	1280	267	18	294
1280	256	1280	305	17	276
1536	256	1280	336	16	260
1792	256	1280	367	15	253
2048	256	1280	409	15	252
2304	256	1280	457	15	250
2560	256	1280	516	15	249
2816	256	1280	619	15	262
3072	256	1280	764	16	281
3328	256	1280	884	16	282
3584	256	1280	976	15	271
3840	256	1280	1020	14	246
4095	256	1280	1023	30	233
0	512	1280	19	151	283
256	512	1280	19	149	298
512	512	1280	115	138	319
768	512	1280	197	127	304
1024	512	1280	254	112	288
1280	512	1280	299	94	271
1536	512	1280	338	70	258
1792	512	1280	378	15	255
2048	512	1280	422	15	252
2304	512	1280	471	15	248
2560	512	1280	531	15	248
2816	512	1280	647	16	263
3072	512	1280	795	16	281
3328	512	1280	905	16	274
3584	512	1280	989	15	256
3840	512	1280	1023	71	240
4095	512	1280	1023	88	233
0	768	1280	17	192	255
256	768	1280	17	191	264
512	768	1280	68	189	268
768	768	1280	171	180	285
1024	768	1280	231	168	271
1280	768	1280	278	155	259
1536	768	1280	325	144	254
1792	768	1280	372	133	252
2048	768	1280	423	118	248
2304	768	1280	481	97	245
2560	768	1280	572	68	250
2816	768	1280	708	16	265
3072	768	1280	838	16	273
3328	768	1280	936	15	265
3584	768	1280	1002	14	246
3840	768	1280	1023	125	241
4095	768	1280	1023	130	233
0	1024	1280	16	222	244
256	1024	1280	16	222	247
512	1024	1280	16	222	260
768	1024	1280	139	216	253
1024	1024	1280	206	209	255
1280	1024	1280	263	204	253
1536	1024	1280	315	198	251
1792	1024	1280	363	189	248
2048	1024	1280	411	180	245
2304	1024	1280	473	170	244
2560	1024	1280	570	163	255
2816	1024	1280	722	160	268
3072	1024	1280	856	140	268
3328	1024	1280	962	106	255
3584	1024	1280	1019	46	229
3840	1024	1280	1023	170	241
4095	1024	1280	1023	170	234
0	1280	1280	15	254	246
256	1280	1280	15	254	247
512	1280	1280	15	255	249
768	1280	1280	97	256	252
1024	1280	1280	186	254	251
1280	1280	1280	250	250	250
1536	1280	1280	302	244	247
1792	1280	1280	351	236	243
2048	1280	1280	402	230	243
2304	1280	1280	467	225	244
2560	1280	1280	577	229	261
2816	1280	1280	720	232	270
3072	1280	1280	843	219	263
3328	1280	1280	950	195	253
3584	1280	1280	1015	163	229
3840	1280	1280	1023	211	242
4095	1280	1280	1023	207	235
0	1536	1280	15	309	270
256	1536	1280	15	309	270
512	1536	1280	15	294	248
768	1536	1280	15	296	248
1024	1536	1280	160	294	245
1280	1536	1280	230	289	243
1536	1536	1280	286	284	241
1792	1536	1280	340	281	243
2048	1536	1280	395	278	242
2304	1536	1280	474	282	242
2560	1536	1280	589	293	262
2816	1536	1280	709	292	269
3072	1536	1280	823	277	261
3328	1536	1280	934	256	249
3584	1536	1280	1011	225	230
3840	1536	1280	1023	250	242
4095	1536	1280	1023	243	236
0	1792	1280	15	347	278
256	1792	1280	15	348	277
512	1792	1280	15	349	273
768	1792	1280	15	331	250
1024	1792	1280	119	332	240
1280	1792	1280	209	331	240
1536	1792	1280	274	330	241
1792	1792	1280	331	328	246
2048	1792	1280	400	336	242
2304	1792	1280	487	347	244
2560	1792	1280	586	352	256
2816	1792	1280	695	346	267
3072	1792	1280	802	330	259
3328	1792	1280	915	309	248
3584	1792	1280	1005	278	230
3840	1792	1280	1023	288	243
4095	1792	1280	1023	279	238
0	2048	1280	15	407	309
256	2048	1280	15	408	309
512	2048	1280	15	411	284
768	2048	1280	15	375	270
1024	2048	1280	15	383	242
1280	2048	1280	185	383	241
1536	2048	1280	267	389	251
1792	2048	1280	340	398	255
2048	2048	1280	411	405	265
2304	2048	1280	486	406	254
2560	2048	1280	576	405	265
2816	2048	1280	674	395	267
3072	2048	1280	777	378	257
3328	2048	1280	891	356	247
3584	2048	1280	996	329	230
3840	2048	1280	1023	327	243
4095	2048	1280	1023	314	239
0	2304	1280	16	485	332
256	2304	1280	16	486	331
512	2304	1280	16	488	327
768	2304	1280	16	493	318
1024	2304	1280	16	457	279
1280	2304	1280	153	465	257
1536	2304	1280	259	469	262
1792	2304	1280	335	468	263
2048	2304	1280	402	465	264
2304	2304	1280	472	463	264
2560	2304	1280	554	455	265
2816	2304	1280	648	443	264
3072	2304	1280	748	425	258
3328	2304	1280	865	405	243
3584	2304	1280	985	381	232
3840	2304	1280	1023	368	242
4095	2304	1280	1023	351	239
0	2560	1280	16	553	348
256	2560	1280	16	554	346
512	2560	1280	16	556	339
768	2560	1280	16	560	325
1024	2560	1280	16	531	292
1280	2560	1280	16	539	262
1536	2560	1280	226	538	262
1792	2560	1280	312	534	261
2048	2560	1280	380	527	258
2304	2560	1280	446	520	256
2560	2560	1280	524	511	252
2816	2560	1280	612	496	258
3072	2560	1280	714	478	253
3328	2560	1280	835	462	240
3584	2560	1280	971	441	232
3840	2560	1280	1023	418	240
4095	2560	1280	1023	394	241
0	2816	1280	15	609	354
256	2816	1280	15	610	352
512	2816	1280	16	612	344
768	2816	1280	15	615	328
1024	2816	1280	15	620	303
1280	2816	1280	16	597	264
1536	2816	1280	170	599	250
1792	2816	1280	274	594	249
2048	2816	1280	348	587	246
2304	2816	1280	413	579	245
2560	2816	1280	486	568	243
2816	2816	1280	571	554	238
3072	2816	1280	678	541	245
3328	2816	1280	805	528	240
3584	2816	1280	952	514	230
3840	2816	1280	1023	478	235
4095	2816	1280	1023	447	241
0	3072	1280	15	672	339
256	3072	1280	15	672	337
512	3072	1280	15	675	331
768	3072	1280	15	679	329
1024	3072	1280	15	686	308
1280	3072	1280	15	651	272
1536	3072	1280	36	663	237
1792	3072	1280	228	657	236
2048	3072	1280	310	651	235
2304	3072	1280	377	646	234
2560	3072	1280	450	639	234
2816	3072	1280	536	631	233
3072	3072	1280	643	620	230
3328	3072	1280	771	609	234
3584	3072	1280	923	598	232
3840	3072	1280	1023	552	223
4095	3072	1280	1023	508	239
0	3328	1280	15	756	345
256	3328	1280	15	757	343
512	3328	1280	15	760	337
768	3328	1280	14	766	326
1024	3328	1280	15	774	315
1280	3328	1280	14	786	288
1536	3328	1280	15	740	246
1792	3328	1280	175	747	227
2048	3328	1280	275	742	227
2304	3328	1280	349	736	227
2560	3328	1280	419	730	226
2816	3328	1280	503	722	226
3072	3328	1280	605	714	225
3328	3328	1280	732	704	221
3584	3328	1280	867	679	226
3840	3328	1280	1009	647	222
4095	3328	1280	1023	581	230
0	3584	1280	14	844	348
256	3584	1280	14	844	346
512	3584	1280	14	847	339
768	3584	1280	14	851	325
1024	3584	1280	14	858	304
1280	3584	1280	14	866	293
1536	3584	1280	14	830	255
1792	3584	1280	63	842	216
2048	3584	1280	234	839	217
2304	3584	1280	314	835	216
2560	3584	1280	384	828	216
2816	3584	1280	463	819	215
3072	3584	1280	559	808	213
3328	3584	1280	670	791	210
3584	3584	1280	805	770	209
3840	3584	1280	972	757	213
4095	3584	1280	1023	668	192
0	3840	1280	14	940	339
256	3840	1280	14	941	338
512	3840	1280	14	945	336
768	3840	1280	14	952	327
1024	3840	1280	14	963	313
1280	3840	1280	14	977	295
1536	3840	1280	14	996	267
1792	3840	1280	14	933	224
2048	3840	1280	176	941	205
2304	3840	1280	272	935	205
2560	3840	1280	343	928	204
2816	3840	1280	418	921	204
3072	3840	1280	511	915	205
3328	3840	1280	626	908	205
3584	3840	1280	764	900	206
3840	3840	1280	935	891	206
4095	3840	1280	991	781	180
0	4095	1280	14	1022	343
256	4095	1280	14	1021	341
512	4095	1280	14	1021	336
768	4095	1280	14	1022	330
1024	4095	1280	14	1021	315
1280	4095	1280	14	1023	296
1536	4095	1280	14	1021	271
1792	4095	1280	14	1022	238
2048	4095	1280	14	1021	192
2304	4095	1280	208	987	180
2560	4095	1280	294	982	180
2816	4095	1280	450	1023	262
3072	4095	1280	532	1023	258
3328	4095	1280	636	1023	258
3584	4095	1280	763	1023	257
3840	4095	1280	912	1023	247
4095	4095	1280	948	910	174
0	0	1536	20	54	363
256	0	1536	44	20	374
512	0	1536	150	19	364
768	0	1536	213	19	346
1024	0	1536	260	18	330
1280	0	1536	299	17	313
1536	0	1536	330	16	297
1792	0	1536	362	15	290
2048	0	1536	404	15	289
2304	0	1536	452	15	287
2560	0	1536	510	15	286
2816	0	1536	611	15	300
3072	0	1536	753	16	321
3328	0	1536	875	16	323
3584	0	1536	969	15	310
3840	0	1536	1018	14	281
4095	0	1536	1023	14	265
0	256	1536	20	92	353
256	256	1536	20	83	367
512	256	1536	120	42	392
768	256	1536	207	19	361
1024	256	1536	260	18	339
1280	256	1536	301	17	318
1536	256	1536	331	16	300
1792	256	1536	365	15	292
2048	256	1536	407	15	290
2304	256	1536	456	15	287
2560	256	1536	514	15	286
2816	256	1536	619	15	301
3072	256	1536	761	16	321
3328	256	1536	881	16	322
3584	256	1536	974	15	309
3840	256	1536	1019	14	280
4095	256	1536	1023	20	263
0	512	1536	19	150	323
256	512	1536	19	147	337
512	512	1536	94	133	370
768	512	1536	188	123	354
1024	512	1536	249	108	337
1280	512	1536	294	90	316
1536	512	1536	334	65	302
1792	512	1536	375	15	298
2048	512	1536	420	15	294
2304	512	1536	468	15	288
2560	512	1536	529	15	287
2816	512	1536	646	15	305
3072	512	1536	792	16	323
3328	512	1536	903	16	316
3584	512	1536	987	15	296
3840	512	1536	1023	64	274
4095	512	1536	1023	86	264
0	768	1536	17	190	290
256	768	1536	17	190	300
512	768	1536	17	186	311
768	768	1536	162	178	332
1024	768	1536	225	166	315
1280	768	1536	274	153	303
1536	768	1536	322	142	298
1792	768	1536	370	131	295
2048	768	1536	420	116	290
2304	768	1536	479	95	287
2560	768	1536	569	65	293
2816	768	1536	705	16	311
3072	768	1536	835	16	319
3328	768	1536	933	16	308
3584	768	1536	1000	14	285
3840	768	1536	1023	123	274
4095	768	1536	1023	130	264
0	1024	1536	16	221	274
256	1024	1536	16	221	278
512	1024	1536	16	220	298
768	1024	1536	129	215	297
1024	1024	1536	201	208	300
1280	1024	1536	260	202	297
1536	1024	1536	312	196	295
1792	1024	1536	361	189	291
2048	1024	1536	410	179	286
2304	1024	1536	471	169	286
2560	1024	1536	567	162	300
2816	1024	1536	722	159	316
3072	1024	1536	854	139	315
3328	1024	1536	960	104	300
3584	1024	1536	1018	40	267
3840	1024	1536	1023	169	275
4095	1024	1536	1023	169	265
0	1280	1536	15	253	275
256	1280	1536	15	254	277
512	1280	1536	15	254	284
768	1280	1536	83	255	291
1024	1280	1536	182	253	288
1280	1280	1536	246	249	293
1536	1280	1536	299	243	289
1792	1280	1536	348	236	285
2048	1280	1536	400	230	285
2304	1280	1536	466	225	285
2560	1280	1536	576	228	308
2816	1280	1536	719	231	317
3072	1280	1536	840	217	313
3328	1280	1536	948	195	298
3584	1280	1536	1015	162	268
3840	1280	1536	1023	210	275
4095	1280	1536	1023	206	266
0	1536	1536	15	292	282
256	1536	1536	15	292	282
512	1536	1536	15	293	285
768	1536	1536	15	295	289
1024	1536	1536	154	292	288
1280	1536	1536	226	288	285
1536	1536	1536	283	283	283
1792	1536	1536	338	281	284
2048	1536	1536	393	277	284
2304	1536	1536	473	283	297
2560	1536	1536	587	294	316
2816	1536	1536	707	292	318
3072	1536	1536	821	276	307
3328	1536	1536	932	256	293
3584	1536	1536	1010	225	269
3840	1536	1536	1023	249	276
4095	1536	1536	1023	242	267
0	1792	1536	15	346	306
256	1792	1536	15	347	306
512	1792	1536	15	327	287
768	1792	1536	15	329	286
1024	1792	1536	110	332	282
1280	1792	1536	206	331	283
1536	1792	1536	272	330	283
1792	1792	1536	329	327	292
2048	1792	1536	400	337	284
2304	1792	1536	486	347	286
2560	1792	1536	584	351	303
2816	1792	1536	693	346	316
3072	1792	1536	800	329	305
3328	1792	1536	912	308	291
3584	1792	1536	1003	278	270
3840	1792	1536	1023	288	277
4095	1792	1536	1023	278	269
0	2048	1536	15	407	323
256	2048	1536	15	407	323
512	2048	1536	15	410	322
768	2048	1536	15	374	311
1024	2048	1536	15	382	284
1280	2048	1536	181	383	286
1536	2048	1536	265	390	297
1792	2048	1536	339	398	304
2048	2048	1536	409	405	313
2304	2048	1536	484	407	302
2560	2048	1536	573	404	313
2816	2048	1536	670	394	315
3072	2048	1536	776	378	302
3328	2048	1536	889	356	290
3584	2048	1536	995	329	270
3840	2048	1536	1023	326	277
4095	2048	1536	1023	314	270
0	2304	1536	16	484	367
256	2304	1536	16	485	367
512	2304	1536	16	488	353
768	2304	1536	16	492	347
1024	2304	1536	16	457	324
1280	2304	1536	146	465	306
1536	2304	1536	255	469	311
1792	2304	1536	333	467	312
2048	2304	1536	400	465	313
2304	2304	1536	470	462	313
2560	2304	1536	551	455	314
2816	2304	1536	645	442	314
3072	2304	1536	745	424	306
3328	2304	1536	862	405	287
3584	2304	1536	983	381	272
3840	2304	1536	1023	367	276
4095	2304	1536	1023	351	271
0	2560	1536	16	552	376
256	2560	1536	16	553	375
512	2560	1536	16	555	370
768	2560	1536	16	559	361
1024	2560	1536	16	531	333
1280	2560	1536	16	539	314
1536	2560	1536	222	539	312
1792	2560	1536	309	534	310
2048	2560	1536	379	526	307
2304	2560	1536	444	519	305
2560	2560	1536	521	510	300
2816	2560	1536	610	496	306
3072	2560	1536	711	478	301
3328	2560	1536	833	462	291
3584	2560	1536	969	441	273
3840	2560	1536	1023	417	274
4095	2560	1536	1023	393	271
0	2816	1536	16	608	378
256	2816	1536	15	609	376
512	2816	1536	15	611	370
768	2816	1536	15	614	359
1024	2816	1536	15	619	340
1280	2816	1536	16	596	307
1536	2816	1536	164	599	300
1792	2816	1536	271	594	298
2048	2816	1536	346	586	296
2304	2816	1536	411	577	292
2560	2816	1536	483	568	290
2816	2816	1536	569	554	284
3072	2816	1536	675	541	290
3328	2816	1536	802	528	284
3584	2816	1536	951	515	273
3840	2816	1536	1023	478	270
4095	2816	1536	1023	446	271
0	3072	1536	15	671	375
256	3072	1536	15	671	374
512	3072	1536	15	674	369
768	3072	1536	15	678	359
1024	3072	1536	15	685	343
1280	3072	1536	15	650	312
1536	3072	1536	15	662	285
1792	3072	1536	224	657	282
2048	3072	1536	308	650	281
2304	3072	1536	376	645	280
2560	3072	1536	448	639	279
2816	3072	1536	534	630	278
3072	3072	1536	640	620	275
3328	3072	1536	769	609	278
3584	3072	1536	920	597	276
3840	3072	1536	1023	551	259
4095	3072	1536	1023	507	269
0	3328	1536	15	754	372
256	3328	1536	15	756	371
512	3328	1536	14	758	366
768	3328	1536	14	764	363
1024	3328	1536	15	773	348
1280	3328	1536	15	784	327
1536	3328	1536	14	739	288
1792	3328	1536	170	746	273
2048	3328	1536	273	742	272
2304	3328	1536	347	736	272
2560	3328	1536	417	729	271
2816	3328	1536	501	721	271
3072	3328	1536	603	714	269
3328	3328	1536	731	704	265
3584	3328	1536	865	678	270
3840	3328	1536	1007	647	265
4095	3328	1536	1023	580	260
0	3584	1536	14	843	371
256	3584	1536	14	843	369
512	3584	1536	14	845	363
768	3584	1536	14	850	351
1024	3584	1536	14	856	354
1280	3584	1536	14	865	328
1536	3584	1536	14	829	293
1792	3584	1536	31	842	262
2048	3584	1536	231	838	262
2304	3584	1536	312	835	262
2560	3584	1536	382	827	261
2816	3584	1536	461	819	259
3072	3584	1536	556	807	257
3328	3584	1536	668	790	252
3584	3584	1536	803	769	250
3840	3584	1536	969	756	256
4095	3584	1536	1023	670	235
0	3840	1536	14	938	370
256	3840	1536	14	939	369
512	3840	1536	13	943	365
768	3840	1536	14	950	357
1024	3840	1536	13	961	344
1280	3840	1536	14	975	329
1536	3840	1536	14	994	305
1792	3840	1536	13	932	264
2048	3840	1536	172	941	248
2304	3840	1536	270	934	247
2560	3840	1536	342	927	246
2816	3840	1536	417	921	246
3072	3840	1536	509	915	247
3328	3840	1536	623	907	247
3584	3840	1536	762	899	247
3840	3840	1536	933	890	248
4095	3840	1536	992	783	224
0	4095	1536	13	1021	373
256	4095	1536	14	1022	372
512	4095	1536	14	1022	368
768	4095	1536	13	1021	359
1024	4095	1536	14	1022	345
1280	4095	1536	14	1020	330
1536	4095	1536	14	1021	306
1792	4095	1536	28	1023	275
2048	4095	1536	14	1022	237
2304	4095	1536	206	987	224
2560	4095	1536	373	1023	296
2816	4095	1536	442	1023	294
3072	4095	1536	528	1023	294
3328	4095	1536	628	1023	290
3584	4095	1536	753	1023	288
3840	4095	1536	907	1023	284
4095	4095	1536	949	912	219
0	0	1792	20	53	410
256	0	1792	23	20	421
512	0	1792	144	19	416
768	0	1792	206	18	389
1024	0	1792	254	18	371
1280	0	1792	294	17	352
1536	0	1792	325	16	335
1792	0	1792	360	15	328
2048	0	1792	402	15	327
2304	0	1792	450	15	323
2560	0	1792	509	15	322
2816	0	1792	610	15	340
3072	0	1792	751	16	361
3328	0	1792	873	16	363
3584	0	1792	967	15	348
3840	0	1792	1017	14	315
4095	0	1792	1023	17	297
0	256	1792	19	93	393
256	256	1792	19	85	406
512	256	1792	95	19	444
768	256	1792	197	18	421
1024	256	1792	253	17	381
1280	256	1792	295	17	358
1536	256	1792	327	16	338
1792	256	1792	362	15	331
2048	256	1792	406	15	329
2304	256	1792	454	15	324
2560	256	1792	513	15	323
2816	256	1792	618	15	340
3072	256	1792	759	16	362
3328	256	1792	879	16	362
3584	256	1792	971	15	347
3840	256	1792	1018	14	314
4095	256	1792	1022	14	304
0	512	1792	18	147	361
256	512	1792	18	144	373
512	512	1792	52	129	419
768	512	1792	177	119	402
1024	512	1792	241	104	381
1280	512	1792	288	86	359
1536	512	1792	330	58	351
1792	512	1792	372	15	341
2048	512	1792	417	15	336
2304	512	1792	465	15	328
2560	512	1792	527	15	326
2816	512	1792	645	16	347
3072	512	1792	789	16	366
3328	512	1792	899	16	361
3584	512	1792	986	15	337
3840	512	1792	1023	56	308
4095	512	1792	1023	82	296
0	768	1792	17	189	323
256	768	1792	17	188	334
512	768	1792	17	184	375
768	768	1792	151	174	376
1024	768	1792	217	162	361
1280	768	1792	269	151	346
1536	768	1792	319	141	341
1792	768	1792	368	129	338
2048	768	1792	417	114	333
2304	768	1792	475	93	328
2560	768	1792	566	60	334
2816	768	1792	702	16	356
3072	768	1792	831	16	364
3328	768	1792	930	15	352
3584	768	1792	999	14	326
3840	768	1792	1023	120	308
4095	768	1792	1023	127	296
0	1024	1792	16	219	306
256	1024	1792	16	219	311
512	1024	1792	16	218	333
768	1024	1792	117	212	341
1024	1024	1792	196	207	343
1280	1024	1792	256	202	341
1536	1024	1792	310	195	338
1792	1024	1792	358	188	334
2048	1024	1792	407	178	328
2304	1024	1792	469	168	328
2560	1024	1792	563	160	346
2816	1024	1792	720	158	363
3072	1024	1792	851	137	361
3328	1024	1792	958	102	344
3584	1024	1792	1017	30	308
3840	1024	1792	1023	167	309
4095	1024	1792	1023	168	297
0	1280	1792	15	253	305
256	1280	1792	15	253	307
512	1280	1792	15	254	319
768	1280	1792	59	255	334
1024	1280	1792	176	252	331
1280	1280	1792	242	247	337
1536	1280	1792	296	242	332
1792	1280	1792	346	235	328
2048	1280	1792	398	230	327
2304	1280	1792	464	224	328
2560	1280	1792	574	229	355
2816	1280	1792	715	230	365
3072	1280	1792	836	216	360
3328	1280	1792	946	194	342
3584	1280	1792	1014	162	308
3840	1280	1792	1023	209	310
4095	1280	1792	1023	206	298
0	1536	1792	15	291	308
256	1536	1792	15	291	309
512	1536	1792	15	292	315
768	1536	1792	15	293	327
1024	1536	1792	146	292	326
1280	1536	1792	222	288	326
1536	1536	1792	280	283	326
1792	1536	1792	337	281	327
2048	1536	1792	392	277	327
2304	1536	1792	471	283	342
2560	1536	1792	584	293	362
2816	1536	1792	704	291	365
3072	1536	1792	817	275	353
3328	1536	1792	929	255	337
3584	1536	1792	1009	225	311
3840	1536	1792	1023	248	310
4095	1536	1792	1023	242	300
0	1792	1792	15	346	336
256	1792	1792	15	346	336
512	1792	1792	15	326	317
768	1792	1792	15	329	321
1024	1792	1792	97	331	325
1280	1792	1792	202	331	326
1536	1792	1792	269	329	326
1792	1792	1792	326	326	326
2048	1792	1792	399	338	342
2304	1792	1792	483	347	357
2560	1792	1792	582	351	364
2816	1792	1792	690	346	362
3072	1792	1792	797	329	350
3328	1792	1792	909	308	335
3584	1792	1792	1002	278	311
3840	1792	1792	1023	287	311
4095	1792	1792	1023	278	301
0	2048	1792	15	407	361
256	2048	1792	15	407	361
512	2048	1792	15	410	361
768	2048	1792	15	373	354
1024	2048	1792	15	381	326
1280	2048	1792	175	383	330
1536	2048	1792	262	391	343
1792	2048	1792	337	399	352
2048	2048	1792	408	406	361
2304	2048	1792	481	406	350
2560	2048	1792	571	403	362
2816	2048	1792	668	394	363
3072	2048	1792	772	377	348
3328	2048	1792	885	356	332
3584	2048	1792	993	329	313
3840	2048	1792	1023	326	311
4095	2048	1792	1023	314	302
0	2304	1792	16	484	391
256	2304	1792	16	485	391
512	2304	1792	16	488	390
768	2304	1792	16	450	372
1024	2304	1792	16	457	368
1280	2304	1792	136	466	355
1536	2304	1792	251	469	359
1792	2304	1792	330	467	361
2048	2304	1792	398	464	362
2304	2304	1792	468	463	360
2560	2304	1792	548	454	362
2816	2304	1792	642	442	361
3072	2304	1792	742	423	353
3328	2304	1792	859	404	331
3584	2304	1792	982	381	313
3840	2304	1792	1023	366	311
4095	2304	1792	1023	351	303
0	2560	1792	16	552	403
256	2560	1792	16	552	402
512	2560	1792	16	554	410
768	2560	1792	16	558	404
1024	2560	1792	16	530	371
1280	2560	1792	16	538	363
1536	2560	1792	217	538	360
1792	2560	1792	306	532	359
2048	2560	1792	376	526	356
2304	2560	1792	442	519	353
2560	2560	1792	518	510	346
2816	2560	1792	607	496	354
3072	2560	1792	708	477	347
3328	2560	1792	831	462	335
3584	2560	1792	967	442	315
3840	2560	1792	1023	416	309
4095	2560	1792	1023	393	304
0	2816	1792	15	607	402
256	2816	1792	16	608	401
512	2816	1792	15	610	396
768	2816	1792	15	613	387
1024	2816	1792	15	618	395
1280	2816	1792	16	594	349
1536	2816	1792	156	598	348
1792	2816	1792	267	592	345
2048	2816	1792	344	585	344
2304	2816	1792	409	576	339
2560	2816	1792	481	567	335
2816	2816	1792	566	553	328
3072	2816	1792	673	541	336
3328	2816	1792	800	528	329
3584	2816	1792	950	515	315
3840	2816	1792	1023	477	306
4095	2816	1792	1023	445	303
0	3072	1792	15	669	403
256	3072	1792	15	670	402
512	3072	1792	15	672	398
768	3072	1792	15	677	390
1024	3072	1792	15	684	376
1280	3072	1792	15	648	349
1536	3072	1792	15	661	332
1792	3072	1792	220	656	327
2048	3072	1792	305	650	326
2304	3072	1792	373	645	324
2560	3072	1792	446	639	324
2816	3072	1792	531	630	322
3072	3072	1792	638	620	318
3328	3072	1792	766	609	322
3584	3072	1792	916	596	319
3840	3072	1792	1023	550	297
4095	3072	1792	1023	506	302
0	3328	1792	15	754	407
256	3328	1792	15	754	406
512	3328	1792	15	758	402
768	3328	1792	14	763	395
1024	3328	1792	15	772	383
1280	3328	1792	14	783	365
1536	3328	1792	14	738	330
1792	3328	1792	164	746	317
2048	3328	1792	270	741	316
2304	3328	1792	344	736	316
2560	3328	1792	414	729	315
2816	3328	1792	498	721	314
3072	3328	1792	601	714	313
3328	3328	1792	726	702	308
3584	3328	1792	863	678	313
3840	3328	1792	1005	647	309
4095	3328	1792	1023	579	294
0	3584	1792	14	842	395
256	3584	1792	14	843	393
512	3584	1792	14	845	387
768	3584	1792	14	849	401
1024	3584	1792	14	855	385
1280	3584	1792	14	863	361
1536	3584	1792	14	828	330
1792	3584	1792	14	841	308
2048	3584	1792	227	837	306
2304	3584	1792	310	834	306
2560	3584	1792	380	827	305
2816	3584	1792	459	819	302
3072	3584	1792	554	806	300
3328	3584	1792	666	790	297
3584	3584	1792	799	768	291
3840	3584	1792	967	756	298
4095	3584	1792	1023	670	271
0	3840	1792	14	937	403
256	3840	1792	13	938	401
512	3840	1792	13	941	397
768	3840	1792	14	948	389
1024	3840	1792	14	959	379
1280	3840	1792	14	974	364
1536	3840	1792	14	992	342
1792	3840	1792	14	930	304
2048	3840	1792	167	941	289
2304	3840	1792	268	934	288
2560	3840	1792	340	926	287
2816	3840	1792	415	920	288
3072	3840	1792	507	914	288
3328	3840	1792	621	907	288
3584	3840	1792	759	899	288
3840	3840	1792	929	890	289
4095	3840	1792	994	785	264
0	4095	1792	14	1022	407
256	4095	1792	14	1023	404
512	4095	1792	14	1021	400
768	4095	1792	13	1022	391
1024	4095	1792	14	1021	379
1280	4095	1792	14	1021	362
1536	4095	1792	14	1022	340
1792	4095	1792	13	1021	314
2048	4095	1792	14	1021	279
2304	4095	1792	204	988	265
2560	4095	1792	370	1023	330
2816	4095	1792	435	1023	326
3072	4095	1792	520	1023	326
3328	4095	1792	623	1023	325
3584	4095	1792	745	1023	320
3840	4095	1792	900	1023	320
4095	4095	1792	950	914	260
0	0	2048	19	60	454
256	0	2048	19	36	463
512	0	2048	135	19	456
768	0	2048	199	18	429
1024	0	2048	248	17	410
1280	0	2048	289	16	389
1536	0	2048	321	15	371
1792	0	2048	358	15	365
2048	0	2048	401	15	364
2304	0	2048	448	15	359
2560	0	2048	507	15	358
2816	0	2048	610	15	378
3072	0	2048	750	16	402
3328	0	2048	871	16	401
3584	0	2048	964	15	384
3840	0	2048	1016	14	349
4095	0	2048	1022	14	335
0	256	2048	19	94	427
256	256	2048	19	87	440
512	256	2048	74	19	496
768	256	2048	187	18	458
1024	256	2048	246	17	420
1280	256	2048	288	16	395
1536	256	2048	323	15	376
1792	256	2048	360	15	368
2048	256	2048	404	15	366
2304	256	2048	451	15	361
2560	256	2048	511	15	359
2816	256	2048	618	15	379
3072	256	2048	759	16	403
3328	256	2048	876	16	402
3584	256	2048	968	15	383
3840	256	2048	1018	14	348
4095	256	2048	1023	14	335
0	512	2048	18	145	395
256	512	2048	18	142	406
512	512	2048	18	128	483
768	512	2048	163	114	448
1024	512	2048	233	99	425
1280	512	2048	281	80	400
1536	512	2048	325	48	393
1792	512	2048	368	15	381
2048	512	2048	414	15	376
2304	512	2048	462	15	367
2560	512	2048	525	15	364
2816	512	2048	645	15	383
3072	512	2048	787	16	405
3328	512	2048	896	16	401
3584	512	2048	983	15	380
3840	512	2048	1023	46	342
4095	512	2048	1023	78	327
0	768	2048	17	187	355
256	768	2048	17	186	365
512	768	2048	17	181	404
768	768	2048	137	170	419
1024	768	2048	210	159	402
1280	768	2048	264	148	388
1536	768	2048	315	139	384
1792	768	2048	364	127	380
2048	768	2048	415	112	374
2304	768	2048	472	89	369
2560	768	2048	562	52	376
2816	768	2048	699	16	401
3072	768	2048	828	16	409
3328	768	2048	926	16	394
3584	768	2048	997	15	365
3840	768	2048	1023	118	342
4095	768	2048	1023	125	328
0	1024	2048	15	218	339
256	1024	2048	15	217	345
512	1024	2048	15	215	366
768	1024	2048	99	210	392
1024	1024	2048	189	205	387
1280	1024	2048	252	200	384
1536	1024	2048	306	194	380
1792	1024	2048	355	186	375
2048	1024	2048	404	176	370
2304	1024	2048	466	167	370
2560	1024	2048	558	158	390
2816	1024	2048	717	156	410
3072	1024	2048	848	135	407
3328	1024	2048	954	99	388
3584	1024	2048	1016	14	347
3840	1024	2048	1023	165	343
4095	1024	2048	1023	166	328
0	1280	2048	15	253	337
256	1280	2048	15	254	340
512	1280	2048	15	254	353
768	1280	2048	15	254	380
1024	1280	2048	168	251	373
1280	1280	2048	237	247	378
1536	1280	2048	292	241	374
1792	1280	2048	343	234	369
2048	1280	2048	396	229	369
2304	1280	2048	463	224	372
2560	1280	2048	574	228	401
2816	1280	2048	712	229	412
3072	1280	2048	833	215	406
3328	1280	2048	942	193	385
3584	1280	2048	1013	161	349
3840	1280	2048	1023	208	344
4095	1280	2048	1023	205	330
0	1536	2048	15	290	335
256	1536	2048	15	290	338
512	1536	2048	15	291	346
768	1536	2048	15	293	363
1024	1536	2048	136	290	368
1280	1536	2048	217	287	368
1536	1536	2048	277	282	368
1792	1536	2048	334	280	369
2048	1536	2048	391	277	371
2304	1536	2048	471	283	388
2560	1536	2048	582	292	409
2816	1536	2048	702	291	413
3072	1536	2048	814	275	398
3328	1536	2048	926	255	380
3584	1536	2048	1008	225	351
3840	1536	2048	1023	247	345
4095	1536	2048	1023	241	331
0	1792	2048	15	324	346
256	1792	2048	15	325	348
512	1792	2048	15	326	348
768	1792	2048	15	328	356
1024	1792	2048	78	331	368
1280	1792	2048	196	331	376
1536	1792	2048	265	329	388
1792	1792	2048	327	329	372
2048	1792	2048	398	338	387
2304	1792	2048	481	347	403
2560	1792	2048	579	350	410
2816	1792	2048	686	345	409
3072	1792	2048	794	329	396
3328	1792	2048	905	307	378
3584	1792	2048	1000	278	352
3840	1792	2048	1023	286	346
4095	1792	2048	1023	277	332
0	2048	2048	15	407	403
256	2048	2048	15	408	403
512	2048	2048	15	368	365
768	2048	2048	15	372	366
1024	2048	2048	15	379	367
1280	2048	2048	168	384	375
1536	2048	2048	258	392	390
1792	2048	2048	335	400	398
2048	2048	2048	407	407	411
2304	2048	2048	478	406	409
2560	2048	2048	567	403	410
2816	2048	2048	663	393	404
3072	2048	2048	769	377	391
3328	2048	2048	881	356	375
3584	2048	2048	991	330	354
3840	2048	2048	1023	325	346
4095	2048	2048	1023	314	334
0	2304	2048	16	485	429
256	2304	2048	16	486	429
512	2304	2048	16	488	429
768	2304	2048	16	451	399
1024	2304	2048	16	458	399
1280	2304	2048	123	466	403
1536	2304	2048	246	469	407
1792	2304	2048	326	467	408
2048	2304	2048	396	465	410
2304	2304	2048	465	463	407
2560	2304	2048	546	453	409
2816	2304	2048	638	442	408
3072	2304	2048	738	423	399
3328	2304	2048	856	404	373
3584	2304	2048	979	382	357
3840	2304	2048	1023	366	346
4095	2304	2048	1023	351	335
0	2560	2048	16	551	444
256	2560	2048	16	552	444
512	2560	2048	16	553	443
768	2560	2048	16	557	440
1024	2560	2048	16	529	408
1280	2560	2048	16	537	411
1536	2560	2048	210	538	409
1792	2560	2048	302	532	406
2048	2560	2048	373	525	402
2304	2560	2048	439	518	400
2560	2560	2048	515	508	391
2816	2560	2048	604	495	401
3072	2560	2048	705	477	392
3328	2560	2048	828	461	379
3584	2560	2048	966	442	356
3840	2560	2048	1023	416	345
4095	2560	2048	1023	437	373
0	2816	2048	15	606	427
256	2816	2048	16	607	449
512	2816	2048	16	609	446
768	2816	2048	15	612	441
1024	2816	2048	15	617	432
1280	2816	2048	16	593	388
1536	2816	2048	146	597	394
1792	2816	2048	263	592	391
2048	2816	2048	340	584	389
2304	2816	2048	405	576	383
2560	2816	2048	478	566	380
2816	2816	2048	563	553	371
3072	2816	2048	670	540	380
3328	2816	2048	797	528	372
3584	2816	2048	947	515	366
3840	2816	2048	1023	476	342
4095	2816	2048	1023	492	379
0	3072	2048	15	668	433
256	3072	2048	15	669	432
512	3072	2048	15	671	429
768	3072	2048	15	676	422
1024	3072	2048	15	683	426
1280	3072	2048	15	647	386
1536	3072	2048	15	659	376
1792	3072	2048	215	655	371
2048	3072	2048	301	650	369
2304	3072	2048	371	644	369
2560	3072	2048	443	637	366
2816	3072	2048	529	630	366
3072	3072	2048	635	620	361
3328	3072	2048	763	608	366
3584	3072	2048	913	596	362
3840	3072	2048	1023	549	334
4095	3072	2048	1023	560	388
0	3328	2048	15	752	442
256	3328	2048	15	753	441
512	3328	2048	15	756	437
768	3328	2048	15	762	431
1024	3328	2048	15	770	420
1280	3328	2048	14	782	411
1536	3328	2048	14	736	370
1792	3328	2048	156	746	360
2048	3328	2048	267	740	360
2304	3328	2048	342	734	359
2560	3328	2048	411	729	358
2816	3328	2048	496	720	357
3072	3328	2048	598	713	356
3328	3328	2048	723	701	350
3584	3328	2048	859	678	356
3840	3328	2048	1002	647	350
4095	3328	2048	1023	642	398
0	3584	2048	14	841	449
256	3584	2048	14	842	447
512	3584	2048	14	844	442
768	3584	2048	14	848	434
1024	3584	2048	14	854	419
1280	3584	2048	14	862	397
1536	3584	2048	14	827	368
1792	3584	2048	14	840	353
2048	3584	2048	223	837	349
2304	3584	2048	307	834	349
2560	3584	2048	378	827	348
2816	3584	2048	456	817	344
3072	3584	2048	552	805	342
3328	3584	2048	663	789	338
3584	3584	2048	796	767	330
3840	3584	2048	963	755	339
4095	3584	2048	1023	737	410
0	3840	2048	14	935	438
256	3840	2048	14	936	437
512	3840	2048	14	940	433
768	3840	2048	14	947	429
1024	3840	2048	14	958	419
1280	3840	2048	13	971	403
1536	3840	2048	14	990	382
1792	3840	2048	14	928	344
2048	3840	2048	161	940	329
2304	3840	2048	264	933	328
2560	3840	2048	337	926	328
2816	3840	2048	413	920	328
3072	3840	2048	504	913	328
3328	3840	2048	618	906	328
3584	3840	2048	756	898	329
3840	3840	2048	925	889	329
4095	3840	2048	994	787	305
0	4095	2048	14	1021	443
256	4095	2048	14	1022	442
512	4095	2048	21	1023	437
768	4095	2048	14	1021	429
1024	4095	2048	14	1021	417
1280	4095	2048	13	1021	399
1536	4095	2048	13	1022	379
1792	4095	2048	14	1022	352
2048	4095	2048	14	1021	321
2304	4095	2048	200	987	306
2560	4095	2048	367	1023	366
2816	4095	2048	432	1023	363
3072	4095	2048	514	1023	361
3328	4095	2048	616	1023	359
3584	4095	2048	740	1023	357
3840	4095	2048	892	1023	353
4095	4095	2048	958	923	303
0	0	2304	19	65	491
256	0	2304	19	47	499
512	0	2304	124	18	492
768	0	2304	192	18	474
1024	0	2304	243	17	449
1280	0	2304	282	16	425
1536	0	2304	317	15	409
1792	0	2304	355	15	404
2048	0	2304	399	15	403
2304	0	2304	446	15	397
2560	0	2304	505	15	397
2816	0	2304	610	15	420
3072	0	2304	749	16	445
3328	0	2304	868	16	444
3584	0	2304	962	15	425
3840	0	2304	1015	14	388
4095	0	2304	1023	22	362
0	256	2304	19	95	486
256	256	2304	19	88	470
512	256	2304	33	18	528
768	256	2304	176	18	496
1024	256	2304	239	17	459
1280	256	2304	281	16	433
1536	256	2304	318	15	415
1792	256	2304	357	15	409
2048	256	2304	402	15	406
2304	256	2304	449	15	400
2560	256	2304	509	15	398
2816	256	2304	618	15	423
3072	256	2304	757	16	446
3328	256	2304	874	16	444
3584	256	2304	966	15	426
3840	256	2304	1017	14	385
4095	256	2304	1023	14	367
0	512	2304	18	143	453
256	512	2304	18	141	435
512	512	2304	18	127	509
768	512	2304	145	108	496
1024	512	2304	221	93	469
1280	512	2304	273	74	446
1536	512	2304	319	34	440
1792	512	2304	364	15	428
2048	512	2304	410	15	419
2304	512	2304	459	15	409
2560	512	2304	523	15	405
2816	512	2304	645	15	429
3072	512	2304	783	16	451
3328	512	2304	893	16	447
3584	512	2304	981	15	427
3840	512	2304	1023	24	378
4095	512	2304	1023	75	360
0	768	2304	17	184	418
256	768	2304	17	183	394
512	768	2304	17	178	432
768	768	2304	118	166	466
1024	768	2304	200	155	448
1280	768	2304	257	146	436
1536	768	2304	311	136	433
1792	768	2304	361	125	428
2048	768	2304	411	109	425
2304	768	2304	468	85	417
2560	768	2304	558	40	423
2816	768	2304	695	16	451
3072	768	2304	823	16	458
3328	768	2304	923	16	441
3584	768	2304	995	15	410
3840	768	2304	1023	114	379
4095	768	2304	1023	124	361
0	1024	2304	15	216	384
256	1024	2304	15	215	390
512	1024	2304	15	213	401
768	1024	2304	72	207	438
1024	1024	2304	180	204	435
1280	1024	2304	246	198	432
1536	1024	2304	302	192	428
1792	1024	2304	351	184	422
2048	1024	2304	401	175	417
2304	1024	2304	464	165	417
2560	1024	2304	556	157	425
2816	1024	2304	714	154	462
3072	1024	2304	843	132	458
3328	1024	2304	951	95	437
3584	1024	2304	1014	14	392
3840	1024	2304	1023	163	380
4095	1024	2304	1023	166	362
0	1280	2304	15	254	375
256	1280	2304	15	254	378
512	1280	2304	15	254	387
768	1280	2304	15	253	421
1024	1280	2304	158	250	430
1280	1280	2304	231	245	425
1536	1280	2304	288	239	419
1792	1280	2304	340	233	416
2048	1280	2304	393	228	416
2304	1280	2304	461	224	423
2560	1280	2304	571	228	454
2816	1280	2304	707	228	463
3072	1280	2304	828	214	457
3328	1280	2304	938	191	435
3584	1280	2304	1011	160	393
3840	1280	2304	1023	207	381
4095	1280	2304	1023	204	363
0	1536	2304	15	290	372
256	1536	2304	15	290	367
512	1536	2304	15	291	378
768	1536	2304	15	291	401
1024	1536	2304	123	289	414
1280	1536	2304	211	285	415
1536	1536	2304	274	282	415
1792	1536	2304	331	279	416
2048	1536	2304	389	278	419
2304	1536	2304	470	284	439
2560	1536	2304	579	292	459
2816	1536	2304	699	290	464
3072	1536	2304	809	274	448
3328	1536	2304	922	254	428
3584	1536	2304	1006	225	397
3840	1536	2304	1023	246	383
4095	1536	2304	1023	240	364
0	1792	2304	15	324	374
256	1792	2304	15	325	376
512	1792	2304	15	326	382
768	1792	2304	15	328	393
1024	1792	2304	32	330	415
1280	1792	2304	189	330	427
1536	1792	2304	261	328	439
1792	1792	2304	326	331	422
2048	1792	2304	396	339	438
2304	1792	2304	479	347	454
2560	1792	2304	576	350	462
2816	1792	2304	682	344	459
3072	1792	2304	790	328	445
3328	1792	2304	900	307	426
3584	1792	2304	999	278	396
3840	1792	2304	1023	285	384
4095	1792	2304	1023	277	366
0	2048	2304	15	407	413
256	2048	2304	15	366	385
512	2048	2304	15	368	389
768	2048	2304	15	372	410
1024	2048	2304	15	378	413
1280	2048	2304	160	386	456
1536	2048	2304	254	393	459
1792	2048	2304	333	401	460
2048	2048	2304	404	407	457
2304	2048	2304	475	405	461
2560	2048	2304	563	402	461
2816	2048	2304	659	392	455
3072	2048	2304	765	376	440
3328	2048	2304	877	355	422
3584	2048	2304	989	330	399
3840	2048	2304	1023	324	385
4095	2048	2304	1023	313	368
0	2304	2304	16	486	469
256	2304	2304	16	486	470
512	2304	2304	16	488	472
768	2304	2304	16	453	442
1024	2304	2304	16	459	446
1280	2304	2304	103	467	453
1536	2304	2304	240	468	458
1792	2304	2304	322	466	460
2048	2304	2304	393	464	461
2304	2304	2304	462	462	451
2560	2304	2304	541	452	456
2816	2304	2304	634	441	448
3072	2304	2304	735	423	434
3328	2304	2304	851	404	419
3584	2304	2304	978	382	403
3840	2304	2304	1023	365	386
4095	2304	2304	1023	389	405
0	2560	2304	16	551	479
256	2560	2304	16	551	479
512	2560	2304	16	553	480
768	2560	2304	16	556	482
1024	2560	2304	16	529	459
1280	2560	2304	16	536	460
1536	2560	2304	202	536	460
1792	2560	2304	297	531	457
2048	2560	2304	369	524	453
2304	2560	2304	435	517	450
2560	2560	2304	512	508	441
2816	2560	2304	600	494	451
3072	2560	2304	701	477	442
3328	2560	2304	823	460	428
3584	2560	2304	963	443	401
3840	2560	2304	1023	415	385
4095	2560	2304	1023	437	411
0	2816	2304	15	606	482
256	2816	2304	16	606	481
512	2816	2304	16	608	481
768	2816	2304	15	611	479
1024	2816	2304	16	585	437
1280	2816	2304	16	592	431
1536	2816	2304	132	596	445
1792	2816	2304	257	590	442
2048	2816	2304	336	583	439
2304	2816	2304	402	575	432
2560	2816	2304	474	566	429
2816	2816	2304	559	552	418
3072	2816	2304	667	540	429
3328	2816	2304	793	527	419
3584	2816	2304	943	515	413
3840	2816	2304	1023	475	382
4095	2816	2304	1023	493	417
0	3072	2304	15	667	480
256	3072	2304	15	667	480
512	3072	2304	15	670	478
768	3072	2304	15	674	475
1024	3072	2304	15	680	469
1280	3072	2304	15	645	427
1536	3072	2304	15	657	425
1792	3072	2304	208	654	418
2048	3072	2304	298	648	417
2304	3072	2304	367	643	416
2560	3072	2304	440	637	414
2816	3072	2304	526	628	412
3072	3072	2304	631	619	407
3328	3072	2304	759	608	412
3584	3072	2304	909	595	408
3840	3072	2304	1022	549	399
4095	3072	2304	1023	560	425
0	3328	2304	14	751	478
256	3328	2304	15	752	477
512	3328	2304	15	755	475
768	3328	2304	14	760	470
1024	3328	2304	15	768	462
1280	3328	2304	15	780	459
1536	3328	2304	14	734	415
1792	3328	2304	146	744	407
2048	3328	2304	262	739	407
2304	3328	2304	339	734	406
2560	3328	2304	408	728	405
2816	3328	2304	493	720	404
3072	3328	2304	595	713	403
3328	3328	2304	719	701	395
3584	3328	2304	855	678	403
3840	3328	2304	998	647	395
4095	3328	2304	1023	642	434
0	3584	2304	14	840	480
256	3584	2304	14	841	479
512	3584	2304	14	843	475
768	3584	2304	14	847	467
1024	3584	2304	14	853	456
1280	3584	2304	14	861	437
1536	3584	2304	14	826	408
1792	3584	2304	14	838	401
2048	3584	2304	217	837	396
2304	3584	2304	304	832	395
2560	3584	2304	375	826	393
2816	3584	2304	453	817	389
3072	3584	2304	548	805	386
3328	3584	2304	660	788	381
3584	3584	2304	792	767	373
3840	3584	2304	959	755	383
4095	3584	2304	1023	738	446
0	3840	2304	14	933	480
256	3840	2304	13	934	480
512	3840	2304	14	938	477
768	3840	2304	14	945	471
1024	3840	2304	14	956	462
1280	3840	2304	14	970	449
1536	3840	2304	14	988	429
1792	3840	2304	14	925	387
2048	3840	2304	153	939	372
2304	3840	2304	261	932	371
2560	3840	2304	335	925	370
2816	3840	2304	410	919	370
3072	3840	2304	501	913	371
3328	3840	2304	615	905	371
3584	3840	2304	752	897	371
3840	3840	2304	921	888	371
4095	3840	2304	1023	853	468
0	4095	2304	13	1021	484
256	4095	2304	14	1021	483
512	4095	2304	13	1022	479
768	4095	2304	14	1023	470
1024	4095	2304	14	1021	459
1280	4095	2304	18	1023	442
1536	4095	2304	14	1020	421
1792	4095	2304	14	1022	395
2048	4095	2304	14	1022	364
2304	4095	2304	314	1023	415
2560	4095	2304	367	1023	411
2816	4095	2304	428	1023	405
3072	4095	2304	507	1023	402
3328	4095	2304	609	1023	401
3584	4095	2304	733	1023	398
3840	4095	2304	885	1023	396
4095	4095	2304	957	924	343
0	0	2560	18	69	534
256	0	2560	18	54	540
512	0	2560	111	18	531
768	0	2560	183	17	515
1024	0	2560	236	17	489
1280	0	2560	275	16	465
1536	0	2560	312	15	452
1792	0	2560	353	15	449
2048	0	2560	397	15	447
2304	0	2560	444	15	441
2560	0	2560	503	15	441
2816	0	2560	610	15	470
3072	0	2560	748	16	497
3328	0	2560	866	16	495
3584	0	2560	959	15	475
3840	0	2560	1014	14	434
4095	0	2560	1023	14	406
0	256	2560	18	94	516
256	256	2560	18	88	526
512	256	2560	18	38	562
768	256	2560	165	17	539
1024	256	2560	230	17	513
1280	256	2560	273	16	475
1536	256	2560	312	15	460
1792	256	2560	355	15	456
2048	256	2560	399	15	451
2304	256	2560	446	15	445
2560	256	2560	507	15	445
2816	256	2560	618	15	473
3072	256	2560	755	16	499
3328	256	2560	871	16	496
3584	256	2560	963	15	475
3840	256	2560	1016	14	434
4095	256	2560	1023	14	400
0	512	2560	17	141	486
256	512	2560	17	138	497
512	512	2560	17	125	541
768	512	2560	121	100	549
1024	512	2560	207	86	522
1280	512	2560	263	64	498
1536	512	2560	312	15	495
1792	512	2560	360	15	481
2048	512	2560	406	15	469
2304	512	2560	455	15	458
2560	512	2560	520	15	455
2816	512	2560	644	15	484
3072	512	2560	780	16	506
3328	512	2560	889	16	500
3584	512	2560	977	15	478
3840	512	2560	1022	13	436
4095	512	2560	1023	70	399
0	768	2560	16	181	448
256	768	2560	16	180	457
512	768	2560	17	174	464
768	768	2560	89	160	519
1024	768	2560	188	151	502
1280	768	2560	250	142	496
1536	768	2560	306	133	490
1792	768	2560	357	121	485
2048	768	2560	406	105	482
2304	768	2560	465	81	474
2560	768	2560	552	15	483
2816	768	2560	692	16	514
3072	768	2560	819	16	510
3328	768	2560	919	16	485
3584	768	2560	993	15	440
3840	768	2560	1023	110	425
4095	768	2560	1023	121	400
0	1024	2560	16	214	419
256	1024	2560	15	214	424
512	1024	2560	15	212	441
768	1024	2560	15	206	492
1024	1024	2560	169	202	494
1280	1024	2560	239	197	490
1536	1024	2560	296	190	484
1792	1024	2560	347	182	478
2048	1024	2560	397	173	474
2304	1024	2560	461	164	475
2560	1024	2560	556	156	488
2816	1024	2560	710	152	526
3072	1024	2560	839	129	520
3328	1024	2560	947	90	497
3584	1024	2560	1012	14	448
3840	1024	2560	1023	161	427
4095	1024	2560	1023	164	401
0	1280	2560	15	254	411
256	1280	2560	15	253	416
512	1280	2560	15	253	425
768	1280	2560	15	251	466
1024	1280	2560	145	248	487
1280	1280	2560	224	243	482
1536	1280	2560	283	238	476
1792	1280	2560	336	232	473
2048	1280	2560	390	227	473
2304	1280	2560	460	224	485
2560	1280	2560	572	229	517
2816	1280	2560	703	227	528
3072	1280	2560	823	213	519
3328	1280	2560	933	190	494
3584	1280	2560	1009	159	449
3840	1280	2560	1023	205	428
4095	1280	2560	1023	203	402
0	1536	2560	15	289	406
256	1536	2560	15	289	410
512	1536	2560	15	289	415
768	1536	2560	15	290	444
1024	1536	2560	105	288	473
1280	1536	2560	203	284	472
1536	1536	2560	269	281	473
1792	1536	2560	327	278	473
2048	1536	2560	387	277	479
2304	1536	2560	469	284	502
2560	1536	2560	577	291	522
2816	1536	2560	693	289	528
3072	1536	2560	804	273	510
3328	1536	2560	916	253	487
3584	1536	2560	1004	225	453
3840	1536	2560	1023	245	430
4095	1536	2560	1023	240	404
0	1792	2560	15	325	413
256	1792	2560	15	325	416
512	1792	2560	15	326	419
768	1792	2560	15	328	437
1024	1792	2560	15	330	467
1280	1792	2560	180	330	490
1536	1792	2560	256	328	503
1792	1792	2560	325	333	484
2048	1792	2560	396	341	502
2304	1792	2560	477	348	518
2560	1792	2560	572	349	526
2816	1792	2560	676	343	522
3072	1792	2560	784	327	506
3328	1792	2560	896	306	484
3584	1792	2560	997	279	453
3840	1792	2560	1023	284	432
4095	1792	2560	1023	276	407
0	2048	2560	15	366	418
256	2048	2560	15	367	420
512	2048	2560	15	368	426
768	2048	2560	15	373	462
1024	2048	2560	15	379	470
1280	2048	2560	149	388	520
1536	2048	2560	249	396	522
1792	2048	2560	330	403	524
2048	2048	2560	401	406	521
2304	2048	2560	471	405	524
2560	2048	2560	559	402	525
2816	2048	2560	655	392	517
3072	2048	2560	759	375	500
3328	2048	2560	872	354	480
3584	2048	2560	987	330	456
3840	2048	2560	1023	323	434
4095	2048	2560	1023	313	409
0	2304	2560	16	487	509
256	2304	2560	16	488	510
512	2304	2560	16	450	461
768	2304	2560	16	455	490
1024	2304	2560	16	461	502
1280	2304	2560	70	469	526
1536	2304	2560	232	468	523
1792	2304	2560	317	465	520
2048	2304	2560	389	464	517
2304	2304	2560	458	461	525
2560	2304	2560	536	451	518
2816	2304	2560	629	440	508
3072	2304	2560	730	422	492
3328	2304	2560	846	403	477
3584	2304	2560	975	382	459
3840	2304	2560	1023	364	435
4095	2304	2560	1023	389	447
0	2560	2560	16	551	518
256	2560	2560	16	552	519
512	2560	2560	16	553	523
768	2560	2560	16	524	499
1024	2560	2560	16	529	509
1280	2560	2560	16	535	519
1536	2560	2560	192	535	523
1792	2560	2560	290	529	519
2048	2560	2560	365	523	514
2304	2560	2560	431	516	512
2560	2560	2560	507	507	487
2816	2560	2560	594	492	495
3072	2560	2560	696	475	482
3328	2560	2560	819	460	473
3584	2560	2560	961	443	462
3840	2560	2560	1023	414	435
4095	2560	2560	1023	437	454
0	2816	2560	16	605	517
256	2816	2560	16	605	517
512	2816	2560	15	607	519
768	2816	2560	15	609	521
1024	2816	2560	16	585	503
1280	2816	2560	16	590	506
1536	2816	2560	114	595	506
1792	2816	2560	250	588	502
2048	2816	2560	332	582	498
2304	2816	2560	398	574	491
2560	2816	2560	470	563	486
2816	2816	2560	554	550	476
3072	2816	2560	662	540	488
3328	2816	2560	788	527	476
3584	2816	2560	938	514	469
3840	2816	2560	1023	474	433
4095	2816	2560	1023	493	461
0	3072	2560	15	666	519
256	3072	2560	15	666	519
512	3072	2560	15	668	519
768	3072	2560	15	672	519
1024	3072	2560	15	678	517
1280	3072	2560	15	643	475
1536	3072	2560	15	654	482
1792	3072	2560	201	652	477
2048	3072	2560	293	647	474
2304	3072	2560	364	642	474
2560	3072	2560	436	636	471
2816	3072	2560	521	627	469
3072	3072	2560	626	618	463
3328	3072	2560	754	607	470
3584	3072	2560	903	595	465
3840	3072	2560	1020	549	453
4095	3072	2560	1023	560	469
0	3328	2560	15	751	528
256	3328	2560	14	752	528
512	3328	2560	15	754	527
768	3328	2560	15	760	524
1024	3328	2560	15	767	520
1280	3328	2560	15	718	478
1536	3328	2560	15	731	467
1792	3328	2560	133	743	463
2048	3328	2560	258	738	462
2304	3328	2560	335	733	461
2560	3328	2560	405	727	460
2816	3328	2560	489	719	459
3072	3328	2560	591	712	457
3328	3328	2560	715	701	449
3584	3328	2560	851	677	458
3840	3328	2560	995	647	449
4095	3328	2560	1023	642	478
0	3584	2560	14	839	513
256	3584	2560	14	840	512
512	3584	2560	14	841	510
768	3584	2560	14	845	504
1024	3584	2560	14	850	496
1280	3584	2560	14	858	516
1536	3584	2560	14	824	455
1792	3584	2560	14	837	458
2048	3584	2560	211	836	451
2304	3584	2560	301	832	450
2560	3584	2560	372	824	448
2816	3584	2560	449	815	443
3072	3584	2560	544	804	439
3328	3584	2560	656	788	435
3584	3584	2560	787	766	425
3840	3584	2560	954	754	436
4095	3584	2560	1023	739	487
0	3840	2560	14	932	526
256	3840	2560	14	934	525
512	3840	2560	14	937	523
768	3840	2560	14	944	518
1024	3840	2560	14	954	511
1280	3840	2560	14	967	500
1536	3840	2560	14	985	486
1792	3840	2560	14	923	439
2048	3840	2560	143	937	424
2304	3840	2560	257	932	423
2560	3840	2560	332	924	423
2816	3840	2560	407	918	422
3072	3840	2560	497	912	423
3328	3840	2560	611	904	423
3584	3840	2560	748	897	423
3840	3840	2560	916	888	423
4095	3840	2560	1023	855	505
0	4095	2560	21	1023	529
256	4095	2560	14	1021	529
512	4095	2560	14	1022	525
768	4095	2560	14	1022	518
1024	4095	2560	14	1020	505
1280	4095	2560	14	1022	491
1536	4095	2560	14	1022	471
1792	4095	2560	28	1023	445
2048	4095	2560	14	1022	414
2304	4095	2560	310	1023	464
2560	4095	2560	363	1023	461
2816	4095	2560	427	1023	458
3072	4095	2560	503	1023	453
3328	4095	2560	603	1023	450
3584	4095	2560	727	1023	448
3840	4095	2560	878	1023	445
4095	4095	2560	1023	984	544
0	0	2816	18	73	569
256	0	2816	18	61	577
512	0	2816	97	18	576
768	0	2816	173	17	560
1024	0	2816	226	16	533
1280	0	2816	267	15	511
1536	0	2816	307	15	502
1792	0	2816	350	15	501
2048	0	2816	393	15	498
2304	0	2816	441	15	493
2560	0	2816	502	15	494
2816	0	2816	612	15	528
3072	0	2816	749	16	559
3328	0	2816	863	16	554
3584	0	2816	957	15	531
3840	0	2816	1013	14	487
4095	0	2816	1023	25	446
0	256	2816	18	95	553
256	256	2816	18	89	562
512	256	2816	18	50	599
768	256	2816	153	17	584
1024	256	2816	218	16	556
1280	256	2816	264	15	523
1536	256	2816	307	15	513
1792	256	2816	352	15	509
2048	256	2816	395	15	504
2304	256	2816	443	15	498
2560	256	2816	505	15	499
2816	256	2816	619	15	534
3072	256	2816	756	16	562
3328	256	2816	868	16	556
3584	256	2816	961	15	532
3840	256	2816	1015	14	487
4095	256	2816	1023	14	449
0	512	2816	17	138	522
256	512	2816	17	136	533
512	512	2816	17	124	575
768	512	2816	84	91	605
1024	512	2816	190	76	580
1280	512	2816	250	51	573
1536	512	2816	306	15	556
1792	512	2816	355	15	541
2048	512	2816	400	15	527
2304	512	2816	451	15	516
2560	512	2816	517	15	513
2816	512	2816	646	16	551
3072	512	2816	778	16	573
3328	512	2816	884	16	562
3584	512	2816	975	15	536
3840	512	2816	1021	14	489
4095	512	2816	1023	66	444
0	768	2816	16	178	484
256	768	2816	16	177	494
512	768	2816	16	171	506
768	768	2816	16	154	577
1024	768	2816	174	146	568
1280	768	2816	242	139	563
1536	768	2816	299	130	559
1792	768	2816	351	118	551
2048	768	2816	400	100	547
2304	768	2816	461	75	543
2560	768	2816	543	15	548
2816	768	2816	692	16	595
3072	768	2816	815	16	579
3328	768	2816	912	16	549
3584	768	2816	991	14	500
3840	768	2816	1023	106	480
4095	768	2816	1023	120	445
0	1024	2816	15	213	462
256	1024	2816	15	213	469
512	1024	2816	15	210	488
768	1024	2816	15	204	557
1024	1024	2816	156	200	562
1280	1024	2816	231	194	557
1536	1024	2816	289	187	552
1792	1024	2816	341	179	545
2048	1024	2816	393	171	542
2304	1024	2816	457	162	544
2560	1024	2816	558	156	566
2816	1024	2816	706	149	604
3072	1024	2816	832	125	595
3328	1024	2816	941	85	567
3584	1024	2816	1009	14	515
3840	1024	2816	1023	159	481
4095	1024	2816	1023	163	447
0	1280	2816	15	253	454
256	1280	2816	15	253	459
512	1280	2816	15	252	480
768	1280	2816	15	250	516
1024	1280	2816	128	245	553
1280	1280	2816	214	241	547
1536	1280	2816	276	235	543
1792	1280	2816	331	230	541
2048	1280	2816	386	226	542
2304	1280	2816	459	224	560
2560	1280	2816	572	229	597
2816	1280	2816	698	225	605
3072	1280	2816	816	210	593
3328	1280	2816	928	188	564
3584	1280	2816	1007	158	515
3840	1280	2816	1023	203	483
4095	1280	2816	1023	202	449
0	1536	2816	15	289	448
256	1536	2816	15	289	452
512	1536	2816	15	289	467
768	1536	2816	15	288	494
1024	1536	2816	76	286	540
1280	1536	2816	194	282	541
1536	1536	2816	263	281	540
1792	1536	2816	323	278	541
2048	1536	2816	385	279	553
2304	1536	2816	470	286	581
2560	1536	2816	575	291	600
2816	1536	2816	688	288	604
3072	1536	2816	797	272	584
3328	1536	2816	911	251	556
3584	1536	2816	1002	224	520
3840	1536	2816	1023	243	485
4095	1536	2816	1023	239	451
0	1792	2816	15	326	450
256	1792	2816	15	326	453
512	1792	2816	15	327	463
768	1792	2816	15	328	492
1024	1792	2816	15	330	527
1280	1792	2816	170	329	568
1536	1792	2816	251	328	582
1792	1792	2816	325	337	562
2048	1792	2816	395	344	582
2304	1792	2816	475	349	598
2560	1792	2816	568	349	604
2816	1792	2816	671	341	598
3072	1792	2816	777	326	578
3328	1792	2816	888	305	553
3584	1792	2816	993	278	519
3840	1792	2816	1023	283	487
4095	1792	2816	1023	275	454
0	2048	2816	15	369	459
256	2048	2816	15	370	461
512	2048	2816	15	371	468
768	2048	2816	15	376	525
1024	2048	2816	15	383	540
1280	2048	2816	135	392	597
1536	2048	2816	246	399	600
1792	2048	2816	328	406	601
2048	2048	2816	398	406	598
2304	2048	2816	468	405	601
2560	2048	2816	554	401	602
2816	2048	2816	649	390	591
3072	2048	2816	752	374	572
3328	2048	2816	865	353	549
3584	2048	2816	984	331	523
3840	2048	2816	1023	322	490
4095	2048	2816	1023	312	457
0	2304	2816	16	488	566
256	2304	2816	16	489	568
512	2304	2816	16	453	521
768	2304	2816	16	457	545
1024	2304	2816	16	462	565
1280	2304	2816	16	468	595
1536	2304	2816	223	467	598
1792	2304	2816	312	465	595
2048	2304	2816	385	464	592
2304	2304	2816	452	458	600
2560	2304	2816	531	450	593
2816	2304	2816	623	439	582
3072	2304	2816	723	421	562
3328	2304	2816	841	402	546
3584	2304	2816	973	383	527
3840	2304	2816	1023	363	492
4095	2304	2816	1023	389	494
0	2560	2816	16	551	583
256	2560	2816	16	551	584
512	2560	2816	16	553	590
768	2560	2816	16	524	555
1024	2560	2816	16	528	564
1280	2560	2816	16	533	587
1536	2560	2816	178	533	579
1792	2560	2816	283	527	575
2048	2560	2816	360	520	569
2304	2560	2816	427	515	564
2560	2560	2816	502	505	579
2816	2560	2816	589	491	566
3072	2560	2816	691	474	552
3328	2560	2816	815	459	541
3584	2560	2816	958	444	531
3840	2560	2816	1023	413	493
4095	2560	2816	1023	437	502
0	2816	2816	15	604	555
256	2816	2816	15	604	557
512	2816	2816	15	605	561
768	2816	2816	15	608	568
1024	2816	2816	16	583	552
1280	2816	2816	16	588	564
1536	2816	2816	84	593	579
1792	2816	2816	243	587	575
2048	2816	2816	326	579	568
2304	2816	2816	393	571	561
2560	2816	2816	465	562	555
2816	2816	2816	548	548	537
3072	2816	2816	657	537	541
3328	2816	2816	784	526	535
3584	2816	2816	933	514	529
3840	2816	2816	1023	473	493
4095	2816	2816	1023	494	511
0	3072	2816	15	665	564
256	3072	2816	15	665	565
512	3072	2816	15	668	566
768	3072	2816	15	671	569
1024	3072	2816	15	677	573
1280	3072	2816	15	640	543
1536	3072	2816	15	650	546
1792	3072	2816	192	651	545
2048	3072	2816	289	646	543
2304	3072	2816	360	640	542
2560	3072	2816	432	634	539
2816	3072	2816	517	627	536
3072	3072	2816	621	617	531
3328	3072	2816	748	606	536
3584	3072	2816	897	593	532
3840	3072	2816	1016	550	519
4095	3072	2816	1023	561	520
0	3328	2816	15	751	577
256	3328	2816	15	751	577
512	3328	2816	15	754	577
768	3328	2816	14	759	578
1024	3328	2816	15	767	577
1280	3328	2816	15	717	531
1536	3328	2816	14	730	527
1792	3328	2816	116	742	531
2048	3328	2816	252	737	529
2304	3328	2816	331	731	529
2560	3328	2816	402	725	529
2816	3328	2816	485	718	526
3072	3328	2816	586	711	525
3328	3328	2816	711	700	513
3584	3328	2816	844	676	525
3840	3328	2816	989	647	514
4095	3328	2816	1023	643	529
0	3584	2816	14	839	588
256	3584	2816	14	840	588
512	3584	2816	14	842	587
768	3584	2816	14	845	585
1024	3584	2816	14	850	580
1280	3584	2816	14	857	574
1536	3584	2816	14	822	508
1792	3584	2816	14	833	524
2048	3584	2816	204	835	517
2304	3584	2816	296	830	515
2560	3584	2816	368	823	512
2816	3584	2816	445	815	510
3072	3584	2816	540	803	503
3328	3584	2816	651	786	497
3584	3584	2816	781	765	487
3840	3584	2816	949	754	498
4095	3584	2816	1023	741	540
0	3840	2816	14	932	576
256	3840	2816	14	933	575
512	3840	2816	14	937	574
768	3840	2816	14	943	571
1024	3840	2816	14	953	565
1280	3840	2816	14	966	560
1536	3840	2816	14	983	549
1792	3840	2816	14	918	499
2048	3840	2816	131	936	486
2304	3840	2816	252	929	484
2560	3840	2816	329	923	484
2816	3840	2816	403	918	484
3072	3840	2816	493	911	485
3328	3840	2816	606	904	485
3584	3840	2816	743	895	485
3840	3840	2816	911	887	485
4095	3840	2816	1023	856	550
0	4095	2816	24	1023	580
256	4095	2816	14	1021	578
512	4095	2816	14	1022	575
768	4095	2816	14	1022	568
1024	4095	2816	14	1023	558
1280	4095	2816	14	1023	545
1536	4095	2816	14	1023	527
1792	4095	2816	14	1020	502
2048	4095	2816	14	1022	474
2304	4095	2816	311	1023	523
2560	4095	2816	360	1023	518
2816	4095	2816	423	1023	516
3072	4095	2816	501	1023	513
3328	4095	2816	597	1023	509
3584	4095	2816	720	1023	506
3840	4095	2816	872	1023	503
4095	4095	2816	1023	991	579
0	0	3072	16	77	654
256	0	3072	17	66	618
512	0	3072	80	17	628
768	0	3072	161	16	611
1024	0	3072	215	16	592
1280	0	3072	258	15	562
1536	0	3072	304	15	561
1792	0	3072	348	15	559
2048	0	3072	390	15	556
2304	0	3072	437	15	552
2560	0	3072	501	15	557
2816	0	3072	614	16	598
3072	0	3072	749	16	631
3328	0	3072	859	16	623
3584	0	3072	953	15	598
3840	0	3072	1012	14	548
4095	0	3072	1023	14	500
0	256	3072	16	97	653
256	256	3072	17	89	600
512	256	3072	17	58	638
768	256	3072	139	16	629
1024	256	3072	206	16	604
1280	256	3072	255	15	581
1536	256	3072	303	15	575
1792	256	3072	348	15	570
2048	256	3072	391	15	564
2304	256	3072	439	15	559
2560	256	3072	505	15	564
2816	256	3072	621	16	606
3072	256	3072	755	16	635
3328	256	3072	863	16	626
3584	256	3072	957	15	599
3840	256	3072	1013	14	549
4095	256	3072	1023	14	499
0	512	3072	16	139	624
256	512	3072	16	132	568
512	512	3072	16	121	608
768	512	3072	16	84	660
1024	512	3072	171	65	654
1280	512	3072	240	30	653
1536	512	3072	299	15	631
1792	512	3072	349	15	611
2048	512	3072	394	15	594
2304	512	3072	447	15	585
2560	512	3072	518	15	588
2816	512	3072	646	16	630
3072	512	3072	774	16	650
3328	512	3072	878	16	635
3584	512	3072	970	15	605
3840	512	3072	1020	14	552
4095	512	3072	1023	58	496
0	768	3072	16	174	529
256	768	3072	16	173	537
512	768	3072	15	166	566
768	768	3072	15	152	646
1024	768	3072	158	142	650
1280	768	3072	233	135	647
1536	768	3072	292	125	638
1792	768	3072	344	113	630
2048	768	3072	394	94	628
2304	768	3072	457	67	626
2560	768	3072	544	15	637
2816	768	3072	688	16	682
3072	768	3072	806	16	661
3328	768	3072	904	15	626
3584	768	3072	987	14	572
3840	768	3072	1023	102	543
4095	768	3072	1023	116	497
0	1024	3072	15	212	513
256	1024	3072	15	212	521
512	1024	3072	15	209	548
768	1024	3072	15	204	611
1024	1024	3072	139	196	644
1280	1024	3072	221	191	637
1536	1024	3072	281	184	630
1792	1024	3072	335	176	625
2048	1024	3072	388	169	625
2304	1024	3072	455	160	639
2560	1024	3072	564	156	665
2816	1024	3072	700	146	697
3072	1024	3072	823	120	683
3328	1024	3072	933	78	654
3584	1024	3072	1006	14	594
3840	1024	3072	1023	156	545
4095	1024	3072	1023	161	499
0	1280	3072	15	252	502
256	1280	3072	15	252	509
512	1280	3072	15	251	533
768	1280	3072	15	248	572
1024	1280	3072	106	242	633
1280	1280	3072	204	237	627
1536	1280	3072	269	233	625
1792	1280	3072	327	229	625
2048	1280	3072	385	226	630
2304	1280	3072	462	225	658
2560	1280	3072	573	229	691
2816	1280	3072	693	225	699
3072	1280	3072	807	209	683
3328	1280	3072	919	186	650
3584	1280	3072	1004	156	595
3840	1280	3072	1023	201	548
4095	1280	3072	1023	201	502
0	1536	3072	15	288	496
256	1536	3072	15	288	501
512	1536	3072	15	287	518
768	1536	3072	15	286	552
1024	1536	3072	15	283	619
1280	1536	3072	184	282	624
1536	1536	3072	258	280	624
1792	1536	3072	320	279	627
2048	1536	3072	388	283	652
2304	1536	3072	471	289	680
2560	1536	3072	572	291	695
2816	1536	3072	683	287	693
3072	1536	3072	791	270	672
3328	1536	3072	902	249	645
3584	1536	3072	998	223	602
3840	1536	3072	1023	242	550
4095	1536	3072	1023	238	505
0	1792	3072	15	326	505
256	1792	3072	15	327	508
512	1792	3072	15	327	519
768	1792	3072	15	328	560
1024	1792	3072	15	329	602
1280	1792	3072	157	329	666
1536	1792	3072	249	335	640
1792	1792	3072	325	342	662
2048	1792	3072	397	349	682
2304	1792	3072	473	350	693
2560	1792	3072	564	348	697
2816	1792	3072	663	340	687
3072	1792	3072	770	324	665
3328	1792	3072	880	303	636
3584	1792	3072	990	279	600
3840	1792	3072	1023	282	554
4095	1792	3072	1023	275	508
0	2048	3072	15	374	512
256	2048	3072	15	374	514
512	2048	3072	15	376	544
768	2048	3072	15	381	598
1024	2048	3072	15	389	623
1280	2048	3072	115	397	690
1536	2048	3072	240	404	694
1792	2048	3072	323	408	696
2048	2048	3072	393	406	691
2304	2048	3072	464	405	695
2560	2048	3072	548	400	693
2816	2048	3072	643	389	681
3072	2048	3072	744	371	658
3328	2048	3072	858	352	633
3584	2048	3072	981	330	605
3840	2048	3072	1023	321	558
4095	2048	3072	1023	311	512
0	2304	3072	16	452	543
256	2304	3072	16	453	544
512	2304	3072	16	455	548
768	2304	3072	16	458	607
1024	2304	3072	16	462	636
1280	2304	3072	16	467	680
1536	2304	3072	212	466	688
1792	2304	3072	306	465	685
2048	2304	3072	380	463	680
2304	2304	3072	447	456	690
2560	2304	3072	525	448	683
2816	2304	3072	616	436	669
3072	2304	3072	716	418	648
3328	2304	3072	834	401	631
3584	2304	3072	969	383	609
3840	2304	3072	1023	362	561
4095	2304	3072	1023	389	550
0	2560	3072	16	548	639
256	2560	3072	16	549	641
512	2560	3072	16	550	649
768	2560	3072	16	523	616
1024	2560	3072	16	526	626
1280	2560	3072	16	529	661
1536	2560	3072	163	530	666
1792	2560	3072	275	524	661
2048	2560	3072	353	519	655
2304	2560	3072	421	512	649
2560	2560	3072	496	503	668
2816	2560	3072	581	488	653
3072	2560	3072	684	473	637
3328	2560	3072	807	458	624
3584	2560	3072	953	444	612
3840	2560	3072	1023	411	564
4095	2560	3072	1023	437	558
0	2816	3072	15	602	638
256	2816	3072	15	602	640
512	2816	3072	15	603	646
768	2816	3072	15	605	658
1024	2816	3072	16	581	607
1280	2816	3072	15	584	632
1536	2816	3072	16	589	632
1792	2816	3072	233	583	630
2048	2816	3072	319	576	628
2304	2816	3072	387	569	627
2560	2816	3072	460	559	624
2816	2816	3072	543	547	634
3072	2816	3072	650	536	625
3328	2816	3072	776	525	618
3584	2816	3072	926	513	610
3840	2816	3072	1023	471	565
4095	2816	3072	1023	494	567
0	3072	3072	15	665	616
256	3072	3072	15	665	617
512	3072	3072	15	667	620
768	3072	3072	15	671	627
1024	3072	3072	15	631	623
1280	3072	3072	15	638	608
1536	3072	3072	15	647	622
1792	3072	3072	180	649	628
2048	3072	3072	282	644	626
2304	3072	3072	356	640	625
2560	3072	3072	427	633	621
2816	3072	3072	512	625	618
3072	3072	3072	615	615	606
3328	3072	3072	743	604	610
3584	3072	3072	890	591	602
3840	3072	3072	1013	551	569
4095	3072	3072	1023	562	578
0	3328	3072	15	751	632
256	3328	3072	15	752	632
512	3328	3072	15	754	634
768	3328	3072	15	759	637
1024	3328	3072	15	766	642
1280	3328	3072	14	716	603
1536	3328	3072	14	728	609
1792	3328	3072	91	740	613
2048	3328	3072	245	736	611
2304	3328	3072	326	730	609
2560	3328	3072	397	723	609
2816	3328	3072	480	717	606
3072	3328	3072	582	710	604
3328	3328	3072	705	700	592
3584	3328	3072	838	675	604
3840	3328	3072	984	647	594
4095	3328	3072	1023	644	590
0	3584	3072	14	839	634
256	3584	3072	14	840	634
512	3584	3072	14	841	635
768	3584	3072	14	845	636
1024	3584	3072	14	850	637
1280	3584	3072	14	856	637
1536	3584	3072	14	821	568
1792	3584	3072	14	832	602
2048	3584	3072	196	834	597
2304	3584	3072	291	828	595
2560	3584	3072	364	822	591
2816	3584	3072	441	813	589
3072	3584	3072	534	802	580
3328	3584	3072	645	785	573
3584	3584	3072	774	763	561
3840	3584	3072	943	753	574
4095	3584	3072	1023	742	601
0	3840	3072	14	933	636
256	3840	3072	14	934	636
512	3840	3072	14	937	635
768	3840	3072	14	943	635
1024	3840	3072	14	953	632
1280	3840	3072	14	965	629
1536	3840	3072	13	896	578
1792	3840	3072	14	916	569
2048	3840	3072	116	934	559
2304	3840	3072	246	928	558
2560	3840	3072	325	923	558
2816	3840	3072	399	916	558
3072	3840	3072	489	910	558
3328	3840	3072	601	903	558
3584	3840	3072	738	894	559
3840	3840	3072	904	885	559
4095	3840	3072	1023	859	610
0	4095	3072	13	1021	637
256	4095	3072	14	1022	637
512	4095	3072	14	1022	635
768	4095	3072	13	1022	629
1024	4095	3072	14	1022	621
1280	4095	3072	14	1021	608
1536	4095	3072	14	1021	592
1792	4095	3072	14	1021	569
2048	4095	3072	251	1023	590
2304	4095	3072	307	1023	589
2560	4095	3072	360	1023	587
2816	4095	3072	420	1023	584
3072	4095	3072	497	1023	582
3328	4095	3072	594	1023	580
3584	4095	3072	715	1023	576
3840	4095	3072	866	1023	573
4095	4095	3072	1023	998	628
0	0	3328	16	78	708
256	0	3328	15	70	720
512	0	3328	54	16	678
768	0	3328	149	16	658
1024	0	3328	204	15	642
1280	0	3328	253	15	632
1536	0	3328	299	15	631
1792	0	3328	344	15	626
2048	0	3328	385	15	620
2304	0	3328	434	15	622
2560	0	3328	504	15	636
2816	0	3328	617	16	681
3072	0	3328	747	16	713
3328	0	3328	853	16	703
3584	0	3328	948	15	675
3840	0	3328	1010	14	621
4095	0	3328	1023	26	559
0	256	3328	16	96	706
256	256	3328	15	91	718
512	256	3328	16	64	683
768	256	3328	125	15	682
1024	256	3328	195	15	663
1280	256	3328	249	15	654
1536	256	3328	298	15	648
1792	256	3328	344	15	641
2048	256	3328	385	15	633
2304	256	3328	436	15	631
2560	256	3328	507	15	646
2816	256	3328	624	16	691
3072	256	3328	751	16	719
3328	256	3328	857	16	706
3584	256	3328	952	15	677
3840	256	3328	1012	14	622
4095	256	3328	1022	14	573
0	512	3328	15	137	688
256	512	3328	15	135	700
512	512	3328	16	118	647
768	512	3328	15	86	726
1024	512	3328	152	49	754
1280	512	3328	231	15	741
1536	512	3328	292	15	717
1792	512	3328	341	15	689
2048	512	3328	387	15	673
2304	512	3328	443	15	665
2560	512	3328	523	15	682
2816	512	3328	646	16	723
3072	512	3328	768	16	738
3328	512	3328	870	16	718
3584	512	3328	965	15	686
3840	512	3328	1019	13	626
4095	512	3328	1023	51	557
0	768	3328	15	182	669
256	768	3328	15	181	681
512	768	3328	15	165	626
768	768	3328	15	152	704
1024	768	3328	139	137	747
1280	768	3328	221	130	739
1536	768	3328	282	120	730
1792	768	3328	335	107	728
2048	768	3328	388	88	724
2304	768	3328	454	57	726
2560	768	3328	554	16	754
2816	768	3328	683	16	773
3072	768	3328	796	16	754
3328	768	3328	895	15	717
3584	768	3328	984	14	658
3840	768	3328	1023	95	620
4095	768	3328	1023	114	559
0	1024	3328	15	225	647
256	1024	3328	15	211	579
512	1024	3328	15	209	610
768	1024	3328	15	202	676
1024	1024	3328	115	192	737
1280	1024	3328	209	187	729
1536	1024	3328	272	181	724
1792	1024	3328	328	174	724
2048	1024	3328	385	167	728
2304	1024	3328	458	160	758
2560	1024	3328	571	156	784
2816	1024	3328	695	142	808
3072	1024	3328	812	115	794
3328	1024	3328	925	69	754
3584	1024	3328	1002	14	690
3840	1024	3328	1023	152	622
4095	1024	3328	1023	159	561
0	1280	3328	15	252	557
256	1280	3328	15	251	565
512	1280	3328	15	249	593
768	1280	3328	15	246	638
1024	1280	3328	67	238	726
1280	1280	3328	192	235	722
1536	1280	3328	262	232	723
1792	1280	3328	323	228	726
2048	1280	3328	384	226	743
2304	1280	3328	466	228	781
2560	1280	3328	573	229	804
2816	1280	3328	687	224	806
3072	1280	3328	797	206	787
3328	1280	3328	910	183	750
3584	1280	3328	1001	154	692
3840	1280	3328	1023	199	626
4095	1280	3328	1023	200	563
0	1536	3328	15	287	553
256	1536	3328	15	287	559
512	1536	3328	15	286	580
768	1536	3328	15	285	621
1024	1536	3328	15	283	701
1280	1536	3328	172	281	723
1536	1536	3328	252	280	729
1792	1536	3328	323	285	750
2048	1536	3328	392	289	776
2304	1536	3328	474	292	799
2560	1536	3328	569	291	807
2816	1536	3328	673	283	800
3072	1536	3328	781	268	773
3328	1536	3328	891	248	747
3584	1536	3328	994	223	699
3840	1536	3328	1023	240	630
4095	1536	3328	1023	237	567
0	1792	3328	15	327	572
256	1792	3328	15	327	577
512	1792	3328	15	328	591
768	1792	3328	15	328	613
1024	1792	3328	15	331	696
1280	1792	3328	144	337	790
1536	1792	3328	246	344	765
1792	1792	3328	327	350	785
2048	1792	3328	398	352	799
2304	1792	3328	470	350	804
2560	1792	3328	558	347	806
2816	1792	3328	655	337	793
3072	1792	3328	759	321	769
3328	1792	3328	871	302	736
3584	1792	3328	987	278	696
3840	1792	3328	1023	280	635
4095	1792	3328	1023	273	571
0	2048	3328	15	381	579
256	2048	3328	15	381	582
512	2048	3328	15	384	625
768	2048	3328	15	389	644
1024	2048	3328	16	396	717
1280	2048	3328	80	405	803
1536	2048	3328	234	409	806
1792	2048	3328	318	408	801
2048	2048	3328	390	406	804
2304	2048	3328	459	405	808
2560	2048	3328	540	397	798
2816	2048	3328	633	386	784
3072	2048	3328	734	369	759
3328	2048	3328	848	350	733
3584	2048	3328	976	331	701
3840	2048	3328	1023	320	640
4095	2048	3328	1023	310	577
0	2304	3328	16	454	621
256	2304	3328	16	454	622
512	2304	3328	16	456	630
768	2304	3328	16	459	676
1024	2304	3328	16	462	715
1280	2304	3328	16	467	777
1536	2304	3328	200	467	793
1792	2304	3328	299	465	789
2048	2304	3328	374	460	784
2304	2304	3328	440	453	796
2560	2304	3328	516	445	787
2816	2304	3328	606	433	773
3072	2304	3328	706	416	749
3328	2304	3328	827	399	730
3584	2304	3328	964	384	707
3840	2304	3328	1023	361	646
4095	2304	3328	1023	389	615
0	2560	3328	16	546	702
256	2560	3328	16	546	705
512	2560	3328	16	519	667
768	2560	3328	16	520	683
1024	2560	3328	16	523	695
1280	2560	3328	16	526	745
1536	2560	3328	142	526	767
1792	2560	3328	266	521	760
2048	2560	3328	346	515	755
2304	2560	3328	415	508	748
2560	2560	3328	487	498	768
2816	2560	3328	572	486	753
3072	2560	3328	675	470	736
3328	2560	3328	800	457	723
3584	2560	3328	947	444	712
3840	2560	3328	1023	410	651
4095	2560	3328	1023	437	625
0	2816	3328	15	599	696
256	2816	3328	15	600	699
512	2816	3328	15	601	708
768	2816	3328	16	574	678
1024	2816	3328	16	577	670
1280	2816	3328	15	580	707
1536	2816	3328	16	584	758
1792	2816	3328	223	579	730
2048	2816	3328	311	572	726
2304	2816	3328	380	565	726
2560	2816	3328	453	555	722
2816	2816	3328	538	545	732
3072	2816	3328	643	535	725
3328	2816	3328	769	524	715
3584	2816	3328	919	512	709
3840	2816	3328	1023	470	656
4095	2816	3328	1023	493	635
0	3072	3328	15	664	696
256	3072	3328	15	664	697
512	3072	3328	14	666	702
768	3072	3328	15	669	713
1024	3072	3328	15	630	685
1280	3072	3328	15	636	682
1536	3072	3328	15	644	710
1792	3072	3328	167	647	710
2048	3072	3328	275	642	710
2304	3072	3328	350	637	708
2560	3072	3328	421	630	707
2816	3072	3328	506	623	706
3072	3072	3328	610	615	712
3328	3072	3328	736	604	708
3584	3072	3328	883	589	698
3840	3072	3328	1009	551	662
4095	3072	3328	1023	562	646
0	3328	3328	15	751	704
256	3328	3328	15	752	705
512	3328	3328	14	754	709
768	3328	3328	15	758	705
1024	3328	3328	15	765	714
1280	3328	3328	15	714	675
1536	3328	3328	15	725	690
1792	3328	3328	29	739	708
2048	3328	3328	236	733	707
2304	3328	3328	321	728	707
2560	3328	3328	393	722	706
2816	3328	3328	475	715	704
3072	3328	3328	576	709	703
3328	3328	3328	700	700	664
3584	3328	3328	830	673	679
3840	3328	3328	978	646	658
4095	3328	3328	1023	645	660
0	3584	3328	14	839	685
256	3584	3328	14	839	685
512	3584	3328	14	840	688
768	3584	3328	14	843	693
1024	3584	3328	14	848	699
1280	3584	3328	14	854	708
1536	3584	3328	14	820	681
1792	3584	3328	14	830	690
2048	3584	3328	185	831	693
2304	3584	3328	285	825	689
2560	3584	3328	358	818	684
2816	3584	3328	435	810	682
3072	3584	3328	528	798	672
3328	3584	3328	639	783	663
3584	3584	3328	767	761	651
3840	3584	3328	936	752	664
4095	3584	3328	1023	744	674
0	3840	3328	14	932	703
256	3840	3328	14	934	703
512	3840	3328	14	937	704
768	3840	3328	14	942	705
1024	3840	3328	14	952	706
1280	3840	3328	13	964	708
1536	3840	3328	14	894	653
1792	3840	3328	14	913	652
2048	3840	3328	94	931	648
2304	3840	3328	240	926	647
2560	3840	3328	321	921	648
2816	3840	3328	395	915	648
3072	3840	3328	484	909	648
3328	3840	3328	596	902	649
3584	3840	3328	732	893	649
3840	3840	3328	898	884	649
4095	3840	3328	1023	861	684
0	4095	3328	14	1022	702
256	4095	3328	13	1023	702
512	4095	3328	14	1023	700
768	4095	3328	14	1023	696
1024	4095	3328	14	1023	689
1280	4095	3328	28	1023	680
1536	4095	3328	14	1023	667
1792	4095	3328	13	1022	650
2048	4095	3328	246	1023	665
2304	4095	3328	303	1023	665
2560	4095	3328	356	1023	665
2816	4095	3328	418	1023	665
3072	4095	3328	495	1023	665
3328	4095	3328	589	1023	663
3584	4095	3328	709	1023	661
3840	4095	3328	859	1023	659
4095	4095	3328	1023	1005	694
0	0	3584	15	80	784
256	0	3584	15	74	798
512	0	3584	16	25	729
768	0	3584	138	15	723
1024	0	3584	197	15	717
1280	0	3584	248	15	715
1536	0	3584	295	15	708
1792	0	3584	338	15	702
2048	0	3584	380	15	700
2304	0	3584	431	15	705
2560	0	3584	508	15	742
2816	0	3584	623	16	782
3072	0	3584	742	16	806
3328	0	3584	845	16	793
3584	0	3584	943	15	764
3840	0	3584	1009	14	706
4095	0	3584	1022	14	646
0	256	3584	15	97	781
256	256	3584	15	93	795
512	256	3584	15	67	723
768	256	3584	112	15	752
1024	256	3584	187	15	743
1280	256	3584	244	15	738
1536	256	3584	293	15	724
1792	256	3584	337	15	715
2048	256	3584	380	15	711
2304	256	3584	433	15	715
2560	256	3584	513	15	744
2816	256	3584	629	16	794
3072	256	3584	747	16	813
3328	256	3584	849	16	797
3584	256	3584	946	15	768
3840	256	3584	1010	14	707
4095	256	3584	1023	14	646
0	512	3584	15	136	768
256	512	3584	15	134	782
512	512	3584	15	117	709
768	512	3584	15	89	795
1024	512	3584	129	19	866
1280	512	3584	221	15	831
1536	512	3584	282	15	806
1792	512	3584	333	15	781
2048	512	3584	382	15	768
2304	512	3584	441	15	766
2560	512	3584	531	16	797
2816	512	3584	647	16	832
3072	512	3584	760	16	837
3328	512	3584	860	16	813
3584	512	3584	959	15	780
3840	512	3584	1017	14	714
4095	512	3584	1023	30	631
0	768	3584	15	180	751
256	768	3584	15	179	762
512	768	3584	15	164	697
768	768	3584	15	151	775
1024	768	3584	112	131	851
1280	768	3584	207	124	845
1536	768	3584	271	114	841
1792	768	3584	328	101	842
2048	768	3584	385	82	847
2304	768	3584	459	39	864
2560	768	3584	565	16	889
2816	768	3584	677	16	898
3072	768	3584	784	16	881
3328	768	3584	881	16	821
3584	768	3584	979	15	759
3840	768	3584	1023	87	711
4095	768	3584	1023	110	633
0	1024	3584	15	223	726
256	1024	3584	15	222	739
512	1024	3584	15	208	679
768	1024	3584	15	201	749
1024	1024	3584	79	187	843
1280	1024	3584	195	182	840
1536	1024	3584	264	178	843
1792	1024	3584	324	172	848
2048	1024	3584	385	166	869
2304	1024	3584	466	162	882
2560	1024	3584	572	155	923
2816	1024	3584	687	138	936
3072	1024	3584	797	109	914
3328	1024	3584	912	55	876
3584	1024	3584	997	14	804
3840	1024	3584	1023	149	714
4095	1024	3584	1023	157	635
0	1280	3584	15	263	714
256	1280	3584	15	263	722
512	1280	3584	15	247	662
768	1280	3584	15	243	715
1024	1280	3584	15	236	825
1280	1280	3584	180	234	844
1536	1280	3584	256	232	848
1792	1280	3584	323	231	868
2048	1280	3584	391	231	898
2304	1280	3584	473	232	923
2560	1280	3584	569	228	934
2816	1280	3584	676	218	932
3072	1280	3584	784	202	908
3328	1280	3584	897	180	865
3584	1280	3584	997	152	805
3840	1280	3584	1023	196	719
4095	1280	3584	1023	198	639
0	1536	3584	15	306	705
256	1536	3584	15	286	630
512	1536	3584	15	286	655
768	1536	3584	15	285	701
1024	1536	3584	15	283	790
1280	1536	3584	158	284	853
1536	1536	3584	251	289	876
1792	1536	3584	327	292	901
2048	1536	3584	398	294	923
2304	1536	3584	472	293	930
2560	1536	3584	561	289	933
2816	1536	3584	660	279	922
3072	1536	3584	769	264	891
3328	1536	3584	879	246	863
3584	1536	3584	990	222	814
3840	1536	3584	1023	238	724
4095	1536	3584	1023	235	643
0	1792	3584	15	328	659
256	1792	3584	15	328	664
512	1792	3584	15	330	681
768	1792	3584	15	332	708
1024	1792	3584	15	339	815
1280	1792	3584	125	348	896
1536	1792	3584	244	353	914
1792	1792	3584	324	354	925
2048	1792	3584	394	352	929
2304	1792	3584	463	349	933
2560	1792	3584	548	344	929
2816	1792	3584	643	333	915
3072	1792	3584	745	317	886
3328	1792	3584	860	299	854
3584	1792	3584	981	278	811
3840	1792	3584	1023	278	731
4095	1792	3584	1023	272	648
0	2048	3584	16	389	664
256	2048	3584	16	390	668
512	2048	3584	16	393	716
768	2048	3584	16	397	746
1024	2048	3584	16	404	821
1280	2048	3584	16	411	927
1536	2048	3584	221	409	933
1792	2048	3584	310	407	930
2048	2048	3584	383	405	933
2304	2048	3584	450	401	929
2560	2048	3584	529	392	919
2816	2048	3584	622	381	904
3072	2048	3584	722	365	876
3328	2048	3584	839	349	850
3584	2048	3584	972	331	818
3840	2048	3584	1023	318	738
4095	2048	3584	1023	309	654
0	2304	3584	16	456	706
256	2304	3584	16	456	709
512	2304	3584	16	458	721
768	2304	3584	16	460	761
1024	2304	3584	16	463	804
1280	2304	3584	16	466	885
1536	2304	3584	185	465	916
1792	2304	3584	288	460	911
2048	2304	3584	363	455	923
2304	2304	3584	431	449	917
2560	2304	3584	506	441	910
2816	2304	3584	595	429	889
3072	2304	3584	696	412	865
3328	2304	3584	817	398	845
3584	2304	3584	959	384	824
3840	2304	3584	1023	359	746
4095	2304	3584	1023	388	691
0	2560	3584	16	543	774
256	2560	3584	16	543	779
512	2560	3584	16	517	745
768	2560	3584	16	518	767
1024	2560	3584	16	520	772
1280	2560	3584	16	521	838
1536	2560	3584	113	521	885
1792	2560	3584	254	516	877
2048	2560	3584	337	510	871
2304	2560	3584	406	503	863
2560	2560	3584	477	493	885
2816	2560	3584	561	481	868
3072	2560	3584	666	467	852
3328	2560	3584	791	455	838
3584	2560	3584	939	442	827
3840	2560	3584	1023	408	755
4095	2560	3584	1023	436	702
0	2816	3584	15	597	764
256	2816	3584	15	597	767
512	2816	3584	15	598	779
768	2816	3584	16	571	773
1024	2816	3584	16	573	742
1280	2816	3584	16	576	792
1536	2816	3584	15	578	862
1792	2816	3584	210	573	846
2048	2816	3584	302	567	843
2304	2816	3584	373	559	840
2560	2816	3584	444	551	837
2816	2816	3584	530	542	849
3072	2816	3584	634	533	839
3328	2816	3584	761	522	832
3584	2816	3584	912	510	823
3840	2816	3584	1021	469	767
4095	2816	3584	1023	493	714
0	3072	3584	15	663	767
256	3072	3584	15	663	770
512	3072	3584	15	665	778
768	3072	3584	15	668	793
1024	3072	3584	15	628	755
1280	3072	3584	15	633	765
1536	3072	3584	15	641	808
1792	3072	3584	149	644	825
2048	3072	3584	267	639	824
2304	3072	3584	344	635	824
2560	3072	3584	415	627	821
2816	3072	3584	501	621	821
3072	3072	3584	603	612	826
3328	3072	3584	728	602	823
3584	3072	3584	873	588	810
3840	3072	3584	1003	551	772
4095	3072	3584	1023	561	727
0	3328	3584	15	750	780
256	3328	3584	15	750	782
512	3328	3584	14	752	787
768	3328	3584	15	756	797
1024	3328	3584	15	762	814
1280	3328	3584	15	712	757
1536	3328	3584	15	722	785
1792	3328	3584	14	734	821
2048	3328	3584	227	731	804
2304	3328	3584	314	725	799
2560	3328	3584	388	720	796
2816	3328	3584	468	713	790
3072	3328	3584	570	706	783
3328	3328	3584	690	695	811
3584	3328	3584	823	671	789
3840	3328	3584	971	645	767
4095	3328	3584	1023	645	741
0	3584	3584	14	836	791
256	3584	3584	14	836	793
512	3584	3584	14	838	797
768	3584	3584	14	841	805
1024	3584	3584	14	845	770
1280	3584	3584	15	809	744
1536	3584	3584	14	815	765
1792	3584	3584	14	824	789
2048	3584	3584	172	827	803
2304	3584	3584	277	821	797
2560	3584	3584	353	814	793
2816	3584	3584	429	806	789
3072	3584	3584	521	795	778
3328	3584	3584	632	779	770
3584	3584	3584	757	757	757
3840	3584	3584	929	751	758
4095	3584	3584	1023	746	757
0	3840	3584	14	933	777
256	3840	3584	14	933	777
512	3840	3584	14	936	780
768	3840	3584	14	942	784
1024	3840	3584	14	951	789
1280	3840	3584	14	963	797
1536	3840	3584	13	891	739
1792	3840	3584	14	909	746
2048	3840	3584	51	930	754
2304	3840	3584	234	925	754
2560	3840	3584	316	920	754
2816	3840	3584	390	914	754
3072	3840	3584	479	907	755
3328	3840	3584	590	900	755
3584	3840	3584	726	892	755
3840	3840	3584	890	883	755
4095	3840	3584	1023	865	772
0	4095	3584	14	1023	773
256	4095	3584	14	1021	772
512	4095	3584	14	1021	771
768	4095	3584	13	1021	768
1024	4095	3584	14	1020	763
1280	4095	3584	14	1023	759
1536	4095	3584	14	1021	750
1792	4095	3584	184	1023	753
2048	4095	3584	248	1023	754
2304	4095	3584	304	1023	755
2560	4095	3584	356	1023	757
2816	4095	3584	415	1023	756
3072	4095	3584	490	1023	758
3328	4095	3584	586	1023	759
3584	4095	3584	705	1023	760
3840	4095	3584	853	1023	759
4095	4095	3584	1023	1010	774
0	0	3840	15	83	874
256	0	3840	15	78	888
512	0	3840	15	41	800
768	0	3840	128	15	811
1024	0	3840	191	15	806
1280	0	3840	242	15	802
1536	0	3840	288	15	794
1792	0	3840	332	15	793
2048	0	3840	377	15	798
2304	0	3840	433	15	817
2560	0	3840	519	16	869
2816	0	3840	631	16	907
3072	0	3840	737	16	910
3328	0	3840	835	16	894
3584	0	3840	993	14	893
3840	0	3840	1022	14	824
4095	0	3840	1023	23	718
0	256	3840	15	99	872
256	256	3840	15	95	885
512	256	3840	15	71	797
768	256	3840	99	15	847
1024	256	3840	180	15	836
1280	256	3840	237	15	828
1536	256	3840	285	15	819
1792	256	3840	330	15	811
2048	256	3840	377	15	814
2304	256	3840	435	15	833
2560	256	3840	524	16	885
2816	256	3840	636	16	918
3072	256	3840	740	16	920
3328	256	3840	837	16	899
3584	256	3840	939	15	870
3840	256	3840	1008	14	806
4095	256	3840	1022	13	729
0	512	3840	15	136	858
256	512	3840	15	133	872
512	512	3840	15	117	787
768	512	3840	15	92	874
1024	512	3840	112	15	956
1280	512	3840	211	15	932
1536	512	3840	275	15	910
1792	512	3840	328	15	890
2048	512	3840	381	15	887
2304	512	3840	446	15	895
2560	512	3840	536	16	924
2816	512	3840	641	16	946
3072	512	3840	746	16	942
3328	512	3840	847	15	917
3584	512	3840	951	15	886
3840	512	3840	1015	14	815
4095	512	3840	1023	13	728
0	768	3840	15	178	837
256	768	3840	15	177	852
512	768	3840	15	163	773
768	768	3840	15	150	854
1024	768	3840	69	124	967
1280	768	3840	192	117	968
1536	768	3840	260	108	968
1792	768	3840	319	94	968
2048	768	3840	383	73	999
2304	768	3840	460	15	1017
2560	768	3840	548	16	1011
2816	768	3840	647	16	999
3072	768	3840	759	16	987
3328	768	3840	865	15	956
3584	768	3840	972	15	875
3840	768	3840	1023	77	818
4095	768	3840	1023	107	719
0	1024	3840	15	220	826
256	1024	3840	15	220	836
512	1024	3840	15	206	756
768	1024	3840	15	198	838
1024	1024	3840	15	186	960
1280	1024	3840	180	179	968
1536	1024	3840	255	175	981
1792	1024	3840	323	172	1009
2048	1024	3840	389	167	1023
2304	1024	3840	458	158	1023
2560	1024	3840	538	144	1023
2816	1024	3840	639	126	1023
3072	1024	3840	760	98	1020
3328	1024	3840	885	31	992
3584	1024	3840	990	14	932
3840	1024	3840	1023	145	822
4095	1024	3840	1023	154	722
0	1280	3840	15	263	814
256	1280	3840	15	262	823
512	1280	3840	15	246	745
768	1280	3840	15	242	809
1024	1280	3840	15	238	927
1280	1280	3840	165	234	990
1536	1280	3840	252	234	1014
1792	1280	3840	323	232	1021
2048	1280	3840	385	229	1023
2304	1280	3840	451	222	1023
2560	1280	3840	531	214	1023
2816	1280	3840	632	205	1023
3072	1280	3840	752	194	1021
3328	1280	3840	872	174	985
3584	1280	3840	986	149	933
3840	1280	3840	1023	193	828
4095	1280	3840	1023	196	726
0	1536	3840	15	313	814
256	1536	3840	15	314	820
512	1536	3840	15	287	751
768	1536	3840	15	286	806
1024	1536	3840	15	291	908
1280	1536	3840	142	291	1019
1536	1536	3840	242	289	1021
1792	1536	3840	314	286	1023
2048	1536	3840	377	282	1023
2304	1536	3840	443	277	1023
2560	1536	3840	523	271	1023
2816	1536	3840	622	264	1023
3072	1536	3840	740	256	1011
3328	1536	3840	857	240	984
3584	1536	3840	979	220	942
3840	1536	3840	1023	236	835
4095	1536	3840	1023	234	732
0	1792	3840	16	374	852
256	1792	3840	16	374	859
512	1792	3840	15	336	792
768	1792	3840	15	342	835
1024	1792	3840	16	347	937
1280	1792	3840	86	341	1023
1536	1792	3840	224	339	1023
1792	1792	3840	302	336	1023
2048	1792	3840	367	332	1023
2304	1792	3840	433	329	1023
2560	1792	3840	512	324	1023
2816	1792	3840	611	319	1023
3072	1792	3840	720	308	1004
3328	1792	3840	840	293	977
3584	1792	3840	971	276	940
3840	1792	3840	1023	276	845
4095	1792	3840	1023	271	738
0	2048	3840	16	433	884
256	2048	3840	16	399	796
512	2048	3840	16	402	816
768	2048	3840	16	405	857
1024	2048	3840	16	409	932
1280	2048	3840	16	395	1009
1536	2048	3840	197	386	1023
1792	2048	3840	285	384	1023
2048	2048	3840	356	381	1023
2304	2048	3840	422	378	1023
2560	2048	3840	499	374	1023
2816	2048	3840	594	369	1018
3072	2048	3840	700	357	996
3328	2048	3840	820	344	975
3584	2048	3840	961	328	948
3840	2048	3840	1023	316	855
4095	2048	3840	1023	308	745
0	2304	3840	16	487	894
256	2304	3840	16	459	805
512	2304	3840	16	460	821
768	2304	3840	16	461	856
1024	2304	3840	16	463	917
1280	2304	3840	16	453	979
1536	2304	3840	156	439	1023
1792	2304	3840	263	437	1023
2048	2304	3840	341	434	1023
2304	2304	3840	409	431	1023
2560	2304	3840	485	427	1023
2816	2304	3840	574	418	1008
3072	2304	3840	677	405	987
3328	2304	3840	801	393	970
3584	2304	3840	947	381	953
3840	2304	3840	1023	357	867
4095	2304	3840	1023	345	753
0	2560	3840	16	539	890
256	2560	3840	16	540	895
512	2560	3840	16	515	831
768	2560	3840	16	515	861
1024	2560	3840	16	516	891
1280	2560	3840	16	513	935
1536	2560	3840	57	502	1005
1792	2560	3840	236	499	998
2048	2560	3840	322	496	992
2304	2560	3840	391	491	1017
2560	2560	3840	462	482	1004
2816	2560	3840	545	472	991
3072	2560	3840	651	461	978
3328	2560	3840	777	450	966
3584	2560	3840	925	439	956
3840	2560	3840	1023	405	882
4095	2560	3840	1023	436	789
0	2816	3840	15	594	842
256	2816	3840	15	594	846
512	2816	3840	15	595	862
768	2816	3840	16	567	854
1024	2816	3840	16	568	861
1280	2816	3840	15	570	886
1536	2816	3840	15	571	972
1792	2816	3840	193	563	974
2048	2816	3840	290	557	969
2304	2816	3840	362	550	968
2560	2816	3840	433	543	965
2816	2816	3840	519	536	976
3072	2816	3840	621	527	967
3328	2816	3840	748	517	959
3584	2816	3840	898	506	952
3840	2816	3840	1017	470	897
4095	2816	3840	1023	492	803
0	3072	3840	15	662	850
256	3072	3840	15	662	853
512	3072	3840	15	664	863
768	3072	3840	15	666	884
1024	3072	3840	15	626	871
1280	3072	3840	15	631	860
1536	3072	3840	14	637	918
1792	3072	3840	126	639	956
2048	3072	3840	257	634	955
2304	3072	3840	337	628	953
2560	3072	3840	406	622	952
2816	3072	3840	491	616	951
3072	3072	3840	593	607	958
3328	3072	3840	717	598	951
3584	3072	3840	861	584	939
3840	3072	3840	996	551	901
4095	3072	3840	1023	560	819
0	3328	3840	14	748	862
256	3328	3840	14	748	864
512	3328	3840	14	750	872
768	3328	3840	14	753	887
1024	3328	3840	14	758	909
1280	3328	3840	14	710	848
1536	3328	3840	15	719	889
1792	3328	3840	14	728	944
2048	3328	3840	216	726	930
2304	3328	3840	307	721	926
2560	3328	3840	381	716	923
2816	3328	3840	460	711	917
3072	3328	3840	562	703	909
3328	3328	3840	678	688	937
3584	3328	3840	809	666	914
3840	3328	3840	961	643	893
4095	3328	3840	1023	644	836
0	3584	3840	14	834	864
256	3584	3840	14	834	865
512	3584	3840	14	836	873
768	3584	3840	14	839	885
1024	3584	3840	14	843	904
1280	3584	3840	14	804	854
1536	3584	3840	14	810	858
1792	3584	3840	14	818	900
2048	3584	3840	155	823	882
2304	3584	3840	269	816	882
2560	3584	3840	346	810	882
2816	3584	3840	422	802	883
3072	3584	3840	512	790	883
3328	3584	3840	622	773	883
3584	3584	3840	751	757	885
3840	3584	3840	920	750	884
4095	3584	3840	1023	745	855
0	3840	3840	14	934	863
256	3840	3840	14	935	864
512	3840	3840	14	938	867
768	3840	3840	14	943	874
1024	3840	3840	14	951	883
1280	3840	3840	14	963	897
1536	3840	3840	14	890	837
1792	3840	3840	14	907	856
2048	3840	3840	14	926	878
2304	3840	3840	226	924	880
2560	3840	3840	311	919	880
2816	3840	3840	384	913	880
3072	3840	3840	474	906	881
3328	3840	3840	583	899	881
3584	3840	3840	719	890	881
3840	3840	3840	882	882	881
4095	3840	3840	1023	868	874
0	4095	3840	14	1021	854
256	4095	3840	14	1022	855
512	4095	3840	14	1022	854
768	4095	3840	14	1022	854
1024	4095	3840	13	1021	852
1280	4095	3840	14	1021	851
1536	4095	3840	13	1022	849
1792	4095	3840	174	1023	852
2048	4095	3840	243	1023	855
2304	4095	3840	299	1023	858
2560	4095	3840	352	1023	862
2816	4095	3840	413	1023	865
3072	4095	3840	488	1023	869
3328	4095	3840	582	1023	872
3584	4095	3840	700	1023	876
3840	4095	3840	848	1023	879
4095	4095	3840	1023	1016	884
0	0	4095	15	85	963
256	0	4095	15	80	970
512	0	4095	14	53	996
768	0	4095	118	15	906
1024	0	4095	183	15	902
1280	0	4095	236	15	901
1536	0	4095	283	15	901
1792	0	4095	329	15	902
2048	0	4095	378	15	925
2304	0	4095	442	15	956
2560	0	4095	520	16	984
2816	0	4095	602	14	1023
3072	0	4095	704	14	1019
3328	0	4095	820	14	1013
3584	0	4095	949	13	1001
3840	0	4095	1022	14	938
4095	0	4095	1023	14	824
0	256	4095	15	99	962
256	256	4095	15	95	969
512	256	4095	14	75	995
768	256	4095	83	15	939
1024	256	4095	171	15	933
1280	256	4095	229	15	928
1536	256	4095	280	15	927
1792	256	4095	328	15	925
2048	256	4095	378	15	948
2304	256	4095	446	15	977
2560	256	4095	523	16	997
2816	256	4095	611	16	1007
3072	256	4095	711	16	1012
3328	256	4095	819	15	1000
3584	256	4095	927	15	980
3840	256	4095	1023	14	934
4095	256	4095	1023	14	815
0	512	4095	15	135	958
256	512	4095	15	132	966
512	512	4095	14	119	990
768	512	4095	15	93	958
1024	512	4095	90	14	1010
1280	512	4095	193	14	999
1536	512	4095	258	14	990
1792	512	4095	314	14	983
2048	512	4095	370	15	992
2304	512	4095	442	15	1016
2560	512	4095	518	15	1023
2816	512	4095	604	15	1023
3072	512	4095	707	15	1023
3328	512	4095	815	15	1009
3584	512	4095	925	15	984
3840	512	4095	1009	13	926
4095	512	4095	1023	25	816
0	768	4095	15	178	949
256	768	4095	15	176	962
512	768	4095	14	166	984
768	768	4095	15	149	945
1024	768	4095	13	116	1019
1280	768	4095	168	108	1023
1536	768	4095	234	100	1023
1792	768	4095	289	88	1023
2048	768	4095	341	70	1023
2304	768	4095	397	26	1023
2560	768	4095	478	14	1023
2816	768	4095	571	14	1023
3072	768	4095	680	14	1023
3328	768	4095	798	14	1014
3584	768	4095	923	14	997
3840	768	4095	1023	63	942
4095	768	4095	1023	104	819
0	1024	4095	15	221	940
256	1024	4095	15	221	951
512	1024	4095	14	213	979
768	1024	4095	15	198	930
1024	1024	4095	14	175	1006
1280	1024	4095	157	164	1023
1536	1024	4095	228	160	1023
1792	1024	4095	284	155	1023
2048	1024	4095	336	148	1023
2304	1024	4095	393	140	1023
2560	1024	4095	463	129	1023
2816	1024	4095	548	116	1023
3072	1024	4095	651	98	1023
3328	1024	4095	780	70	1023
3584	1024	4095	930	13	1019
3840	1024	4095	1023	139	948
4095	1024	4095	1023	152	822
0	1280	4095	15	270	942
256	1280	4095	15	270	950
512	1280	4095	15	266	1017
768	1280	4095	15	243	930
1024	1280	4095	14	227	993
1280	1280	4095	139	211	1023
1536	1280	4095	219	208	1023
1792	1280	4095	277	205	1023
2048	1280	4095	331	201	1023
2304	1280	4095	387	195	1023
2560	1280	4095	457	190	1023
2816	1280	4095	541	183	1023
3072	1280	4095	645	174	1023
3328	1280	4095	772	164	1023
3584	1280	4095	924	153	1023
3840	1280	4095	1023	190	955
4095	1280	4095	1023	194	828
0	1536	4095	15	321	964
256	1536	4095	15	322	976
512	1536	4095	16	323	1023
768	1536	4095	15	295	941
1024	1536	4095	15	288	1011
1280	1536	4095	111	253	1023
1536	1536	4095	206	251	1023
1792	1536	4095	269	249	1023
2048	1536	4095	324	246	1023
2304	1536	4095	379	242	1023
2560	1536	4095	450	238	1023
2816	1536	4095	534	233	1023
3072	1536	4095	636	227	1023
3328	1536	4095	761	221	1023
3584	1536	4095	913	214	1023
3840	1536	4095	1023	233	965
4095	1536	4095	1023	233	834
0	1792	4095	16	372	974
256	1792	4095	16	371	981
512	1792	4095	16	349	919
768	1792	4095	16	348	953
1024	1792	4095	15	344	1023
1280	1792	4095	35	296	1023
1536	1792	4095	189	294	1023
1792	1792	4095	257	292	1023
2048	1792	4095	316	289	1023
2304	1792	4095	371	286	1023
2560	1792	4095	440	282	1023
2816	1792	4095	524	278	1023
3072	1792	4095	626	274	1023
3328	1792	4095	749	269	1023
3584	1792	4095	899	263	1023
3840	1792	4095	1023	273	977
4095	1792	4095	1023	269	842
0	2048	4095	16	423	982
256	2048	4095	16	422	987
512	2048	4095	16	409	920
768	2048	4095	16	404	958
1024	2048	4095	16	394	1012
1280	2048	4095	14	354	1023
1536	2048	4095	165	335	1023
1792	2048	4095	243	333	1023
2048	2048	4095	305	331	1023
2304	2048	4095	362	329	1023
2560	2048	4095	429	326	1023
2816	2048	4095	512	322	1023
3072	2048	4095	613	319	1023
3328	2048	4095	736	315	1023
3584	2048	4095	883	310	1023
3840	2048	4095	1023	314	992
4095	2048	4095	1023	307	852
0	2304	4095	16	475	983
256	2304	4095	16	475	988
512	2304	4095	16	460	929
768	2304	4095	16	455	949
1024	2304	4095	16	447	1000
1280	2304	4095	15	416	1023
1536	2304	4095	126	380	1023
1792	2304	4095	226	377	1023
2048	2304	4095	292	375	1023
2304	2304	4095	351	373	1023
2560	2304	4095	417	370	1023
2816	2304	4095	498	367	1023
3072	2304	4095	598	364	1023
3328	2304	4095	720	360	1023
3584	2304	4095	866	356	1023
3840	2304	4095	1023	355	1009
4095	2304	4095	1023	344	863
0	2560	4095	16	531	979
256	2560	4095	16	531	984
512	2560	4095	16	511	922
768	2560	4095	16	508	951
1024	2560	4095	16	505	982
1280	2560	4095	15	486	1011
1536	2560	4095	14	438	1023
1792	2560	4095	201	434	1023
2048	2560	4095	276	431	1023
2304	2560	4095	338	428	1023
2560	2560	4095	403	425	1023
2816	2560	4095	483	421	1023
3072	2560	4095	581	418	1023
3328	2560	4095	702	414	1023
3584	2560	4095	847	409	1023
3840	2560	4095	1016	404	1023
4095	2560	4095	1023	435	888
0	2816	4095	15	590	968
256	2816	4095	15	591	973
512	2816	4095	15	591	990
768	2816	4095	15	562	938
1024	2816	4095	15	563	954
1280	2816	4095	15	556	980
1536	2816	4095	14	520	1014
1792	2816	4095	167	500	1023
2048	2816	4095	255	497	1023
2304	2816	4095	323	494	1023
2560	2816	4095	387	490	1023
2816	2816	4095	467	486	1023
3072	2816	4095	561	482	1023
3328	2816	4095	682	478	1023
3584	2816	4095	825	473	1023
3840	2816	4095	994	468	1023
4095	2816	4095	1023	491	905
0	3072	4095	15	660	960
256	3072	4095	15	661	964
512	3072	4095	14	660	956
768	3072	4095	14	653	969
1024	3072	4095	15	624	961
1280	3072	4095	14	624	959
1536	3072	4095	14	603	993
1792	3072	4095	104	580	1023
2048	3072	4095	231	577	1023
2304	3072	4095	305	573	1023
2560	3072	4095	370	569	1023
2816	3072	4095	448	564	1023
3072	3072	4095	542	560	1023
3328	3072	4095	658	555	1023
3584	3072	4095	801	550	1023
3840	3072	4095	969	544	1023
4095	3072	4095	1023	559	924
0	3328	4095	14	740	945
256	3328	4095	15	739	947
512	3328	4095	14	738	953
768	3328	4095	14	736	966
1024	3328	4095	15	703	947
1280	3328	4095	14	703	942
1536	3328	4095	14	694	976
1792	3328	4095	14	681	1013
2048	3328	4095	196	674	1023
2304	3328	4095	283	670	1023
2560	3328	4095	352	666	1023
2816	3328	4095	427	660	1023
3072	3328	4095	520	654	1023
3328	3328	4095	634	649	1023
3584	3328	4095	772	643	1023
3840	3328	4095	940	637	1023
4095	3328	4095	1023	642	945
0	3584	4095	14	824	938
256	3584	4095	14	824	941
512	3584	4095	14	825	948
768	3584	4095	14	826	961
1024	3584	4095	14	829	981
1280	3584	4095	14	792	950
1536	3584	4095	14	791	952
1792	3584	4095	14	790	995
2048	3584	4095	139	790	1023
2304	3584	4095	254	786	1023
2560	3584	4095	331	781	1023
2816	3584	4095	405	775	1023
3072	3584	4095	495	769	1023
3328	3584	4095	608	762	1023
3584	3584	4095	743	755	1023
3840	3584	4095	908	748	1023
4095	3584	4095	1023	743	968
0	3840	4095	13	935	960
256	3840	4095	13	936	961
512	3840	4095	14	939	966
768	3840	4095	14	944	976
1024	3840	4095	14	951	990
1280	3840	4095	14	962	1010
1536	3840	4095	14	889	946
1792	3840	4095	14	904	978
2048	3840	4095	13	923	1016
2304	3840	4095	217	922	1023
2560	3840	4095	305	916	1023
2816	3840	4095	379	910	1023
3072	3840	4095	469	904	1023
3328	3840	4095	577	897	1023
3584	3840	4095	712	888	1023
3840	3840	4095	873	880	1023
4095	3840	4095	1023	866	993
0	4095	4095	20	1023	946
256	4095	4095	14	1021	945
512	4095	4095	14	1021	945
768	4095	4095	13	1023	949
1024	4095	4095	14	1022	951
1280	4095	4095	14	1021	953
1536	4095	4095	14	1021	957
1792	4095	4095	183	1023	964
2048	4095	4095	246	1023	969
2304	4095	4095	301	1023	974
2560	4095	4095	352	1023	980
2816	4095	4095	412	1023	986
3072	4095	4095	485	1023	992
3328	4095	4095	578	1023	999
3584	4095	4095	695	1023	1006
3840	4095	4095	842	1023	1014
4095	4095	4095	1023	1023	1023
