0	0	0	0	0	0
62	0	0	41	0	2
123	0	0	83	0	5
185	0	0	131	0	16
254	0	0	186	0	26
308	0	0	238	0	29
386	0	0	326	0	32
451	0	0	415	0	34
482	0	0	468	0	34
513	0	0	524	0	34
544	0	0	585	0	34
575	0	0	653	0	35
606	0	0	727	0	35
637	0	0	798	0	33
668	0	0	860	0	34
800	0	0	1023	0	29
924	0	0	1023	0	28
0	62	0	0	37	0
62	62	0	37	36	0
123	62	0	80	30	0
185	62	0	131	19	4
254	62	0	192	0	7
308	62	0	245	0	19
386	62	0	333	0	27
451	62	0	425	0	30
482	62	0	476	0	31
513	62	0	533	0	32
544	62	0	594	0	33
575	62	0	665	0	33
606	62	0	739	0	33
637	62	0	806	0	32
668	62	0	868	0	32
800	62	0	1023	0	28
924	62	0	1023	0	28
0	123	0	0	71	24
62	123	0	9	69	0
123	123	0	69	67	0
185	123	0	122	61	0
254	123	0	187	51	0
308	123	0	245	42	3
386	123	0	346	27	7
451	123	0	453	0	9
482	123	0	507	0	15
513	123	0	567	0	20
544	123	0	629	0	23
575	123	0	701	0	25
606	123	0	773	0	26
637	123	0	835	0	27
668	123	0	897	0	28
800	123	0	1023	0	26
924	123	0	1023	0	26
0	185	0	0	110	41
62	185	0	0	108	29
123	185	0	50	106	0
185	185	0	106	102	0
254	185	0	173	93	0
308	185	0	234	85	0
386	185	0	338	72	0
451	185	0	446	61	2
482	185	0	506	54	5
513	185	0	575	48	7
544	185	0	649	42	8
575	185	0	729	36	9
606	185	0	805	29	10
637	185	0	876	20	11
668	185	0	945	0	11
800	185	0	1023	0	20
924	185	0	1023	0	22
0	254	0	0	157	55
62	254	0	0	157	48
123	254	0	0	153	0
185	254	0	81	151	0
254	254	0	150	144	0
308	254	0	214	138	0
386	254	0	322	125	0
451	254	0	431	112	0
482	254	0	491	106	0
513	254	0	561	101	0
544	254	0	634	94	0
575	254	0	716	88	0
606	254	0	794	81	0
637	254	0	865	75	5
668	254	0	935	67	7
800	254	0	1023	36	10
924	254	0	1023	37	19
0	308	0	0	200	56
62	308	0	0	199	52
123	308	0	0	198	30
185	308	0	59	196	0
254	308	0	129	192	0
308	308	0	195	187	0
386	308	0	304	173	0
451	308	0	414	160	0
482	308	0	475	153	0
513	308	0	545	147	0
544	308	0	618	140	0
575	308	0	699	132	0
606	308	0	783	124	0
637	308	0	854	117	0
668	308	0	927	110	0
800	308	0	1023	71	6
924	308	0	1023	62	18
0	386	0	0	268	62
62	386	0	0	268	57
123	386	0	0	268	43
185	386	0	12	270	0
254	386	0	99	267	0
308	386	0	160	263	0
386	386	0	268	255	0
451	386	0	378	243	0
482	386	0	441	237	0
513	386	0	512	230	0
544	386	0	584	222	0
575	386	0	668	214	0
606	386	0	753	204	0
637	386	0	828	195	0
668	386	0	904	186	0
800	386	0	1023	132	0
924	386	0	1023	102	15
0	451	0	0	342	68
62	451	0	0	342	64
123	451	0	0	344	50
185	451	0	0	348	25
254	451	0	72	348	0
308	451	0	133	344	0
386	451	0	236	336	0
451	451	0	345	326	0
482	451	0	406	319	0
513	451	0	471	312	0
544	451	0	547	306	0
575	451	0	630	297	0
606	451	0	714	285	0
637	451	0	798	273	0
668	451	0	876	263	0
800	451	0	1023	198	0
924	451	0	1023	145	11
0	482	0	0	382	71
62	482	0	0	382	67
123	482	0	0	384	55
185	482	0	0	388	32
254	482	0	59	389	0
308	482	0	121	388	0
386	482	0	223	381	0
451	482	0	327	372	0
482	482	0	387	365	0
513	482	0	454	357	0
544	482	0	526	352	0
575	482	0	607	340	0
606	482	0	694	329	0
637	482	0	778	318	0
668	482	0	859	306	0
800	482	0	1023	235	0
924	482	0	1023	168	6
0	513	0	0	425	73
62	513	0	0	425	70
123	513	0	0	426	59
185	513	0	0	431	38
254	513	0	45	435	0
308	513	0	108	434	0
386	513	0	208	426	0
451	513	0	310	419	0
482	513	0	369	414	0
513	513	0	434	406	0
544	513	0	505	400	0
575	513	0	583	391	0
606	513	0	671	379	0
637	513	0	759	367	0
668	513	0	844	353	0
800	513	0	1023	278	0
924	513	0	1023	193	0
0	544	0	0	471	76
62	544	0	0	471	72
123	544	0	0	474	63
185	544	0	0	479	43
254	544	0	29	485	0
308	544	0	96	482	0
386	544	0	195	477	0
451	544	0	293	468	0
482	544	0	350	464	0
513	544	0	411	458	0
544	544	0	481	449	0
575	544	0	558	442	0
606	544	0	646	431	0
637	544	0	738	421	0
668	544	0	824	407	0
800	544	0	1023	325	0
924	544	0	1023	226	0
0	575	0	0	520	79
62	575	0	0	520	76
123	575	0	0	524	67
185	575	0	0	529	47
254	575	0	0	537	0
308	575	0	83	536	0
386	575	0	178	529	0
451	575	0	274	523	0
482	575	0	328	517	0
513	575	0	389	513	0
544	575	0	460	506	0
575	575	0	535	497	0
606	575	0	620	491	0
637	575	0	715	480	0
668	575	0	805	463	0
800	575	0	1023	378	0
924	575	0	1023	264	0
0	606	0	0	570	83
62	606	0	0	572	80
123	606	0	0	576	69
185	606	0	0	582	53
254	606	0	0	592	19
308	606	0	67	594	0
386	606	0	162	588	0
451	606	0	256	582	0
482	606	0	309	576	0
513	606	0	368	572	0
544	606	0	436	567	0
575	606	0	513	562	0
606	606	0	597	554	0
637	606	0	695	546	0
668	606	0	786	527	0
800	606	0	1023	435	0
924	606	0	1023	306	0
0	637	0	0	629	87
62	637	0	0	631	84
123	637	0	0	634	74
185	637	0	0	643	58
254	637	0	0	654	29
308	637	0	52	661	0
386	637	0	146	656	0
451	637	0	239	650	0
482	637	0	289	647	0
513	637	0	347	640	0
544	637	0	414	636	0
575	637	0	489	630	0
606	637	0	574	625	0
637	637	0	665	615	0
668	637	0	763	597	0
800	637	0	1023	496	0
924	637	0	1023	353	0
0	668	0	0	698	93
62	668	0	0	700	89
123	668	0	0	702	72
185	668	0	0	710	62
254	668	0	0	719	35
308	668	0	34	727	0
386	668	0	129	723	0
451	668	0	219	720	0
482	668	0	269	716	0
513	668	0	327	712	0
544	668	0	390	709	0
575	668	0	461	703	0
606	668	0	542	694	0
637	668	0	630	684	0
668	668	0	729	665	0
800	668	0	1023	563	0
924	668	0	1023	409	0
0	800	0	0	945	108
62	800	0	0	947	105
123	800	0	0	951	92
185	800	0	0	957	76
254	800	0	0	960	53
308	800	0	0	963	33
386	800	0	57	966	0
451	800	0	133	963	0
482	800	0	171	960	0
513	800	0	215	960	0
544	800	0	263	959	0
575	800	0	318	956	0
606	800	0	381	956	0
637	800	0	452	950	0
668	800	0	532	945	0
800	800	0	934	909	0
924	800	0	1023	769	0
0	924	0	0	1018	116
62	924	0	0	1018	114
123	924	0	0	1019	106
185	924	0	0	1020	99
254	924	0	0	1023	77
308	924	0	0	1023	59
386	924	0	0	1023	23
451	924	0	72	1023	0
482	924	0	107	1023	0
513	924	0	148	1023	0
544	924	0	191	1023	0
575	924	0	239	1023	0
606	924	0	293	1023	0
637	924	0	356	1023	0
668	924	0	427	1023	0
800	924	0	882	1023	0
924	924	0	1023	996	0
0	0	62	0	0	41
62	0	62	40	0	36
123	0	62	82	0	34
185	0	62	130	0	34
254	0	62	186	0	38
308	0	62	238	0	38
386	0	62	326	0	39
451	0	62	415	0	40
482	0	62	466	0	40
513	0	62	524	0	39
544	0	62	585	0	39
575	0	62	653	0	39
606	0	62	727	0	39
637	0	62	798	0	36
668	0	62	860	0	37
800	0	62	1023	0	36
924	0	62	1023	0	31
0	62	62	0	37	36
62	62	62	36	36	36
123	62	62	79	29	34
185	62	62	130	19	32
254	62	62	192	0	30
308	62	62	245	0	33
386	62	62	333	0	35
451	62	62	423	0	37
482	62	62	476	0	37
513	62	62	533	0	37
544	62	62	594	0	38
575	62	62	662	0	38
606	62	62	739	0	38
637	62	62	806	0	35
668	62	62	868	0	36
800	62	62	1023	0	35
924	62	62	1023	0	31
0	123	62	0	71	37
62	123	62	3	70	31
123	123	62	69	67	30
185	123	62	121	61	31
254	123	62	186	51	29
308	123	62	245	42	26
386	123	62	346	27	25
451	123	62	453	0	25
482	123	62	507	0	27
513	123	62	567	0	29
544	123	62	629	0	30
575	123	62	699	0	31
606	123	62	773	0	31
637	123	62	835	0	32
668	123	62	895	0	32
800	123	62	1023	0	29
924	123	62	1023	0	29
0	185	62	0	109	49
62	185	62	0	108	40
123	185	62	50	106	27
185	185	62	106	102	26
254	185	62	173	93	27
308	185	62	234	85	25
386	185	62	338	72	24
451	185	62	446	61	24
482	185	62	506	54	24
513	185	62	575	48	23
544	185	62	647	42	23
575	185	62	729	36	23
606	185	62	805	29	23
637	185	62	876	20	23
668	185	62	945	0	22
800	185	62	1023	0	24
924	185	62	1023	0	25
0	254	62	0	157	57
62	254	62	0	156	53
123	254	62	0	153	21
185	254	62	80	151	21
254	254	62	150	144	21
308	254	62	214	138	22
386	254	62	322	125	22
451	254	62	430	112	21
482	254	62	491	106	21
513	254	62	561	101	21
544	254	62	634	94	21
575	254	62	716	88	21
606	254	62	794	81	20
637	254	62	865	75	21
668	254	62	935	67	21
800	254	62	1023	36	18
924	254	62	1023	37	23
0	308	62	0	199	61
62	308	62	0	199	55
123	308	62	0	198	38
185	308	62	58	196	16
254	308	62	129	192	16
308	308	62	194	186	17
386	308	62	304	173	18
451	308	62	414	160	18
482	308	62	475	153	18
513	308	62	545	147	18
544	308	62	618	140	18
575	308	62	699	132	18
606	308	62	783	124	18
637	308	62	854	117	18
668	308	62	925	110	18
800	308	62	1023	71	17
924	308	62	1023	62	22
0	386	62	0	267	68
62	386	62	0	267	64
123	386	62	0	268	47
185	386	62	0	271	11
254	386	62	94	268	0
308	386	62	156	263	4
386	386	62	266	255	7
451	386	62	378	242	10
482	386	62	443	237	10
513	386	62	514	229	11
544	386	62	586	221	12
575	386	62	670	213	12
606	386	62	755	203	13
637	386	62	831	194	14
668	386	62	906	185	14
800	386	62	1023	132	14
924	386	62	1023	102	20
0	451	62	0	341	74
62	451	62	0	342	71
123	451	62	0	344	57
185	451	62	0	346	33
254	451	62	62	349	0
308	451	62	125	346	0
386	451	62	231	337	0
451	451	62	342	327	0
482	451	62	405	319	0
513	451	62	471	312	0
544	451	62	549	304	0
575	451	62	632	296	0
606	451	62	718	283	0
637	451	62	802	272	0
668	451	62	880	260	1
800	451	62	1023	195	9
924	451	62	1023	145	17
0	482	62	0	381	76
62	482	62	0	382	73
123	482	62	0	384	62
185	482	62	0	388	39
254	482	62	46	392	0
308	482	62	111	389	0
386	482	62	217	382	0
451	482	62	323	372	0
482	482	62	384	366	0
513	482	62	452	357	0
544	482	62	527	350	0
575	482	62	609	339	0
606	482	62	697	328	0
637	482	62	785	315	0
668	482	62	866	303	0
800	482	62	1023	230	2
924	482	62	1023	168	14
0	513	62	0	423	80
62	513	62	0	425	76
123	513	62	0	426	66
185	513	62	0	431	43
254	513	62	29	438	0
308	513	62	98	435	0
386	513	62	201	428	0
451	513	62	304	420	0
482	513	62	363	414	0
513	513	62	429	407	0
544	513	62	503	398	0
575	513	62	584	389	0
606	513	62	674	377	0
637	513	62	764	363	0
668	513	62	850	350	0
800	513	62	1023	272	0
924	513	62	1023	193	10
0	544	62	0	469	84
62	544	62	0	471	80
123	544	62	0	472	71
185	544	62	0	477	50
254	544	62	0	487	0
308	544	62	84	485	0
386	544	62	185	479	0
451	544	62	285	470	0
482	544	62	343	466	0
513	544	62	406	459	0
544	544	62	478	450	0
575	544	62	556	442	0
606	544	62	646	430	0
637	544	62	741	419	0
668	544	62	828	405	0
800	544	62	1023	318	0
924	544	62	1023	221	0
0	575	62	0	518	87
62	575	62	0	520	84
123	575	62	0	522	73
185	575	62	0	529	56
254	575	62	0	537	21
308	575	62	69	539	0
386	575	62	167	531	0
451	575	62	266	525	0
482	575	62	320	519	0
513	575	62	382	515	0
544	575	62	452	507	0
575	575	62	531	500	0
606	575	62	618	491	0
637	575	62	715	480	0
668	575	62	808	461	0
800	575	62	1023	370	0
924	575	62	1023	255	0
0	606	62	0	570	90
62	606	62	0	572	88
123	606	62	0	574	77
185	606	62	0	582	61
254	606	62	0	592	30
308	606	62	54	598	0
386	606	62	150	590	0
451	606	62	246	584	0
482	606	62	299	581	0
513	606	62	359	574	0
544	606	62	427	570	0
575	606	62	506	562	0
606	606	62	592	556	0
637	606	62	690	546	0
668	606	62	786	527	0
800	606	62	1023	429	0
924	606	62	1023	296	0
0	637	62	0	629	94
62	637	62	0	631	91
123	637	62	0	634	82
185	637	62	0	643	65
254	637	62	0	654	37
308	637	62	36	663	0
386	637	62	135	659	0
451	637	62	228	653	0
482	637	62	278	650	0
513	637	62	338	645	0
544	637	62	405	639	0
575	637	62	480	633	0
606	637	62	567	625	0
637	637	62	662	617	0
668	637	62	758	598	0
800	637	62	1023	492	0
924	637	62	1023	347	0
0	668	62	0	698	100
62	668	62	0	698	97
123	668	62	0	702	81
185	668	62	0	708	60
254	668	62	0	719	36
308	668	62	0	731	0
386	668	62	119	727	0
451	668	62	208	723	0
482	668	62	260	719	0
513	668	62	316	716	0
544	668	62	380	711	0
575	668	62	453	705	0
606	668	62	533	696	0
637	668	62	623	685	0
668	668	62	725	667	0
800	668	62	1023	560	0
924	668	62	1023	401	0
0	800	62	0	945	118
62	800	62	0	947	115
123	800	62	0	949	102
185	800	62	0	955	99
254	800	62	0	960	59
308	800	62	0	963	39
386	800	62	46	966	0
451	800	62	124	965	0
482	800	62	162	962	0
513	800	62	206	961	0
544	800	62	254	960	0
575	800	62	308	957	0
606	800	62	371	956	0
637	800	62	445	951	0
668	800	62	524	946	0
800	800	62	932	910	0
924	800	62	1023	766	0
0	924	62	0	1017	122
62	924	62	0	1018	120
123	924	62	0	1019	112
185	924	62	0	1020	105
254	924	62	0	1023	82
308	924	62	0	1023	63
386	924	62	0	1023	28
451	924	62	63	1023	0
482	924	62	99	1023	0
513	924	62	139	1023	0
544	924	62	183	1023	0
575	924	62	229	1023	0
606	924	62	283	1023	0
637	924	62	344	1023	0
668	924	62	414	1023	0
800	924	62	871	1023	0
924	924	62	1023	998	0
0	0	123	0	0	77
62	0	123	37	0	76
123	0	123	81	0	71
185	0	123	129	0	67
254	0	123	185	0	64
308	0	123	236	0	62
386	0	123	325	0	59
451	0	123	413	0	59
482	0	123	465	0	58
513	0	123	522	0	57
544	0	123	583	0	57
575	0	123	651	0	57
606	0	123	725	0	56
637	0	123	796	0	53
668	0	123	858	0	53
800	0	123	1023	0	45
924	0	123	1023	0	43
0	62	123	0	37	74
62	62	123	32	34	73
123	62	123	77	29	69
185	62	123	129	18	65
254	62	123	191	0	60
308	62	123	243	0	58
386	62	123	332	0	57
451	62	123	423	0	57
482	62	123	475	0	56
513	62	123	531	0	56
544	62	123	593	0	56
575	62	123	662	0	56
606	62	123	736	0	55
637	62	123	804	0	52
668	62	123	868	0	53
800	62	123	1023	0	45
924	62	123	1023	0	42
0	123	123	0	69	63
62	123	123	0	69	67
123	123	123	67	67	67
185	123	123	120	61	66
254	123	123	186	51	59
308	123	123	244	42	56
386	123	123	345	26	52
451	123	123	451	0	50
482	123	123	505	0	48
513	123	123	565	0	49
544	123	123	626	0	50
575	123	123	699	0	50
606	123	123	771	0	49
637	123	123	833	0	49
668	123	123	895	0	49
800	123	123	1023	0	43
924	123	123	1023	0	40
0	185	123	0	109	68
62	185	123	0	108	62
123	185	123	48	106	61
185	185	123	104	102	58
254	185	123	172	93	60
308	185	123	233	85	56
386	185	123	336	72	52
451	185	123	444	61	49
482	185	123	504	54	46
513	185	123	573	48	46
544	185	123	647	42	45
575	185	123	729	36	44
606	185	123	805	29	43
637	185	123	876	19	42
668	185	123	943	0	41
800	185	123	1023	0	38
924	185	123	1023	0	36
0	254	123	0	156	79
62	254	123	0	155	73
123	254	123	0	153	54
185	254	123	79	151	54
254	254	123	149	144	52
308	254	123	213	138	54
386	254	123	320	124	51
451	254	123	430	112	48
482	254	123	492	106	47
513	254	123	559	101	45
544	254	123	632	94	43
575	254	123	716	88	42
606	254	123	794	81	42
637	254	123	865	74	41
668	254	123	935	67	40
800	254	123	1023	35	33
924	254	123	1023	37	34
0	308	123	0	198	84
62	308	123	0	198	79
123	308	123	0	197	60
185	308	123	56	196	49
254	308	123	128	191	49
308	308	123	193	186	47
386	308	123	301	172	49
451	308	123	413	160	46
482	308	123	475	153	45
513	308	123	545	147	44
544	308	123	616	139	43
575	308	123	699	132	41
606	308	123	781	125	39
637	308	123	854	117	39
668	308	123	925	110	39
800	308	123	1023	71	32
924	308	123	1023	62	33
0	386	123	0	266	88
62	386	123	0	266	83
123	386	123	0	267	72
185	386	123	0	270	45
254	386	123	94	267	43
308	386	123	155	263	43
386	386	123	266	255	42
451	386	123	378	242	44
482	386	123	441	236	42
513	386	123	512	230	42
544	386	123	586	221	41
575	386	123	668	213	41
606	386	123	755	203	39
637	386	123	831	194	39
668	386	123	904	185	39
800	386	123	1023	132	32
924	386	123	1023	102	31
0	451	123	0	340	97
62	451	123	0	340	93
123	451	123	0	342	79
185	451	123	0	346	57
254	451	123	61	348	39
308	451	123	124	346	38
386	451	123	231	337	39
451	451	123	342	327	38
482	451	123	405	319	38
513	451	123	471	312	39
544	451	123	549	304	38
575	451	123	632	294	37
606	451	123	718	283	37
637	451	123	802	272	37
668	451	123	880	260	37
800	451	123	1023	196	31
924	451	123	1023	144	29
0	482	123	0	380	100
62	482	123	0	381	97
123	482	123	0	382	84
185	482	123	0	386	63
254	482	123	42	392	36
308	482	123	109	389	36
386	482	123	215	382	36
451	482	123	322	372	36
482	482	123	384	366	36
513	482	123	452	357	36
544	482	123	527	350	37
575	482	123	609	339	36
606	482	123	697	328	36
637	482	123	783	315	34
668	482	123	866	303	34
800	482	123	1023	230	28
924	482	123	1023	167	28
0	513	123	0	422	103
62	513	123	0	423	100
123	513	123	0	425	89
185	513	123	0	431	68
254	513	123	9	438	34
308	513	123	92	435	34
386	513	123	197	428	34
451	513	123	301	420	34
482	513	123	361	415	34
513	513	123	427	407	34
544	513	123	501	398	34
575	513	123	584	389	34
606	513	123	674	377	34
637	513	123	764	363	33
668	513	123	848	350	33
800	513	123	1023	271	28
924	513	123	1023	193	26
0	544	123	0	467	106
62	544	123	0	469	103
123	544	123	0	471	92
185	544	123	0	477	71
254	544	123	0	487	40
308	544	123	75	487	31
386	544	123	177	480	32
451	544	123	280	472	32
482	544	123	338	466	32
513	544	123	402	459	32
544	544	123	474	450	32
575	544	123	554	440	32
606	544	123	646	430	32
637	544	123	741	419	32
668	544	123	829	403	31
800	544	123	1023	318	27
924	544	123	1023	220	24
0	575	123	0	517	108
62	575	123	0	518	105
123	575	123	0	522	96
185	575	123	0	527	76
254	575	123	0	537	46
308	575	123	56	541	29
386	575	123	157	532	29
451	575	123	257	527	29
482	575	123	312	522	29
513	575	123	376	516	29
544	575	123	448	509	29
575	575	123	527	500	29
606	575	123	616	492	29
637	575	123	715	478	30
668	575	123	808	461	30
800	575	123	1023	368	26
924	575	123	1023	254	23
0	606	123	0	568	111
62	606	123	0	570	105
123	606	123	0	574	99
185	606	123	0	580	81
254	606	123	0	592	52
308	606	123	33	599	26
386	606	123	137	594	26
451	606	123	234	587	26
482	606	123	287	583	27
513	606	123	350	577	27
544	606	123	420	572	27
575	606	123	497	564	27
606	606	123	587	556	27
637	606	123	687	546	27
668	606	123	786	527	27
800	606	123	1023	425	25
924	606	123	1023	294	22
0	637	123	0	627	116
62	637	123	0	629	112
123	637	123	0	631	102
185	637	123	0	640	85
254	637	123	0	654	58
308	637	123	0	668	27
386	637	123	119	663	23
451	637	123	214	657	23
482	637	123	266	652	24
513	637	123	325	648	24
544	637	123	393	642	24
575	637	123	470	636	24
606	637	123	557	627	24
637	637	123	655	618	24
668	637	123	756	598	23
800	637	123	1023	489	23
924	637	123	1023	342	20
0	668	123	0	695	120
62	668	123	0	698	117
123	668	123	0	700	106
185	668	123	0	708	86
254	668	123	0	719	62
308	668	123	0	731	34
386	668	123	98	733	17
451	668	123	191	727	16
482	668	123	243	723	17
513	668	123	299	720	17
544	668	123	364	716	17
575	668	123	439	710	18
606	668	123	522	699	18
637	668	123	612	688	18
668	668	123	717	669	18
800	668	123	1023	557	21
924	668	123	1023	394	19
0	800	123	0	943	122
62	800	123	0	945	119
123	800	123	0	949	134
185	800	123	0	955	110
254	800	123	0	959	76
308	800	123	0	962	53
386	800	123	0	968	10
451	800	123	95	968	0
482	800	123	136	965	0
513	800	123	180	963	0
544	800	123	227	963	0
575	800	123	281	960	0
606	800	123	344	958	0
637	800	123	418	955	0
668	800	123	498	949	0
800	800	123	929	911	0
924	800	123	1023	760	7
0	924	123	0	1017	141
62	924	123	0	1017	139
123	924	123	0	1018	132
185	924	123	0	1020	117
254	924	123	0	1022	101
308	924	123	0	1023	77
386	924	123	0	1023	43
451	924	123	29	1023	0
482	924	123	72	1023	0
513	924	123	111	1023	0
544	924	123	153	1023	0
575	924	123	201	1023	0
606	924	123	253	1023	0
637	924	123	313	1023	0
668	924	123	383	1023	0
800	924	123	840	1023	0
924	924	123	1023	1003	0
0	0	185	0	8	123
62	0	185	28	0	122
123	0	185	76	0	115
185	0	185	126	0	103
254	0	185	183	0	101
308	0	185	234	0	96
386	0	185	321	0	93
451	0	185	410	0	89
482	0	185	463	0	88
513	0	185	518	0	88
544	0	185	581	0	87
575	0	185	647	0	86
606	0	185	722	0	85
637	0	185	792	0	82
668	0	185	856	0	81
800	0	185	1023	0	69
924	0	185	1023	0	62
0	62	185	0	37	115
62	62	185	21	32	118
123	62	185	73	27	114
185	62	185	126	16	109
254	62	185	189	0	100
308	62	185	241	0	95
386	62	185	329	0	91
451	62	185	420	0	87
482	62	185	471	0	87
513	62	185	529	0	87
544	62	185	591	0	86
575	62	185	658	0	85
606	62	185	732	0	84
637	62	185	802	0	80
668	62	185	864	0	80
800	62	185	1023	0	68
924	62	185	1023	0	62
0	123	185	0	70	105
62	123	185	0	68	112
123	123	185	63	65	111
185	123	185	117	59	106
254	123	185	184	50	99
308	123	185	241	41	92
386	123	185	343	25	86
451	123	185	450	0	80
482	123	185	503	0	80
513	123	185	563	0	80
544	123	185	624	0	79
575	123	185	696	0	79
606	123	185	769	0	76
637	123	185	831	0	76
668	123	185	891	0	75
800	123	185	1023	0	65
924	123	185	1023	0	58
0	185	185	0	108	103
62	185	185	0	107	103
123	185	185	44	105	103
185	185	185	102	102	102
254	185	185	170	92	101
308	185	185	232	84	94
386	185	185	335	72	85
451	185	185	443	60	80
482	185	185	503	54	78
513	185	185	571	48	77
544	185	185	644	42	75
575	185	185	726	35	73
606	185	185	803	28	70
637	185	185	874	19	68
668	185	185	943	0	67
800	185	185	1023	0	59
924	185	185	1023	0	53
0	254	185	0	153	105
62	254	185	0	153	102
123	254	185	0	153	94
185	254	185	77	150	92
254	254	185	147	145	89
308	254	185	212	137	92
386	254	185	319	124	87
451	254	185	428	112	80
482	254	185	490	106	78
513	254	185	557	101	77
544	254	185	632	94	73
575	254	185	714	88	72
606	254	185	792	81	70
637	254	185	863	74	68
668	254	185	933	67	66
800	254	185	1023	36	53
924	254	185	1023	36	50
0	308	185	0	195	110
62	308	185	0	195	106
123	308	185	0	196	92
185	308	185	53	194	86
254	308	185	127	191	85
308	308	185	191	185	81
386	308	185	300	172	84
451	308	185	411	160	79
482	308	185	473	153	76
513	308	185	543	146	75
544	308	185	616	139	74
575	308	185	697	132	71
606	308	185	781	125	65
637	308	185	852	117	64
668	308	185	925	109	63
800	308	185	1023	72	52
924	308	185	1023	61	49
0	386	185	0	264	119
62	386	185	0	265	116
123	386	185	0	266	104
185	386	185	0	270	80
254	386	185	92	267	77
308	386	185	155	263	77
386	386	185	265	254	75
451	386	185	377	242	77
482	386	185	439	236	74
513	386	185	510	229	73
544	386	185	584	220	73
575	386	185	668	213	71
606	386	185	753	202	70
637	386	185	828	194	66
668	386	185	904	185	66
800	386	185	1023	132	54
924	386	185	1023	101	48
0	451	185	0	338	125
62	451	185	0	338	121
123	451	185	0	341	112
185	451	185	0	345	90
254	451	185	59	348	72
308	451	185	123	345	71
386	451	185	229	337	71
451	451	185	341	327	70
482	451	185	403	319	70
513	451	185	470	311	72
544	451	185	547	304	69
575	451	185	630	295	68
606	451	185	716	282	67
637	451	185	800	271	64
668	451	185	878	260	64
800	451	185	1023	196	54
924	451	185	1023	144	46
0	482	185	0	378	129
62	482	185	0	378	126
123	482	185	0	381	117
185	482	185	0	385	96
254	482	185	40	392	69
308	482	185	108	389	69
386	482	185	214	381	69
451	482	185	319	372	68
482	482	185	382	366	67
513	482	185	451	358	67
544	482	185	525	350	68
575	482	185	607	339	66
606	482	185	694	328	65
637	482	185	783	315	62
668	482	185	863	303	62
800	482	185	1023	230	49
924	482	185	1023	166	45
0	513	185	0	420	132
62	513	185	0	420	129
123	513	185	0	423	117
185	513	185	0	429	101
254	513	185	0	438	66
308	513	185	91	435	66
386	513	185	196	428	66
451	513	185	300	420	66
482	513	185	360	415	65
513	513	185	427	407	65
544	513	185	501	398	65
575	513	185	581	389	65
606	513	185	672	376	64
637	513	185	764	363	62
668	513	185	848	350	61
800	513	185	1023	271	49
924	513	185	1023	192	43
0	544	185	0	466	135
62	544	185	0	466	132
123	544	185	0	469	121
185	544	185	0	476	104
254	544	185	0	485	72
308	544	185	73	487	64
386	544	185	176	480	63
451	544	185	279	472	64
482	544	185	337	466	63
513	544	185	401	459	62
544	544	185	474	450	62
575	544	185	554	440	62
606	544	185	644	430	62
637	544	185	739	419	60
668	544	185	829	403	60
800	544	185	1023	316	49
924	544	185	1023	220	42
0	575	185	0	515	139
62	575	185	0	515	136
123	575	185	0	518	125
185	575	185	0	525	108
254	575	185	0	536	77
308	575	185	54	541	61
386	575	185	155	532	60
451	575	185	257	526	60
482	575	185	311	522	60
513	575	185	374	515	60
544	575	185	447	507	59
575	575	185	527	500	59
606	575	185	616	490	59
637	575	185	713	478	59
668	575	185	806	461	59
800	575	185	1023	368	50
924	575	185	1023	254	41
0	606	185	0	566	145
62	606	185	0	566	142
123	606	185	0	570	128
185	606	185	0	578	109
254	606	185	0	590	82
308	606	185	31	599	58
386	606	185	135	594	58
451	606	185	233	587	57
482	606	185	286	584	58
513	606	185	349	577	58
544	606	185	418	570	57
575	606	185	497	564	57
606	606	185	585	556	57
637	606	185	687	546	56
668	606	185	783	526	57
800	606	185	1023	425	49
924	606	185	1023	295	40
0	637	185	0	625	145
62	637	185	0	625	141
123	637	185	0	629	132
185	637	185	0	638	114
254	637	185	0	652	88
308	637	185	0	668	59
386	637	185	118	663	55
451	637	185	211	658	55
482	637	185	265	652	55
513	637	185	324	648	55
544	637	185	393	642	55
575	637	185	469	636	55
606	637	185	557	627	55
637	637	185	652	618	54
668	637	185	753	599	51
800	637	185	1023	488	48
924	637	185	1023	342	40
0	668	185	0	693	149
62	668	185	0	693	146
123	668	185	0	698	139
185	668	185	0	706	110
254	668	185	0	718	90
308	668	185	0	729	53
386	668	185	97	733	48
451	668	185	190	727	49
482	668	185	242	723	49
513	668	185	297	720	49
544	668	185	363	716	49
575	668	185	437	710	49
606	668	185	520	699	49
637	668	185	612	688	49
668	668	185	714	669	46
800	668	185	1023	557	47
924	668	185	1023	396	39
0	800	185	0	941	167
62	800	185	0	943	164
123	800	185	0	947	152
185	800	185	0	953	130
254	800	185	0	959	100
308	800	185	0	962	80
386	800	185	0	968	40
451	800	185	93	968	36
482	800	185	134	966	36
513	800	185	178	963	36
544	800	185	225	963	36
575	800	185	280	960	36
606	800	185	342	958	37
637	800	185	416	955	37
668	800	185	496	949	37
800	800	185	928	912	37
924	800	185	1023	760	36
0	924	185	0	1017	163
62	924	185	0	1017	160
123	924	185	0	1018	161
185	924	185	0	1019	148
254	924	185	0	1022	125
308	924	185	0	1023	100
386	924	185	0	1023	66
451	924	185	0	1023	30
482	924	185	56	1023	28
513	924	185	96	1023	28
544	924	185	140	1023	28
575	924	185	187	1023	28
606	924	185	238	1023	28
637	924	185	298	1023	29
668	924	185	367	1023	29
800	924	185	826	1023	30
924	924	185	1023	1003	30
0	0	254	0	18	172
62	0	254	0	0	182
123	0	254	69	0	178
185	0	254	120	0	159
254	0	254	180	0	148
308	0	254	231	0	138
386	0	254	318	0	136
451	0	254	407	0	131
482	0	254	459	0	130
513	0	254	516	0	129
544	0	254	577	0	127
575	0	254	644	0	125
606	0	254	717	0	123
637	0	254	790	0	118
668	0	254	852	0	118
800	0	254	1023	0	99
924	0	254	1023	0	88
0	62	254	0	38	167
62	62	254	0	28	180
123	62	254	66	24	178
185	62	254	120	12	170
254	62	254	184	0	157
308	62	254	237	0	139
386	62	254	326	0	136
451	62	254	417	0	130
482	62	254	468	0	129
513	62	254	526	0	128
544	62	254	587	0	126
575	62	254	653	0	124
606	62	254	729	0	122
637	62	254	797	0	117
668	62	254	860	0	116
800	62	254	1023	0	98
924	62	254	1023	0	87
0	123	254	0	69	153
62	123	254	0	67	165
123	123	254	56	63	173
185	123	254	111	58	166
254	123	254	180	50	156
308	123	254	238	40	146
386	123	254	340	24	135
451	123	254	448	0	127
482	123	254	500	0	125
513	123	254	559	0	123
544	123	254	620	0	121
575	123	254	692	0	119
606	123	254	764	0	117
637	123	254	827	0	114
668	123	254	889	0	113
800	123	254	1023	0	96
924	123	254	1023	0	84
0	185	254	0	106	144
62	185	254	0	106	150
123	185	254	36	104	148
185	185	254	98	100	160
254	185	254	166	91	151
308	185	254	228	83	144
386	185	254	332	71	135
451	185	254	440	60	126
482	185	254	500	53	123
513	185	254	569	47	120
544	185	254	642	41	118
575	185	254	724	35	114
606	185	254	801	28	110
637	185	254	872	17	108
668	185	254	941	0	105
800	185	254	1023	0	89
924	185	254	1023	0	77
0	254	254	0	152	144
62	254	254	0	152	145
123	254	254	0	152	147
185	254	254	73	149	145
254	254	254	144	144	144
308	254	254	209	136	146
386	254	254	316	123	137
451	254	254	427	112	126
482	254	254	486	105	122
513	254	254	555	100	120
544	254	254	627	93	116
575	254	254	710	87	113
606	254	254	790	81	110
637	254	254	861	74	107
668	254	254	931	66	104
800	254	254	1023	35	82
924	254	254	1023	35	74
0	308	254	0	192	140
62	308	254	0	192	139
123	308	254	0	193	133
185	308	254	49	194	138
254	308	254	124	191	136
308	308	254	188	186	130
386	308	254	297	172	134
451	308	254	409	159	126
482	308	254	470	153	123
513	308	254	539	146	120
544	308	254	612	139	118
575	308	254	694	132	111
606	308	254	780	124	110
637	308	254	850	117	107
668	308	254	923	109	103
800	308	254	1023	71	82
924	308	254	1023	60	73
0	386	254	0	263	154
62	386	254	0	263	152
123	386	254	0	264	143
185	386	254	0	268	123
254	386	254	88	267	125
308	386	254	152	263	125
386	386	254	260	253	120
451	386	254	374	242	125
482	386	254	437	236	120
513	386	254	507	229	118
544	386	254	581	221	116
575	386	254	663	213	113
606	386	254	751	202	110
637	386	254	827	193	106
668	386	254	902	184	105
800	386	254	1023	131	85
924	386	254	1023	100	72
0	451	254	0	336	164
62	451	254	0	337	162
123	451	254	0	338	154
185	451	254	0	344	135
254	451	254	56	348	117
308	451	254	120	344	117
386	451	254	227	336	117
451	451	254	338	327	114
482	451	254	400	319	117
513	451	254	468	311	116
544	451	254	545	305	113
575	451	254	628	295	111
606	451	254	714	283	109
637	451	254	798	271	104
668	451	254	876	261	104
800	451	254	1023	195	86
924	451	254	1023	143	71
0	482	254	0	375	164
62	482	254	0	377	161
123	482	254	0	380	157
185	482	254	0	384	139
254	482	254	36	391	114
308	482	254	105	389	114
386	482	254	211	380	113
451	482	254	316	373	112
482	482	254	379	366	111
513	482	254	447	358	109
544	482	254	523	349	111
575	482	254	605	339	108
606	482	254	692	327	106
637	482	254	779	314	101
668	482	254	861	302	100
800	482	254	1023	230	77
924	482	254	1023	165	69
0	513	254	0	417	173
62	513	254	0	419	167
123	513	254	0	422	157
185	513	254	0	428	142
254	513	254	0	437	111
308	513	254	88	435	110
386	513	254	193	428	110
451	513	254	298	420	109
482	513	254	356	415	107
513	513	254	424	407	108
544	513	254	497	399	106
575	513	254	579	389	107
606	513	254	667	375	104
637	513	254	761	364	101
668	513	254	846	350	99
800	513	254	1023	271	79
924	513	254	1023	191	67
0	544	254	0	462	179
62	544	254	0	464	175
123	544	254	0	467	161
185	544	254	0	474	147
254	544	254	0	484	113
308	544	254	70	485	106
386	544	254	174	481	106
451	544	254	277	472	106
482	544	254	333	466	105
513	544	254	397	459	103
544	544	254	470	450	103
575	544	254	550	441	102
606	544	254	641	430	103
637	544	254	737	418	99
668	544	254	826	403	98
800	544	254	1023	317	81
924	544	254	1023	219	65
0	575	254	0	512	183
62	575	254	0	512	180
123	575	254	0	516	165
185	575	254	0	523	145
254	575	254	0	534	118
308	575	254	51	541	102
386	575	254	152	532	102
451	575	254	254	526	101
482	575	254	308	522	101
513	575	254	371	515	101
544	575	254	443	508	100
575	575	254	523	498	99
606	575	254	611	490	98
637	575	254	711	479	98
668	575	254	803	462	98
800	575	254	1023	369	82
924	575	254	1023	254	65
0	606	254	0	564	185
62	606	254	0	564	183
123	606	254	0	568	171
185	606	254	0	576	151
254	606	254	0	588	123
308	606	254	26	599	98
386	606	254	133	594	98
451	606	254	231	587	98
482	606	254	284	582	98
513	606	254	347	577	97
544	606	254	417	570	97
575	606	254	493	562	96
606	606	254	582	554	95
637	606	254	682	544	95
668	606	254	781	526	95
800	606	254	1023	426	81
924	606	254	1023	294	65
0	637	254	0	623	189
62	637	254	0	623	186
123	637	254	0	627	177
185	637	254	0	636	156
254	637	254	0	650	129
308	637	254	0	666	99
386	637	254	116	663	95
451	637	254	209	658	94
482	637	254	263	652	95
513	637	254	321	648	94
544	637	254	390	642	94
575	637	254	467	633	94
606	637	254	553	628	94
637	637	254	650	618	93
668	637	254	751	599	85
800	637	254	1023	488	81
924	637	254	1023	342	64
0	668	254	0	691	192
62	668	254	0	691	190
123	668	254	0	695	181
185	668	254	0	704	143
254	668	254	0	716	131
308	668	254	0	729	88
386	668	254	95	731	88
451	668	254	188	727	87
482	668	254	239	723	88
513	668	254	295	718	88
544	668	254	361	716	88
575	668	254	434	708	87
606	668	254	518	700	88
637	668	254	607	688	86
668	668	254	712	670	79
800	668	254	1023	558	80
924	668	254	1023	396	64
0	800	254	0	938	194
62	800	254	0	940	191
123	800	254	0	945	176
185	800	254	0	951	193
254	800	254	0	959	134
308	800	254	0	962	108
386	800	254	0	968	74
451	800	254	91	967	69
482	800	254	132	964	68
513	800	254	176	963	69
544	800	254	223	963	69
575	800	254	278	960	69
606	800	254	341	958	69
637	800	254	414	955	69
668	800	254	494	949	69
800	800	254	927	911	67
924	800	254	1023	760	63
0	924	254	0	1016	211
62	924	254	0	1016	208
123	924	254	0	1017	200
185	924	254	0	1019	184
254	924	254	0	1022	158
308	924	254	0	1023	137
386	924	254	0	1023	98
451	924	254	0	1023	62
482	924	254	54	1023	59
513	924	254	94	1023	59
544	924	254	139	1023	59
575	924	254	185	1023	60
606	924	254	237	1023	60
637	924	254	295	1023	60
668	924	254	365	1023	60
800	924	254	823	1023	61
924	924	254	1023	1004	61
0	0	308	0	19	218
62	0	308	0	0	235
123	0	308	62	0	230
185	0	308	115	0	210
254	0	308	176	0	196
308	0	308	228	0	183
386	0	308	317	0	175
451	0	308	406	0	169
482	0	308	456	0	171
513	0	308	512	0	168
544	0	308	575	0	166
575	0	308	640	0	163
606	0	308	714	0	161
637	0	308	785	0	157
668	0	308	849	0	155
800	0	308	1023	0	134
924	0	308	1023	0	113
0	62	308	0	37	212
62	62	308	0	29	232
123	62	308	58	21	234
185	62	308	113	0	227
254	62	308	179	0	203
308	62	308	233	0	187
386	62	308	324	0	176
451	62	308	415	0	170
482	62	308	465	0	171
513	62	308	522	0	167
544	62	308	585	0	165
575	62	308	651	0	163
606	62	308	724	0	161
637	62	308	794	0	156
668	62	308	857	0	154
800	62	308	1023	0	133
924	62	308	1023	0	112
0	123	308	0	68	197
62	123	308	0	65	212
123	123	308	48	60	229
185	123	308	105	57	224
254	123	308	174	48	211
308	123	308	234	39	199
386	123	308	338	23	184
451	123	308	442	0	174
482	123	308	496	0	169
513	123	308	555	0	165
544	123	308	618	0	161
575	123	308	687	0	160
606	123	308	760	0	157
637	123	308	824	0	153
668	123	308	886	0	151
800	123	308	1023	0	128
924	123	308	1023	0	107
0	185	308	0	106	181
62	185	308	0	105	190
123	185	308	27	103	201
185	185	308	92	98	215
254	185	308	161	90	205
308	185	308	224	82	197
386	185	308	329	70	182
451	185	308	436	59	173
482	185	308	496	53	168
513	185	308	565	46	164
544	185	308	640	41	159
575	185	308	721	34	155
606	185	308	798	27	150
637	185	308	869	16	146
668	185	308	937	0	142
800	185	308	1023	0	120
924	185	308	1023	0	100
0	254	308	0	150	177
62	254	308	0	150	180
123	254	308	0	150	194
185	254	308	69	148	189
254	254	308	140	142	197
308	254	308	205	136	191
386	254	308	313	123	181
451	254	308	422	111	171
482	254	308	484	105	167
513	254	308	552	99	163
544	254	308	625	93	158
575	254	308	708	87	154
606	254	308	788	80	149
637	254	308	859	73	145
668	254	308	929	66	141
800	254	308	1023	35	111
924	254	308	1023	34	96
0	308	308	0	192	180
62	308	308	0	192	181
123	308	308	0	192	183
185	308	308	44	193	188
254	308	308	120	190	187
308	308	308	185	185	185
386	308	308	294	171	183
451	308	308	406	159	171
482	308	308	468	152	166
513	308	308	536	146	162
544	308	308	610	139	158
575	308	308	692	131	154
606	308	308	778	123	148
637	308	308	848	116	145
668	308	308	921	109	141
800	308	308	1023	71	112
924	308	308	1023	60	96
0	386	308	0	260	182
62	386	308	0	261	181
123	386	308	0	264	176
185	386	308	0	267	166
254	386	308	85	266	172
308	386	308	149	261	170
386	386	308	257	253	165
451	386	308	370	242	171
482	386	308	434	235	165
513	386	308	505	229	162
544	386	308	579	221	159
575	386	308	661	212	155
606	386	308	748	202	152
637	386	308	825	193	144
668	386	308	900	184	143
800	386	308	1023	132	111
924	386	308	1023	100	94
0	451	308	0	334	197
62	451	308	0	336	195
123	451	308	0	337	190
185	451	308	0	342	175
254	451	308	52	348	161
308	451	308	118	344	161
386	451	308	225	336	161
451	451	308	335	326	157
482	451	308	399	319	161
513	451	308	464	311	160
544	451	308	540	304	154
575	451	308	626	294	152
606	451	308	712	283	149
637	451	308	796	271	142
668	451	308	874	260	141
800	451	308	1023	196	117
924	451	308	1023	143	92
0	482	308	0	374	205
62	482	308	0	375	199
123	482	308	0	378	193
185	482	308	0	382	178
254	482	308	31	391	157
308	482	308	103	387	157
386	482	308	209	380	157
451	482	308	314	370	154
482	482	308	376	365	152
513	482	308	445	357	155
544	482	308	519	349	153
575	482	308	600	340	148
606	482	308	690	327	145
637	482	308	777	314	138
668	482	308	859	302	137
800	482	308	1023	230	105
924	482	308	1023	164	92
0	513	308	0	416	211
62	513	308	0	417	205
123	513	308	0	420	197
185	513	308	0	426	182
254	513	308	0	437	154
308	513	308	86	435	151
386	513	308	191	428	150
451	513	308	295	419	150
482	513	308	353	415	150
513	513	308	422	407	147
544	513	308	494	399	145
575	513	308	577	387	148
606	513	308	665	375	143
637	513	308	757	363	137
668	513	308	844	350	136
800	513	308	1023	272	109
924	513	308	1023	191	90
0	544	308	0	462	215
62	544	308	0	462	213
123	544	308	0	466	201
185	544	308	0	472	185
254	544	308	0	484	154
308	544	308	67	485	147
386	544	308	172	479	146
451	544	308	275	471	146
482	544	308	330	466	145
513	544	308	395	459	143
544	544	308	469	451	142
575	544	308	548	441	140
606	544	308	639	430	142
637	544	308	734	418	137
668	544	308	824	404	136
800	544	308	1023	318	111
924	544	308	1023	219	88
0	575	308	0	509	220
62	575	308	0	509	217
123	575	308	0	513	204
185	575	308	0	520	188
254	575	308	0	533	158
308	575	308	48	541	142
386	575	308	150	532	141
451	575	308	252	526	140
482	575	308	307	520	139
513	575	308	370	515	139
544	575	308	441	508	138
575	575	308	520	498	137
606	575	308	609	490	135
637	575	308	708	479	137
668	575	308	801	460	134
800	575	308	1023	369	113
924	575	308	1023	255	88
0	606	308	0	563	215
62	606	308	0	563	219
123	606	308	0	566	212
185	606	308	0	574	192
254	606	308	0	588	163
308	606	308	21	599	136
386	606	308	131	592	136
451	606	308	229	587	136
482	606	308	283	582	136
513	606	308	344	577	135
544	606	308	413	570	134
575	606	308	491	562	134
606	606	308	580	553	133
637	606	308	679	544	132
668	606	308	778	527	132
800	606	308	1023	427	112
924	606	308	1023	295	88
0	637	308	0	621	220
62	637	308	0	621	218
123	637	308	0	625	209
185	637	308	0	634	195
254	637	308	0	647	169
308	637	308	0	663	139
386	637	308	113	663	132
451	637	308	207	655	131
482	637	308	261	652	132
513	637	308	318	648	132
544	637	308	388	642	132
575	637	308	463	634	131
606	637	308	551	625	129
637	637	308	648	616	129
668	637	308	749	598	118
800	637	308	1023	488	112
924	637	308	1023	342	88
0	668	308	0	689	226
62	668	308	0	689	224
123	668	308	0	693	216
185	668	308	0	702	197
254	668	308	0	714	160
308	668	308	0	727	120
386	668	308	93	731	124
451	668	308	186	727	123
482	668	308	237	723	123
513	668	308	294	718	123
544	668	308	358	716	123
575	668	308	433	708	123
606	668	308	514	698	123
637	668	308	605	689	120
668	668	308	709	670	111
800	668	308	1023	558	111
924	668	308	1023	396	88
0	800	308	0	934	258
62	800	308	0	936	255
123	800	308	0	941	242
185	800	308	0	947	217
254	800	308	0	958	163
308	800	308	0	961	147
386	800	308	0	968	106
451	800	308	89	967	98
482	800	308	131	964	97
513	800	308	173	963	97
544	800	308	221	963	98
575	800	308	277	960	98
606	800	308	339	958	98
637	800	308	410	955	98
668	800	308	492	949	97
800	800	308	926	911	96
924	800	308	1023	760	88
0	924	308	0	1015	245
62	924	308	0	1016	244
123	924	308	0	1016	234
185	924	308	0	1018	216
254	924	308	0	1021	202
308	924	308	0	1023	171
386	924	308	0	1023	130
451	924	308	0	1023	90
482	924	308	52	1023	86
513	924	308	94	1023	86
544	924	308	137	1023	86
575	924	308	184	1023	87
606	924	308	235	1023	87
637	924	308	294	1023	87
668	924	308	362	1023	88
800	924	308	823	1023	89
924	924	308	1023	1004	88
0	0	386	0	16	296
62	0	386	0	0	313
123	0	386	55	0	318
185	0	386	107	0	295
254	0	386	167	0	280
308	0	386	222	0	264
386	0	386	312	0	250
451	0	386	401	0	246
482	0	386	453	0	237
513	0	386	509	0	235
544	0	386	569	0	231
575	0	386	637	0	226
606	0	386	708	0	223
637	0	386	783	0	223
668	0	386	845	0	219
800	0	386	1023	0	189
924	0	386	1023	0	155
0	62	386	0	34	291
62	62	386	0	28	309
123	62	386	45	14	333
185	62	386	101	0	325
254	62	386	167	0	293
308	62	386	226	0	272
386	62	386	318	0	255
451	62	386	408	0	245
482	62	386	461	0	239
513	62	386	516	0	236
544	62	386	579	0	232
575	62	386	646	0	227
606	62	386	717	0	223
637	62	386	790	0	222
668	62	386	853	0	218
800	62	386	1023	0	188
924	62	386	1023	0	154
0	123	386	0	66	275
62	123	386	0	63	290
123	123	386	33	56	328
185	123	386	95	52	320
254	123	386	163	45	305
308	123	386	226	37	293
386	123	386	331	20	272
451	123	386	435	0	256
482	123	386	490	0	248
513	123	386	548	0	243
544	123	386	612	0	237
575	123	386	680	0	230
606	123	386	755	0	226
637	123	386	818	0	221
668	123	386	880	0	217
800	123	386	1023	0	184
924	123	386	1023	0	150
0	185	386	0	104	253
62	185	386	0	102	265
123	185	386	0	97	312
185	185	386	82	93	308
254	185	386	152	87	299
308	185	386	216	81	291
386	185	386	323	69	272
451	185	386	430	57	257
482	185	386	492	51	250
513	185	386	559	45	244
544	185	386	633	40	238
575	185	386	715	33	230
606	185	386	794	25	224
637	185	386	865	12	218
668	185	386	931	0	211
800	185	386	1023	0	174
924	185	386	1023	0	143
0	254	386	0	148	240
62	254	386	0	148	246
123	254	386	0	148	273
185	254	386	59	145	281
254	254	386	132	139	289
308	254	386	197	134	282
386	254	386	308	121	267
451	254	386	417	110	254
482	254	386	477	104	248
513	254	386	546	99	243
544	254	386	620	92	236
575	254	386	700	86	231
606	254	386	784	79	223
637	254	386	855	72	217
668	254	386	925	66	210
800	254	386	1023	34	165
924	254	386	1023	32	137
0	308	386	0	189	236
62	308	386	0	190	239
123	308	386	0	191	254
185	308	386	34	191	259
254	308	386	114	188	258
308	308	386	178	182	274
386	308	386	287	169	261
451	308	386	400	159	253
482	308	386	462	151	248
513	308	386	530	145	242
544	308	386	605	138	236
575	308	386	687	130	231
606	308	386	769	123	221
637	308	386	843	116	215
668	308	386	916	108	209
800	308	386	1023	71	167
924	308	386	1023	58	137
0	386	386	0	258	242
62	386	386	0	259	244
123	386	386	0	261	247
185	386	386	0	265	253
254	386	386	79	264	256
308	386	386	144	260	254
386	386	386	252	252	252
451	386	386	365	241	254
482	386	386	427	235	252
513	386	386	499	228	241
544	386	386	572	220	234
575	386	386	654	212	228
606	386	386	741	201	221
637	386	386	820	192	214
668	386	386	895	183	209
800	386	386	1023	132	168
924	386	386	1023	98	136
0	451	386	0	333	253
62	451	386	0	333	253
123	451	386	0	335	247
185	451	386	0	341	244
254	451	386	45	345	243
308	451	386	112	342	242
386	451	386	220	335	241
451	451	386	330	325	237
482	451	386	390	318	243
513	451	386	459	310	240
544	451	386	536	302	233
575	451	386	617	293	228
606	451	386	706	282	223
637	451	386	790	271	213
668	451	386	868	260	212
800	451	386	1023	195	169
924	451	386	1023	141	134
0	482	386	0	372	261
62	482	386	0	374	259
123	482	386	0	377	250
185	482	386	0	381	243
254	482	386	20	391	237
308	482	386	98	387	238
386	482	386	203	379	234
451	482	386	310	370	233
482	482	386	370	363	229
513	482	386	439	356	233
544	482	386	515	349	230
575	482	386	596	338	223
606	482	386	685	326	218
637	482	386	771	315	208
668	482	386	854	303	206
800	482	386	1023	230	158
924	482	386	1023	164	133
0	513	386	0	414	266
62	513	386	0	415	266
123	513	386	0	418	255
185	513	386	0	424	247
254	513	386	0	434	232
308	513	386	80	432	229
386	513	386	186	426	228
451	513	386	290	419	227
482	513	386	349	412	225
513	513	386	417	406	222
544	513	386	488	398	226
575	513	386	571	388	224
606	513	386	657	374	215
637	513	386	753	363	208
668	513	386	839	350	206
800	513	386	1023	272	162
924	513	386	1023	190	131
0	544	386	0	461	271
62	544	386	0	461	271
123	544	386	0	464	264
185	544	386	0	470	249
254	544	386	0	479	227
308	544	386	62	484	224
386	544	386	166	478	223
451	544	386	270	471	221
482	544	386	326	465	219
513	544	386	391	456	218
544	544	386	463	449	215
575	544	386	544	440	219
606	544	386	632	429	215
637	544	386	730	419	206
668	544	386	820	403	205
800	544	386	1023	317	166
924	544	386	1023	219	130
0	575	386	0	507	278
62	575	386	0	507	276
123	575	386	0	510	271
185	575	386	0	517	250
254	575	386	0	528	228
308	575	386	41	537	215
386	575	386	146	531	214
451	575	386	247	526	213
482	575	386	301	521	212
513	575	386	365	513	212
544	575	386	436	508	211
575	575	386	514	499	207
606	575	386	605	488	205
637	575	386	703	477	208
668	575	386	796	461	202
800	575	386	1023	369	169
924	575	386	1023	254	131
0	606	386	0	559	280
62	606	386	0	559	279
123	606	386	0	562	272
185	606	386	0	570	253
254	606	386	0	583	231
308	606	386	0	599	208
386	606	386	127	592	208
451	606	386	224	585	206
482	606	386	278	582	206
513	606	386	339	575	206
544	606	386	408	570	205
575	606	386	485	562	203
606	606	386	575	554	202
637	606	386	674	545	200
668	606	386	774	527	201
800	606	386	1023	426	169
924	606	386	1023	295	131
0	637	386	0	619	283
62	637	386	0	619	282
123	637	386	0	623	276
185	637	386	0	631	257
254	637	386	0	645	234
308	637	386	0	661	205
386	637	386	109	661	202
451	637	386	203	655	201
482	637	386	257	652	201
513	637	386	314	645	201
544	637	386	383	642	201
575	637	386	460	633	200
606	637	386	545	626	198
637	637	386	643	617	197
668	637	386	744	598	177
800	637	386	1023	489	171
924	637	386	1023	343	131
0	668	386	0	686	283
62	668	386	0	686	281
123	668	386	0	691	280
185	668	386	0	700	263
254	668	386	0	712	221
308	668	386	0	725	180
386	668	386	89	731	193
451	668	386	182	727	192
482	668	386	233	722	192
513	668	386	289	718	192
544	668	386	354	714	192
575	668	386	427	708	190
606	668	386	510	698	191
637	668	386	601	686	187
668	668	386	705	669	170
800	668	386	1023	559	169
924	668	386	1023	396	132
0	800	386	0	934	294
62	800	386	0	934	291
123	800	386	0	938	270
185	800	386	0	943	300
254	800	386	0	954	220
308	800	386	0	958	206
386	800	386	0	967	162
451	800	386	86	967	153
482	800	386	127	964	153
513	800	386	170	963	153
544	800	386	219	962	154
575	800	386	273	960	154
606	800	386	335	958	153
637	800	386	406	955	153
668	800	386	488	949	151
800	800	386	925	911	147
924	800	386	1023	766	135
0	924	386	0	1015	304
62	924	386	0	1015	302
123	924	386	0	1016	291
185	924	386	0	1017	289
254	924	386	0	1021	260
308	924	386	0	1023	231
386	924	386	0	1023	187
451	924	386	0	1023	142
482	924	386	48	1023	136
513	924	386	90	1023	136
544	924	386	135	1023	136
575	924	386	181	1023	137
606	924	386	232	1023	137
637	924	386	290	1023	137
668	924	386	359	1023	137
800	924	386	817	1023	140
924	924	386	1023	1005	137
0	0	451	0	15	365
62	0	451	0	0	381
123	0	451	47	0	392
185	0	451	98	0	377
254	0	451	160	0	364
308	0	451	215	0	346
386	0	451	307	0	330
451	0	451	397	0	323
482	0	451	449	0	318
513	0	451	503	0	308
544	0	451	567	0	303
575	0	451	631	0	298
606	0	451	705	0	290
637	0	451	779	0	264
668	0	451	843	0	265
800	0	451	1023	0	246
924	0	451	1023	0	201
0	62	451	0	33	361
62	62	451	0	28	376
123	62	451	27	0	420
185	62	451	88	0	416
254	62	451	157	0	382
308	62	451	217	0	360
386	62	451	311	0	339
451	62	451	403	0	324
482	62	451	455	0	317
513	62	451	511	0	312
544	62	451	575	0	305
575	62	451	642	0	299
606	62	451	715	0	292
637	62	451	786	0	265
668	62	451	851	0	266
800	62	451	1023	0	245
924	62	451	1023	0	199
0	123	451	0	64	343
62	123	451	0	61	361
123	123	451	0	52	416
185	123	451	82	48	412
254	123	451	151	42	402
308	123	451	216	34	389
386	123	451	323	16	370
451	123	451	426	0	345
482	123	451	481	0	330
513	123	451	542	0	322
544	123	451	604	0	315
575	123	451	673	0	307
606	123	451	748	0	298
637	123	451	814	0	267
668	123	451	876	0	268
800	123	451	1023	0	240
924	123	451	1023	0	195
0	185	451	0	101	319
62	185	451	0	99	333
123	185	451	0	93	391
185	185	451	71	89	406
254	185	451	141	84	400
308	185	451	206	78	386
386	185	451	315	67	366
451	185	451	424	56	347
482	185	451	485	50	338
513	185	451	553	44	333
544	185	451	626	38	322
575	185	451	708	31	313
606	185	451	790	23	299
637	185	451	861	8	293
668	185	451	925	0	284
800	185	451	1023	0	232
924	185	451	1023	0	186
0	254	451	0	146	302
62	254	451	0	146	312
123	254	451	0	144	350
185	254	451	49	141	378
254	254	451	125	136	385
308	254	451	188	131	379
386	254	451	298	120	363
451	254	451	408	109	346
482	254	451	470	103	338
513	254	451	539	97	331
544	254	451	613	92	320
575	254	451	695	85	312
606	254	451	778	79	300
637	254	451	849	72	291
668	254	451	920	65	289
800	254	451	1023	33	224
924	254	451	1023	31	180
0	308	451	0	189	290
62	308	451	0	189	297
123	308	451	0	189	324
185	308	451	18	189	354
254	308	451	107	184	352
308	308	451	170	179	369
386	308	451	280	168	356
451	308	451	393	157	343
482	308	451	455	150	335
513	308	451	524	144	327
544	308	451	598	137	321
575	308	451	679	129	313
606	308	451	765	122	301
637	308	451	839	115	292
668	308	451	912	108	284
800	308	451	1023	70	229
924	308	451	1023	57	180
0	386	451	0	257	296
62	386	451	0	257	300
123	386	451	0	259	311
185	386	451	0	262	334
254	386	451	72	262	333
308	386	451	137	259	332
386	386	451	247	250	344
451	386	451	358	240	334
482	386	451	422	234	330
513	386	451	491	227	322
544	386	451	564	218	316
575	386	451	647	211	310
606	386	451	736	201	301
637	386	451	816	191	292
668	386	451	891	183	284
800	386	451	1023	131	228
924	386	451	1023	98	179
0	451	451	0	330	322
62	451	451	0	331	311
123	451	451	0	334	314
185	451	451	0	338	321
254	451	451	37	343	331
308	451	451	107	341	330
386	451	451	215	333	327
451	451	451	324	324	324
482	451	451	385	317	330
513	451	451	453	310	327
544	451	451	528	301	320
575	451	451	612	292	308
606	451	451	698	282	303
637	451	451	786	269	288
668	451	451	864	259	281
800	451	451	1023	195	229
924	451	451	1023	140	177
0	482	451	0	372	321
62	482	451	0	372	321
123	482	451	0	374	315
185	482	451	0	378	318
254	482	451	0	388	323
308	482	451	92	385	323
386	482	451	198	378	319
451	482	451	305	367	315
482	482	451	365	362	311
513	482	451	434	355	315
544	482	451	509	348	312
575	482	451	589	337	308
606	482	451	676	327	297
637	482	451	767	314	281
668	482	451	850	301	278
800	482	451	1023	230	229
924	482	451	1023	163	175
0	513	451	0	412	316
62	513	451	0	412	316
123	513	451	0	415	317
185	513	451	0	421	310
254	513	451	0	431	313
308	513	451	73	432	311
386	513	451	180	425	310
451	513	451	287	416	310
482	513	451	344	412	307
513	513	451	412	406	303
544	513	451	483	397	308
575	513	451	565	386	303
606	513	451	652	375	294
637	513	451	746	362	280
668	513	451	834	349	277
800	513	451	1023	272	220
924	513	451	1023	189	174
0	544	451	0	459	325
62	544	451	0	460	325
123	544	451	0	462	323
185	544	451	0	468	310
254	544	451	0	478	301
308	544	451	56	483	305
386	544	451	161	476	303
451	544	451	265	468	301
482	544	451	321	464	299
513	544	451	385	457	297
544	544	451	457	449	292
575	544	451	538	440	297
606	544	451	625	430	293
637	544	451	723	418	280
668	544	451	812	403	278
800	544	451	1023	318	226
924	544	451	1023	219	174
0	575	451	0	506	332
62	575	451	0	507	332
123	575	451	0	510	328
185	575	451	0	515	313
254	575	451	0	526	298
308	575	451	34	536	293
386	575	451	141	531	293
451	575	451	242	523	291
482	575	451	296	518	290
513	575	451	360	513	288
544	575	451	429	504	286
575	575	451	510	497	283
606	575	451	597	487	287
637	575	451	696	478	283
668	575	451	792	460	275
800	575	451	1023	370	230
924	575	451	1023	255	174
0	606	451	0	556	338
62	606	451	0	558	338
123	606	451	0	562	334
185	606	451	0	567	316
254	606	451	0	579	299
308	606	451	0	594	284
386	606	451	123	591	283
451	606	451	220	583	281
482	606	451	273	578	281
513	606	451	335	575	280
544	606	451	403	568	280
575	606	451	481	560	279
606	606	451	568	552	276
637	606	451	669	543	278
668	606	451	769	526	274
800	606	451	1023	426	232
924	606	451	1023	295	175
0	637	451	0	616	337
62	637	451	0	618	335
123	637	451	0	623	329
185	637	451	0	629	321
254	637	451	0	643	303
308	637	451	0	659	278
386	637	451	104	661	275
451	637	451	199	655	275
482	637	451	253	649	274
513	637	451	310	645	275
544	637	451	378	640	274
575	637	451	454	631	273
606	637	451	537	626	272
637	637	451	636	617	268
668	637	451	739	599	242
800	637	451	1023	488	233
924	637	451	1023	343	177
0	668	451	0	684	345
62	668	451	0	686	343
123	668	451	0	691	338
185	668	451	0	698	327
254	668	451	0	710	294
308	668	451	0	723	245
386	668	451	85	731	264
451	668	451	178	725	264
482	668	451	229	722	264
513	668	451	285	716	265
544	668	451	350	714	265
575	668	451	422	706	263
606	668	451	502	697	260
637	668	451	594	686	258
668	668	451	699	670	232
800	668	451	1023	556	231
924	668	451	1023	398	179
0	800	451	0	932	385
62	800	451	0	932	381
123	800	451	0	936	365
185	800	451	0	943	333
254	800	451	0	953	286
308	800	451	0	956	256
386	800	451	0	963	211
451	800	451	82	964	212
482	800	451	124	963	211
513	800	451	166	963	211
544	800	451	215	962	211
575	800	451	270	960	211
606	800	451	331	958	210
637	800	451	402	954	209
668	800	451	482	949	209
800	800	451	924	911	202
924	800	451	1023	766	184
0	924	451	0	1015	375
62	924	451	0	1015	371
123	924	451	0	1016	362
185	924	451	0	1017	345
254	924	451	0	1020	333
308	924	451	0	1023	291
386	924	451	0	1023	243
451	924	451	0	1023	196
482	924	451	45	1023	187
513	924	451	88	1023	187
544	924	451	131	1023	188
575	924	451	178	1023	189
606	924	451	229	1023	190
637	924	451	286	1023	190
668	924	451	355	1023	191
800	924	451	811	1023	194
924	924	451	1023	1006	191
0	0	482	0	17	399
62	0	482	0	0	415
123	0	482	44	0	433
185	0	482	93	0	425
254	0	482	155	0	408
308	0	482	212	0	395
386	0	482	304	0	377
451	0	482	394	0	364
482	0	482	446	0	359
513	0	482	501	0	352
544	0	482	564	0	344
575	0	482	631	0	338
606	0	482	703	0	331
637	0	482	777	0	306
668	0	482	840	0	304
800	0	482	1023	0	283
924	0	482	1023	0	225
0	62	482	0	33	397
62	62	482	0	28	412
123	62	482	13	0	471
185	62	482	83	0	462
254	62	482	152	0	431
308	62	482	212	0	409
386	62	482	308	0	385
451	62	482	400	0	367
482	62	482	452	0	360
513	62	482	511	0	353
544	62	482	572	0	347
575	62	482	640	0	340
606	62	482	712	0	332
637	62	482	785	0	306
668	62	482	847	0	305
800	62	482	1023	0	282
924	62	482	1023	0	223
0	123	482	0	62	385
62	123	482	0	60	401
123	123	482	0	50	462
185	123	482	77	46	463
254	123	482	145	40	456
308	123	482	209	32	443
386	123	482	318	13	422
451	123	482	421	0	395
482	123	482	476	0	377
513	123	482	537	0	369
544	123	482	602	0	358
575	123	482	671	0	350
606	123	482	744	0	340
637	123	482	810	0	307
668	123	482	873	0	306
800	123	482	1023	0	275
924	123	482	1023	0	218
0	185	482	0	99	364
62	185	482	0	97	379
123	185	482	0	91	433
185	185	482	66	86	458
254	185	482	136	82	451
308	185	482	200	77	440
386	185	482	309	66	418
451	185	482	419	55	399
482	185	482	479	49	389
513	185	482	549	43	383
544	185	482	624	37	370
575	185	482	704	31	360
606	185	482	784	22	345
637	185	482	857	0	335
668	185	482	922	0	327
800	185	482	1023	0	265
924	185	482	1023	0	209
0	254	482	0	146	345
62	254	482	0	144	355
123	254	482	0	142	382
185	254	482	44	139	445
254	254	482	120	134	441
308	254	482	184	130	437
386	254	482	293	119	415
451	254	482	406	108	397
482	254	482	465	103	387
513	254	482	536	97	379
544	254	482	609	91	369
575	254	482	692	85	359
606	254	482	774	78	345
637	254	482	847	71	336
668	254	482	918	64	332
800	254	482	1023	33	257
924	254	482	1023	30	203
0	308	482	0	188	334
62	308	482	0	188	341
123	308	482	0	189	372
185	308	482	0	187	404
254	308	482	103	183	403
308	308	482	165	177	421
386	308	482	275	167	407
451	308	482	389	156	395
482	308	482	451	150	386
513	308	482	519	144	378
544	308	482	595	136	369
575	308	482	676	130	360
606	308	482	763	123	345
637	308	482	836	115	336
668	308	482	910	107	326
800	308	482	1023	70	263
924	308	482	1023	56	202
0	386	482	0	256	332
62	386	482	0	256	336
123	386	482	0	258	333
185	386	482	0	260	370
254	386	482	69	261	381
308	386	482	134	257	381
386	386	482	244	250	394
451	386	482	356	238	385
482	386	482	418	234	381
513	386	482	485	226	373
544	386	482	561	218	364
575	386	482	644	210	356
606	386	482	733	201	346
637	386	482	812	192	336
668	386	482	889	183	326
800	386	482	1023	130	262
924	386	482	1023	97	202
0	451	482	0	330	342
62	451	482	0	331	340
123	451	482	0	332	344
185	451	482	0	337	358
254	451	482	32	342	379
308	451	482	104	339	379
386	451	482	212	333	376
451	451	482	320	322	373
482	451	482	381	317	369
513	451	482	450	308	365
544	451	482	524	301	359
575	451	482	608	292	351
606	451	482	695	280	342
637	451	482	781	270	332
668	451	482	862	259	324
800	451	482	1023	195	265
924	451	482	1023	139	201
0	482	482	0	372	347
62	482	482	0	372	349
123	482	482	0	374	346
185	482	482	0	378	356
254	482	482	0	387	371
308	482	482	89	385	372
386	482	482	196	376	368
451	482	482	302	368	364
482	482	482	361	361	361
513	482	482	429	355	365
544	482	482	503	348	360
575	482	482	587	337	355
606	482	482	673	325	341
637	482	482	765	314	323
668	482	482	848	302	323
800	482	482	1023	231	264
924	482	482	1023	162	199
0	513	482	0	412	356
62	513	482	0	412	356
123	513	482	0	415	350
185	513	482	0	420	353
254	513	482	0	430	358
308	513	482	71	430	360
386	513	482	178	424	358
451	513	482	282	416	355
482	513	482	341	411	353
513	513	482	408	405	348
544	513	482	480	395	354
575	513	482	561	387	351
606	513	482	649	375	344
637	513	482	744	363	324
668	513	482	830	349	321
800	513	482	1023	271	265
924	513	482	1023	188	197
0	544	482	0	458	360
62	544	482	0	457	362
123	544	482	0	460	362
185	544	482	0	467	353
254	544	482	0	477	353
308	544	482	53	481	349
386	544	482	158	476	349
451	544	482	262	468	348
482	544	482	318	461	345
513	544	482	382	456	342
544	544	482	455	449	337
575	544	482	534	440	342
606	544	482	623	428	338
637	544	482	720	417	327
668	544	482	810	401	319
800	544	482	1023	318	260
924	544	482	1023	219	199
0	575	482	0	506	358
62	575	482	0	507	358
123	575	482	0	509	358
185	575	482	0	515	344
254	575	482	0	526	339
308	575	482	30	534	339
386	575	482	139	530	338
451	575	482	239	522	335
482	575	482	294	517	334
513	575	482	357	513	332
544	575	482	425	504	330
575	575	482	504	496	326
606	575	482	595	487	331
637	575	482	693	478	326
668	575	482	790	460	318
800	575	482	1023	368	263
924	575	482	1023	254	200
0	606	482	0	556	365
62	606	482	0	558	365
123	606	482	0	560	363
185	606	482	0	567	347
254	606	482	0	579	337
308	606	482	0	594	330
386	606	482	121	589	326
451	606	482	216	583	325
482	606	482	271	578	325
513	606	482	332	575	323
544	606	482	401	568	321
575	606	482	478	561	319
606	606	482	566	552	317
637	606	482	664	543	322
668	606	482	767	526	315
800	606	482	1023	427	266
924	606	482	1023	296	201
0	637	482	0	615	371
62	637	482	0	617	371
123	637	482	0	621	367
185	637	482	0	628	356
254	637	482	0	642	340
308	637	482	0	659	320
386	637	482	102	660	317
451	637	482	197	653	316
482	637	482	250	649	315
513	637	482	308	643	315
544	637	482	375	639	314
575	637	482	450	632	314
606	637	482	536	624	312
637	637	482	634	615	309
668	637	482	737	595	311
800	637	482	1023	489	267
924	637	482	1023	343	202
0	668	482	0	684	373
62	668	482	0	686	372
123	668	482	0	688	368
185	668	482	0	698	366
254	668	482	0	710	319
308	668	482	0	721	277
386	668	482	83	729	300
451	668	482	176	725	300
482	668	482	227	722	300
513	668	482	283	716	299
544	668	482	347	714	301
575	668	482	420	706	299
606	668	482	501	695	297
637	668	482	591	686	295
668	668	482	694	671	266
800	668	482	1023	557	265
924	668	482	1023	399	203
0	800	482	0	932	389
62	800	482	0	932	384
123	800	482	0	936	367
185	800	482	0	942	341
254	800	482	0	953	318
308	800	482	0	956	284
386	800	482	0	963	244
451	800	482	80	964	241
482	800	482	122	963	241
513	800	482	165	963	241
544	800	482	213	962	241
575	800	482	267	960	241
606	800	482	328	958	241
637	800	482	400	953	241
668	800	482	480	949	241
800	800	482	923	911	233
924	800	482	1023	769	210
0	924	482	0	1014	401
62	924	482	0	1015	399
123	924	482	0	1016	389
185	924	482	0	1017	373
254	924	482	0	1020	362
308	924	482	0	1023	326
386	924	482	0	1023	275
451	924	482	0	1023	226
482	924	482	43	1023	215
513	924	482	86	1023	216
544	924	482	130	1023	216
575	924	482	176	1023	217
606	924	482	227	1023	217
637	924	482	285	1023	219
668	924	482	353	1023	220
800	924	482	808	1023	222
924	924	482	1023	1007	220
0	0	513	0	18	437
62	0	513	0	7	454
123	0	513	40	0	478
185	0	513	90	0	469
254	0	513	151	0	456
308	0	513	207	0	444
386	0	513	301	0	424
451	0	513	391	0	410
482	0	513	442	0	404
513	0	513	500	0	398
544	0	513	561	0	389
575	0	513	628	0	382
606	0	513	702	0	374
637	0	513	774	0	350
668	0	513	839	0	347
800	0	513	1023	0	276
924	0	513	1023	0	252
0	62	513	0	33	433
62	62	513	0	29	451
123	62	513	0	0	522
185	62	513	79	0	511
254	62	513	147	0	482
308	62	513	206	0	461
386	62	513	303	0	435
451	62	513	396	0	419
482	62	513	449	0	408
513	62	513	507	0	400
544	62	513	569	0	392
575	62	513	636	0	385
606	62	513	709	0	377
637	62	513	782	0	350
668	62	513	845	0	347
800	62	513	1023	0	276
924	62	513	1023	0	250
0	123	513	0	61	420
62	123	513	0	59	438
123	123	513	0	50	505
185	123	513	70	44	521
254	123	513	139	38	514
308	123	513	203	31	501
386	123	513	310	9	479
451	123	513	416	0	444
482	123	513	470	0	430
513	123	513	531	0	420
544	123	513	596	0	406
575	123	513	668	0	398
606	123	513	741	0	386
637	123	513	807	0	351
668	123	513	871	0	349
800	123	513	1023	0	275
924	123	513	1023	0	244
0	185	513	0	97	396
62	185	513	0	96	413
123	185	513	0	90	478
185	185	513	59	84	515
254	185	513	131	80	509
308	185	513	195	75	501
386	185	513	303	65	476
451	185	513	414	54	457
482	185	513	475	48	446
513	185	513	545	42	438
544	185	513	617	37	424
575	185	513	700	30	412
606	185	513	782	21	399
637	185	513	853	0	384
668	185	513	918	0	373
800	185	513	1023	0	303
924	185	513	1023	0	236
0	254	513	0	144	376
62	254	513	0	144	389
123	254	513	0	142	439
185	254	513	37	135	503
254	254	513	115	132	501
308	254	513	179	127	492
386	254	513	288	117	473
451	254	513	401	107	454
482	254	513	462	102	444
513	254	513	530	97	436
544	254	513	604	90	424
575	254	513	686	84	413
606	254	513	771	78	395
637	254	513	845	71	385
668	254	513	916	64	380
800	254	513	1023	32	294
924	254	513	1023	29	228
0	308	513	0	188	356
62	308	513	0	187	366
123	308	513	0	188	411
185	308	513	0	183	480
254	308	513	98	179	481
308	308	513	161	174	480
386	308	513	270	166	466
451	308	513	384	154	451
482	308	513	445	149	441
513	308	513	514	143	433
544	308	513	589	136	422
575	308	513	671	129	412
606	308	513	758	121	399
637	308	513	833	114	385
668	308	513	905	106	376
800	308	513	1023	70	301
924	308	513	1023	55	228
0	386	513	0	256	359
62	386	513	0	256	366
123	386	513	0	257	386
185	386	513	0	260	416
254	386	513	65	260	440
308	386	513	130	257	438
386	386	513	239	247	452
451	386	513	350	238	441
482	386	513	414	232	436
513	386	513	483	225	427
544	386	513	557	217	418
575	386	513	640	209	409
606	386	513	726	200	397
637	386	513	807	191	384
668	386	513	885	182	376
800	386	513	1023	131	300
924	386	513	1023	96	228
0	451	513	0	329	390
62	451	513	0	330	375
123	451	513	0	331	379
185	451	513	0	335	399
254	451	513	25	342	428
308	451	513	101	338	427
386	451	513	209	331	424
451	451	513	317	321	429
482	451	513	378	314	423
513	451	513	447	308	417
544	451	513	523	299	410
575	451	513	603	292	402
606	451	513	693	280	391
637	451	513	778	270	380
668	451	513	859	258	373
800	451	513	1023	196	303
924	451	513	1023	139	226
0	482	513	0	370	379
62	482	513	0	371	381
123	482	513	0	374	378
185	482	513	0	377	395
254	482	513	0	383	422
308	482	513	85	383	425
386	482	513	192	375	421
451	482	513	299	367	415
482	482	513	358	361	413
513	482	513	425	354	412
544	482	513	501	346	406
575	482	513	584	336	398
606	482	513	671	324	390
637	482	513	761	313	378
668	482	513	845	300	369
800	482	513	1023	230	303
924	482	513	1023	161	225
0	513	513	0	412	386
62	513	513	0	412	386
123	513	513	0	414	387
185	513	513	0	418	390
254	513	513	0	427	405
308	513	513	67	429	411
386	513	513	174	423	411
451	513	513	279	416	409
482	513	513	338	411	407
513	513	513	404	404	404
544	513	513	476	396	407
575	513	513	558	385	401
606	513	513	645	373	394
637	513	513	739	363	370
668	513	513	827	349	367
800	513	513	1023	272	303
924	513	513	1023	189	225
0	544	513	0	457	392
62	544	513	0	457	392
123	544	513	0	460	396
185	544	513	0	465	390
254	544	513	0	475	399
308	544	513	49	481	403
386	544	513	155	476	401
451	544	513	259	467	398
482	544	513	315	461	395
513	544	513	379	454	392
544	544	513	452	448	386
575	544	513	530	437	393
606	544	513	618	426	388
637	544	513	716	417	382
668	544	513	807	401	367
800	544	513	1023	317	295
924	544	513	1023	219	226
0	575	513	0	506	399
62	575	513	0	506	401
123	575	513	0	509	401
185	575	513	0	515	390
254	575	513	0	526	390
308	575	513	24	534	388
386	575	513	136	528	388
451	575	513	236	522	384
482	575	513	290	517	386
513	575	513	354	511	381
544	575	513	423	504	380
575	575	513	502	495	374
606	575	513	591	487	380
637	575	513	690	476	375
668	575	513	785	460	365
800	575	513	1023	369	301
924	575	513	1023	255	226
0	606	513	0	556	393
62	606	513	0	558	393
123	606	513	0	560	393
185	606	513	0	567	381
254	606	513	0	579	377
308	606	513	0	591	378
386	606	513	118	589	376
451	606	513	214	581	374
482	606	513	269	578	374
513	606	513	329	572	372
544	606	513	398	568	371
575	606	513	476	559	368
606	606	513	561	552	364
637	606	513	661	543	369
668	606	513	762	527	361
800	606	513	1023	427	306
924	606	513	1023	296	228
0	637	513	0	615	401
62	637	513	0	617	401
123	637	513	0	619	399
185	637	513	0	627	392
254	637	513	0	641	379
308	637	513	0	655	366
386	637	513	99	660	366
451	637	513	194	652	365
482	637	513	247	648	364
513	637	513	305	643	363
544	637	513	372	638	362
575	637	513	447	632	360
606	637	513	531	624	359
637	637	513	632	615	356
668	637	513	732	596	360
800	637	513	1023	489	306
924	637	513	1023	344	230
0	668	513	0	684	410
62	668	513	0	686	410
123	668	513	0	688	408
185	668	513	0	698	402
254	668	513	0	708	345
308	668	513	0	721	310
386	668	513	80	729	349
451	668	513	174	723	349
482	668	513	223	719	347
513	668	513	279	716	347
544	668	513	344	713	347
575	668	513	416	704	347
606	668	513	497	695	345
637	668	513	590	684	342
668	668	513	692	670	306
800	668	513	1023	558	304
924	668	513	1023	398	232
0	800	513	0	932	384
62	800	513	0	932	384
123	800	513	0	936	464
185	800	513	0	942	440
254	800	513	0	953	352
308	800	513	0	956	316
386	800	513	0	963	280
451	800	513	77	964	278
482	800	513	119	963	278
513	800	513	162	963	278
544	800	513	212	962	278
575	800	513	265	960	277
606	800	513	327	958	279
637	800	513	397	953	277
668	800	513	477	949	276
800	800	513	922	910	267
924	800	513	1023	769	240
0	924	513	0	1014	427
62	924	513	0	1015	424
123	924	513	0	1015	417
185	924	513	0	1017	423
254	924	513	0	1020	394
308	924	513	0	1023	362
386	924	513	0	1023	311
451	924	513	0	1023	261
482	924	513	41	1023	248
513	924	513	84	1023	249
544	924	513	128	1023	249
575	924	513	174	1023	250
606	924	513	225	1023	250
637	924	513	284	1023	251
668	924	513	352	1023	252
800	924	513	806	1023	256
924	924	513	1023	1007	252
0	0	544	0	19	478
62	0	544	0	10	496
123	0	544	36	0	527
185	0	544	86	0	519
254	0	544	146	0	501
308	0	544	203	0	482
386	0	544	296	0	477
451	0	544	388	0	460
482	0	544	439	0	455
513	0	544	495	0	447
544	0	544	560	0	438
575	0	544	624	0	429
606	0	544	699	0	422
637	0	544	772	0	399
668	0	544	837	0	394
800	0	544	1023	0	318
924	0	544	1023	0	279
0	62	544	0	33	473
62	62	544	0	29	493
123	62	544	0	0	567
185	62	544	75	0	563
254	62	544	141	0	538
308	62	544	202	0	515
386	62	544	297	0	489
451	62	544	393	0	471
482	62	544	445	0	459
513	62	544	503	0	452
544	62	544	566	0	444
575	62	544	633	0	433
606	62	544	708	0	424
637	62	544	780	0	399
668	62	544	845	0	394
800	62	544	1023	0	317
924	62	544	1023	0	279
0	123	544	0	60	463
62	123	544	0	58	482
123	123	544	0	49	553
185	123	544	64	42	582
254	123	544	132	36	577
308	123	544	197	29	564
386	123	544	304	0	542
451	123	544	411	0	502
482	123	544	465	0	489
513	123	544	528	0	478
544	123	544	593	0	460
575	123	544	662	0	450
606	123	544	738	0	436
637	123	544	806	0	400
668	123	544	869	0	398
800	123	544	1023	0	315
924	123	544	1023	0	274
0	185	544	0	96	455
62	185	544	0	95	458
123	185	544	0	89	523
185	185	544	52	82	580
254	185	544	125	78	575
308	185	544	188	73	564
386	185	544	296	63	541
451	185	544	409	53	520
482	185	544	470	47	509
513	185	544	541	41	498
544	185	544	613	36	485
575	185	544	695	29	470
606	185	544	779	19	456
637	185	544	851	0	440
668	185	544	916	0	427
800	185	544	1023	0	346
924	185	544	1023	0	264
0	254	544	0	143	431
62	254	544	0	143	433
123	254	544	0	139	484
185	254	544	28	134	566
254	254	544	110	129	562
308	254	544	172	125	555
386	254	544	281	116	536
451	254	544	394	106	519
482	254	544	457	101	509
513	254	544	525	96	498
544	254	544	600	90	485
575	254	544	682	83	472
606	254	544	767	77	451
637	254	544	839	70	439
668	254	544	913	64	434
800	254	544	1023	32	336
924	254	544	1023	28	256
0	308	544	0	187	418
62	308	544	0	186	404
123	308	544	0	185	452
185	308	544	0	181	530
254	308	544	92	177	548
308	308	544	156	172	543
386	308	544	265	163	529
451	308	544	379	153	514
482	308	544	440	148	503
513	308	544	511	141	494
544	308	544	584	135	482
575	308	544	667	128	471
606	308	544	753	121	458
637	308	544	828	114	441
668	308	544	903	106	429
800	308	544	1023	70	344
924	308	544	1023	55	256
0	386	544	0	255	392
62	386	544	0	255	399
123	386	544	0	256	426
185	386	544	0	258	464
254	386	544	61	258	501
308	386	544	125	254	500
386	386	544	236	246	513
451	386	544	346	236	502
482	386	544	409	232	497
513	386	544	478	225	488
544	386	544	553	217	477
575	386	544	634	209	469
606	386	544	722	200	456
637	386	544	805	191	441
668	386	544	881	182	429
800	386	544	1023	130	343
924	386	544	1023	96	256
0	451	544	0	329	423
62	451	544	0	330	414
123	451	544	0	331	425
185	451	544	0	335	444
254	451	544	15	339	488
308	451	544	97	336	486
386	451	544	206	330	483
451	451	544	314	320	487
482	451	544	374	314	482
513	451	544	441	306	476
544	451	544	517	300	471
575	451	544	596	290	461
606	451	544	685	280	450
637	451	544	774	269	438
668	451	544	856	258	427
800	451	544	1023	195	347
924	451	544	1023	138	255
0	482	544	0	369	423
62	482	544	0	370	425
123	482	544	0	371	426
185	482	544	0	374	437
254	482	544	0	382	479
308	482	544	81	380	475
386	482	544	188	374	473
451	482	544	294	364	470
482	482	544	353	358	476
513	482	544	420	353	470
544	482	544	496	346	463
575	482	544	576	335	455
606	482	544	663	324	445
637	482	544	756	312	434
668	482	544	842	300	423
800	482	544	1023	230	347
924	482	544	1023	160	254
0	513	544	0	410	415
62	513	544	0	410	418
123	513	544	0	413	425
185	513	544	0	418	433
254	513	544	0	426	459
308	513	544	64	428	473
386	513	544	170	423	469
451	513	544	276	413	467
482	513	544	334	409	464
513	513	544	401	404	460
544	513	544	471	395	456
575	513	544	552	384	449
606	513	544	641	373	439
637	513	544	737	361	432
668	513	544	824	347	420
800	513	544	1023	272	347
924	513	544	1023	188	254
0	544	544	0	457	426
62	544	544	0	457	426
123	544	544	0	460	433
185	544	544	0	465	430
254	544	544	0	475	448
308	544	544	44	479	460
386	544	544	151	473	459
451	544	544	256	465	455
482	544	544	311	461	453
513	544	544	376	454	449
544	544	544	446	446	446
575	544	544	526	438	451
606	544	544	616	427	443
637	544	544	712	415	435
668	544	544	805	401	420
800	544	544	1023	318	348
924	544	544	1023	219	255
0	575	544	0	505	432
62	575	544	0	505	432
123	575	544	0	508	437
185	575	544	0	513	428
254	575	544	0	523	439
308	575	544	15	534	446
386	575	544	134	528	444
451	575	544	233	520	442
482	575	544	288	516	441
513	575	544	350	510	437
544	575	544	420	502	434
575	575	544	498	494	428
606	575	544	587	486	434
637	575	544	684	475	430
668	575	544	781	460	418
800	575	544	1023	369	345
924	575	544	1023	255	257
0	606	544	0	556	439
62	606	544	0	556	439
123	606	544	0	560	439
185	606	544	0	565	430
254	606	544	0	577	433
308	606	544	0	591	431
386	606	544	115	588	430
451	606	544	211	582	429
482	606	544	266	578	427
513	606	544	326	572	428
544	606	544	394	564	426
575	606	544	471	559	422
606	606	544	559	552	417
637	606	544	659	542	424
668	606	544	759	524	414
800	606	544	1023	426	348
924	606	544	1023	295	259
0	637	544	0	615	433
62	637	544	0	615	433
123	637	544	0	619	433
185	637	544	0	625	433
254	637	544	0	639	422
308	637	544	0	655	424
386	637	544	97	658	420
451	637	544	192	652	419
482	637	544	245	646	418
513	637	544	302	643	417
544	637	544	368	636	416
575	637	544	443	632	414
606	637	544	529	624	411
637	637	544	626	616	407
668	637	544	727	597	412
800	637	544	1023	488	349
924	637	544	1023	343	261
0	668	544	0	684	444
62	668	544	0	686	444
123	668	544	0	688	444
185	668	544	0	695	439
254	668	544	0	708	367
308	668	544	0	719	346
386	668	544	77	729	402
451	668	544	171	721	402
482	668	544	221	718	401
513	668	544	275	716	400
544	668	544	341	711	400
575	668	544	412	704	397
606	668	544	495	695	393
637	668	544	583	685	390
668	668	544	687	668	353
800	668	544	1023	556	348
924	668	544	1023	398	263
0	800	544	0	930	485
62	800	544	0	932	485
123	800	544	0	936	469
185	800	544	0	941	449
254	800	544	0	951	408
308	800	544	0	956	371
386	800	544	0	962	320
451	800	544	75	964	319
482	800	544	117	963	319
513	800	544	160	963	319
544	800	544	210	962	319
575	800	544	263	959	318
606	800	544	324	958	320
637	800	544	395	953	319
668	800	544	475	949	318
800	800	544	921	910	306
924	800	544	1023	772	274
0	924	544	0	1014	480
62	924	544	0	1015	477
123	924	544	0	1015	469
185	924	544	0	1017	456
254	924	544	0	1020	427
308	924	544	0	1023	403
386	924	544	0	1023	352
451	924	544	0	1023	298
482	924	544	39	1023	284
513	924	544	82	1023	284
544	924	544	126	1023	285
575	924	544	172	1023	285
606	924	544	223	1023	286
637	924	544	281	1023	288
668	924	544	349	1023	289
800	924	544	806	1023	294
924	924	544	1023	1008	290
0	0	575	0	20	522
62	0	575	0	12	542
123	0	575	33	0	579
185	0	575	83	0	573
254	0	575	142	0	558
308	0	575	198	0	537
386	0	575	290	0	520
451	0	575	385	0	514
482	0	575	437	0	509
513	0	575	492	0	501
544	0	575	557	0	497
575	0	575	623	0	483
606	0	575	695	0	475
637	0	575	771	0	454
668	0	575	834	0	447
800	0	575	1023	0	365
924	0	575	1023	0	313
0	62	575	0	33	519
62	62	575	0	29	539
123	62	575	0	0	619
185	62	575	71	0	623
254	62	575	136	0	596
308	62	575	197	0	574
386	62	575	293	0	547
451	62	575	389	0	530
482	62	575	442	0	519
513	62	575	499	0	509
544	62	575	564	0	501
575	62	575	630	0	489
606	62	575	704	0	479
637	62	575	777	0	454
668	62	575	842	0	447
800	62	575	1023	0	364
924	62	575	1023	0	311
0	123	575	0	59	515
62	123	575	0	57	529
123	123	575	0	49	602
185	123	575	57	41	651
254	123	575	126	34	643
308	123	575	189	27	630
386	123	575	297	0	611
451	123	575	404	0	567
482	123	575	459	0	551
513	123	575	522	0	538
544	123	575	587	0	523
575	123	575	658	0	511
606	123	575	732	0	494
637	123	575	802	0	455
668	123	575	866	0	450
800	123	575	1023	0	360
924	123	575	1023	0	305
0	185	575	0	94	498
62	185	575	0	93	503
123	185	575	0	87	575
185	185	575	45	79	645
254	185	575	118	75	639
308	185	575	179	71	631
386	185	575	289	62	611
451	185	575	401	52	589
482	185	575	463	46	578
513	185	575	534	40	567
544	185	575	609	35	556
575	185	575	689	27	540
606	185	575	773	18	522
637	185	575	847	0	501
668	185	575	911	0	486
800	185	575	1023	0	359
924	185	575	1023	0	296
0	254	575	0	141	475
62	254	575	0	140	491
123	254	575	0	138	533
185	254	575	15	129	635
254	254	575	103	126	631
308	254	575	166	122	624
386	254	575	274	114	610
451	254	575	386	105	588
482	254	575	451	99	578
513	254	575	519	95	566
544	254	575	594	88	552
575	254	575	676	82	539
606	254	575	762	76	515
637	254	575	837	69	500
668	254	575	911	63	493
800	254	575	1023	31	400
924	254	575	1023	27	288
0	308	575	0	185	457
62	308	575	0	184	472
123	308	575	0	183	497
185	308	575	0	178	583
254	308	575	86	174	617
308	308	575	150	170	612
386	308	575	259	162	601
451	308	575	371	151	583
482	308	575	434	147	576
513	308	575	506	141	566
544	308	575	580	134	552
575	308	575	661	128	539
606	308	575	748	119	522
637	308	575	824	112	502
668	308	575	899	105	488
800	308	575	1023	69	396
924	308	575	1023	54	288
0	386	575	0	255	450
62	386	575	0	255	438
123	386	575	0	256	469
185	386	575	0	257	513
254	386	575	55	255	569
308	386	575	122	252	569
386	386	575	232	244	583
451	386	575	342	235	575
482	386	575	404	230	568
513	386	575	473	223	558
544	386	575	547	215	546
575	386	575	628	208	535
606	386	575	716	199	519
637	386	575	798	190	503
668	386	575	877	181	490
800	386	575	1023	130	395
924	386	575	1023	95	288
0	451	575	0	329	459
62	451	575	0	328	464
123	451	575	0	331	469
185	451	575	0	334	493
254	451	575	0	338	555
308	451	575	94	334	553
386	451	575	202	327	553
451	451	575	309	318	558
482	451	575	369	312	552
513	451	575	436	305	545
544	451	575	512	299	538
575	451	575	594	290	526
606	451	575	682	279	514
637	451	575	769	268	500
668	451	575	851	258	487
800	451	575	1023	195	398
924	451	575	1023	137	288
0	482	575	0	367	462
62	482	575	0	369	464
123	482	575	0	370	471
185	482	575	0	373	483
254	482	575	0	380	539
308	482	575	77	379	540
386	482	575	185	372	539
451	482	575	291	363	535
482	482	575	350	358	541
513	482	575	416	351	537
544	482	575	490	344	529
575	482	575	571	334	522
606	482	575	661	322	509
637	482	575	754	312	496
668	482	575	837	300	484
800	482	575	1023	230	403
924	482	575	1023	159	286
0	513	575	0	410	467
62	513	575	0	410	470
123	513	575	0	413	469
185	513	575	0	418	476
254	513	575	0	425	519
308	513	575	60	426	528
386	513	575	166	420	525
451	513	575	272	412	521
482	513	575	329	407	518
513	513	575	396	401	526
544	513	575	467	392	520
575	513	575	547	383	511
606	513	575	636	371	501
637	513	575	733	361	492
668	513	575	819	347	480
800	513	575	1023	271	398
924	513	575	1023	188	286
0	544	575	0	457	473
62	544	575	0	457	464
123	544	575	0	460	472
185	544	575	0	465	473
254	544	575	0	472	503
308	544	575	39	478	525
386	544	575	148	471	524
451	544	575	251	463	517
482	544	575	306	458	515
513	544	575	371	453	512
544	544	575	443	446	509
575	544	575	520	437	504
606	544	575	610	425	497
637	544	575	708	415	489
668	544	575	800	400	476
800	544	575	1023	318	398
924	544	575	1023	219	289
0	575	575	0	505	468
62	575	575	0	505	468
123	575	575	0	508	475
185	575	575	0	513	471
254	575	575	0	523	491
308	575	575	0	533	508
386	575	575	130	526	507
451	575	575	230	518	505
482	575	575	284	514	505
513	575	575	346	510	501
544	575	575	416	501	496
575	575	575	494	494	494
606	575	575	582	486	497
637	575	575	681	475	491
668	575	575	779	458	476
800	575	575	1023	368	399
924	575	575	1023	256	291
0	606	575	0	555	473
62	606	575	0	555	473
123	606	575	0	559	478
185	606	575	0	564	475
254	606	575	0	576	481
308	606	575	0	588	490
386	606	575	111	588	492
451	606	575	208	579	490
482	606	575	262	574	490
513	606	575	320	571	489
544	606	575	390	564	484
575	606	575	467	557	482
606	606	575	555	550	476
637	606	575	653	540	483
668	606	575	752	525	474
800	606	575	1023	427	398
924	606	575	1023	296	294
0	637	575	0	615	481
62	637	575	0	615	481
123	637	575	0	619	483
185	637	575	0	625	485
254	637	575	0	639	479
308	637	575	0	653	479
386	637	575	94	658	478
451	637	575	189	650	478
482	637	575	241	645	476
513	637	575	298	642	476
544	637	575	364	636	478
575	637	575	440	628	474
606	637	575	525	624	472
637	637	575	621	613	465
668	637	575	724	597	470
800	637	575	1023	489	398
924	637	575	1023	344	296
0	668	575	0	683	479
62	668	575	0	683	481
123	668	575	0	688	481
185	668	575	0	695	481
254	668	575	0	707	389
308	668	575	0	719	474
386	668	575	74	729	459
451	668	575	168	720	463
482	668	575	218	718	463
513	668	575	273	716	463
544	668	575	337	711	461
575	668	575	409	703	458
606	668	575	491	694	453
637	668	575	581	685	449
668	668	575	681	668	402
800	668	575	1022	557	398
924	668	575	1023	399	298
0	800	575	0	930	488
62	800	575	0	932	488
123	800	575	0	936	477
185	800	575	0	941	460
254	800	575	0	951	533
308	800	575	0	956	411
386	800	575	0	962	366
451	800	575	73	964	366
482	800	575	114	963	366
513	800	575	158	963	366
544	800	575	207	961	366
575	800	575	261	958	365
606	800	575	321	958	367
637	800	575	392	953	366
668	800	575	470	949	364
800	800	575	919	910	352
924	800	575	1023	775	313
0	924	575	0	1014	512
62	924	575	0	1014	509
123	924	575	0	1015	503
185	924	575	0	1017	488
254	924	575	0	1020	488
308	924	575	0	1022	461
386	924	575	0	1023	396
451	924	575	0	1023	342
482	924	575	36	1023	324
513	924	575	80	1023	326
544	924	575	124	1023	326
575	924	575	169	1023	327
606	924	575	221	1023	329
637	924	575	279	1023	330
668	924	575	347	1023	331
800	924	575	803	1023	337
924	924	575	1023	1009	333
0	0	606	0	20	573
62	0	606	0	14	595
123	0	606	29	0	640
185	0	606	80	0	632
254	0	606	138	0	614
308	0	606	192	0	598
386	0	606	285	0	583
451	0	606	381	0	576
482	0	606	432	0	567
513	0	606	489	0	561
544	0	606	552	0	554
575	0	606	619	0	545
606	0	606	695	0	535
637	0	606	767	0	515
668	0	606	833	0	505
800	0	606	1023	0	419
924	0	606	1023	0	350
0	62	606	0	32	571
62	62	606	0	29	591
123	62	606	0	7	668
185	62	606	66	0	681
254	62	606	131	0	660
308	62	606	189	0	636
386	62	606	287	0	610
451	62	606	385	0	591
482	62	606	436	0	581
513	62	606	496	0	571
544	62	606	560	0	561
575	62	606	626	0	550
606	62	606	701	0	541
637	62	606	774	0	515
668	62	606	838	0	506
800	62	606	1023	0	417
924	62	606	1023	0	349
0	123	606	0	59	565
62	123	606	0	57	580
123	123	606	0	49	654
185	123	606	49	38	718
254	123	606	119	32	714
308	123	606	180	24	707
386	123	606	289	0	690
451	123	606	396	0	641
482	123	606	453	0	624
513	123	606	515	0	606
544	123	606	580	0	591
575	123	606	652	0	577
606	123	606	727	0	559
637	123	606	798	0	517
668	123	606	862	0	511
800	123	606	1023	0	412
924	123	606	1023	0	343
0	185	606	0	93	547
62	185	606	0	91	566
123	185	606	0	85	628
185	185	606	38	76	715
254	185	606	111	72	712
308	185	606	172	69	705
386	185	606	282	60	688
451	185	606	392	50	669
482	185	606	457	45	660
513	185	606	527	40	646
544	185	606	602	33	631
575	185	606	684	26	615
606	185	606	768	15	593
637	185	606	841	0	571
668	185	606	906	0	553
800	185	606	1023	0	408
924	185	606	1023	0	333
0	254	606	0	140	525
62	254	606	0	139	541
123	254	606	0	135	585
185	254	606	0	126	703
254	254	606	97	123	705
308	254	606	160	120	699
386	254	606	268	112	686
451	254	606	379	103	666
482	254	606	443	99	655
513	254	606	513	94	643
544	254	606	587	88	627
575	254	606	670	82	613
606	254	606	755	75	596
637	254	606	830	68	571
668	254	606	905	62	567
800	254	606	1023	31	457
924	254	606	1023	26	323
0	308	606	0	183	503
62	308	606	0	182	516
123	308	606	0	181	548
185	308	606	0	175	644
254	308	606	80	170	692
308	308	606	145	167	688
386	308	606	252	159	680
451	308	606	365	150	664
482	308	606	428	146	655
513	308	606	499	140	640
544	308	606	573	133	626
575	308	606	654	127	612
606	308	606	741	119	594
637	308	606	818	112	571
668	308	606	894	105	555
800	308	606	1023	69	452
924	308	606	1023	53	324
0	386	606	0	254	493
62	386	606	0	254	504
123	386	606	0	254	516
185	386	606	0	255	570
254	386	606	49	252	650
308	386	606	117	249	647
386	386	606	225	242	662
451	386	606	335	233	652
482	386	606	399	227	645
513	386	606	467	222	634
544	386	606	540	215	620
575	386	606	623	207	609
606	386	606	711	198	591
637	386	606	795	189	572
668	386	606	872	180	557
800	386	606	1023	130	450
924	386	606	1023	94	324
0	451	606	0	328	499
62	451	606	0	329	502
123	451	606	0	330	516
185	451	606	0	331	558
254	451	606	0	335	637
308	451	606	89	332	630
386	451	606	196	325	627
451	451	606	302	315	632
482	451	606	364	309	626
513	451	606	431	304	619
544	451	606	506	297	611
575	451	606	588	288	599
606	451	606	676	277	584
637	451	606	765	267	570
668	451	606	848	256	556
800	451	606	1023	195	454
924	451	606	1023	137	324
0	482	606	0	366	503
62	482	606	0	367	508
123	482	606	0	369	518
185	482	606	0	372	547
254	482	606	0	377	605
308	482	606	71	375	615
386	482	606	179	370	614
451	482	606	286	360	621
482	482	606	345	355	617
513	482	606	411	349	612
544	482	606	485	342	604
575	482	606	565	334	593
606	482	606	654	322	579
637	482	606	747	310	564
668	482	606	834	298	550
800	482	606	1023	230	464
924	482	606	1023	158	323
0	513	606	0	410	506
62	513	606	0	410	511
123	513	606	0	412	516
185	513	606	0	415	539
254	513	606	0	422	581
308	513	606	55	425	600
386	513	606	163	418	597
451	513	606	267	410	593
482	513	606	326	406	589
513	513	606	391	399	598
544	513	606	461	392	593
575	513	606	541	383	582
606	513	606	629	371	574
637	513	606	727	359	563
668	513	606	816	347	548
800	513	606	1023	272	454
924	513	606	1023	188	326
0	544	606	0	456	514
62	544	606	0	456	516
123	544	606	0	459	526
185	544	606	0	463	519
254	544	606	0	470	560
308	544	606	34	476	597
386	544	606	145	469	580
451	544	606	246	462	577
482	544	606	301	456	576
513	544	606	366	450	572
544	544	606	437	443	581
575	544	606	516	435	574
606	544	606	604	424	565
637	544	606	703	415	556
668	544	606	797	400	542
800	544	606	1023	317	456
924	544	606	1023	219	327
0	575	606	0	504	520
62	575	606	0	504	523
123	575	606	0	508	516
185	575	606	0	512	516
254	575	606	0	520	544
308	575	606	0	530	577
386	575	606	127	525	577
451	575	606	224	517	573
482	575	606	280	512	573
513	575	606	341	506	568
544	575	606	412	500	565
575	575	606	488	492	561
606	575	606	576	484	558
637	575	606	676	473	552
668	575	606	774	458	539
800	575	606	1023	369	455
924	575	606	1023	255	331
0	606	606	0	555	511
62	606	606	0	556	511
123	606	606	0	558	519
185	606	606	0	563	523
254	606	606	0	575	534
308	606	606	0	586	555
386	606	606	108	586	559
451	606	606	205	579	561
482	606	606	259	574	559
513	606	606	318	568	557
544	606	606	387	565	554
575	606	606	463	557	552
606	606	606	548	548	548
637	606	606	646	540	552
668	606	606	750	525	541
800	606	606	1023	426	453
924	606	606	1023	296	333
0	637	606	0	615	519
62	637	606	0	615	521
123	637	606	0	619	524
185	637	606	0	625	532
254	637	606	0	638	530
308	637	606	0	650	540
386	637	606	91	656	547
451	637	606	187	648	547
482	637	606	238	645	546
513	637	606	295	640	545
544	637	606	361	635	544
575	637	606	436	627	541
606	637	606	521	620	539
637	637	606	617	611	531
668	637	606	719	594	535
800	637	606	1023	488	455
924	637	606	1023	344	336
0	668	606	0	682	530
62	668	606	0	682	530
123	668	606	0	686	533
185	668	606	0	693	535
254	668	606	0	705	517
308	668	606	0	715	528
386	668	606	71	724	528
451	668	606	166	720	528
482	668	606	215	718	528
513	668	606	269	714	528
544	668	606	334	708	524
575	668	606	406	700	528
606	668	606	485	691	520
637	668	606	576	682	515
668	668	606	679	669	459
800	668	606	1022	558	453
924	668	606	1023	401	340
0	800	606	0	932	609
62	800	606	0	932	609
123	800	606	0	936	602
185	800	606	0	941	583
254	800	606	0	951	558
308	800	606	0	955	451
386	800	606	0	961	414
451	800	606	71	964	419
482	800	606	111	963	419
513	800	606	156	962	419
544	800	606	205	960	419
575	800	606	257	958	418
606	800	606	319	957	418
637	800	606	388	952	417
668	800	606	468	948	417
800	800	606	918	910	403
924	800	606	1023	775	358
0	924	606	0	1014	540
62	924	606	0	1014	540
123	924	606	0	1015	534
185	924	606	0	1017	551
254	924	606	0	1020	530
308	924	606	0	1022	503
386	924	606	0	1023	444
451	924	606	0	1023	390
482	924	606	33	1023	372
513	924	606	78	1023	372
544	924	606	121	1023	374
575	924	606	167	1023	375
606	924	606	219	1023	377
637	924	606	275	1023	378
668	924	606	344	1023	380
800	924	606	797	1023	386
924	924	606	1023	1011	382
0	0	637	0	21	630
62	0	637	0	16	649
123	0	637	24	0	697
185	0	637	75	0	691
254	0	637	133	0	677
308	0	637	188	0	662
386	0	637	280	0	648
451	0	637	375	0	641
482	0	637	427	0	633
513	0	637	485	0	628
544	0	637	547	0	618
575	0	637	615	0	610
606	0	637	690	0	583
637	0	637	764	0	584
668	0	637	829	0	571
800	0	637	1023	0	479
924	0	637	1023	0	390
0	62	637	0	33	627
62	62	637	0	30	645
123	62	637	0	10	720
185	62	637	62	0	744
254	62	637	126	0	723
308	62	637	184	0	703
386	62	637	280	0	669
451	62	637	377	0	657
482	62	637	431	0	650
513	62	637	490	0	640
544	62	637	552	0	629
575	62	637	622	0	618
606	62	637	696	0	606
637	62	637	770	0	584
668	62	637	834	0	573
800	62	637	1023	0	476
924	62	637	1023	0	390
0	123	637	0	58	617
62	123	637	0	56	638
123	123	637	0	48	708
185	123	637	42	36	799
254	123	637	112	30	796
308	123	637	172	22	791
386	123	637	281	0	772
451	123	637	388	0	720
482	123	637	447	0	701
513	123	637	509	0	680
544	123	637	573	0	664
575	123	637	647	0	646
606	123	637	722	0	629
637	123	637	791	0	587
668	123	637	858	0	578
800	123	637	1023	0	469
924	123	637	1023	0	383
0	185	637	0	91	602
62	185	637	0	90	622
123	185	637	0	84	685
185	185	637	28	74	796
254	185	637	105	71	791
308	185	637	166	66	790
386	185	637	274	58	774
451	185	637	384	49	753
482	185	637	449	43	745
513	185	637	517	39	730
544	185	637	592	32	713
575	185	637	675	24	695
606	185	637	761	12	671
637	185	637	832	0	648
668	185	637	900	0	627
800	185	637	1023	0	463
924	185	637	1023	0	374
0	254	637	0	138	577
62	254	637	0	137	593
123	254	637	0	132	643
185	254	637	0	124	776
254	254	637	90	120	786
308	254	637	153	117	784
386	254	637	260	110	769
451	254	637	372	102	751
482	254	637	435	98	740
513	254	637	505	92	729
544	254	637	579	86	712
575	254	637	661	81	696
606	254	637	749	74	676
637	254	637	826	68	649
668	254	637	902	61	643
800	254	637	1023	30	519
924	254	637	1023	24	362
0	308	637	0	181	553
62	308	637	0	180	568
123	308	637	0	178	603
185	308	637	0	172	706
254	308	637	75	167	779
308	308	637	139	164	777
386	308	637	246	156	764
451	308	637	358	149	748
482	308	637	422	144	739
513	308	637	488	138	724
544	308	637	565	132	710
575	308	637	647	126	693
606	308	637	732	118	674
637	308	637	813	111	649
668	308	637	890	104	633
800	308	637	1023	69	515
924	308	637	1023	51	364
0	386	637	0	253	542
62	386	637	0	254	551
123	386	637	0	254	570
185	386	637	0	253	653
254	386	637	43	248	734
308	386	637	112	245	730
386	386	637	220	238	748
451	386	637	328	232	738
482	386	637	391	226	726
513	386	637	458	220	716
544	386	637	534	212	705
575	386	637	618	206	692
606	386	637	703	197	674
637	386	637	789	188	653
668	386	637	869	179	637
800	386	637	1023	130	513
924	386	637	1023	93	365
0	451	637	0	326	566
62	451	637	0	327	554
123	451	637	0	328	566
185	451	637	0	330	616
254	451	637	0	330	713
308	451	637	84	328	712
386	451	637	191	321	708
451	451	637	298	314	715
482	451	637	357	307	712
513	451	637	424	302	705
544	451	637	498	296	695
575	451	637	582	287	682
606	451	637	668	276	667
637	451	637	761	266	648
668	451	637	843	256	632
800	451	637	1023	195	517
924	451	637	1023	136	365
0	482	637	0	365	558
62	482	637	0	367	563
123	482	637	0	368	571
185	482	637	0	372	602
254	482	637	0	375	675
308	482	637	68	374	698
386	482	637	175	367	697
451	482	637	281	359	702
482	482	637	339	354	699
513	482	637	406	348	694
544	482	637	478	341	684
575	482	637	559	331	672
606	482	637	647	321	658
637	482	637	742	310	644
668	482	637	829	298	628
800	482	637	1023	229	527
924	482	637	1023	158	367
0	513	637	0	409	553
62	513	637	0	409	556
123	513	637	0	410	575
185	513	637	0	414	595
254	513	637	0	421	646
308	513	637	50	423	680
386	513	637	157	416	680
451	513	637	263	407	676
482	513	637	319	403	688
513	513	637	385	398	682
544	513	637	455	388	675
575	513	637	535	380	665
606	513	637	622	370	653
637	513	637	720	359	641
668	513	637	810	345	623
800	513	637	1023	271	516
924	513	637	1023	188	367
0	544	637	0	455	558
62	544	637	0	455	561
123	544	637	0	457	575
185	544	637	0	462	586
254	544	637	0	467	624
308	544	637	28	472	661
386	544	637	140	466	659
451	544	637	242	458	655
482	544	637	296	454	653
513	544	637	361	449	650
544	544	637	433	442	660
575	544	637	510	433	652
606	544	637	597	424	643
637	544	637	695	413	637
668	544	637	790	399	620
800	544	637	1023	318	517
924	544	637	1023	220	372
0	575	637	0	503	563
62	575	637	0	503	566
123	575	637	0	506	577
185	575	637	0	511	580
254	575	637	0	518	606
308	575	637	0	526	653
386	575	637	122	522	643
451	575	637	221	515	640
482	575	637	276	511	639
513	575	637	338	503	638
544	575	637	405	497	634
575	575	637	485	491	641
606	575	637	573	482	634
637	575	637	670	473	627
668	575	637	769	459	613
800	575	637	1023	369	519
924	575	637	1023	256	375
0	606	637	0	554	569
62	606	637	0	556	572
123	606	637	0	558	580
185	606	637	0	563	575
254	606	637	0	572	593
308	606	637	0	584	625
386	606	637	103	583	640
451	606	637	201	576	638
482	606	637	255	572	635
513	606	637	312	567	635
544	606	637	381	560	629
575	606	637	458	555	627
606	606	637	544	548	624
637	606	637	640	539	621
668	606	637	745	524	609
800	606	637	1023	425	515
924	606	637	1023	296	378
0	637	637	0	614	561
62	637	637	0	616	564
123	637	637	0	618	570
185	637	637	0	624	581
254	637	637	0	635	589
308	637	637	0	648	608
386	637	637	87	652	621
451	637	637	183	648	621
482	637	637	234	644	623
513	637	637	291	638	622
544	637	637	356	634	620
575	637	637	431	627	617
606	637	637	516	620	615
637	637	637	612	612	612
668	637	637	712	595	611
800	637	637	1023	489	517
924	637	637	1023	344	382
0	668	637	0	681	572
62	668	637	0	683	575
123	668	637	0	685	578
185	668	637	0	692	586
254	668	637	0	703	552
308	668	637	0	714	583
386	668	637	66	724	609
451	668	637	162	720	606
482	668	637	212	716	606
513	668	637	267	712	606
544	668	637	330	706	600
575	668	637	401	700	598
606	668	637	481	690	591
637	668	637	571	680	586
668	668	637	672	666	525
800	668	637	1022	557	517
924	668	637	1023	399	385
0	800	637	0	932	613
62	800	637	0	932	613
123	800	637	0	936	607
185	800	637	0	941	600
254	800	637	0	951	587
308	800	637	0	955	497
386	800	637	0	961	467
451	800	637	68	963	480
482	800	637	109	963	480
513	800	637	154	960	480
544	800	637	203	959	480
575	800	637	255	958	478
606	800	637	315	955	478
637	800	637	385	952	476
668	800	637	465	946	474
800	800	637	917	910	459
924	800	637	1023	777	407
0	924	637	0	1014	602
62	924	637	0	1014	602
123	924	637	0	1015	595
185	924	637	0	1017	586
254	924	637	0	1020	568
308	924	637	0	1022	546
386	924	637	0	1023	497
451	924	637	0	1023	443
482	924	637	29	1023	423
513	924	637	75	1023	423
544	924	637	118	1023	425
575	924	637	164	1023	429
606	924	637	216	1023	429
637	924	637	273	1023	430
668	924	637	342	1023	432
800	924	637	794	1023	439
924	924	637	1023	1011	437
0	0	668	0	22	683
62	0	668	0	17	702
123	0	668	19	0	761
185	0	668	72	0	756
254	0	668	128	0	748
308	0	668	182	0	734
386	0	668	274	0	722
451	0	668	370	0	712
482	0	668	423	0	706
513	0	668	481	0	699
544	0	668	541	0	687
575	0	668	610	0	679
606	0	668	683	0	656
637	0	668	759	0	594
668	0	668	825	0	593
800	0	668	1023	0	547
924	0	668	1023	0	436
0	62	668	0	33	682
62	62	668	0	30	699
123	62	668	0	13	779
185	62	668	58	0	818
254	62	668	121	0	795
308	62	668	177	0	767
386	62	668	274	0	746
451	62	668	372	0	732
482	62	668	427	0	724
513	62	668	486	0	715
544	62	668	546	0	700
575	62	668	617	0	676
606	62	668	689	0	664
637	62	668	765	0	661
668	62	668	833	0	646
800	62	668	1023	0	543
924	62	668	1023	0	434
0	123	668	0	57	672
62	123	668	0	55	692
123	123	668	0	47	766
185	123	668	34	34	881
254	123	668	105	27	878
308	123	668	166	19	872
386	123	668	272	0	855
451	123	668	378	0	809
482	123	668	438	0	785
513	123	668	500	0	763
544	123	668	565	0	743
575	123	668	639	0	724
606	123	668	714	0	705
637	123	668	786	0	664
668	123	668	854	0	652
800	123	668	1023	0	534
924	123	668	1023	0	427
0	185	668	0	90	656
62	185	668	0	88	677
123	185	668	0	83	741
185	185	668	14	71	881
254	185	668	98	68	875
308	185	668	158	64	871
386	185	668	265	56	857
451	185	668	376	47	839
482	185	668	439	42	830
513	185	668	508	37	815
544	185	668	584	31	798
575	185	668	667	23	779
606	185	668	752	7	757
637	185	668	825	0	735
668	185	668	894	0	711
800	185	668	1023	0	527
924	185	668	1023	0	418
0	254	668	0	135	632
62	254	668	0	134	652
123	254	668	0	130	706
185	254	668	0	123	846
254	254	668	83	118	869
308	254	668	146	115	864
386	254	668	253	108	855
451	254	668	365	100	838
482	254	668	426	96	831
513	254	668	495	90	814
544	254	668	571	85	799
575	254	668	651	79	781
606	254	668	740	73	758
637	254	668	819	67	741
668	254	668	896	61	722
800	254	668	1023	30	583
924	254	668	1023	23	407
0	308	668	0	179	609
62	308	668	0	178	625
123	308	668	0	176	685
185	308	668	0	170	773
254	308	668	68	164	860
308	308	668	131	160	858
386	308	668	238	154	849
451	308	668	350	146	835
482	308	668	412	142	825
513	308	668	479	136	808
544	308	668	554	131	797
575	308	668	639	124	780
606	308	668	723	117	759
637	308	668	806	110	737
668	308	668	884	103	718
800	308	668	1023	69	582
924	308	668	1023	51	409
0	386	668	0	252	595
62	386	668	0	252	608
123	386	668	0	252	649
185	386	668	0	249	720
254	386	668	36	245	817
308	386	668	106	242	838
386	386	668	214	236	833
451	386	668	321	227	823
482	386	668	383	222	814
513	386	668	450	217	804
544	386	668	527	211	793
575	386	668	609	204	777
606	386	668	694	195	757
637	386	668	780	186	736
668	386	668	862	178	717
800	386	668	1023	130	585
924	386	668	1023	92	411
0	451	668	0	326	605
62	451	668	0	326	610
123	451	668	0	326	634
185	451	668	0	327	681
254	451	668	0	327	792
308	451	668	78	324	801
386	451	668	185	318	797
451	451	668	291	310	803
482	451	668	350	305	797
513	451	668	418	300	791
544	451	668	491	293	780
575	451	668	572	284	767
606	451	668	660	274	749
637	451	668	753	264	734
668	451	668	839	254	715
800	451	668	1023	194	592
924	451	668	1023	135	411
0	482	668	0	366	611
62	482	668	0	366	619
123	482	668	0	367	627
185	482	668	0	370	666
254	482	668	0	371	752
308	482	668	62	369	785
386	482	668	170	363	783
451	482	668	276	357	790
482	482	668	334	352	788
513	482	668	400	345	783
544	482	668	472	338	771
575	482	668	550	329	760
606	482	668	639	318	746
637	482	668	735	308	731
668	482	668	823	296	713
800	482	668	1023	230	595
924	482	668	1023	158	413
0	513	668	0	408	613
62	513	668	0	408	619
123	513	668	0	411	625
185	513	668	0	413	655
254	513	668	0	417	720
308	513	668	44	417	766
386	513	668	152	412	766
451	513	668	258	405	761
482	513	668	313	399	775
513	513	668	378	393	768
544	513	668	449	386	760
575	513	668	528	378	748
606	513	668	616	368	737
637	513	668	714	358	725
668	513	668	806	344	708
800	513	668	1023	271	592
924	513	668	1023	188	414
0	544	668	0	453	606
62	544	668	0	453	609
123	544	668	0	456	628
185	544	668	0	458	646
254	544	668	0	465	692
308	544	668	18	470	745
386	544	668	135	463	743
451	544	668	237	455	743
482	544	668	292	451	740
513	544	668	355	445	752
544	544	668	425	440	746
575	544	668	502	430	739
606	544	668	592	421	730
637	544	668	692	412	720
668	544	668	785	397	703
800	544	668	1023	316	591
924	544	668	1023	219	418
0	575	668	0	501	611
62	575	668	0	501	614
123	575	668	0	504	627
185	575	668	0	508	637
254	575	668	0	515	670
308	575	668	0	523	733
386	575	668	118	519	725
451	575	668	216	512	725
482	575	668	272	506	722
513	575	668	332	502	719
544	575	668	401	495	718
575	575	668	480	489	726
606	575	668	564	480	719
637	575	668	664	471	710
668	575	668	765	456	697
800	575	668	1023	367	590
924	575	668	1023	255	423
0	606	668	0	553	615
62	606	668	0	555	618
123	606	668	0	556	631
185	606	668	0	561	635
254	606	668	0	571	656
308	606	668	0	580	703
386	606	668	100	582	724
451	606	668	198	575	710
482	606	668	251	570	709
513	606	668	310	565	708
544	606	668	377	560	706
575	606	668	452	553	704
606	606	668	540	546	711
637	606	668	638	536	705
668	606	668	740	522	693
800	606	668	1023	425	587
924	606	668	1023	296	427
0	637	668	0	612	622
62	637	668	0	614	625
123	637	668	0	616	634
185	637	668	0	622	634
254	637	668	0	633	651
308	637	668	0	645	681
386	637	668	83	652	708
451	637	668	179	646	708
482	637	668	231	641	706
513	637	668	286	638	705
544	637	668	352	630	703
575	637	668	425	624	700
606	637	668	511	620	697
637	637	668	604	609	694
668	637	668	706	595	683
800	637	668	1023	487	584
924	637	668	1023	344	430
0	668	668	0	681	621
62	668	668	0	683	624
123	668	668	0	685	630
185	668	668	0	692	642
254	668	668	0	703	587
308	668	668	0	714	634
386	668	668	62	724	690
451	668	668	159	717	687
482	668	668	207	713	687
513	668	668	263	711	694
544	668	668	326	704	688
575	668	668	396	697	685
606	668	668	475	690	678
637	668	668	566	678	672
668	668	668	667	667	667
800	668	668	1019	555	585
924	668	668	1023	401	437
0	800	668	0	931	589
62	800	668	0	931	589
123	800	668	0	935	589
185	800	668	0	941	589
254	800	668	0	950	585
308	800	668	0	955	543
386	800	668	0	961	557
451	800	668	65	962	548
482	800	668	106	960	548
513	800	668	151	959	548
544	800	668	198	959	548
575	800	668	250	958	548
606	800	668	311	954	545
637	800	668	381	952	543
668	800	668	461	946	542
800	800	668	913	907	522
924	800	668	1023	777	462
0	924	668	0	1013	664
62	924	668	0	1013	664
123	924	668	0	1015	657
185	924	668	0	1016	651
254	924	668	0	1019	639
308	924	668	0	1022	620
386	924	668	0	1023	562
451	924	668	0	1023	505
482	924	668	25	1023	481
513	924	668	73	1023	483
544	924	668	116	1023	483
575	924	668	162	1023	485
606	924	668	213	1023	489
637	924	668	272	1023	491
668	924	668	337	1023	493
800	924	668	789	1023	501
924	924	668	1023	1012	499
0	0	800	0	25	913
62	0	800	0	21	922
123	0	800	0	0	953
185	0	800	58	0	957
254	0	800	111	0	954
308	0	800	161	0	950
386	0	800	250	0	944
451	0	800	341	0	939
482	0	800	393	0	937
513	0	800	448	0	933
544	0	800	508	0	931
575	0	800	577	0	926
606	0	800	651	0	922
637	0	800	731	0	917
668	0	800	803	0	901
800	0	800	1023	0	813
924	0	800	1023	0	706
0	62	800	0	33	913
62	62	800	0	31	921
123	62	800	0	19	952
185	62	800	41	0	980
254	62	800	102	0	974
308	62	800	155	0	968
386	62	800	247	0	958
451	62	800	341	0	951
482	62	800	393	0	949
513	62	800	450	0	944
544	62	800	511	0	941
575	62	800	580	0	936
606	62	800	654	0	932
637	62	800	734	0	910
668	62	800	807	0	910
800	62	800	1023	0	819
924	62	800	1023	0	704
0	123	800	0	54	911
62	123	800	0	52	920
123	123	800	0	46	949
185	123	800	0	30	1008
254	123	800	73	15	1023
308	123	800	130	0	1023
386	123	800	234	0	1012
451	123	800	338	0	997
482	123	800	395	0	992
513	123	800	455	0	985
544	123	800	521	0	975
575	123	800	593	0	969
606	123	800	672	0	961
637	123	800	751	0	947
668	123	800	827	0	944
800	123	800	1023	0	834
924	123	800	1023	0	701
0	185	800	0	84	902
62	185	800	0	83	911
123	185	800	0	77	940
185	185	800	0	67	997
254	185	800	66	57	1023
308	185	800	123	54	1023
386	185	800	222	47	1023
451	185	800	328	39	1023
482	185	800	386	35	1023
513	185	800	451	30	1023
544	185	800	524	22	1023
575	185	800	605	10	1023
606	185	800	697	0	1023
637	185	800	782	0	1023
668	185	800	860	0	1012
800	185	800	1023	0	871
924	185	800	1023	0	695
0	254	800	0	127	892
62	254	800	0	127	900
123	254	800	0	123	927
185	254	800	0	114	982
254	254	800	53	103	1023
308	254	800	111	99	1023
386	254	800	212	95	1023
451	254	800	315	89	1023
482	254	800	374	86	1023
513	254	800	438	81	1023
544	254	800	511	77	1023
575	254	800	594	72	1023
606	254	800	684	66	1023
637	254	800	771	61	1023
668	254	800	858	55	1023
800	254	800	1021	26	942
924	254	800	1023	10	684
0	308	800	0	170	875
62	308	800	0	168	884
123	308	800	0	166	910
185	308	800	0	158	965
254	308	800	36	146	1023
308	308	800	101	143	1023
386	308	800	202	138	1023
451	308	800	302	132	1023
482	308	800	362	129	1023
513	308	800	426	124	1023
544	308	800	498	119	1023
575	308	800	578	114	1023
606	308	800	666	109	1023
637	308	800	756	103	1023
668	308	800	845	97	1023
800	308	800	1021	66	945
924	308	800	1023	45	687
0	386	800	0	242	856
62	386	800	0	242	862
123	386	800	0	240	888
185	386	800	0	237	935
254	386	800	0	227	1016
308	386	800	78	220	1023
386	386	800	179	215	1023
451	386	800	280	210	1023
482	386	800	335	206	1023
513	386	800	400	200	1023
544	386	800	471	196	1023
575	386	800	550	191	1023
606	386	800	640	184	1023
637	386	800	733	177	1023
668	386	800	825	169	1023
800	386	800	1021	127	951
924	386	800	1023	88	695
0	451	800	0	316	847
62	451	800	0	315	852
123	451	800	0	315	873
185	451	800	0	313	914
254	451	800	0	307	986
308	451	800	51	299	1023
386	451	800	154	294	1023
451	451	800	255	288	1023
482	451	800	309	284	1023
513	451	800	373	279	1023
544	451	800	442	275	1023
575	451	800	520	268	1023
606	451	800	606	262	1023
637	451	800	705	254	1023
668	451	800	798	243	1023
800	451	800	1021	190	957
924	451	800	1023	133	704
0	482	800	0	356	849
62	482	800	0	356	854
123	482	800	0	356	866
185	482	800	0	354	903
254	482	800	0	351	971
308	482	800	34	343	1023
386	482	800	140	338	1023
451	482	800	241	331	1023
482	482	800	294	327	1023
513	482	800	355	322	1023
544	482	800	425	318	1023
575	482	800	505	310	1023
606	482	800	591	305	1023
637	482	800	688	297	1023
668	482	800	785	285	1023
800	482	800	1021	225	963
924	482	800	1023	158	709
0	513	800	0	400	848
62	513	800	0	399	853
123	513	800	0	399	867
185	513	800	0	399	894
254	513	800	0	397	956
308	513	800	0	392	1023
386	513	800	127	385	1023
451	513	800	224	379	1023
482	513	800	278	374	1023
513	513	800	339	371	1023
544	513	800	408	366	1023
575	513	800	486	360	1023
606	513	800	574	353	1023
637	513	800	670	344	1023
668	513	800	768	334	1023
800	513	800	1021	266	964
924	513	800	1023	188	718
0	544	800	0	444	844
62	544	800	0	444	848
123	544	800	0	444	864
185	544	800	0	445	884
254	544	800	0	446	942
308	544	800	0	447	1009
386	544	800	112	439	1023
451	544	800	209	432	1023
482	544	800	263	428	1023
513	544	800	321	424	1023
544	544	800	389	420	1023
575	544	800	465	412	1023
606	544	800	552	407	1023
637	544	800	648	399	1023
668	544	800	750	386	1023
800	544	800	1021	311	969
924	544	800	1023	220	724
0	575	800	0	495	838
62	575	800	0	494	843
123	575	800	0	495	858
185	575	800	0	497	883
254	575	800	0	501	932
308	575	800	0	504	993
386	575	800	96	499	1023
451	575	800	193	491	1023
482	575	800	246	488	1023
513	575	800	302	483	1023
544	575	800	369	477	1023
575	575	800	446	473	1023
606	575	800	529	467	1023
637	575	800	627	459	1023
668	575	800	731	447	1023
800	575	800	1021	361	974
924	575	800	1023	256	732
0	606	800	0	548	840
62	606	800	0	548	845
123	606	800	0	549	858
185	606	800	0	553	879
254	606	800	0	558	924
308	606	800	0	565	978
386	606	800	81	565	1023
451	606	800	177	558	1023
482	606	800	228	555	1023
513	606	800	284	549	1023
544	606	800	348	543	1023
575	606	800	422	540	1023
606	606	800	507	533	1023
637	606	800	600	523	1023
668	606	800	700	510	1023
800	606	800	1021	419	980
924	606	800	1023	299	743
0	637	800	0	610	844
62	637	800	0	609	848
123	637	800	0	611	860
185	637	800	0	617	884
254	637	800	0	624	919
308	637	800	0	632	968
386	637	800	61	636	1023
451	637	800	158	629	1023
482	637	800	208	627	1023
513	637	800	264	620	1023
544	637	800	327	617	1023
575	637	800	399	608	1023
606	637	800	477	601	1023
637	637	800	567	590	1023
668	637	800	666	581	1023
800	637	800	1020	482	984
924	637	800	1023	347	749
0	668	800	0	676	853
62	668	800	0	675	855
123	668	800	0	677	868
185	668	800	0	683	887
254	668	800	0	689	888
308	668	800	0	695	944
386	668	800	41	703	943
451	668	800	138	697	943
482	668	800	187	694	945
513	668	800	240	687	945
544	668	800	298	684	942
575	668	800	369	677	942
606	668	800	445	669	938
637	668	800	531	659	1023
668	668	800	624	643	1023
800	668	800	1009	549	973
924	668	800	1023	404	760
0	800	800	0	925	904
62	800	800	0	925	904
123	800	800	0	927	911
185	800	800	0	933	924
254	800	800	0	940	941
308	800	800	0	946	881
386	800	800	0	950	916
451	800	800	50	953	939
482	800	800	92	953	939
513	800	800	137	952	939
544	800	800	184	951	939
575	800	800	234	949	936
606	800	800	293	946	936
637	800	800	362	942	932
668	800	800	438	940	932
800	800	800	902	902	902
924	800	800	1023	789	811
0	924	800	0	1013	932
62	924	800	0	1013	932
123	924	800	0	1015	936
185	924	800	0	1016	936
254	924	800	0	1018	939
308	924	800	0	1022	942
386	924	800	0	1023	885
451	924	800	0	1023	857
482	924	800	0	1023	842
513	924	800	60	1023	842
544	924	800	102	1023	845
575	924	800	150	1023	848
606	924	800	201	1023	851
637	924	800	257	1023	854
668	924	800	323	1023	857
800	924	800	772	1023	871
924	924	800	1023	1017	879
0	0	924	0	27	1023
62	0	924	0	24	1023
123	0	924	0	10	1023
185	0	924	40	0	1023
254	0	924	87	0	1023
308	0	924	128	0	1023
386	0	924	202	0	1023
451	0	924	281	0	1023
482	0	924	324	0	1023
513	0	924	372	0	1023
544	0	924	424	0	1023
575	0	924	484	0	1023
606	0	924	547	0	1023
637	0	924	620	0	1023
668	0	924	699	0	1023
800	0	924	977	0	986
924	0	924	1023	0	936
0	62	924	0	33	1023
62	62	924	0	31	1023
123	62	924	0	22	1023
185	62	924	23	0	1023
254	62	924	76	0	1023
308	62	924	118	0	1023
386	62	924	193	0	1023
451	62	924	273	0	1023
482	62	924	316	0	1023
513	62	924	365	0	1023
544	62	924	419	0	1023
575	62	924	477	0	1023
606	62	924	544	0	1023
637	62	924	615	0	1023
668	62	924	699	0	1023
800	62	924	976	0	986
924	62	924	1023	0	937
0	123	924	0	52	1023
62	123	924	0	49	1023
123	123	924	0	42	1023
185	123	924	0	27	1023
254	123	924	34	0	1023
308	123	924	81	0	1023
386	123	924	160	0	1023
451	123	924	242	0	1023
482	123	924	287	0	1023
513	123	924	338	0	1023
544	123	924	395	0	1023
575	123	924	457	0	1023
606	123	924	525	0	1023
637	123	924	604	0	1023
668	123	924	693	0	1023
800	123	924	974	0	990
924	123	924	1023	0	936
0	185	924	0	79	1023
62	185	924	0	77	1023
123	185	924	0	69	1023
185	185	924	0	55	1023
254	185	924	26	36	1023
308	185	924	70	34	1023
386	185	924	137	29	1023
451	185	924	208	24	1023
482	185	924	249	20	1023
513	185	924	295	16	1023
544	185	924	350	7	1023
575	185	924	413	0	1023
606	185	924	488	0	1023
637	185	924	580	0	1023
668	185	924	684	0	1023
800	185	924	973	0	1003
924	185	924	1023	0	938
0	254	924	0	120	1022
62	254	924	0	117	1023
123	254	924	0	109	1023
185	254	924	0	93	1023
254	254	924	8	68	1023
308	254	924	62	66	1023
386	254	924	130	62	1023
451	254	924	202	59	1023
482	254	924	241	57	1023
513	254	924	288	54	1023
544	254	924	342	52	1023
575	254	924	401	49	1023
606	254	924	470	46	1023
637	254	924	556	43	1023
668	254	924	667	40	1023
800	254	924	974	19	1023
924	254	924	1023	0	939
0	308	924	0	160	1020
62	308	924	0	157	1023
123	308	924	0	149	1023
185	308	924	0	131	1023
254	308	924	0	101	1023
308	308	924	53	96	1023
386	308	924	123	92	1023
451	308	924	194	88	1023
482	308	924	234	87	1023
513	308	924	280	84	1023
544	308	924	331	82	1023
575	308	924	391	80	1023
606	308	924	459	78	1023
637	308	924	542	75	1023
668	308	924	653	72	1023
800	308	924	970	58	1023
924	308	924	1023	38	941
0	386	924	0	231	1019
62	386	924	0	230	1023
123	386	924	0	221	1023
185	386	924	0	203	1023
254	386	924	0	169	1023
308	386	924	37	150	1023
386	386	924	108	147	1023
451	386	924	180	143	1023
482	386	924	219	142	1023
513	386	924	264	140	1023
544	386	924	314	137	1023
575	386	924	374	135	1023
606	386	924	443	133	1023
637	386	924	520	130	1023
668	386	924	624	128	1023
800	386	924	963	113	1023
924	386	924	1023	84	945
0	451	924	0	303	1020
62	451	924	0	302	1023
123	451	924	0	292	1023
185	451	924	0	276	1023
254	451	924	0	243	1023
308	451	924	6	207	1023
386	451	924	94	205	1023
451	451	924	164	202	1023
482	451	924	204	199	1023
513	451	924	248	196	1023
544	451	924	298	195	1023
575	451	924	355	192	1023
606	451	924	421	190	1023
637	451	924	499	187	1023
668	451	924	599	184	1023
800	451	924	957	169	1023
924	451	924	1023	133	949
0	482	924	0	343	1021
62	482	924	0	341	1023
123	482	924	0	332	1023
185	482	924	0	315	1023
254	482	924	0	284	1023
308	482	924	0	246	1023
386	482	924	86	236	1023
451	482	924	155	233	1023
482	482	924	196	231	1023
513	482	924	239	228	1023
544	482	924	289	226	1023
575	482	924	346	224	1023
606	482	924	413	221	1023
637	482	924	487	219	1023
668	482	924	585	215	1023
800	482	924	953	202	1023
924	482	924	1023	158	953
0	513	924	0	384	1023
62	513	924	0	381	1023
123	513	924	0	374	1023
185	513	924	0	358	1023
254	513	924	0	328	1023
308	513	924	0	291	1023
386	513	924	77	273	1023
451	513	924	147	268	1023
482	513	924	187	266	1023
513	513	924	229	264	1023
544	513	924	278	262	1023
575	513	924	336	260	1023
606	513	924	401	257	1023
637	513	924	474	254	1023
668	513	924	568	251	1023
800	513	924	949	236	1023
924	513	924	1023	188	955
0	544	924	0	428	1023
62	544	924	0	426	1023
123	544	924	0	418	1023
185	544	924	0	403	1023
254	544	924	0	375	1023
308	544	924	0	341	1023
386	544	924	68	314	1023
451	544	924	139	310	1023
482	544	924	178	308	1023
513	544	924	220	305	1023
544	544	924	267	303	1023
575	544	924	324	300	1023
606	544	924	390	298	1023
637	544	924	462	294	1023
668	544	924	551	291	1023
800	544	924	945	275	1023
924	544	924	1023	221	959
0	575	924	0	478	1023
62	575	924	0	476	1023
123	575	924	0	468	1023
185	575	924	0	456	1023
254	575	924	0	429	1023
308	575	924	0	399	1023
386	575	924	57	364	1023
451	575	924	130	359	1023
482	575	924	167	356	1023
513	575	924	209	355	1023
544	575	924	257	352	1023
575	575	924	313	349	1023
606	575	924	375	346	1023
637	575	924	448	342	1023
668	575	924	531	337	1023
800	575	924	939	320	1023
924	575	924	1023	259	962
0	606	924	0	530	1023
62	606	924	0	528	1023
123	606	924	0	522	1023
185	606	924	0	509	1023
254	606	924	0	487	1023
308	606	924	0	458	1023
386	606	924	44	416	1023
451	606	924	118	411	1023
482	606	924	155	409	1023
513	606	924	199	406	1023
544	606	924	246	403	1023
575	606	924	300	401	1023
606	606	924	364	398	1023
637	606	924	434	393	1023
668	606	924	516	390	1023
800	606	924	934	372	1023
924	606	924	1023	300	964
0	637	924	0	588	1023
62	637	924	0	586	1023
123	637	924	0	580	1023
185	637	924	0	569	1023
254	637	924	0	547	1023
308	637	924	0	523	1023
386	637	924	29	478	1023
451	637	924	106	470	1023
482	637	924	145	468	1023
513	637	924	187	464	1023
544	637	924	234	462	1023
575	637	924	286	459	1023
606	637	924	349	455	1023
637	637	924	418	452	1023
668	637	924	499	448	1023
800	637	924	928	430	1023
924	637	924	1023	350	968
0	668	924	0	644	1023
62	668	924	0	643	1023
123	668	924	0	637	1023
185	668	924	0	628	1023
254	668	924	0	612	1001
308	668	924	0	593	1013
386	668	924	0	554	1023
451	668	924	94	545	1023
482	668	924	133	542	1023
513	668	924	175	536	1023
544	668	924	221	534	1023
575	668	924	273	528	1023
606	668	924	334	526	1023
637	668	924	404	522	1023
668	668	924	483	518	1023
800	668	924	922	495	1023
924	668	924	1023	407	973
0	800	924	0	903	993
62	800	924	0	905	993
123	800	924	0	907	996
185	800	924	0	909	1000
254	800	924	0	915	1007
308	800	924	0	918	989
386	800	924	0	917	1008
451	800	924	29	916	1023
482	800	924	74	915	1023
513	800	924	116	914	1023
544	800	924	161	913	1023
575	800	924	210	912	1023
606	800	924	265	910	1023
637	800	924	329	909	1023
668	800	924	403	906	1023
800	800	924	874	894	1023
924	800	924	1023	800	995
0	924	924	0	1011	988
62	924	924	0	1011	989
123	924	924	0	1013	990
185	924	924	0	1014	993
254	924	924	0	1018	998
308	924	924	0	1021	1002
386	924	924	0	1023	999
451	924	924	0	1023	1001
482	924	924	0	1023	1002
513	924	924	44	1023	1003
544	924	924	90	1023	1003
575	924	924	137	1023	1004
606	924	924	188	1023	1006
637	924	924	242	1023	1007
668	924	924	306	1023	1008
800	924	924	749	1023	1016
924	924	924	1023	1023	1023
