0	0	0	0	0	0
62	0	0	31	0	2
123	0	0	64	0	4
185	0	0	102	0	13
254	0	0	148	0	21
308	0	0	192	0	24
386	0	0	268	0	27
451	0	0	347	0	29
482	0	0	395	0	29
513	0	0	447	0	30
544	0	0	505	0	30
575	0	0	569	0	31
606	0	0	639	0	31
637	0	0	720	0	30
668	0	0	803	0	31
800	0	0	1023	0	29
924	0	0	1023	0	28
0	62	0	0	28	0
62	62	0	28	27	0
123	62	0	62	23	0
185	62	0	102	15	3
254	62	0	153	0	6
308	62	0	198	0	16
386	62	0	274	0	23
451	62	0	355	0	26
482	62	0	403	0	27
513	62	0	456	0	28
544	62	0	514	0	29
575	62	0	580	0	29
606	62	0	650	0	30
637	62	0	730	0	29
668	62	0	814	0	30
800	62	0	1023	0	28
924	62	0	1023	0	28
0	123	0	0	55	19
62	123	0	7	54	0
123	123	0	54	52	0
185	123	0	96	48	0
254	123	0	149	41	0
308	123	0	198	35	2
386	123	0	285	23	6
451	123	0	380	0	8
482	123	0	432	0	14
513	123	0	488	0	17
544	123	0	547	0	20
575	123	0	613	0	22
606	123	0	686	0	23
637	123	0	769	0	24
668	123	0	853	0	25
800	123	0	1023	0	26
924	123	0	1023	0	26
0	185	0	0	87	33
62	185	0	0	86	23
123	185	0	40	84	0
185	185	0	84	81	0
254	185	0	139	74	0
308	185	0	190	69	0
386	185	0	278	60	0
451	185	0	374	52	2
482	185	0	432	47	5
513	185	0	495	43	6
544	185	0	565	37	7
575	185	0	641	32	8
606	185	0	730	26	9
637	185	0	824	18	10
668	185	0	918	0	10
800	185	0	1023	0	20
924	185	0	1023	0	22
0	254	0	0	127	44
62	254	0	0	126	39
123	254	0	0	124	0
185	254	0	65	122	0
254	254	0	122	117	0
308	254	0	175	112	0
386	254	0	266	103	0
451	254	0	363	95	0
482	254	0	419	92	0
513	254	0	483	87	0
544	254	0	552	83	0
575	254	0	629	78	0
606	254	0	717	72	0
637	254	0	811	68	4
668	254	0	905	62	6
800	254	0	1023	35	9
924	254	0	1023	37	19
0	308	0	0	163	46
62	308	0	0	162	43
123	308	0	0	161	25
185	308	0	48	160	0
254	308	0	106	157	0
308	308	0	159	152	0
386	308	0	252	144	0
451	308	0	350	135	0
482	308	0	406	131	0
513	308	0	470	127	0
544	308	0	538	122	0
575	308	0	614	117	0
606	308	0	703	111	0
637	308	0	797	106	0
668	308	0	895	100	0
800	308	0	1023	70	6
924	308	0	1023	62	18
0	386	0	0	226	53
62	386	0	0	227	49
123	386	0	0	227	36
185	386	0	10	228	0
254	386	0	84	224	0
308	386	0	134	222	0
386	386	0	226	216	0
451	386	0	323	208	0
482	386	0	378	204	0
513	386	0	442	200	0
544	386	0	509	194	0
575	386	0	588	188	0
606	386	0	670	182	0
637	386	0	768	176	0
668	386	0	866	170	0
800	386	0	1023	129	0
924	386	0	1023	102	15
0	451	0	0	293	59
62	451	0	0	293	56
123	451	0	0	294	43
185	451	0	0	297	22
254	451	0	62	297	0
308	451	0	114	295	0
386	451	0	203	288	0
451	451	0	299	282	0
482	451	0	352	278	0
513	451	0	410	272	0
544	451	0	479	267	0
575	451	0	556	262	0
606	451	0	636	254	0
637	451	0	733	247	0
668	451	0	834	240	0
800	451	0	1023	194	0
924	451	0	1023	145	11
0	482	0	0	330	62
62	482	0	0	330	59
123	482	0	0	331	48
185	482	0	0	336	28
254	482	0	52	337	0
308	482	0	105	336	0
386	482	0	193	330	0
451	482	0	285	323	0
482	482	0	338	318	0
513	482	0	398	313	0
544	482	0	462	310	0
575	482	0	537	302	0
606	482	0	621	295	0
637	482	0	714	288	0
668	482	0	816	279	0
800	482	0	1023	229	0
924	482	0	1023	168	6
0	513	0	0	371	64
62	513	0	0	371	61
123	513	0	0	373	52
185	513	0	0	377	33
254	513	0	40	381	0
308	513	0	95	380	0
386	513	0	183	374	0
451	513	0	272	366	0
482	513	0	325	364	0
513	513	0	383	359	0
544	513	0	446	354	0
575	513	0	518	348	0
606	513	0	602	341	0
637	513	0	693	332	0
668	513	0	799	323	0
800	513	0	1023	270	0
924	513	0	1023	193	0
0	544	0	0	415	67
62	544	0	0	415	64
123	544	0	0	418	56
185	544	0	0	423	38
254	544	0	26	429	0
308	544	0	85	426	0
386	544	0	172	422	0
451	544	0	259	415	0
482	544	0	310	412	0
513	544	0	367	408	0
544	544	0	430	401	0
575	544	0	500	396	0
606	544	0	580	389	0
637	544	0	676	381	0
668	544	0	779	372	0
800	544	0	1023	314	0
924	544	0	1023	226	0
0	575	0	0	461	70
62	575	0	0	461	68
123	575	0	0	465	59
185	575	0	0	470	42
254	575	0	0	479	0
308	575	0	74	477	0
386	575	0	160	473	0
451	575	0	245	468	0
482	575	0	294	463	0
513	575	0	350	460	0
544	575	0	414	456	0
575	575	0	483	449	0
606	575	0	562	445	0
637	575	0	654	437	0
668	575	0	762	426	0
800	575	0	1023	366	0
924	575	0	1023	264	0
0	606	0	0	513	75
62	606	0	0	515	72
123	606	0	0	519	63
185	606	0	0	525	48
254	606	0	0	534	17
308	606	0	60	536	0
386	606	0	147	532	0
451	606	0	232	527	0
482	606	0	279	521	0
513	606	0	334	518	0
544	606	0	397	515	0
575	606	0	467	510	0
606	606	0	544	503	0
637	606	0	636	498	0
668	606	0	739	485	0
800	606	0	1020	421	0
924	606	0	1023	306	0
0	637	0	0	571	80
62	637	0	0	573	77
123	637	0	0	576	68
185	637	0	0	585	53
254	637	0	0	597	27
308	637	0	48	603	0
386	637	0	133	598	0
451	637	0	217	593	0
482	637	0	264	590	0
513	637	0	317	584	0
544	637	0	378	581	0
575	637	0	447	576	0
606	637	0	525	572	0
637	637	0	612	565	0
668	637	0	716	551	0
800	637	0	1011	480	0
924	637	0	1023	353	0
0	668	0	0	641	85
62	668	0	0	643	81
123	668	0	0	645	68
185	668	0	0	654	58
254	668	0	0	665	33
308	668	0	31	674	0
386	668	0	119	667	0
451	668	0	203	665	0
482	668	0	247	662	0
513	668	0	301	658	0
544	668	0	360	654	0
575	668	0	425	649	0
606	668	0	501	643	0
637	668	0	584	636	0
668	668	0	683	620	0
800	668	0	1001	546	0
924	668	0	1023	409	0
0	800	0	0	925	102
62	800	0	0	928	99
123	800	0	0	932	88
185	800	0	0	939	74
254	800	0	0	942	52
308	800	0	0	946	33
386	800	0	56	950	0
451	800	0	130	945	0
482	800	0	168	944	0
513	800	0	211	944	0
544	800	0	259	944	0
575	800	0	312	943	0
606	800	0	375	939	0
637	800	0	444	937	0
668	800	0	524	933	0
800	800	0	931	907	0
924	800	0	1023	769	0
0	924	0	0	1016	115
62	924	0	0	1016	113
123	924	0	0	1018	106
185	924	0	0	1020	97
254	924	0	0	1023	77
308	924	0	0	1023	59
386	924	0	0	1023	23
451	924	0	72	1023	0
482	924	0	107	1023	0
513	924	0	148	1023	0
544	924	0	191	1023	0
575	924	0	239	1023	0
606	924	0	293	1023	0
637	924	0	356	1023	0
668	924	0	427	1023	0
800	924	0	882	1023	0
924	924	0	1023	996	0
0	0	62	0	0	30
62	0	62	30	0	27
123	0	62	64	0	26
185	0	62	101	0	27
254	0	62	148	0	30
308	0	62	192	0	31
386	0	62	268	0	33
451	0	62	347	0	34
482	0	62	393	0	34
513	0	62	447	0	35
544	0	62	505	0	35
575	0	62	569	0	35
606	0	62	639	0	35
637	0	62	720	0	33
668	0	62	803	0	34
800	0	62	1023	0	34
924	0	62	1023	0	31
0	62	62	0	28	27
62	62	62	27	27	27
123	62	62	62	23	26
185	62	62	101	15	25
254	62	62	153	0	24
308	62	62	198	0	27
386	62	62	274	0	30
451	62	62	354	0	32
482	62	62	403	0	32
513	62	62	456	0	33
544	62	62	514	0	33
575	62	62	578	0	33
606	62	62	650	0	34
637	62	62	730	0	32
668	62	62	814	0	33
800	62	62	1023	0	33
924	62	62	1023	0	31
0	123	62	0	55	29
62	123	62	2	54	24
123	123	62	54	52	23
185	123	62	96	48	25
254	123	62	149	41	24
308	123	62	198	35	22
386	123	62	285	23	22
451	123	62	380	0	21
482	123	62	432	0	24
513	123	62	488	0	26
544	123	62	547	0	27
575	123	62	611	0	28
606	123	62	686	0	28
637	123	62	769	0	29
668	123	62	850	0	30
800	123	62	1023	0	29
924	123	62	1023	0	29
0	185	62	0	86	39
62	185	62	0	86	32
123	185	62	39	84	22
185	185	62	84	81	21
254	185	62	139	74	22
308	185	62	190	69	21
386	185	62	278	60	21
451	185	62	374	52	20
482	185	62	432	47	21
513	185	62	495	43	21
544	185	62	563	37	20
575	185	62	641	32	21
606	185	62	730	26	20
637	185	62	824	18	20
668	185	62	918	0	20
800	185	62	1023	0	24
924	185	62	1023	0	25
0	254	62	0	127	47
62	254	62	0	125	43
123	254	62	0	124	17
185	254	62	65	122	18
254	254	62	122	117	17
308	254	62	175	112	18
386	254	62	266	103	18
451	254	62	362	95	18
482	254	62	419	92	18
513	254	62	483	87	19
544	254	62	552	83	18
575	254	62	629	78	19
606	254	62	717	72	18
637	254	62	811	68	19
668	254	62	905	62	19
800	254	62	1023	35	18
924	254	62	1023	37	23
0	308	62	0	162	51
62	308	62	0	162	46
123	308	62	0	161	31
185	308	62	47	160	13
254	308	62	105	157	14
308	308	62	158	152	14
386	308	62	252	144	15
451	308	62	350	135	15
482	308	62	406	131	16
513	308	62	470	127	16
544	308	62	538	122	16
575	308	62	614	117	17
606	308	62	703	111	16
637	308	62	797	106	16
668	308	62	892	100	16
800	308	62	1023	70	16
924	308	62	1023	62	22
0	386	62	0	225	58
62	386	62	0	225	54
123	386	62	0	227	40
185	386	62	0	229	9
254	386	62	80	225	0
308	386	62	131	222	3
386	386	62	225	216	6
451	386	62	323	208	8
482	386	62	380	204	9
513	386	62	443	199	10
544	386	62	511	194	10
575	386	62	590	187	11
606	386	62	672	181	11
637	386	62	771	175	12
668	386	62	869	169	13
800	386	62	1023	129	13
924	386	62	1023	102	20
0	451	62	0	291	64
62	451	62	0	293	61
123	451	62	0	294	49
185	451	62	0	296	29
254	451	62	53	299	0
308	451	62	108	296	0
386	451	62	199	290	0
451	451	62	296	283	0
482	451	62	351	278	0
513	451	62	410	272	0
544	451	62	481	266	0
575	451	62	558	261	0
606	451	62	640	253	0
637	451	62	739	246	0
668	451	62	839	238	1
800	451	62	1023	191	8
924	451	62	1023	145	17
0	482	62	0	329	66
62	482	62	0	330	64
123	482	62	0	331	54
185	482	62	0	336	34
254	482	62	40	340	0
308	482	62	97	337	0
386	482	62	188	332	0
451	482	62	282	323	0
482	482	62	335	318	0
513	482	62	396	313	0
544	482	62	463	309	0
575	482	62	539	300	0
606	482	62	624	294	0
637	482	62	723	285	0
668	482	62	824	277	0
800	482	62	1023	224	2
924	482	62	1023	168	14
0	513	62	0	370	70
62	513	62	0	371	67
123	513	62	0	373	58
185	513	62	0	377	38
254	513	62	25	384	0
308	513	62	86	381	0
386	513	62	176	375	0
451	513	62	267	368	0
482	513	62	319	365	0
513	513	62	379	360	0
544	513	62	444	353	0
575	513	62	518	346	0
606	513	62	604	339	0
637	513	62	699	330	0
668	513	62	807	320	0
800	513	62	1023	264	0
924	513	62	1023	193	10
0	544	62	0	414	74
62	544	62	0	415	71
123	544	62	0	417	62
185	544	62	0	421	45
254	544	62	0	430	0
308	544	62	75	429	0
386	544	62	164	423	0
451	544	62	252	416	0
482	544	62	303	414	0
513	544	62	362	408	0
544	544	62	427	402	0
575	544	62	498	396	0
606	544	62	580	388	0
637	544	62	679	380	0
668	544	62	785	370	0
800	544	62	1023	309	0
924	544	62	1023	221	0
0	575	62	0	460	77
62	575	62	0	461	75
123	575	62	0	463	64
185	575	62	0	470	50
254	575	62	0	479	19
308	575	62	61	481	0
386	575	62	150	475	0
451	575	62	238	470	0
482	575	62	286	465	0
513	575	62	343	462	0
544	575	62	407	456	0
575	575	62	479	451	0
606	575	62	560	445	0
637	575	62	654	437	0
668	575	62	765	424	0
800	575	62	1023	359	0
924	575	62	1023	255	0
0	606	62	0	513	81
62	606	62	0	515	79
123	606	62	0	517	70
185	606	62	0	525	54
254	606	62	0	534	27
308	606	62	48	540	0
386	606	62	135	534	0
451	606	62	222	529	0
482	606	62	270	526	0
513	606	62	325	520	0
544	606	62	388	517	0
575	606	62	461	510	0
606	606	62	539	505	0
637	606	62	631	498	0
668	606	62	739	485	0
800	606	62	1021	416	0
924	606	62	1023	296	0
0	637	62	0	571	86
62	637	62	0	573	83
123	637	62	0	576	74
185	637	62	0	585	59
254	637	62	0	597	33
308	637	62	33	606	0
386	637	62	123	600	0
451	637	62	208	595	0
482	637	62	254	593	0
513	637	62	309	589	0
544	637	62	370	584	0
575	637	62	439	578	0
606	637	62	519	572	0
637	637	62	610	567	0
668	637	62	710	552	0
800	637	62	1012	477	0
924	637	62	1023	347	0
0	668	62	0	641	91
62	668	62	0	641	88
123	668	62	0	645	76
185	668	62	0	652	58
254	668	62	0	665	36
308	668	62	0	679	0
386	668	62	109	671	0
451	668	62	193	667	0
482	668	62	239	665	0
513	668	62	291	662	0
544	668	62	351	657	0
575	668	62	418	651	0
606	668	62	492	645	0
637	668	62	578	636	0
668	668	62	679	623	0
800	668	62	1002	543	0
924	668	62	1023	401	0
0	800	62	0	925	110
62	800	62	0	928	108
123	800	62	0	930	96
185	800	62	0	937	90
254	800	62	0	942	58
308	800	62	0	946	39
386	800	62	45	951	0
451	800	62	121	946	0
482	800	62	159	946	0
513	800	62	203	945	0
544	800	62	250	944	0
575	800	62	303	944	0
606	800	62	365	940	0
637	800	62	437	938	0
668	800	62	516	933	0
800	800	62	930	908	0
924	800	62	1023	766	0
0	924	62	0	1016	121
62	924	62	0	1016	119
123	924	62	0	1018	112
185	924	62	0	1019	103
254	924	62	0	1023	82
308	924	62	0	1023	63
386	924	62	0	1023	28
451	924	62	63	1023	0
482	924	62	99	1023	0
513	924	62	139	1023	0
544	924	62	183	1023	0
575	924	62	229	1023	0
606	924	62	283	1023	0
637	924	62	344	1023	0
668	924	62	414	1023	0
800	924	62	871	1023	0
924	924	62	1023	998	0
0	0	123	0	0	58
62	0	123	28	0	57
123	0	123	62	0	54
185	0	123	101	0	52
254	0	123	147	0	50
308	0	123	191	0	49
386	0	123	267	0	49
451	0	123	345	0	50
482	0	123	391	0	50
513	0	123	446	0	50
544	0	123	503	0	50
575	0	123	567	0	50
606	0	123	636	0	50
637	0	123	717	0	49
668	0	123	801	0	49
800	0	123	1023	0	45
924	0	123	1023	0	43
0	62	123	0	28	56
62	62	123	23	26	56
123	62	123	60	22	53
185	62	123	100	14	52
254	62	123	152	0	48
308	62	123	197	0	47
386	62	123	273	0	47
451	62	123	354	0	48
482	62	123	401	0	48
513	62	123	454	0	49
544	62	123	513	0	49
575	62	123	578	0	49
606	62	123	648	0	49
637	62	123	728	0	48
668	62	123	814	0	48
800	62	123	1023	0	44
924	62	123	1023	0	42
0	123	123	0	54	50
62	123	123	0	53	52
123	123	123	52	52	52
185	123	123	94	48	52
254	123	123	148	41	48
308	123	123	197	35	45
386	123	123	284	22	43
451	123	123	379	0	42
482	123	123	430	0	42
513	123	123	486	0	43
544	123	123	545	0	44
575	123	123	611	0	44
606	123	123	683	0	44
637	123	123	767	0	44
668	123	123	850	0	45
800	123	123	1023	0	42
924	123	123	1023	0	40
0	185	123	0	86	55
62	185	123	0	86	50
123	185	123	38	84	48
185	185	123	83	81	47
254	185	123	138	74	48
308	185	123	189	69	45
386	185	123	277	60	43
451	185	123	373	52	41
482	185	123	430	47	40
513	185	123	494	42	40
544	185	123	563	37	39
575	185	123	641	32	39
606	185	123	730	26	39
637	185	123	824	17	38
668	185	123	916	0	38
800	185	123	1023	0	37
924	185	123	1023	0	36
0	254	123	0	125	64
62	254	123	0	125	59
123	254	123	0	124	43
185	254	123	64	122	43
254	254	123	121	117	42
308	254	123	174	112	44
386	254	123	265	103	42
451	254	123	362	95	40
482	254	123	419	91	40
513	254	123	481	87	39
544	254	123	550	82	38
575	254	123	629	78	38
606	254	123	717	72	38
637	254	123	811	67	37
668	254	123	905	62	37
800	254	123	1023	35	32
924	254	123	1023	37	34
0	308	123	0	161	68
62	308	123	0	161	64
123	308	123	0	161	50
185	308	123	46	160	40
254	308	123	105	156	40
308	308	123	157	152	40
386	308	123	251	143	40
451	308	123	349	135	39
482	308	123	406	131	39
513	308	123	470	127	38
544	308	123	536	121	38
575	308	123	614	117	37
606	308	123	700	111	36
637	308	123	797	106	36
668	308	123	892	100	35
800	308	123	1023	70	32
924	308	123	1023	62	33
0	386	123	0	223	75
62	386	123	0	223	71
123	386	123	0	225	61
185	386	123	0	228	38
254	386	123	79	224	36
308	386	123	131	222	37
386	386	123	225	216	36
451	386	123	323	208	37
482	386	123	378	203	37
513	386	123	442	199	37
544	386	123	511	194	36
575	386	123	588	187	36
606	386	123	672	181	35
637	386	123	771	175	35
668	386	123	866	169	35
800	386	123	1023	129	31
924	386	123	1023	102	31
0	451	123	0	290	84
62	451	123	0	290	80
123	451	123	0	293	68
185	451	123	0	296	49
254	451	123	53	297	34
308	451	123	107	296	34
386	451	123	199	290	34
451	451	123	296	283	33
482	451	123	351	278	34
513	451	123	410	272	34
544	451	123	481	266	34
575	451	123	558	259	33
606	451	123	640	253	33
637	451	123	739	246	33
668	451	123	839	238	33
800	451	123	1023	191	30
924	451	123	1023	144	29
0	482	123	0	327	87
62	482	123	0	329	84
123	482	123	0	330	73
185	482	123	0	334	55
254	482	123	36	340	32
308	482	123	95	337	32
386	482	123	186	332	32
451	482	123	280	323	32
482	482	123	335	318	32
513	482	123	396	313	32
544	482	123	463	309	33
575	482	123	539	300	32
606	482	123	624	294	32
637	482	123	720	285	31
668	482	123	824	277	31
800	482	123	1023	225	28
924	482	123	1023	167	28
0	513	123	0	368	90
62	513	123	0	370	88
123	513	123	0	371	78
185	513	123	0	377	59
254	513	123	8	384	30
308	513	123	81	381	30
386	513	123	172	375	30
451	513	123	265	368	30
482	513	123	317	365	31
513	513	123	377	360	31
544	513	123	443	353	31
575	513	123	518	346	31
606	513	123	604	339	30
637	513	123	699	330	30
668	513	123	805	320	30
800	513	123	1023	263	27
924	513	123	1023	193	26
0	544	123	0	412	94
62	544	123	0	414	91
123	544	123	0	415	82
185	544	123	0	421	63
254	544	123	0	430	35
308	544	123	66	430	28
386	544	123	157	425	28
451	544	123	248	418	28
482	544	123	299	414	28
513	544	123	359	408	29
544	544	123	424	402	28
575	544	123	497	395	29
606	544	123	580	388	29
637	544	123	679	380	28
668	544	123	785	369	28
800	544	123	1023	309	26
924	544	123	1023	220	24
0	575	123	0	458	97
62	575	123	0	460	95
123	575	123	0	463	86
185	575	123	0	468	68
254	575	123	0	479	41
308	575	123	50	483	26
386	575	123	141	477	26
451	575	123	231	472	26
482	575	123	280	467	26
513	575	123	338	462	26
544	575	123	404	458	26
575	575	123	476	451	27
606	575	123	558	445	27
637	575	123	654	435	27
668	575	123	765	424	27
800	575	123	1023	358	25
924	575	123	1023	254	23
0	606	123	0	511	100
62	606	123	0	513	96
123	606	123	0	517	89
185	606	123	0	523	73
254	606	123	0	534	47
308	606	123	30	542	23
386	606	123	124	538	24
451	606	123	212	531	24
482	606	123	260	529	24
513	606	123	317	522	24
544	606	123	381	519	24
575	606	123	453	513	25
606	606	123	535	505	25
637	606	123	628	498	25
668	606	123	739	485	25
800	606	123	1021	412	24
924	606	123	1023	294	22
0	637	123	0	569	105
62	637	123	0	571	102
123	637	123	0	573	93
185	637	123	0	583	78
254	637	123	0	597	53
308	637	123	0	610	25
386	637	123	109	604	21
451	637	123	195	600	22
482	637	123	243	595	22
513	637	123	298	591	22
544	637	123	359	586	22
575	637	123	430	581	23
606	637	123	510	574	22
637	637	123	602	567	23
668	637	123	708	552	22
800	637	123	1013	474	22
924	637	123	1023	342	20
0	668	123	0	637	109
62	668	123	0	639	107
123	668	123	0	643	97
185	668	123	0	652	80
254	668	123	0	665	58
308	668	123	0	679	32
386	668	123	90	679	16
451	668	123	177	671	16
482	668	123	224	669	17
513	668	123	275	667	17
544	668	123	337	662	17
575	668	123	405	656	18
606	668	123	482	648	18
637	668	123	568	639	18
668	668	123	671	624	18
800	668	123	1002	541	20
924	668	123	1023	394	19
0	800	123	0	923	118
62	800	123	0	925	115
123	800	123	0	930	123
185	800	123	0	937	103
254	800	123	0	942	74
308	800	123	0	946	53
386	800	123	0	953	9
451	800	123	93	951	0
482	800	123	134	948	0
513	800	123	177	948	0
544	800	123	223	947	0
575	800	123	277	946	0
606	800	123	339	944	0
637	800	123	410	942	0
668	800	123	491	936	0
800	800	123	927	909	0
924	800	123	1023	760	7
0	924	123	0	1016	139
62	924	123	0	1016	137
123	924	123	0	1017	131
185	924	123	0	1019	117
254	924	123	0	1022	99
308	924	123	0	1023	77
386	924	123	0	1023	43
451	924	123	29	1023	0
482	924	123	72	1023	0
513	924	123	111	1023	0
544	924	123	153	1023	0
575	924	123	201	1023	0
606	924	123	253	1023	0
637	924	123	313	1023	0
668	924	123	383	1023	0
800	924	123	840	1023	0
924	924	123	1023	1003	0
0	0	185	0	6	92
62	0	185	21	0	93
123	0	185	58	0	89
185	0	185	98	0	82
254	0	185	145	0	80
308	0	185	189	0	78
386	0	185	264	0	76
451	0	185	343	0	75
482	0	185	390	0	76
513	0	185	442	0	75
544	0	185	501	0	75
575	0	185	563	0	75
606	0	185	634	0	75
637	0	185	712	0	74
668	0	185	798	0	74
800	0	185	1023	0	67
924	0	185	1023	0	62
0	62	185	0	29	88
62	62	185	17	25	91
123	62	185	57	21	88
185	62	185	98	13	85
254	62	185	150	0	80
308	62	185	195	0	77
386	62	185	271	0	75
451	62	185	351	0	74
482	62	185	398	0	74
513	62	185	453	0	74
544	62	185	511	0	74
575	62	185	573	0	74
606	62	185	643	0	74
637	62	185	725	0	73
668	62	185	809	0	73
800	62	185	1023	0	67
924	62	185	1023	0	62
0	123	185	0	54	82
62	123	185	0	53	87
123	123	185	50	52	87
185	123	185	92	47	83
254	123	185	146	41	79
308	123	185	196	34	75
386	123	185	283	22	71
451	123	185	377	0	69
482	123	185	428	0	69
513	123	185	484	0	69
544	123	185	543	0	69
575	123	185	608	0	69
606	123	185	681	0	68
637	123	185	764	0	69
668	123	185	845	0	69
800	123	185	1023	0	64
924	123	185	1023	0	58
0	185	185	0	86	82
62	185	185	0	85	82
123	185	185	35	84	82
185	185	185	81	81	81
254	185	185	136	74	81
308	185	185	188	68	75
386	185	185	276	59	71
451	185	185	372	51	68
482	185	185	428	46	67
513	185	185	492	42	66
544	185	185	561	37	65
575	185	185	639	32	64
606	185	185	728	26	63
637	185	185	822	17	62
668	185	185	916	0	61
800	185	185	1023	0	58
924	185	185	1023	0	53
0	254	185	0	124	85
62	254	185	0	124	83
123	254	185	0	123	76
185	254	185	62	121	74
254	254	185	120	118	73
308	254	185	173	113	74
386	254	185	264	103	71
451	254	185	360	95	68
482	254	185	418	91	67
513	254	185	479	87	66
544	254	185	550	82	64
575	254	185	627	78	63
606	254	185	715	72	62
637	254	185	809	67	61
668	254	185	903	61	60
800	254	185	1023	35	52
924	254	185	1023	36	50
0	308	185	0	160	90
62	308	185	0	160	88
123	308	185	0	160	77
185	308	185	43	160	70
254	308	185	104	156	70
308	308	185	156	152	68
386	308	185	250	143	70
451	308	185	347	135	67
482	308	185	404	130	66
513	308	185	468	127	65
544	308	185	536	121	64
575	308	185	612	117	62
606	308	185	700	111	60
637	308	185	795	106	59
668	308	185	892	100	59
800	308	185	1023	71	51
924	308	185	1023	61	49
0	386	185	0	221	100
62	386	185	0	222	97
123	386	185	0	223	88
185	386	185	0	226	68
254	386	185	77	224	65
308	386	185	130	222	65
386	386	185	224	215	64
451	386	185	322	208	66
482	386	185	376	203	65
513	386	185	440	198	64
544	386	185	509	193	63
575	386	185	588	187	62
606	386	185	670	181	61
637	386	185	768	175	60
668	386	185	866	169	59
800	386	185	1023	130	52
924	386	185	1023	101	48
0	451	185	0	289	108
62	451	185	0	289	105
123	451	185	0	291	97
185	451	185	0	295	78
254	451	185	51	297	62
308	451	185	106	295	62
386	451	185	197	290	62
451	451	185	295	283	61
482	451	185	349	278	60
513	451	185	409	271	62
544	451	185	480	266	61
575	451	185	556	260	60
606	451	185	638	252	60
637	451	185	736	245	58
668	451	185	836	238	58
800	451	185	1023	191	52
924	451	185	1023	144	46
0	482	185	0	326	112
62	482	185	0	326	109
123	482	185	0	329	101
185	482	185	0	333	84
254	482	185	35	340	60
308	482	185	94	337	60
386	482	185	186	330	60
451	482	185	279	323	60
482	482	185	333	318	59
513	482	185	395	313	59
544	482	185	461	309	60
575	482	185	537	300	59
606	482	185	621	294	58
637	482	185	720	285	57
668	482	185	821	277	57
800	482	185	1023	225	48
924	482	185	1023	166	45
0	513	185	0	367	116
62	513	185	0	367	113
123	513	185	0	370	103
185	513	185	0	376	88
254	513	185	0	384	58
308	513	185	80	381	58
386	513	185	171	375	58
451	513	185	263	368	58
482	513	185	316	365	58
513	513	185	377	360	58
544	513	185	443	353	57
575	513	185	516	346	58
606	513	185	602	338	57
637	513	185	699	330	55
668	513	185	805	320	55
800	513	185	1023	263	48
924	513	185	1023	192	43
0	544	185	0	411	120
62	544	185	0	411	117
123	544	185	0	414	108
185	544	185	0	420	92
254	544	185	0	429	63
308	544	185	64	430	56
386	544	185	156	425	56
451	544	185	247	418	57
482	544	185	298	414	56
513	544	185	357	408	56
544	544	185	424	402	56
575	544	185	497	395	55
606	544	185	578	388	55
637	544	185	676	380	55
668	544	185	785	369	54
800	544	185	1023	307	48
924	544	185	1023	220	42
0	575	185	0	456	124
62	575	185	0	456	122
123	575	185	0	460	112
185	575	185	0	467	97
254	575	185	0	477	68
308	575	185	48	483	54
386	575	185	139	477	54
451	575	185	230	470	54
482	575	185	278	467	54
513	575	185	337	462	54
544	575	185	402	456	53
575	575	185	476	451	53
606	575	185	558	443	54
637	575	185	651	435	54
668	575	185	762	424	54
800	575	185	1023	358	48
924	575	185	1023	254	41
0	606	185	0	509	129
62	606	185	0	509	127
123	606	185	0	513	116
185	606	185	0	521	99
254	606	185	0	532	74
308	606	185	28	542	52
386	606	185	123	538	52
451	606	185	211	531	52
482	606	185	258	529	52
513	606	185	315	522	52
544	606	185	380	517	52
575	606	185	453	513	52
606	606	185	533	505	52
637	606	185	628	498	52
668	606	185	736	483	52
800	606	185	1021	412	47
924	606	185	1023	295	40
0	637	185	0	567	131
62	637	185	0	567	128
123	637	185	0	571	120
185	637	185	0	580	105
254	637	185	0	594	80
308	637	185	0	610	54
386	637	185	107	604	50
451	637	185	193	600	50
482	637	185	242	595	51
513	637	185	297	591	51
544	637	185	359	586	51
575	637	185	428	581	51
606	637	185	510	574	50
637	637	185	600	567	50
668	637	185	705	553	48
800	637	185	1013	473	46
924	637	185	1023	342	40
0	668	185	0	633	136
62	668	185	0	633	134
123	668	185	0	638	126
185	668	185	0	648	103
254	668	185	0	663	83
308	668	185	0	677	52
386	668	185	89	679	46
451	668	185	176	671	46
482	668	185	223	669	46
513	668	185	274	667	47
544	668	185	335	662	47
575	668	185	404	656	46
606	668	185	480	648	46
637	668	185	568	639	46
668	668	185	668	625	45
800	668	185	1002	541	46
924	668	185	1023	396	39
0	800	185	0	921	157
62	800	185	0	923	154
123	800	185	0	928	143
185	800	185	0	934	125
254	800	185	0	942	98
308	800	185	0	946	78
386	800	185	0	953	40
451	800	185	91	951	36
482	800	185	132	948	36
513	800	185	175	948	36
544	800	185	222	947	36
575	800	185	276	946	36
606	800	185	337	944	37
637	800	185	408	942	37
668	800	185	489	936	37
800	800	185	926	909	37
924	800	185	1023	760	36
0	924	185	0	1015	163
62	924	185	0	1016	160
123	924	185	0	1016	158
185	924	185	0	1018	146
254	924	185	0	1022	124
308	924	185	0	1023	100
386	924	185	0	1023	66
451	924	185	0	1023	30
482	924	185	56	1023	28
513	924	185	96	1023	28
544	924	185	140	1023	28
575	924	185	187	1023	28
606	924	185	238	1023	28
637	924	185	298	1023	29
668	924	185	367	1023	29
800	924	185	826	1023	30
924	924	185	1023	1003	30
0	0	254	0	14	132
62	0	254	0	0	141
123	0	254	54	0	138
185	0	254	94	0	126
254	0	254	143	0	119
308	0	254	186	0	113
386	0	254	261	0	112
451	0	254	340	0	110
482	0	254	386	0	111
513	0	254	440	0	111
544	0	254	497	0	110
575	0	254	561	0	110
606	0	254	629	0	109
637	0	254	709	0	107
668	0	254	793	0	107
800	0	254	1023	0	97
924	0	254	1023	0	88
0	62	254	0	29	129
62	62	254	0	22	140
123	62	254	52	19	138
185	62	254	94	9	133
254	62	254	147	0	125
308	62	254	191	0	114
386	62	254	267	0	113
451	62	254	348	0	110
482	62	254	395	0	110
513	62	254	449	0	110
544	62	254	507	0	109
575	62	254	569	0	109
606	62	254	641	0	108
637	62	254	720	0	106
668	62	254	803	0	106
800	62	254	1023	0	96
924	62	254	1023	0	87
0	123	254	0	54	119
62	123	254	0	53	129
123	123	254	45	50	134
185	123	254	88	46	131
254	123	254	144	40	125
308	123	254	193	33	118
386	123	254	279	21	112
451	123	254	376	0	108
482	123	254	425	0	107
513	123	254	481	0	106
544	123	254	539	0	106
575	123	254	604	0	105
606	123	254	676	0	105
637	123	254	759	0	103
668	123	254	843	0	103
800	123	254	1023	0	93
924	123	254	1023	0	84
0	185	254	0	84	114
62	185	254	0	83	119
123	185	254	30	82	120
185	185	254	78	80	127
254	185	254	134	73	122
308	185	254	185	68	117
386	185	254	274	59	111
451	185	254	370	51	108
482	185	254	426	46	106
513	185	254	490	41	104
544	185	254	559	36	103
575	185	254	636	31	101
606	185	254	725	25	99
637	185	254	819	16	97
668	185	254	913	0	96
800	185	254	1023	0	87
924	185	254	1023	0	77
0	254	254	0	122	116
62	254	254	0	122	117
123	254	254	0	122	118
185	254	254	59	121	118
254	254	254	117	117	117
308	254	254	170	112	118
386	254	254	262	103	111
451	254	254	359	94	106
482	254	254	414	91	105
513	254	254	478	87	104
544	254	254	545	82	102
575	254	254	625	77	101
606	254	254	712	72	98
637	254	254	806	67	97
668	254	254	900	61	95
800	254	254	1023	35	81
924	254	254	1023	35	74
0	308	254	0	158	116
62	308	254	0	158	115
123	308	254	0	159	111
185	308	254	40	160	112
254	308	254	101	156	111
308	308	254	154	152	108
386	308	254	247	143	111
451	308	254	346	134	106
482	308	254	401	131	105
513	308	254	464	127	104
544	308	254	532	121	102
575	308	254	610	117	99
606	308	254	697	111	98
637	308	254	792	106	96
668	308	254	889	100	94
800	308	254	1023	70	81
924	308	254	1023	60	73
0	386	254	0	220	130
62	386	254	0	220	128
123	386	254	0	221	121
185	386	254	0	225	105
254	386	254	75	224	105
308	386	254	128	222	105
386	386	254	221	215	102
451	386	254	319	207	105
482	386	254	375	203	103
513	386	254	438	198	102
544	386	254	506	193	101
575	386	254	584	187	100
606	386	254	668	181	98
637	386	254	766	174	95
668	386	254	864	168	95
800	386	254	1023	129	82
924	386	254	1023	100	72
0	451	254	0	286	140
62	451	254	0	288	139
123	451	254	0	289	132
185	451	254	0	294	116
254	451	254	48	297	101
308	451	254	103	295	101
386	451	254	196	288	100
451	451	254	292	282	99
482	451	254	347	277	101
513	451	254	407	271	100
544	451	254	477	266	99
575	451	254	553	260	98
606	451	254	635	252	96
637	451	254	733	245	94
668	451	254	834	238	94
800	451	254	1023	191	83
924	451	254	1023	143	71
0	482	254	0	323	144
62	482	254	0	325	141
123	482	254	0	327	135
185	482	254	0	331	121
254	482	254	32	338	99
308	482	254	91	337	99
386	482	254	183	330	98
451	482	254	276	323	98
482	482	254	330	318	97
513	482	254	392	313	97
544	482	254	459	307	98
575	482	254	535	300	96
606	482	254	619	293	95
637	482	254	715	284	92
668	482	254	818	276	91
800	482	254	1023	224	77
924	482	254	1023	165	69
0	513	254	0	364	151
62	513	254	0	365	147
123	513	254	0	368	138
185	513	254	0	374	125
254	513	254	0	383	97
308	513	254	77	381	96
386	513	254	169	375	96
451	513	254	261	368	96
482	513	254	313	365	95
513	513	254	374	360	95
544	513	254	439	353	94
575	513	254	514	346	95
606	513	254	598	338	93
637	513	254	696	330	91
668	513	254	802	320	90
800	513	254	1023	264	78
924	513	254	1023	191	67
0	544	254	0	408	157
62	544	254	0	409	154
123	544	254	0	412	143
185	544	254	0	418	130
254	544	254	0	427	101
308	544	254	62	429	94
386	544	254	154	425	94
451	544	254	245	418	94
482	544	254	295	413	93
513	544	254	354	408	92
544	544	254	420	402	92
575	544	254	493	395	92
606	544	254	575	388	93
637	544	254	673	378	90
668	544	254	782	369	90
800	544	254	1023	308	79
924	544	254	1023	219	65
0	575	254	0	454	162
62	575	254	0	454	160
123	575	254	0	458	148
185	575	254	0	465	131
254	575	254	0	476	106
308	575	254	46	483	91
386	575	254	137	477	91
451	575	254	228	470	91
482	575	254	276	467	90
513	575	254	334	462	91
544	575	254	399	456	90
575	575	254	472	450	90
606	575	254	554	443	89
637	575	254	648	436	89
668	575	254	759	424	89
800	575	254	1023	358	79
924	575	254	1023	254	65
0	606	254	0	507	166
62	606	254	0	507	164
123	606	254	0	511	154
185	606	254	0	519	137
254	606	254	0	530	111
308	606	254	24	542	88
386	606	254	121	537	88
451	606	254	209	531	88
482	606	254	256	527	89
513	606	254	314	522	89
544	606	254	378	517	88
575	606	254	450	511	88
606	606	254	531	503	87
637	606	254	624	496	88
668	606	254	734	484	88
800	606	254	1021	413	79
924	606	254	1023	294	65
0	637	254	0	565	170
62	637	254	0	565	168
123	637	254	0	569	160
185	637	254	0	578	143
254	637	254	0	591	117
308	637	254	0	608	90
386	637	254	105	604	86
451	637	254	191	600	86
482	637	254	240	595	87
513	637	254	294	591	87
544	637	254	356	586	86
575	637	254	427	579	86
606	637	254	506	574	86
637	637	254	598	567	86
668	637	254	702	553	80
800	637	254	1013	473	79
924	637	254	1023	342	64
0	668	254	0	631	176
62	668	254	0	631	173
123	668	254	0	636	166
185	668	254	0	645	136
254	668	254	0	658	121
308	668	254	0	676	85
386	668	254	87	676	81
451	668	254	174	671	81
482	668	254	221	669	82
513	668	254	272	665	82
544	668	254	334	662	82
575	668	254	401	654	82
606	668	254	478	648	82
637	668	254	563	639	81
668	668	254	666	625	77
800	668	254	1002	541	77
924	668	254	1023	396	64
0	800	254	0	918	186
62	800	254	0	920	183
123	800	254	0	925	171
185	800	254	0	932	178
254	800	254	0	941	133
308	800	254	0	945	108
386	800	254	0	953	73
451	800	254	89	951	68
482	800	254	130	948	68
513	800	254	173	948	68
544	800	254	220	947	68
575	800	254	274	946	68
606	800	254	336	944	68
637	800	254	407	942	68
668	800	254	487	936	68
800	800	254	925	908	67
924	800	254	1023	760	63
0	924	254	0	1014	207
62	924	254	0	1014	204
123	924	254	0	1015	197
185	924	254	0	1017	183
254	924	254	0	1022	158
308	924	254	0	1023	137
386	924	254	0	1023	98
451	924	254	0	1023	62
482	924	254	54	1023	59
513	924	254	94	1023	59
544	924	254	139	1023	59
575	924	254	185	1023	60
606	924	254	237	1023	60
637	924	254	295	1023	60
668	924	254	365	1023	60
800	924	254	823	1023	61
924	924	254	1023	1004	61
0	0	308	0	15	170
62	0	308	0	0	183
123	0	308	49	0	180
185	0	308	91	0	167
254	0	308	141	0	158
308	0	308	185	0	150
386	0	308	260	0	145
451	0	308	338	0	142
482	0	308	385	0	144
513	0	308	437	0	143
544	0	308	495	0	144
575	0	308	557	0	142
606	0	308	627	0	142
637	0	308	704	0	141
668	0	308	790	0	140
800	0	308	1023	0	129
924	0	308	1023	0	113
0	62	308	0	29	166
62	62	308	0	23	181
123	62	308	46	16	183
185	62	308	90	0	179
254	62	308	143	0	163
308	62	308	189	0	153
386	62	308	266	0	147
451	62	308	347	0	143
482	62	308	393	0	144
513	62	308	446	0	143
544	62	308	505	0	143
575	62	308	567	0	142
606	62	308	636	0	142
637	62	308	717	0	140
668	62	308	801	0	139
800	62	308	1023	0	128
924	62	308	1023	0	112
0	123	308	0	54	155
62	123	308	0	52	166
123	123	308	39	48	180
185	123	308	84	45	177
254	123	308	139	38	168
308	123	308	190	32	161
386	123	308	277	20	153
451	123	308	372	0	146
482	123	308	422	0	144
513	123	308	477	0	143
544	123	308	537	0	141
575	123	308	600	0	140
606	123	308	673	0	139
637	123	308	756	0	137
668	123	308	840	0	137
800	123	308	1023	0	124
924	123	308	1023	0	107
0	185	308	0	84	144
62	185	308	0	83	151
123	185	308	22	81	161
185	185	308	74	78	171
254	185	308	129	72	165
308	185	308	182	67	160
386	185	308	271	58	151
451	185	308	367	50	145
482	185	308	423	46	143
513	185	308	488	40	141
544	185	308	557	36	139
575	185	308	634	31	136
606	185	308	722	24	133
637	185	308	817	14	132
668	185	308	908	0	130
800	185	308	1023	0	117
924	185	308	1023	0	100
0	254	308	0	121	143
62	254	308	0	121	145
123	254	308	0	121	156
185	254	308	55	120	155
254	254	308	114	115	158
308	254	308	167	111	155
386	254	308	259	102	149
451	254	308	355	94	144
482	254	308	412	90	142
513	254	308	476	86	141
544	254	308	543	82	139
575	254	308	622	77	136
606	254	308	709	71	133
637	254	308	803	66	131
668	254	308	898	60	129
800	254	308	1023	34	110
924	254	308	1023	34	96
0	308	308	0	157	148
62	308	308	0	157	148
123	308	308	0	158	150
185	308	308	36	159	154
254	308	308	99	155	152
308	308	308	151	151	151
386	308	308	245	142	150
451	308	308	342	134	144
482	308	308	399	130	141
513	308	308	462	126	140
544	308	308	530	121	137
575	308	308	607	116	136
606	308	308	695	110	132
637	308	308	790	105	131
668	308	308	887	99	129
800	308	308	1023	70	110
924	308	308	1023	60	96
0	386	308	0	218	155
62	386	308	0	219	154
123	386	308	0	221	150
185	386	308	0	224	142
254	386	308	72	224	143
308	386	308	125	221	142
386	386	308	218	215	141
451	386	308	316	207	143
482	386	308	371	202	140
513	386	308	436	199	139
544	386	308	504	193	138
575	386	308	580	187	135
606	386	308	666	181	134
637	386	308	763	174	130
668	386	308	861	168	129
800	386	308	1023	129	109
924	386	308	1023	100	94
0	451	308	0	285	170
62	451	308	0	286	168
123	451	308	0	288	163
185	451	308	0	293	151
254	451	308	45	297	138
308	451	308	102	295	138
386	451	308	194	289	138
451	451	308	289	281	137
482	451	308	345	277	138
513	451	308	404	271	138
544	451	308	473	266	135
575	451	308	550	260	134
606	451	308	633	253	132
637	451	308	731	245	128
668	451	308	831	237	127
800	451	308	1023	191	112
924	451	308	1023	143	92
0	482	308	0	322	176
62	482	308	0	323	173
123	482	308	0	326	168
185	482	308	0	330	155
254	482	308	28	338	135
308	482	308	89	336	135
386	482	308	181	330	136
451	482	308	274	321	134
482	482	308	327	317	133
513	482	308	390	312	135
544	482	308	456	308	133
575	482	308	530	301	131
606	482	308	617	293	130
637	482	308	712	284	126
668	482	308	816	276	125
800	482	308	1023	224	104
924	482	308	1023	164	92
0	513	308	0	363	183
62	513	308	0	364	179
123	513	308	0	367	173
185	513	308	0	373	160
254	513	308	0	383	135
308	513	308	75	381	132
386	513	308	167	375	132
451	513	308	259	367	132
482	513	308	310	365	132
513	513	308	373	360	131
544	513	308	437	353	129
575	513	308	511	345	131
606	513	308	596	338	128
637	513	308	691	329	125
668	513	308	799	320	125
800	513	308	1023	264	107
924	513	308	1023	191	90
0	544	308	0	408	188
62	544	308	0	408	186
123	544	308	0	411	177
185	544	308	0	417	164
254	544	308	0	427	137
308	544	308	59	429	130
386	544	308	152	424	130
451	544	308	243	417	130
482	544	308	293	414	129
513	544	308	353	408	128
544	544	308	418	402	127
575	544	308	491	395	126
606	544	308	573	388	127
637	544	308	670	379	124
668	544	308	780	369	123
800	544	308	1023	308	108
924	544	308	1023	219	88
0	575	308	0	453	193
62	575	308	0	453	191
123	575	308	0	456	182
185	575	308	0	463	168
254	575	308	0	476	142
308	575	308	43	483	127
386	575	308	134	476	126
451	575	308	226	470	126
482	575	308	275	465	125
513	575	308	332	462	126
544	575	308	397	456	125
575	575	308	470	450	124
606	575	308	551	443	124
637	575	308	646	436	124
668	575	308	757	423	123
800	575	308	1023	358	109
924	575	308	1023	255	88
0	606	308	0	506	193
62	606	308	0	506	195
123	606	308	0	509	189
185	606	308	0	517	173
254	606	308	0	530	148
308	606	308	19	542	122
386	606	308	119	535	123
451	606	308	207	531	123
482	606	308	255	525	123
513	606	308	311	522	122
544	606	308	375	517	122
575	606	308	448	511	122
606	606	308	529	503	122
637	606	308	621	496	121
668	606	308	731	484	121
800	606	308	1021	413	109
924	606	308	1023	295	88
0	637	308	0	563	200
62	637	308	0	563	198
123	637	308	0	567	191
185	637	308	0	575	178
254	637	308	0	589	154
308	637	308	0	604	126
386	637	308	103	604	120
451	637	308	189	598	120
482	637	308	238	595	121
513	637	308	291	591	121
544	637	308	354	586	120
575	637	308	423	579	120
606	637	308	504	572	119
637	637	308	596	565	119
668	637	308	700	551	112
800	637	308	1013	473	108
924	637	308	1023	342	88
0	668	308	0	629	207
62	668	308	0	629	205
123	668	308	0	633	198
185	668	308	0	642	181
254	668	308	0	656	151
308	668	308	0	672	116
386	668	308	86	676	115
451	668	308	172	671	115
482	668	308	219	669	115
513	668	308	271	665	114
544	668	308	331	662	114
575	668	308	399	654	114
606	668	308	475	646	114
637	668	308	561	640	113
668	668	308	663	625	107
800	668	308	1002	542	107
924	668	308	1023	396	88
0	800	308	0	913	240
62	800	308	0	916	237
123	800	308	0	920	226
185	800	308	0	928	206
254	800	308	0	940	163
308	800	308	0	944	145
386	800	308	0	953	103
451	800	308	87	952	96
482	800	308	128	948	96
513	800	308	171	948	96
544	800	308	218	947	97
575	800	308	273	946	97
606	800	308	334	944	97
637	800	308	404	942	97
668	800	308	485	936	96
800	800	308	924	908	96
924	800	308	1023	760	88
0	924	308	0	1013	242
62	924	308	0	1014	241
123	924	308	0	1014	232
185	924	308	0	1017	215
254	924	308	0	1021	199
308	924	308	0	1023	171
386	924	308	0	1023	130
451	924	308	0	1023	90
482	924	308	52	1023	86
513	924	308	94	1023	86
544	924	308	137	1023	86
575	924	308	184	1023	87
606	924	308	235	1023	87
637	924	308	294	1023	87
668	924	308	362	1023	88
800	924	308	823	1023	89
924	924	308	1023	1004	88
0	0	386	0	13	231
62	0	386	0	0	245
123	0	386	44	0	249
185	0	386	85	0	234
254	0	386	135	0	225
308	0	386	180	0	215
386	0	386	257	0	208
451	0	386	334	0	207
482	0	386	382	0	203
513	0	386	434	0	203
544	0	386	491	0	201
575	0	386	554	0	198
606	0	386	622	0	198
637	0	386	702	0	199
668	0	386	785	0	197
800	0	386	1023	0	181
924	0	386	1023	0	155
0	62	386	0	28	228
62	62	386	0	23	242
123	62	386	36	11	261
185	62	386	80	0	257
254	62	386	135	0	236
308	62	386	183	0	222
386	62	386	262	0	212
451	62	386	341	0	206
482	62	386	389	0	205
513	62	386	441	0	204
544	62	386	501	0	202
575	62	386	562	0	199
606	62	386	632	0	198
637	62	386	712	0	198
668	62	386	796	0	197
800	62	386	1023	0	181
924	62	386	1023	0	154
0	123	386	0	52	218
62	123	386	0	51	229
123	123	386	27	45	258
185	123	386	75	42	255
254	123	386	131	36	245
308	123	386	183	30	237
386	123	386	273	17	225
451	123	386	365	0	216
482	123	386	416	0	212
513	123	386	471	0	210
544	123	386	530	0	206
575	123	386	596	0	202
606	123	386	669	0	200
637	123	386	749	0	198
668	123	386	832	0	196
800	123	386	1023	0	177
924	123	386	1023	0	150
0	185	386	0	82	203
62	185	386	0	81	212
123	185	386	0	77	249
185	185	386	65	74	246
254	185	386	123	71	241
308	185	386	175	65	236
386	185	386	267	57	225
451	185	386	362	49	217
482	185	386	419	44	214
513	185	386	482	39	211
544	185	386	549	35	207
575	185	386	629	29	203
606	185	386	717	22	200
637	185	386	811	11	197
668	185	386	900	0	193
800	185	386	1023	0	170
924	185	386	1023	0	143
0	254	386	0	120	194
62	254	386	0	120	200
123	254	386	0	120	221
185	254	386	48	118	230
254	254	386	108	114	235
308	254	386	161	109	230
386	254	386	254	101	222
451	254	386	351	93	216
482	254	386	407	89	212
513	254	386	470	85	210
544	254	386	539	81	207
575	254	386	614	76	203
606	254	386	703	71	200
637	254	386	798	65	196
668	254	386	892	60	192
800	254	386	1023	33	163
924	254	386	1023	32	137
0	308	386	0	155	195
62	308	386	0	156	198
123	308	386	0	156	209
185	308	386	28	157	217
254	308	386	94	153	217
308	308	386	146	149	226
386	308	386	240	141	218
451	308	386	337	134	213
482	308	386	394	129	212
513	308	386	456	125	209
544	308	386	527	120	206
575	308	386	602	116	202
606	308	386	685	110	199
637	308	386	782	105	196
668	308	386	880	99	192
800	308	386	1023	70	164
924	308	386	1023	58	137
0	386	386	0	217	204
62	386	386	0	218	205
123	386	386	0	219	208
185	386	386	0	223	213
254	386	386	66	223	216
308	386	386	121	220	215
386	386	386	214	214	214
451	386	386	311	206	215
482	386	386	367	202	212
513	386	386	431	198	208
544	386	386	498	192	204
575	386	386	576	187	201
606	386	386	657	180	198
637	386	386	756	174	194
668	386	386	855	168	191
800	386	386	1023	129	164
924	386	386	1023	98	136
0	451	386	0	284	217
62	451	386	0	284	217
123	451	386	0	286	213
185	451	386	0	291	211
254	451	386	39	296	208
308	451	386	97	294	208
386	451	386	189	286	207
451	451	386	285	281	205
482	451	386	339	277	209
513	451	386	400	271	207
544	451	386	469	266	203
575	451	386	543	259	201
606	451	386	628	252	198
637	451	386	725	244	193
668	451	386	825	237	193
800	451	386	1023	190	165
924	451	386	1023	141	134
0	482	386	0	321	225
62	482	386	0	322	224
123	482	386	0	325	218
185	482	386	0	329	212
254	482	386	17	338	204
308	482	386	85	335	205
386	482	386	177	328	204
451	482	386	271	321	202
482	482	386	323	317	201
513	482	386	385	312	202
544	482	386	452	307	201
575	482	386	526	300	198
606	482	386	612	291	196
637	482	386	706	284	189
668	482	386	810	276	188
800	482	386	1023	225	157
924	482	386	1023	164	133
0	513	386	0	361	231
62	513	386	0	362	231
123	513	386	0	365	224
185	513	386	0	371	217
254	513	386	0	380	203
308	513	386	70	380	200
386	513	386	163	374	200
451	513	386	254	367	199
482	513	386	306	363	198
513	513	386	368	359	196
544	513	386	433	352	198
575	513	386	505	346	198
606	513	386	589	336	194
637	513	386	685	329	188
668	513	386	794	319	187
800	513	386	1023	263	160
924	513	386	1023	190	131
0	544	386	0	406	238
62	544	386	0	406	238
123	544	386	0	409	231
185	544	386	0	415	221
254	544	386	0	424	202
308	544	386	55	429	196
386	544	386	147	424	196
451	544	386	239	417	196
482	544	386	289	412	195
513	544	386	349	407	194
544	544	386	413	400	193
575	544	386	487	394	195
606	544	386	567	387	193
637	544	386	662	379	188
668	544	386	773	368	186
800	544	386	1023	307	162
924	544	386	1023	219	130
0	575	386	0	451	245
62	575	386	0	451	243
123	575	386	0	454	239
185	575	386	0	461	224
254	575	386	0	472	204
308	575	386	37	481	192
386	575	386	130	474	192
451	575	386	222	470	192
482	575	386	270	465	191
513	575	386	328	460	191
544	575	386	392	456	191
575	575	386	463	449	188
606	575	386	547	443	187
637	575	386	641	434	188
668	575	386	751	423	185
800	575	386	1023	358	164
924	575	386	1023	254	131
0	606	386	0	503	250
62	606	386	0	503	248
123	606	386	0	506	243
185	606	386	0	514	229
254	606	386	0	526	210
308	606	386	0	542	187
386	606	386	115	535	187
451	606	386	203	528	187
482	606	386	251	524	187
513	606	386	307	520	186
544	606	386	371	517	187
575	606	386	442	511	186
606	606	386	524	504	184
637	606	386	616	496	183
668	606	386	725	485	183
800	606	386	1021	412	165
924	606	386	1023	295	131
0	637	386	0	561	256
62	637	386	0	561	254
123	637	386	0	565	249
185	637	386	0	573	235
254	637	386	0	587	215
308	637	386	0	602	188
386	637	386	99	602	184
451	637	386	185	598	183
482	637	386	235	594	182
513	637	386	288	589	182
544	637	386	350	586	183
575	637	386	420	579	183
606	637	386	499	572	182
637	637	386	591	566	181
668	637	386	694	552	169
800	637	386	1012	474	165
924	637	386	1023	343	131
0	668	386	0	627	260
62	668	386	0	627	259
123	668	386	0	631	254
185	668	386	0	640	243
254	668	386	0	653	209
308	668	386	0	669	174
386	668	386	82	676	178
451	668	386	169	671	178
482	668	386	215	667	178
513	668	386	266	665	178
544	668	386	327	660	178
575	668	386	394	654	177
606	668	386	471	646	177
637	668	386	557	636	176
668	668	386	658	624	164
800	668	386	999	542	164
924	668	386	1023	396	132
0	800	386	0	913	281
62	800	386	0	913	278
123	800	386	0	917	263
185	800	386	0	924	279
254	800	386	0	936	219
308	800	386	0	941	202
386	800	386	0	952	159
451	800	386	84	950	150
482	800	386	125	948	150
513	800	386	167	948	150
544	800	386	215	946	151
575	800	386	269	946	151
606	800	386	330	943	151
637	800	386	400	941	151
668	800	386	481	935	150
800	800	386	923	908	147
924	800	386	1023	766	135
0	924	386	0	1012	301
62	924	386	0	1013	300
123	924	386	0	1014	290
185	924	386	0	1016	284
254	924	386	0	1020	258
308	924	386	0	1023	231
386	924	386	0	1023	187
451	924	386	0	1023	142
482	924	386	48	1023	136
513	924	386	90	1023	136
544	924	386	135	1023	136
575	924	386	181	1023	137
606	924	386	232	1023	137
637	924	386	290	1023	137
668	924	386	359	1023	137
800	924	386	817	1023	140
924	924	386	1023	1005	137
0	0	451	0	13	288
62	0	451	0	0	302
123	0	451	38	0	312
185	0	451	78	0	301
254	0	451	129	0	293
308	0	451	174	0	282
386	0	451	253	0	273
451	0	451	332	0	271
482	0	451	379	0	269
513	0	451	430	0	265
544	0	451	490	0	263
575	0	451	549	0	261
606	0	451	620	0	258
637	0	451	696	0	243
668	0	451	783	0	245
800	0	451	1023	0	235
924	0	451	1023	0	201
0	62	451	0	27	286
62	62	451	0	23	299
123	62	451	22	0	335
185	62	451	71	0	331
254	62	451	127	0	308
308	62	451	175	0	293
386	62	451	257	0	281
451	62	451	337	0	273
482	62	451	385	0	271
513	62	451	437	0	268
544	62	451	497	0	265
575	62	451	560	0	262
606	62	451	629	0	260
637	62	451	707	0	244
668	62	451	793	0	246
800	62	451	1023	0	235
924	62	451	1023	0	199
0	123	451	0	51	274
62	123	451	0	49	288
123	123	451	0	42	333
185	123	451	66	39	330
254	123	451	123	34	324
308	123	451	176	28	315
386	123	451	267	13	305
451	123	451	359	0	290
482	123	451	409	0	283
513	123	451	466	0	278
544	123	451	524	0	273
575	123	451	589	0	270
606	123	451	662	0	265
637	123	451	743	0	247
668	123	451	827	0	248
800	123	451	1023	0	232
924	123	451	1023	0	195
0	185	451	0	81	258
62	185	451	0	79	268
123	185	451	0	75	313
185	185	451	57	72	326
254	185	451	115	68	322
308	185	451	168	64	315
386	185	451	261	55	303
451	185	451	357	48	292
482	185	451	414	43	289
513	185	451	477	38	286
544	185	451	545	34	280
575	185	451	622	28	276
606	185	451	712	21	268
637	185	451	806	7	264
668	185	451	892	0	259
800	185	451	1023	0	226
924	185	451	1023	0	186
0	254	451	0	119	246
62	254	451	0	119	254
123	254	451	0	118	284
185	254	451	40	116	308
254	254	451	102	111	313
308	254	451	154	108	310
386	254	451	247	100	301
451	254	451	344	93	292
482	254	451	401	89	288
513	254	451	464	84	285
544	254	451	533	80	280
575	254	451	610	75	274
606	254	451	698	70	267
637	254	451	792	65	263
668	254	451	887	59	262
800	254	451	1023	33	220
924	254	451	1023	31	180
0	308	451	0	155	242
62	308	451	0	155	247
123	308	451	0	155	268
185	308	451	15	154	295
254	308	451	88	151	295
308	308	451	140	147	304
386	308	451	235	140	297
451	308	451	332	133	290
482	308	451	388	128	286
513	308	451	452	124	283
544	308	451	520	120	280
575	308	451	596	115	275
606	308	451	679	109	268
637	308	451	777	104	264
668	308	451	875	98	259
800	308	451	1023	69	224
924	308	451	1023	57	180
0	386	451	0	217	251
62	386	451	0	217	253
123	386	451	0	219	262
185	386	451	0	222	280
254	386	451	62	222	284
308	386	451	116	219	284
386	386	451	209	211	289
451	386	451	306	205	285
482	386	451	362	201	283
513	386	451	425	197	280
544	386	451	493	191	276
575	386	451	569	186	273
606	386	451	652	180	267
637	386	451	751	173	262
668	386	451	850	167	258
800	386	451	1023	128	223
924	386	451	1023	98	179
0	451	451	0	283	271
62	451	451	0	284	267
123	451	451	0	286	270
185	451	451	0	290	276
254	451	451	32	295	284
308	451	451	92	292	282
386	451	451	185	286	281
451	451	451	280	280	280
482	451	451	334	276	282
513	451	451	395	271	281
544	451	451	464	265	279
575	451	451	539	258	271
606	451	451	621	252	267
637	451	451	719	243	260
668	451	451	820	236	256
800	451	451	1023	190	223
924	451	451	1023	140	177
0	482	451	0	321	276
62	482	451	0	321	276
123	482	451	0	323	273
185	482	451	0	327	275
254	482	451	0	336	279
308	482	451	80	333	279
386	482	451	172	328	277
451	482	451	265	320	274
482	482	451	319	316	272
513	482	451	380	311	276
544	482	451	447	306	274
575	482	451	520	299	271
606	482	451	603	291	265
637	482	451	701	283	256
668	482	451	805	274	254
800	482	451	1023	224	224
924	482	451	1023	163	175
0	513	451	0	359	276
62	513	451	0	359	276
123	513	451	0	362	278
185	513	451	0	368	271
254	513	451	0	377	274
308	513	451	65	379	272
386	513	451	158	373	271
451	513	451	251	365	271
482	513	451	303	363	271
513	513	451	362	357	267
544	513	451	427	352	271
575	513	451	502	344	268
606	513	451	584	336	262
637	513	451	680	328	255
668	513	451	788	318	254
800	513	451	1023	264	217
924	513	451	1023	189	174
0	544	451	0	404	285
62	544	451	0	406	285
123	544	451	0	407	283
185	544	451	0	414	275
254	544	451	0	423	267
308	544	451	50	427	268
386	544	451	143	421	267
451	544	451	235	415	266
482	544	451	285	412	265
513	544	451	341	406	264
544	544	451	408	400	260
575	544	451	481	394	264
606	544	451	563	387	261
637	544	451	654	378	254
668	544	451	764	368	253
800	544	451	1023	308	220
924	544	451	1023	219	174
0	575	451	0	449	293
62	575	451	0	451	293
123	575	451	0	454	290
185	575	451	0	459	280
254	575	451	0	470	268
308	575	451	31	480	261
386	575	451	126	474	261
451	575	451	218	468	260
482	575	451	266	465	259
513	575	451	324	459	258
544	575	451	387	454	257
575	575	451	459	447	255
606	575	451	541	442	259
637	575	451	634	435	256
668	575	451	745	422	251
800	575	451	1023	358	224
924	575	451	1023	255	174
0	606	451	0	500	300
62	606	451	0	502	300
123	606	451	0	506	297
185	606	451	0	511	285
254	606	451	0	523	271
308	606	451	0	537	257
386	606	451	111	535	256
451	606	451	199	529	254
482	606	451	247	522	254
513	606	451	303	520	253
544	606	451	365	515	253
575	606	451	437	509	253
606	606	451	518	502	251
637	606	451	612	495	253
668	606	451	720	483	250
800	606	451	1021	413	224
924	606	451	1023	295	175
0	637	451	0	559	305
62	637	451	0	561	303
123	637	451	0	565	299
185	637	451	0	571	291
254	637	451	0	584	277
308	637	451	0	600	256
386	637	451	95	602	250
451	637	451	181	598	250
482	637	451	231	592	250
513	637	451	284	589	251
544	637	451	345	584	250
575	637	451	415	576	250
606	637	451	493	572	250
637	637	451	584	566	248
668	637	451	689	553	229
800	637	451	1012	473	224
924	637	451	1023	343	177
0	668	451	0	624	314
62	668	451	0	627	313
123	668	451	0	631	309
185	668	451	0	638	300
254	668	451	0	651	274
308	668	451	0	667	236
386	668	451	78	676	245
451	668	451	165	669	243
482	668	451	211	667	243
513	668	451	263	662	244
544	668	451	323	660	244
575	668	451	389	652	243
606	668	451	465	647	242
637	668	451	550	636	241
668	668	451	652	625	223
800	668	451	999	541	222
924	668	451	1023	398	179
0	800	451	0	910	358
62	800	451	0	910	355
123	800	451	0	915	342
185	800	451	0	924	318
254	800	451	0	935	281
308	800	451	0	939	255
386	800	451	0	948	211
451	800	451	81	948	208
482	800	451	122	948	208
513	800	451	164	947	208
544	800	451	212	946	208
575	800	451	266	946	208
606	800	451	325	942	206
637	800	451	396	941	206
668	800	451	475	935	206
800	800	451	921	908	202
924	800	451	1023	766	184
0	924	451	0	1012	369
62	924	451	0	1012	365
123	924	451	0	1014	358
185	924	451	0	1016	342
254	924	451	0	1019	327
308	924	451	0	1023	291
386	924	451	0	1023	243
451	924	451	0	1023	196
482	924	451	45	1023	187
513	924	451	88	1023	187
544	924	451	131	1023	188
575	924	451	178	1023	189
606	924	451	229	1023	190
637	924	451	286	1023	190
668	924	451	355	1023	191
800	924	451	811	1023	194
924	924	451	1023	1006	191
0	0	482	0	14	318
62	0	482	0	0	331
123	0	482	35	0	346
185	0	482	75	0	339
254	0	482	125	0	328
308	0	482	172	0	320
386	0	482	251	0	311
451	0	482	330	0	305
482	0	482	377	0	304
513	0	482	428	0	301
544	0	482	487	0	298
575	0	482	549	0	296
606	0	482	618	0	293
637	0	482	696	0	279
668	0	482	780	0	279
800	0	482	1023	0	269
924	0	482	1023	0	225
0	62	482	0	27	316
62	62	482	0	23	329
123	62	482	11	0	379
185	62	482	67	0	371
254	62	482	124	0	348
308	62	482	173	0	333
386	62	482	255	0	319
451	62	482	335	0	310
482	62	482	383	0	307
513	62	482	437	0	303
544	62	482	494	0	301
575	62	482	558	0	298
606	62	482	627	0	294
637	62	482	707	0	280
668	62	482	790	0	280
800	62	482	1023	0	268
924	62	482	1023	0	223
0	123	482	0	50	308
62	123	482	0	49	320
123	123	482	0	40	371
185	123	482	62	37	373
254	123	482	118	33	369
308	123	482	171	27	361
386	123	482	264	11	349
451	123	482	355	0	334
482	123	482	405	0	322
513	123	482	461	0	318
544	123	482	522	0	312
575	123	482	587	0	307
606	123	482	659	0	302
637	123	482	741	0	283
668	123	482	824	0	283
800	123	482	1023	0	264
924	123	482	1023	0	218
0	185	482	0	80	292
62	185	482	0	78	304
123	185	482	0	74	348
185	185	482	53	70	370
254	185	482	111	67	365
308	185	482	164	63	359
386	185	482	256	55	346
451	185	482	353	47	337
482	185	482	410	43	332
513	185	482	473	38	329
544	185	482	543	33	323
575	185	482	620	27	317
606	185	482	706	20	308
637	185	482	803	0	303
668	185	482	890	0	298
800	185	482	1023	0	258
924	185	482	1023	0	209
0	254	482	0	119	280
62	254	482	0	118	288
123	254	482	0	117	312
185	254	482	36	113	361
254	254	482	99	110	360
308	254	482	150	107	355
386	254	482	244	99	345
451	254	482	342	92	335
482	254	482	397	88	331
513	254	482	461	84	327
544	254	482	531	80	321
575	254	482	606	74	316
606	254	482	690	70	308
637	254	482	788	64	303
668	254	482	883	59	301
800	254	482	1023	32	253
924	254	482	1023	30	203
0	308	482	0	154	274
62	308	482	0	154	280
123	308	482	0	154	304
185	308	482	0	153	338
254	308	482	85	150	338
308	308	482	137	147	348
386	308	482	230	139	340
451	308	482	329	132	335
482	308	482	384	128	331
513	308	482	447	124	327
544	308	482	517	119	321
575	308	482	593	115	316
606	308	482	677	109	308
637	308	482	774	103	303
668	308	482	872	98	297
800	308	482	1023	69	257
924	308	482	1023	56	202
0	386	482	0	217	278
62	386	482	0	217	281
123	386	482	0	219	286
185	386	482	0	221	313
254	386	482	59	221	327
308	386	482	113	218	327
386	386	482	206	211	332
451	386	482	304	204	330
482	386	482	359	201	326
513	386	482	421	197	323
544	386	482	490	191	318
575	386	482	566	185	313
606	386	482	650	180	308
637	386	482	745	173	302
668	386	482	847	167	297
800	386	482	1023	128	256
924	386	482	1023	97	202
0	451	482	0	283	292
62	451	482	0	284	292
123	451	482	0	285	296
185	451	482	0	289	308
254	451	482	28	293	325
308	451	482	90	291	325
386	451	482	183	286	324
451	451	482	278	280	321
482	451	482	331	275	321
513	451	482	392	269	317
544	451	482	459	265	314
575	451	482	535	258	310
606	451	482	619	250	305
637	451	482	714	243	299
668	451	482	817	236	294
800	451	482	1023	190	257
924	451	482	1023	139	201
0	482	482	0	320	299
62	482	482	0	320	300
123	482	482	0	323	300
185	482	482	0	327	308
254	482	482	0	334	320
308	482	482	77	333	321
386	482	482	171	326	318
451	482	482	263	320	317
482	482	482	316	316	316
513	482	482	377	310	317
544	482	482	443	305	314
575	482	482	516	299	311
606	482	482	600	291	304
637	482	482	697	283	293
668	482	482	801	275	294
800	482	482	1023	224	257
924	482	482	1023	162	199
0	513	482	0	359	308
62	513	482	0	359	308
123	513	482	0	362	305
185	513	482	0	367	309
254	513	482	0	377	313
308	513	482	62	377	315
386	513	482	156	372	313
451	513	482	248	365	311
482	513	482	300	361	311
513	513	482	359	356	307
544	513	482	425	351	310
575	513	482	497	345	309
606	513	482	582	336	306
637	513	482	676	328	294
668	513	482	782	318	292
800	513	482	1023	263	257
924	513	482	1023	188	197
0	544	482	0	404	315
62	544	482	0	404	316
123	544	482	0	407	316
185	544	482	0	413	311
254	544	482	0	422	311
308	544	482	47	426	308
386	544	482	141	421	307
451	544	482	232	414	307
482	544	482	282	410	306
513	544	482	340	405	304
544	544	482	406	400	302
575	544	482	476	394	305
606	544	482	561	386	301
637	544	482	651	378	296
668	544	482	761	367	291
800	544	482	1023	308	254
924	544	482	1023	219	199
0	575	482	0	449	318
62	575	482	0	450	318
123	575	482	0	452	318
185	575	482	0	458	309
254	575	482	0	469	304
308	575	482	26	478	302
386	575	482	125	474	301
451	575	482	214	468	300
482	575	482	263	463	299
513	575	482	321	459	298
544	575	482	384	454	297
575	575	482	456	448	293
606	575	482	539	442	297
637	575	482	631	435	294
668	575	482	742	422	290
800	575	482	1023	357	255
924	575	482	1023	254	200
0	606	482	0	500	326
62	606	482	0	502	326
123	606	482	0	504	325
185	606	482	0	511	314
254	606	482	0	523	305
308	606	482	0	537	296
386	606	482	109	533	295
451	606	482	196	529	293
482	606	482	245	523	293
513	606	482	300	520	292
544	606	482	364	515	292
575	606	482	434	509	291
606	606	482	516	502	290
637	606	482	607	495	292
668	606	482	717	484	289
800	606	482	1021	413	257
924	606	482	1023	296	201
0	637	482	0	559	335
62	637	482	0	561	335
123	637	482	0	565	332
185	637	482	0	571	323
254	637	482	0	584	310
308	637	482	0	600	294
386	637	482	93	602	289
451	637	482	180	595	288
482	637	482	229	592	288
513	637	482	282	587	288
544	637	482	342	584	287
575	637	482	411	576	287
606	637	482	491	570	287
637	637	482	581	564	284
668	637	482	685	551	286
800	637	482	1012	474	257
924	637	482	1023	343	202
0	668	482	0	624	341
62	668	482	0	627	340
123	668	482	0	629	336
185	668	482	0	638	332
254	668	482	0	651	299
308	668	482	0	665	268
386	668	482	76	674	279
451	668	482	163	669	278
482	668	482	209	667	278
513	668	482	260	662	278
544	668	482	320	660	280
575	668	482	388	652	278
606	668	482	464	644	277
637	668	482	548	636	276
668	668	482	647	625	255
800	668	482	999	541	256
924	668	482	1023	399	203
0	800	482	0	910	370
62	800	482	0	910	367
123	800	482	0	915	353
185	800	482	0	922	333
254	800	482	0	935	312
308	800	482	0	939	283
386	800	482	0	947	244
451	800	482	79	948	238
482	800	482	120	948	238
513	800	482	162	947	238
544	800	482	210	946	238
575	800	482	264	946	238
606	800	482	323	942	238
637	800	482	394	941	238
668	800	482	473	935	238
800	800	482	920	908	233
924	800	482	1023	769	210
0	924	482	0	1012	396
62	924	482	0	1012	394
123	924	482	0	1014	386
185	924	482	0	1016	371
254	924	482	0	1019	358
308	924	482	0	1023	326
386	924	482	0	1023	275
451	924	482	0	1023	226
482	924	482	43	1023	215
513	924	482	86	1023	216
544	924	482	130	1023	216
575	924	482	176	1023	217
606	924	482	227	1023	217
637	924	482	285	1023	219
668	924	482	353	1023	220
800	924	482	808	1023	222
924	924	482	1023	1007	220
0	0	513	0	15	349
62	0	513	0	6	365
123	0	513	32	0	385
185	0	513	72	0	377
254	0	513	123	0	368
308	0	513	169	0	361
386	0	513	249	0	350
451	0	513	329	0	345
482	0	513	374	0	342
513	0	513	427	0	340
544	0	513	484	0	337
575	0	513	546	0	334
606	0	513	616	0	331
637	0	513	692	0	318
668	0	513	778	0	317
800	0	513	1023	0	275
924	0	513	1023	0	252
0	62	513	0	27	347
62	62	513	0	23	362
123	62	513	0	0	420
185	62	513	64	0	412
254	62	513	120	0	390
308	62	513	169	0	376
386	62	513	252	0	360
451	62	513	334	0	353
482	62	513	380	0	348
513	62	513	434	0	343
544	62	513	491	0	341
575	62	513	555	0	338
606	62	513	623	0	334
637	62	513	702	0	319
668	62	513	786	0	318
800	62	513	1023	0	275
924	62	513	1023	0	250
0	123	513	0	49	337
62	123	513	0	47	352
123	123	513	0	40	408
185	123	513	57	37	421
254	123	513	113	31	418
308	123	513	167	26	409
386	123	513	258	8	397
451	123	513	351	0	377
482	123	513	401	0	369
513	123	513	457	0	362
544	123	513	517	0	355
575	123	513	583	0	349
606	123	513	654	0	344
637	123	513	735	0	323
668	123	513	820	0	322
800	123	513	1023	0	275
924	123	513	1023	0	244
0	185	513	0	79	320
62	185	513	0	78	333
123	185	513	0	73	386
185	185	513	48	68	417
254	185	513	106	65	413
308	185	513	159	62	409
386	185	513	252	54	396
451	185	513	350	47	385
482	185	513	405	42	381
513	185	513	469	37	377
544	185	513	537	32	371
575	185	513	615	26	363
606	185	513	700	19	357
637	185	513	796	0	347
668	185	513	883	0	341
800	185	513	1023	0	295
924	185	513	1023	0	236
0	254	513	0	118	307
62	254	513	0	118	317
123	254	513	0	115	356
185	254	513	31	111	410
254	254	513	95	109	409
308	254	513	146	105	403
386	254	513	240	98	394
451	254	513	339	91	384
482	254	513	395	88	379
513	254	513	458	84	376
544	254	513	526	79	370
575	254	513	602	74	365
606	254	513	687	69	353
637	254	513	785	64	347
668	254	513	880	59	345
800	254	513	1023	32	290
924	254	513	1023	29	228
0	308	513	0	153	297
62	308	513	0	153	304
123	308	513	0	154	338
185	308	513	0	151	395
254	308	513	81	148	398
308	308	513	134	145	398
386	308	513	227	138	390
451	308	513	326	131	383
482	308	513	381	127	379
513	308	513	444	124	375
544	308	513	513	119	369
575	308	513	589	114	362
606	308	513	673	109	355
637	308	513	772	103	347
668	308	513	867	97	342
800	308	513	1023	69	294
924	308	513	1023	55	228
0	386	513	0	217	304
62	386	513	0	217	309
123	386	513	0	217	324
185	386	513	0	220	353
254	386	513	56	220	377
308	386	513	110	217	377
386	386	513	204	210	382
451	386	513	300	204	377
482	386	513	355	200	374
513	386	513	418	195	371
544	386	513	486	190	365
575	386	513	563	184	359
606	386	513	645	179	353
637	386	513	742	172	346
668	386	513	844	166	341
800	386	513	1023	128	293
924	386	513	1023	96	228
0	451	513	0	281	327
62	451	513	0	282	321
123	451	513	0	283	326
185	451	513	0	287	343
254	451	513	22	293	370
308	451	513	87	291	370
386	451	513	181	285	368
451	451	513	275	278	370
482	451	513	327	274	368
513	451	513	389	269	364
544	451	513	457	264	360
575	451	513	531	257	356
606	451	513	616	250	350
637	451	513	711	243	343
668	451	513	814	235	339
800	451	513	1023	191	295
924	451	513	1023	139	226
0	482	513	0	318	326
62	482	513	0	320	328
123	482	513	0	322	329
185	482	513	0	326	343
254	482	513	0	333	365
308	482	513	74	333	368
386	482	513	168	326	365
451	482	513	261	319	364
482	482	513	311	314	362
513	482	513	372	310	361
544	482	513	440	304	358
575	482	513	514	298	354
606	482	513	598	290	348
637	482	513	694	282	342
668	482	513	798	273	337
800	482	513	1023	224	295
924	482	513	1023	161	225
0	513	513	0	359	336
62	513	513	0	359	336
123	513	513	0	362	338
185	513	513	0	366	342
254	513	513	0	375	355
308	513	513	60	377	360
386	513	513	153	371	361
451	513	513	246	365	359
482	513	513	297	361	358
513	513	513	356	356	356
544	513	513	421	349	358
575	513	513	495	343	355
606	513	513	577	335	351
637	513	513	671	328	337
668	513	513	779	318	335
800	513	513	1023	263	295
924	513	513	1023	189	225
0	544	513	0	403	344
62	544	513	0	403	344
123	544	513	0	406	347
185	544	513	0	411	344
254	544	513	0	420	351
308	544	513	43	426	354
386	544	513	137	421	354
451	544	513	230	414	352
482	544	513	279	410	351
513	544	513	337	404	348
544	544	513	402	399	345
575	544	513	475	392	348
606	544	513	556	386	347
637	544	513	649	378	343
668	544	513	759	367	335
800	544	513	1023	307	288
924	544	513	1023	219	226
0	575	513	0	449	351
62	575	513	0	449	353
123	575	513	0	452	353
185	575	513	0	458	347
254	575	513	0	469	347
308	575	513	21	478	346
386	575	513	122	472	346
451	575	513	212	467	344
482	575	513	259	462	346
513	575	513	318	457	343
544	575	513	381	454	342
575	575	513	453	448	339
606	575	513	536	442	342
637	575	513	629	433	339
668	575	513	736	423	332
800	575	513	1023	357	293
924	575	513	1023	255	226
0	606	513	0	500	354
62	606	513	0	502	354
123	606	513	0	504	354
185	606	513	0	511	346
254	606	513	0	523	342
308	606	513	0	535	341
386	606	513	106	533	340
451	606	513	194	527	338
482	606	513	243	523	338
513	606	513	297	518	337
544	606	513	360	515	335
575	606	513	432	509	335
606	606	513	512	502	332
637	606	513	604	495	335
668	606	513	711	484	332
800	606	513	1021	414	295
924	606	513	1023	296	228
0	637	513	0	559	363
62	637	513	0	561	363
123	637	513	0	563	362
185	637	513	0	571	356
254	637	513	0	584	346
308	637	513	0	598	335
386	637	513	91	602	332
451	637	513	177	595	332
482	637	513	225	592	332
513	637	513	278	587	331
544	637	513	339	583	331
575	637	513	410	576	330
606	637	513	488	570	329
637	637	513	579	564	328
668	637	513	679	552	330
800	637	513	1012	474	294
924	637	513	1023	344	230
0	668	513	0	624	373
62	668	513	0	627	373
123	668	513	0	629	371
185	668	513	0	638	366
254	668	513	0	649	327
308	668	513	0	665	300
386	668	513	74	674	322
451	668	513	161	669	321
482	668	513	207	665	321
513	668	513	258	662	321
544	668	513	317	658	321
575	668	513	384	652	322
606	668	513	460	645	321
637	668	513	546	634	319
668	668	513	645	623	295
800	668	513	998	542	293
924	668	513	1023	398	232
0	800	513	0	910	377
62	800	513	0	910	377
123	800	513	0	915	427
185	800	513	0	922	409
254	800	513	0	935	346
308	800	513	0	939	316
386	800	513	0	947	280
451	800	513	77	948	274
482	800	513	117	948	274
513	800	513	160	947	274
544	800	513	208	946	273
575	800	513	261	945	273
606	800	513	321	942	275
637	800	513	391	941	274
668	800	513	470	935	273
800	800	513	919	907	267
924	800	513	1023	769	240
0	924	513	0	1012	425
62	924	513	0	1012	423
123	924	513	0	1013	416
185	924	513	0	1015	416
254	924	513	0	1019	390
308	924	513	0	1023	362
386	924	513	0	1023	311
451	924	513	0	1023	261
482	924	513	41	1023	248
513	924	513	84	1023	249
544	924	513	128	1023	249
575	924	513	174	1023	250
606	924	513	225	1023	250
637	924	513	284	1023	251
668	924	513	352	1023	252
800	924	513	806	1023	256
924	924	513	1023	1007	252
0	0	544	0	16	385
62	0	544	0	9	400
123	0	544	30	0	425
185	0	544	70	0	419
254	0	544	120	0	407
308	0	544	166	0	397
386	0	544	246	0	394
451	0	544	326	0	388
482	0	544	373	0	386
513	0	544	424	0	383
544	0	544	483	0	379
575	0	544	543	0	376
606	0	544	613	0	373
637	0	544	687	0	361
668	0	544	774	0	359
800	0	544	1023	0	314
924	0	544	1023	0	279
0	62	544	0	27	380
62	62	544	0	24	397
123	62	544	0	0	461
185	62	544	61	0	457
254	62	544	116	0	437
308	62	544	165	0	422
386	62	544	247	0	406
451	62	544	331	0	397
482	62	544	378	0	391
513	62	544	431	0	388
544	62	544	489	0	385
575	62	544	552	0	380
606	62	544	622	0	376
637	62	544	698	0	362
668	62	544	785	0	360
800	62	544	1023	0	313
924	62	544	1023	0	279
0	123	544	0	48	373
62	123	544	0	47	388
123	123	544	0	40	448
185	123	544	52	35	473
254	123	544	109	30	470
308	123	544	162	24	463
386	123	544	254	0	450
451	123	544	347	0	427
482	123	544	397	0	419
513	123	544	454	0	411
544	123	544	514	0	401
575	123	544	579	0	396
606	123	544	651	0	388
637	123	544	732	0	367
668	123	544	817	0	366
800	123	544	1023	0	313
924	123	544	1023	0	274
0	185	544	0	78	367
62	185	544	0	77	371
123	185	544	0	72	423
185	185	544	43	67	470
254	185	544	103	64	468
308	185	544	154	60	462
386	185	544	247	53	451
451	185	544	345	45	441
482	185	544	402	41	435
513	185	544	466	36	430
544	185	544	533	32	422
575	185	544	611	26	415
606	185	544	698	17	407
637	185	544	793	0	398
668	185	544	880	0	389
800	185	544	1023	0	336
924	185	544	1023	0	264
0	254	544	0	117	350
62	254	544	0	116	354
123	254	544	0	114	396
185	254	544	24	110	462
254	254	544	91	107	460
308	254	544	142	104	456
386	254	544	235	97	447
451	254	544	335	91	439
482	254	544	391	87	435
513	254	544	453	83	429
544	254	544	523	78	422
575	254	544	600	73	415
606	254	544	684	69	404
637	254	544	780	63	397
668	254	544	877	58	393
800	254	544	1023	31	331
924	254	544	1023	28	256
0	308	544	0	153	343
62	308	544	0	152	338
123	308	544	0	152	374
185	308	544	0	150	440
254	308	544	77	146	454
308	308	544	130	143	451
386	308	544	223	137	444
451	308	544	322	131	437
482	308	544	377	127	432
513	308	544	441	123	427
544	308	544	508	118	420
575	308	544	586	113	414
606	308	544	669	108	408
637	308	544	766	103	398
668	308	544	864	97	391
800	308	544	1023	68	336
924	308	544	1023	55	256
0	386	544	0	216	334
62	386	544	0	216	340
123	386	544	0	217	360
185	386	544	0	219	395
254	386	544	52	219	430
308	386	544	107	214	428
386	386	544	201	209	436
451	386	544	296	202	431
482	386	544	352	200	427
513	386	544	415	195	423
544	386	544	483	190	416
575	386	544	559	184	413
606	386	544	642	179	406
637	386	544	739	173	397
668	386	544	838	166	390
800	386	544	1023	127	335
924	386	544	1023	96	256
0	451	544	0	281	358
62	451	544	0	282	354
123	451	544	0	283	364
185	451	544	0	287	383
254	451	544	13	292	423
308	451	544	85	289	422
386	451	544	178	284	420
451	451	544	272	278	423
482	451	544	324	274	419
513	451	544	385	268	416
544	451	544	454	262	414
575	451	544	526	256	409
606	451	544	611	249	402
637	451	544	707	242	394
668	451	544	811	236	388
800	451	544	1023	190	337
924	451	544	1023	138	255
0	482	544	0	318	363
62	482	544	0	320	364
123	482	544	0	321	368
185	482	544	0	325	381
254	482	544	0	332	415
308	482	544	71	331	414
386	482	544	164	324	414
451	482	544	257	318	411
482	482	544	309	313	414
513	482	544	369	309	413
544	482	544	437	304	409
575	482	544	510	296	403
606	482	544	593	290	398
637	482	544	688	282	392
668	482	544	795	273	385
800	482	544	1023	224	337
924	482	544	1023	160	254
0	513	544	0	359	364
62	513	544	0	359	366
123	513	544	0	362	372
185	513	544	0	366	380
254	513	544	0	373	402
308	513	544	57	376	412
386	513	544	150	371	411
451	513	544	244	363	409
482	513	544	294	361	409
513	513	544	353	356	407
544	513	544	418	350	405
575	513	544	492	342	400
606	513	544	575	335	396
637	513	544	668	327	390
668	513	544	776	317	384
800	513	544	1023	263	337
924	513	544	1023	188	254
0	544	544	0	403	374
62	544	544	0	403	374
123	544	544	0	406	380
185	544	544	0	410	381
254	544	544	0	419	396
308	544	544	39	424	405
386	544	544	134	419	406
451	544	544	227	412	404
482	544	544	275	410	402
513	544	544	334	404	400
544	544	544	399	399	399
575	544	544	471	391	400
606	544	544	554	385	397
637	544	544	644	377	393
668	544	544	756	367	383
800	544	544	1023	307	338
924	544	544	1023	219	255
0	575	544	0	449	382
62	575	544	0	449	382
123	575	544	0	452	386
185	575	544	0	457	383
254	575	544	0	467	392
308	575	544	13	478	397
386	575	544	120	472	397
451	575	544	209	465	394
482	575	544	257	462	394
513	575	544	315	457	392
544	575	544	378	452	390
575	575	544	450	446	387
606	575	544	531	440	390
637	575	544	622	433	390
668	575	544	732	422	383
800	575	544	1023	357	335
924	575	544	1023	255	257
0	606	544	0	500	392
62	606	544	0	500	392
123	606	544	0	504	392
185	606	544	0	509	387
254	606	544	0	521	390
308	606	544	0	535	388
386	606	544	104	533	388
451	606	544	191	525	387
482	606	544	241	522	387
513	606	544	294	518	388
544	606	544	358	512	386
575	606	544	428	509	384
606	606	544	509	502	381
637	606	544	600	495	385
668	606	544	707	482	378
800	606	544	1019	412	337
924	606	544	1023	295	259
0	637	544	0	559	393
62	637	544	0	559	393
123	637	544	0	563	393
185	637	544	0	569	393
254	637	544	0	582	386
308	637	544	0	598	385
386	637	544	88	600	382
451	637	544	175	595	382
482	637	544	223	590	380
513	637	544	276	587	380
544	637	544	336	581	379
575	637	544	406	576	379
606	637	544	486	570	377
637	637	544	573	563	374
668	637	544	676	552	378
800	637	544	1010	472	338
924	637	544	1023	343	261
0	668	544	0	624	405
62	668	544	0	627	405
123	668	544	0	629	405
185	668	544	0	636	401
254	668	544	0	649	353
308	668	544	0	662	337
386	668	544	71	674	370
451	668	544	158	667	370
482	668	544	205	665	370
513	668	544	254	662	370
544	668	544	315	656	369
575	668	544	381	652	368
606	668	544	458	643	367
637	668	544	542	634	364
668	668	544	640	622	339
800	668	544	998	540	336
924	668	544	1023	398	263
0	800	544	0	908	453
62	800	544	0	910	453
123	800	544	0	915	441
185	800	544	0	922	426
254	800	544	0	933	395
308	800	544	0	939	365
386	800	544	0	946	320
451	800	544	75	948	315
482	800	544	115	948	315
513	800	544	157	947	315
544	800	544	206	946	314
575	800	544	259	945	314
606	800	544	319	942	315
637	800	544	389	940	314
668	800	544	468	935	314
800	800	544	918	907	306
924	800	544	1023	772	274
0	924	544	0	1012	472
62	924	544	0	1012	470
123	924	544	0	1013	463
185	924	544	0	1015	451
254	924	544	0	1019	425
308	924	544	0	1023	403
386	924	544	0	1023	352
451	924	544	0	1023	298
482	924	544	39	1023	284
513	924	544	82	1023	284
544	924	544	126	1023	285
575	924	544	172	1023	285
606	924	544	223	1023	286
637	924	544	281	1023	288
668	924	544	349	1023	289
800	924	544	806	1023	294
924	924	544	1023	1008	290
0	0	575	0	17	422
62	0	575	0	10	439
123	0	575	27	0	470
185	0	575	68	0	465
254	0	575	117	0	453
308	0	575	163	0	442
386	0	575	241	0	434
451	0	575	323	0	433
482	0	575	370	0	433
513	0	575	423	0	430
544	0	575	480	0	429
575	0	575	543	0	422
606	0	575	611	0	419
637	0	575	687	0	409
668	0	575	772	0	406
800	0	575	1023	0	358
924	0	575	1023	0	313
0	62	575	0	27	418
62	62	575	0	24	436
123	62	575	0	0	503
185	62	575	58	0	507
254	62	575	112	0	486
308	62	575	162	0	471
386	62	575	244	0	455
451	62	575	327	0	447
482	62	575	376	0	441
513	62	575	429	0	438
544	62	575	488	0	433
575	62	575	549	0	428
606	62	575	620	0	423
637	62	575	695	0	410
668	62	575	782	0	407
800	62	575	1023	0	357
924	62	575	1023	0	311
0	123	575	0	48	415
62	123	575	0	46	428
123	123	575	0	40	489
185	123	575	47	33	531
254	123	575	104	29	527
308	123	575	156	23	521
386	123	575	250	0	510
451	123	575	341	0	484
482	123	575	392	0	473
513	123	575	450	0	465
544	123	575	510	0	457
575	123	575	576	0	447
606	123	575	647	0	438
637	123	575	730	0	416
668	123	575	814	0	414
800	123	575	1023	0	357
924	123	575	1023	0	305
0	185	575	0	76	404
62	185	575	0	75	411
123	185	575	0	71	466
185	185	575	38	65	527
254	185	575	98	63	525
308	185	575	149	59	520
386	185	575	244	52	510
451	185	575	341	44	500
482	185	575	397	40	495
513	185	575	461	36	489
544	185	575	529	30	485
575	185	575	606	25	474
606	185	575	692	16	464
637	185	575	790	0	452
668	185	575	875	0	443
800	185	575	1023	0	359
924	185	575	1023	0	296
0	254	575	0	116	388
62	254	575	0	115	401
123	254	575	0	113	437
185	254	575	13	108	521
254	254	575	86	105	521
308	254	575	138	102	518
386	254	575	231	96	510
451	254	575	329	89	500
482	254	575	386	86	496
513	254	575	448	83	490
544	254	575	518	78	482
575	254	575	595	73	473
606	254	575	677	68	460
637	254	575	776	62	452
668	254	575	874	57	448
800	254	575	1023	31	389
924	254	575	1023	27	288
0	308	575	0	152	378
62	308	575	0	152	389
123	308	575	0	151	414
185	308	575	0	148	486
254	308	575	72	144	513
308	308	575	126	142	511
386	308	575	219	136	504
451	308	575	317	130	497
482	308	575	373	126	495
513	308	575	437	123	489
544	308	575	505	117	481
575	308	575	581	113	473
606	308	575	665	107	464
637	308	575	762	102	453
668	308	575	861	97	446
800	308	575	1023	68	387
924	308	575	1023	54	288
0	386	575	0	216	378
62	386	575	0	216	375
123	386	575	0	217	399
185	386	575	0	218	439
254	386	575	47	216	489
308	386	575	103	214	489
386	386	575	197	208	496
451	386	575	293	202	492
482	386	575	348	199	490
513	386	575	410	194	484
544	386	575	478	189	477
575	386	575	554	184	471
606	386	575	637	178	462
637	386	575	733	171	453
668	386	575	835	165	446
800	386	575	1023	127	385
924	386	575	1023	95	288
0	451	575	0	281	391
62	451	575	0	281	395
123	451	575	0	283	404
185	451	575	0	287	427
254	451	575	0	291	480
308	451	575	81	288	480
386	451	575	175	283	480
451	451	575	268	276	484
482	451	575	320	272	479
513	451	575	381	267	476
544	451	575	449	263	472
575	451	575	524	257	465
606	451	575	608	249	458
637	451	575	701	242	450
668	451	575	805	236	443
800	451	575	1023	190	387
924	451	575	1023	137	288
0	482	575	0	318	398
62	482	575	0	319	400
123	482	575	0	320	407
185	482	575	0	324	421
254	482	575	0	331	468
308	482	575	67	329	473
386	482	575	161	323	471
451	482	575	254	316	470
482	482	575	306	312	474
513	482	575	365	308	471
544	482	575	432	304	465
575	482	575	506	296	462
606	482	575	589	288	455
637	482	575	685	282	448
668	482	575	790	274	441
800	482	575	1023	223	389
924	482	575	1023	159	286
0	513	575	0	359	405
62	513	575	0	359	407
123	513	575	0	361	410
185	513	575	0	365	419
254	513	575	0	373	454
308	513	575	53	374	464
386	513	575	147	368	464
451	513	575	239	363	461
482	513	575	290	358	459
513	513	575	349	354	465
544	513	575	414	348	460
575	513	575	487	342	457
606	513	575	569	334	451
637	513	575	663	326	445
668	513	575	770	317	438
800	513	575	1023	262	386
924	513	575	1023	188	286
0	544	575	0	403	413
62	544	575	0	403	409
123	544	575	0	406	415
185	544	575	0	410	420
254	544	575	0	418	444
308	544	575	35	424	462
386	544	575	131	417	462
451	544	575	223	411	458
482	544	575	273	406	456
513	544	575	330	403	455
544	544	575	394	397	453
575	544	575	467	391	452
606	544	575	549	384	448
637	544	575	641	377	444
668	544	575	750	366	436
800	544	575	1023	307	385
924	544	575	1023	219	289
0	575	575	0	449	415
62	575	575	0	449	415
123	575	575	0	452	422
185	575	575	0	457	422
254	575	575	0	467	438
308	575	575	0	478	453
386	575	575	117	471	451
451	575	575	207	465	451
482	575	575	255	460	451
513	575	575	312	456	449
544	575	575	375	452	448
575	575	575	446	446	446
606	575	575	527	440	448
637	575	575	619	433	444
668	575	575	729	421	435
800	575	575	1023	356	386
924	575	575	1023	256	291
0	606	575	0	500	424
62	606	575	0	500	424
123	606	575	0	504	428
185	606	575	0	509	429
254	606	575	0	521	435
308	606	575	0	533	442
386	606	575	101	533	444
451	606	575	188	524	444
482	606	575	237	520	443
513	606	575	290	517	442
544	606	575	355	512	441
575	606	575	425	507	439
606	606	575	505	501	434
637	606	575	595	493	439
668	606	575	702	483	435
800	606	575	1019	412	385
924	606	575	1023	296	294
0	637	575	0	559	435
62	637	575	0	559	435
123	637	575	0	563	436
185	637	575	0	569	438
254	637	575	0	582	437
308	637	575	0	595	437
386	637	575	86	600	437
451	637	575	173	594	436
482	637	575	220	589	435
513	637	575	272	587	435
544	637	575	333	579	435
575	637	575	402	574	434
606	637	575	482	570	433
637	637	575	570	563	429
668	637	575	673	552	432
800	637	575	1010	473	385
924	637	575	1023	344	296
0	668	575	0	624	439
62	668	575	0	624	441
123	668	575	0	629	441
185	668	575	0	636	441
254	668	575	0	649	380
308	668	575	0	662	435
386	668	575	68	674	424
451	668	575	156	667	427
482	668	575	202	665	426
513	668	575	252	662	426
544	668	575	311	656	426
575	668	575	376	649	423
606	668	575	454	642	421
637	668	575	540	634	419
668	668	575	635	623	387
800	668	575	998	540	384
924	668	575	1023	399	298
0	800	575	0	908	466
62	800	575	0	910	466
123	800	575	0	915	458
185	800	575	0	922	445
254	800	575	0	933	490
308	800	575	0	939	405
386	800	575	0	946	365
451	800	575	72	948	361
482	800	575	112	948	361
513	800	575	155	947	361
544	800	575	204	946	360
575	800	575	257	945	360
606	800	575	316	942	362
637	800	575	386	939	360
668	800	575	464	935	360
800	800	575	916	908	352
924	800	575	1023	775	313
0	924	575	0	1012	507
62	924	575	0	1012	504
123	924	575	0	1013	499
185	924	575	0	1015	485
254	924	575	0	1019	480
308	924	575	0	1022	455
386	924	575	0	1023	396
451	924	575	0	1023	342
482	924	575	36	1023	324
513	924	575	80	1023	326
544	924	575	124	1023	326
575	924	575	169	1023	327
606	924	575	221	1023	329
637	924	575	279	1023	330
668	924	575	347	1023	331
800	924	575	803	1023	337
924	924	575	1023	1009	333
0	0	606	0	17	466
62	0	606	0	12	483
123	0	606	24	0	521
185	0	606	66	0	514
254	0	606	113	0	503
308	0	606	158	0	495
386	0	606	239	0	487
451	0	606	321	0	486
482	0	606	367	0	483
513	0	606	419	0	482
544	0	606	478	0	480
575	0	606	539	0	476
606	0	606	611	0	469
637	0	606	684	0	460
668	0	606	772	0	456
800	0	606	1023	0	407
924	0	606	1023	0	350
0	62	606	0	27	464
62	62	606	0	24	480
123	62	606	0	6	546
185	62	606	55	0	559
254	62	606	108	0	541
308	62	606	157	0	525
386	62	606	241	0	509
451	62	606	325	0	499
482	62	606	371	0	496
513	62	606	426	0	492
544	62	606	485	0	487
575	62	606	546	0	481
606	62	606	617	0	476
637	62	606	695	0	463
668	62	606	779	0	458
800	62	606	1023	0	407
924	62	606	1023	0	349
0	123	606	0	48	458
62	123	606	0	46	470
123	123	606	0	40	533
185	123	606	41	32	594
254	123	606	99	27	590
308	123	606	150	20	588
386	123	606	244	0	580
451	123	606	338	0	546
482	123	606	388	0	537
513	123	606	445	0	524
544	123	606	505	0	516
575	123	606	571	0	506
606	123	606	644	0	494
637	123	606	726	0	471
668	123	606	811	0	468
800	123	606	1023	0	405
924	123	606	1023	0	343
0	185	606	0	76	444
62	185	606	0	75	458
123	185	606	0	71	513
185	185	606	32	64	592
254	185	606	93	61	590
308	185	606	143	58	587
386	185	606	238	51	578
451	185	606	335	43	569
482	185	606	392	39	565
513	185	606	456	35	558
544	185	606	525	29	550
575	185	606	603	23	542
606	185	606	688	13	527
637	185	606	784	0	515
668	185	606	869	0	502
800	185	606	1023	0	408
924	185	606	1023	0	333
0	254	606	0	115	431
62	254	606	0	115	443
123	254	606	0	112	482
185	254	606	0	105	585
254	254	606	81	103	586
308	254	606	133	101	584
386	254	606	226	95	577
451	254	606	324	89	567
482	254	606	381	85	563
513	254	606	443	81	556
544	254	606	513	77	547
575	254	606	590	73	539
606	254	606	672	68	530
637	254	606	770	62	516
668	254	606	869	57	513
800	254	606	1023	30	443
924	254	606	1023	26	323
0	308	606	0	151	418
62	308	606	0	151	429
123	308	606	0	150	459
185	308	606	0	147	540
254	308	606	68	143	579
308	308	606	122	140	577
386	308	606	213	135	573
451	308	606	312	128	566
482	308	606	369	126	562
513	308	606	432	122	556
544	308	606	500	116	547
575	308	606	576	112	538
606	308	606	660	107	527
637	308	606	756	101	515
668	308	606	855	96	506
800	308	606	1023	68	440
924	308	606	1023	53	324
0	386	606	0	215	418
62	386	606	0	215	426
123	386	606	0	216	441
185	386	606	0	216	489
254	386	606	42	215	558
308	386	606	100	212	558
386	386	606	192	206	566
451	386	606	288	201	560
482	386	606	344	197	556
513	386	606	405	193	550
544	386	606	473	188	542
575	386	606	548	183	536
606	386	606	633	177	526
637	386	606	729	171	516
668	386	606	829	165	507
800	386	606	1023	127	439
924	386	606	1023	94	324
0	451	606	0	281	428
62	451	606	0	282	432
123	451	606	0	283	445
185	451	606	0	285	480
254	451	606	0	289	548
308	451	606	77	287	548
386	451	606	171	282	545
451	451	606	264	275	549
482	451	606	316	271	544
513	451	606	377	267	541
544	451	606	444	261	537
575	451	606	519	255	529
606	451	606	603	248	520
637	451	606	699	241	514
668	451	606	802	234	506
800	451	606	1023	189	441
924	451	606	1023	137	324
0	482	606	0	318	435
62	482	606	0	319	439
123	482	606	0	320	449
185	482	606	0	324	474
254	482	606	0	328	527
308	482	606	63	326	538
386	482	606	157	322	539
451	482	606	250	315	542
482	482	606	302	311	541
513	482	606	362	307	538
544	482	606	428	302	533
575	482	606	500	296	525
606	482	606	585	288	517
637	482	606	679	280	511
668	482	606	787	272	502
800	482	606	1023	224	447
924	482	606	1023	158	323
0	513	606	0	358	441
62	513	606	0	358	445
123	513	606	0	361	450
185	513	606	0	364	471
254	513	606	0	370	509
308	513	606	49	372	528
386	513	606	143	368	527
451	513	606	235	361	524
482	513	606	287	357	522
513	513	606	345	352	528
544	513	606	409	348	522
575	513	606	483	341	519
606	513	606	564	333	517
637	513	606	658	325	509
668	513	606	767	316	500
800	513	606	1023	263	440
924	513	606	1023	188	326
0	544	606	0	403	450
62	544	606	0	403	452
123	544	606	0	406	460
185	544	606	0	410	462
254	544	606	0	417	495
308	544	606	31	422	525
386	544	606	128	417	518
451	544	606	219	411	517
482	544	606	268	406	514
513	544	606	326	401	514
544	544	606	391	396	518
575	544	606	461	389	514
606	544	606	544	383	510
637	544	606	636	377	506
668	544	606	747	366	497
800	544	606	1023	306	441
924	544	606	1023	219	327
0	575	606	0	449	458
62	575	606	0	449	460
123	575	606	0	452	459
185	575	606	0	456	464
254	575	606	0	465	487
308	575	606	0	475	514
386	575	606	113	470	515
451	575	606	202	463	513
482	575	606	251	458	512
513	575	606	307	454	511
544	575	606	372	451	509
575	575	606	441	444	506
606	575	606	522	439	507
637	575	606	615	431	502
668	575	606	723	421	493
800	575	606	1023	357	439
924	575	606	1023	255	331
0	606	606	0	500	460
62	606	606	0	502	460
123	606	606	0	504	467
185	606	606	0	509	472
254	606	606	0	521	484
308	606	606	0	531	502
386	606	606	98	528	504
451	606	606	186	524	506
482	606	606	234	519	505
513	606	606	288	515	505
544	606	606	350	512	503
575	606	606	421	506	501
606	606	606	501	501	501
637	606	606	590	493	503
668	606	606	697	483	493
800	606	606	1019	412	438
924	606	606	1023	296	333
0	637	606	0	559	471
62	637	606	0	559	473
123	637	606	0	563	475
185	637	606	0	569	482
254	637	606	0	582	484
308	637	606	0	593	492
386	637	606	83	599	499
451	637	606	170	591	499
482	637	606	217	589	496
513	637	606	269	584	495
544	637	606	330	579	495
575	637	606	398	573	494
606	637	606	476	567	492
637	637	606	566	561	489
668	637	606	668	549	491
800	637	606	1010	472	439
924	637	606	1023	344	336
0	668	606	0	624	484
62	668	606	0	624	484
123	668	606	0	629	486
185	668	606	0	636	488
254	668	606	0	649	477
308	668	606	0	660	486
386	668	606	65	671	486
451	668	606	153	667	486
482	668	606	199	665	486
513	668	606	249	660	485
544	668	606	309	655	484
575	668	606	373	649	487
606	668	606	450	640	482
637	668	606	534	634	480
668	668	606	632	623	442
800	668	606	997	540	437
924	668	606	1023	401	340
0	800	606	0	910	558
62	800	606	0	910	558
123	800	606	0	915	553
185	800	606	0	922	539
254	800	606	0	933	520
308	800	606	0	938	446
386	800	606	0	946	414
451	800	606	70	948	413
482	800	606	109	947	413
513	800	606	153	946	413
544	800	606	201	946	412
575	800	606	253	945	412
606	800	606	314	941	412
637	800	606	382	939	411
668	800	606	462	934	413
800	800	606	915	908	403
924	800	606	1023	775	358
0	924	606	0	1012	540
62	924	606	0	1012	540
123	924	606	0	1013	534
185	924	606	0	1015	542
254	924	606	0	1019	523
308	924	606	0	1022	499
386	924	606	0	1023	444
451	924	606	0	1023	390
482	924	606	33	1023	372
513	924	606	78	1023	372
544	924	606	121	1023	374
575	924	606	167	1023	375
606	924	606	219	1023	377
637	924	606	275	1023	378
668	924	606	344	1023	380
800	924	606	797	1023	386
924	924	606	1023	1011	382
0	0	637	0	18	512
62	0	637	0	14	529
123	0	637	21	0	573
185	0	637	62	0	569
254	0	637	110	0	560
308	0	637	156	0	552
386	0	637	236	0	544
451	0	637	319	0	542
482	0	637	365	0	540
513	0	637	417	0	541
544	0	637	475	0	535
575	0	637	537	0	533
606	0	637	607	0	516
637	0	637	683	0	518
668	0	637	768	0	513
800	0	637	1023	0	462
924	0	637	1023	0	390
0	62	637	0	27	510
62	62	637	0	25	525
123	62	637	0	9	594
185	62	637	52	0	617
254	62	637	105	0	599
308	62	637	153	0	585
386	62	637	237	0	563
451	62	637	321	0	557
482	62	637	369	0	554
513	62	637	422	0	552
544	62	637	480	0	545
575	62	637	543	0	541
606	62	637	614	0	535
637	62	637	691	0	521
668	62	637	776	0	517
800	62	637	1023	0	461
924	62	637	1023	0	390
0	123	637	0	47	502
62	123	637	0	46	519
123	123	637	0	40	583
185	123	637	35	30	667
254	123	637	94	26	666
308	123	637	144	19	663
386	123	637	239	0	652
451	123	637	330	0	615
482	123	637	383	0	604
513	123	637	440	0	590
544	123	637	499	0	581
575	123	637	568	0	568
606	123	637	640	0	558
637	123	637	720	0	533
668	123	637	808	0	528
800	123	637	1023	0	459
924	123	637	1023	0	383
0	185	637	0	76	491
62	185	637	0	75	507
123	185	637	0	70	565
185	185	637	24	62	664
254	185	637	88	60	662
308	185	637	139	57	662
386	185	637	233	50	655
451	185	637	329	43	645
482	185	637	387	38	641
513	185	637	449	34	634
544	185	637	519	28	624
575	185	637	595	22	614
606	185	637	682	10	600
637	185	637	775	0	585
668	185	637	863	0	570
800	185	637	1023	0	461
924	185	637	1023	0	374
0	254	637	0	114	475
62	254	637	0	113	488
123	254	637	0	110	534
185	254	637	0	104	646
254	254	637	77	101	659
308	254	637	129	99	657
386	254	637	221	94	652
451	254	637	318	88	643
482	254	637	376	85	637
513	254	637	438	81	633
544	254	637	507	76	623
575	254	637	583	72	614
606	254	637	667	67	604
637	254	637	766	61	587
668	254	637	865	56	583
800	254	637	1023	30	504
924	254	637	1023	24	362
0	308	637	0	150	463
62	308	637	0	150	474
123	308	637	0	149	507
185	308	637	0	144	597
254	308	637	64	141	656
308	308	637	118	139	654
386	308	637	209	134	649
451	308	637	307	128	641
482	308	637	364	124	638
513	308	637	425	120	629
544	308	637	494	116	620
575	308	637	571	111	611
606	308	637	653	106	600
637	308	637	752	100	586
668	308	637	851	95	578
800	308	637	1023	67	501
924	308	637	1023	51	364
0	386	637	0	214	461
62	386	637	0	215	468
123	386	637	0	215	489
185	386	637	0	215	553
254	386	637	37	213	633
308	386	637	96	211	631
386	386	637	189	205	639
451	386	637	283	200	635
482	386	637	338	196	630
513	386	637	398	192	623
544	386	637	468	188	615
575	386	637	543	183	611
606	386	637	626	176	600
637	386	637	723	170	589
668	386	637	826	164	579
800	386	637	1023	127	499
924	386	637	1023	93	365
0	451	637	0	280	479
62	451	637	0	281	477
123	451	637	0	282	489
185	451	637	0	284	531
254	451	637	0	286	616
308	451	637	73	285	621
386	451	637	167	279	619
451	451	637	259	273	622
482	451	637	311	269	621
513	451	637	371	265	617
544	451	637	439	260	612
575	451	637	512	254	604
606	451	637	595	248	594
637	451	637	691	241	585
668	451	637	795	234	575
800	451	637	1023	190	501
924	451	637	1023	136	365
0	482	637	0	317	480
62	482	637	0	319	484
123	482	637	0	319	495
185	482	637	0	322	524
254	482	637	0	326	589
308	482	637	59	326	612
386	482	637	153	321	611
451	482	637	247	313	615
482	482	637	297	310	613
513	482	637	358	306	609
544	482	637	423	301	604
575	482	637	495	294	598
606	482	637	578	287	589
637	482	637	671	280	582
668	482	637	779	272	573
800	482	637	1023	223	508
924	482	637	1023	158	367
0	513	637	0	358	482
62	513	637	0	358	485
123	513	637	0	359	501
185	513	637	0	362	521
254	513	637	0	369	567
308	513	637	44	372	600
386	513	637	139	367	602
451	513	637	232	360	599
482	513	637	282	356	607
513	513	637	340	352	603
544	513	637	404	345	598
575	513	637	478	340	594
606	513	637	559	333	587
637	513	637	652	325	579
668	513	637	760	315	568
800	513	637	1023	262	501
924	513	637	1023	188	367
0	544	637	0	402	490
62	544	637	0	402	492
123	544	637	0	404	504
185	544	637	0	408	516
254	544	637	0	414	552
308	544	637	25	420	590
386	544	637	125	415	588
451	544	637	216	408	587
482	544	637	265	405	586
513	544	637	322	400	584
544	544	637	386	394	588
575	544	637	457	389	585
606	544	637	539	383	579
637	544	637	630	374	577
668	544	637	740	365	567
800	544	637	1023	306	502
924	544	637	1023	220	372
0	575	637	0	448	497
62	575	637	0	448	500
123	575	637	0	450	509
185	575	637	0	455	516
254	575	637	0	464	543
308	575	637	0	472	582
386	575	637	110	467	579
451	575	637	199	461	578
482	575	637	248	458	578
513	575	637	304	453	576
544	575	637	366	449	575
575	575	637	437	443	578
606	575	637	520	438	575
637	575	637	610	430	572
668	575	637	717	419	563
800	575	637	1023	357	502
924	575	637	1023	256	375
0	606	637	0	500	507
62	606	637	0	502	509
123	606	637	0	504	516
185	606	637	0	509	520
254	606	637	0	518	538
308	606	637	0	528	565
386	606	637	95	528	577
451	606	637	182	522	575
482	606	637	231	520	575
513	606	637	284	515	573
544	606	637	345	509	571
575	606	637	417	506	571
606	606	637	493	497	568
637	606	637	585	493	567
668	606	637	691	481	560
800	606	637	1019	411	498
924	606	637	1023	296	378
0	637	637	0	559	511
62	637	637	0	561	513
123	637	637	0	562	518
185	637	637	0	568	528
254	637	637	0	578	537
308	637	637	0	592	554
386	637	637	80	596	566
451	637	637	167	591	566
482	637	637	214	589	568
513	637	637	266	583	566
544	637	637	326	579	565
575	637	637	395	573	563
606	637	637	473	567	563
637	637	637	561	561	561
668	637	637	660	550	560
800	637	637	1009	472	498
924	637	637	1023	344	382
0	668	637	0	624	523
62	668	637	0	626	526
123	668	637	0	629	528
185	668	637	0	635	535
254	668	637	0	647	516
308	668	637	0	660	539
386	668	637	61	671	556
451	668	637	150	667	556
482	668	637	196	662	556
513	668	637	247	658	556
544	668	637	304	652	554
575	668	637	370	649	552
606	668	637	446	640	548
637	668	637	530	630	546
668	668	637	627	621	504
800	668	637	997	540	498
924	668	637	1023	399	385
0	800	637	0	910	576
62	800	637	0	910	576
123	800	637	0	915	571
185	800	637	0	922	566
254	800	637	0	933	556
308	800	637	0	938	493
386	800	637	0	946	467
451	800	637	67	948	472
482	800	637	107	947	472
513	800	637	151	946	472
544	800	637	199	946	471
575	800	637	251	943	471
606	800	637	310	941	471
637	800	637	378	939	469
668	800	637	459	934	469
800	800	637	914	908	459
924	800	637	1023	777	407
0	924	637	0	1011	600
62	924	637	0	1011	600
123	924	637	0	1013	594
185	924	637	0	1015	585
254	924	637	0	1019	567
308	924	637	0	1022	546
386	924	637	0	1023	497
451	924	637	0	1023	443
482	924	637	29	1023	423
513	924	637	75	1023	423
544	924	637	118	1023	425
575	924	637	164	1023	429
606	924	637	216	1023	429
637	924	637	273	1023	430
668	924	637	342	1023	432
800	924	637	794	1023	439
924	924	637	1023	1011	437
0	0	668	0	19	560
62	0	668	0	15	577
123	0	668	16	0	633
185	0	668	60	0	629
254	0	668	107	0	621
308	0	668	152	0	615
386	0	668	232	0	609
451	0	668	315	0	606
482	0	668	361	0	603
513	0	668	414	0	603
544	0	668	470	0	598
575	0	668	533	0	595
606	0	668	603	0	583
637	0	668	680	0	547
668	0	668	765	0	549
800	0	668	1023	0	524
924	0	668	1023	0	436
0	62	668	0	28	559
62	62	668	0	25	575
123	62	668	0	11	649
185	62	668	49	0	684
254	62	668	102	0	664
308	62	668	148	0	645
386	62	668	233	0	630
451	62	668	316	0	625
482	62	668	365	0	619
513	62	668	419	0	617
544	62	668	474	0	610
575	62	668	539	0	596
606	62	668	609	0	591
637	62	668	688	0	590
668	62	668	776	0	582
800	62	668	1023	0	523
924	62	668	1023	0	434
0	123	668	0	47	552
62	123	668	0	46	570
123	123	668	0	40	638
185	123	668	29	29	746
254	123	668	90	24	744
308	123	668	140	17	743
386	123	668	232	0	728
451	123	668	324	0	696
482	123	668	376	0	678
513	123	668	434	0	663
544	123	668	493	0	650
575	123	668	561	0	639
606	123	668	634	0	627
637	123	668	716	0	603
668	123	668	804	0	595
800	123	668	1023	0	521
924	123	668	1023	0	427
0	185	668	0	75	540
62	185	668	0	74	558
123	185	668	0	69	617
185	185	668	12	61	746
254	185	668	83	58	743
308	185	668	134	55	741
386	185	668	226	49	736
451	185	668	323	42	726
482	185	668	380	37	721
513	185	668	443	33	714
544	185	668	513	28	704
575	185	668	588	21	694
606	185	668	674	7	681
637	185	668	768	0	667
668	185	668	857	0	648
800	185	668	1023	0	524
924	185	668	1023	0	418
0	254	668	0	113	525
62	254	668	0	112	541
123	254	668	0	109	590
185	254	668	0	104	710
254	254	668	71	100	738
308	254	668	124	97	737
386	254	668	215	92	734
451	254	668	313	87	726
482	254	668	368	83	722
513	254	668	431	79	713
544	254	668	501	75	704
575	254	668	576	70	694
606	254	668	661	66	682
637	254	668	760	61	672
668	254	668	859	56	660
800	254	668	1023	29	570
924	254	668	1023	23	407
0	308	668	0	150	512
62	308	668	0	149	525
123	308	668	0	147	573
185	308	668	0	144	659
254	308	668	59	140	735
308	308	668	112	136	732
386	308	668	203	131	729
451	308	668	301	127	722
482	308	668	357	123	716
513	308	668	417	119	709
544	308	668	486	115	700
575	308	668	564	110	694
606	308	668	646	105	684
637	308	668	745	99	670
668	308	668	845	94	659
800	308	668	1023	67	569
924	308	668	1023	51	409
0	386	668	0	214	509
62	386	668	0	214	519
123	386	668	0	214	551
185	386	668	0	213	616
254	386	668	31	211	711
308	386	668	92	208	724
386	386	668	185	204	721
451	386	668	279	198	718
482	386	668	333	194	711
513	386	668	394	190	705
544	386	668	462	185	699
575	386	668	537	181	689
606	386	668	620	175	680
637	386	668	716	169	669
668	386	668	820	163	657
800	386	668	1023	127	570
924	386	668	1023	92	411
0	451	668	0	280	520
62	451	668	0	280	524
123	451	668	0	281	545
185	451	668	0	283	590
254	451	668	0	285	687
308	451	668	68	283	702
386	451	668	161	277	701
451	451	668	254	271	704
482	451	668	306	268	699
513	451	668	366	264	695
544	451	668	433	258	691
575	451	668	506	252	682
606	451	668	589	246	675
637	451	668	685	238	665
668	451	668	792	232	653
800	451	668	1023	189	575
924	451	668	1023	135	411
0	482	668	0	317	527
62	482	668	0	317	534
123	482	668	0	318	545
185	482	668	0	321	581
254	482	668	0	323	658
308	482	668	55	322	691
386	482	668	149	318	690
451	482	668	243	312	694
482	482	668	293	309	694
513	482	668	352	304	691
544	482	668	418	299	686
575	482	668	489	293	679
606	482	668	573	286	671
637	482	668	666	278	663
668	482	668	774	270	652
800	482	668	1023	223	576
924	482	668	1023	158	413
0	513	668	0	357	534
62	513	668	0	356	538
123	513	668	0	359	546
185	513	668	0	362	575
254	513	668	0	367	635
308	513	668	39	369	683
386	513	668	135	363	679
451	513	668	228	358	679
482	513	668	277	354	685
513	513	668	336	350	681
544	513	668	400	344	677
575	513	668	473	338	671
606	513	668	553	330	664
637	513	668	645	324	656
668	513	668	756	314	648
800	513	668	1023	262	574
924	513	668	1023	188	414
0	544	668	0	400	533
62	544	668	0	400	536
123	544	668	0	403	551
185	544	668	0	406	571
254	544	668	0	413	615
308	544	668	16	418	667
386	544	668	121	413	667
451	544	668	211	406	669
482	544	668	261	402	668
513	544	668	317	397	674
544	544	668	381	394	670
575	544	668	452	386	667
606	544	668	533	381	661
637	544	668	627	374	655
668	544	668	734	363	644
800	544	668	1023	305	572
924	544	668	1023	219	418
0	575	668	0	447	542
62	575	668	0	447	545
123	575	668	0	450	555
185	575	668	0	455	569
254	575	668	0	461	603
308	575	668	0	469	656
386	575	668	107	466	656
451	575	668	195	460	656
482	575	668	244	456	656
513	575	668	299	453	653
544	575	668	363	447	652
575	575	668	434	442	656
606	575	668	512	437	653
637	575	668	605	429	650
668	575	668	714	418	643
800	575	668	1022	355	572
924	575	668	1023	255	423
0	606	668	0	499	551
62	606	668	0	500	554
123	606	668	0	502	564
185	606	668	0	506	573
254	606	668	0	516	596
308	606	668	0	526	636
386	606	668	92	528	654
451	606	668	180	521	648
482	606	668	228	517	648
513	606	668	281	514	648
544	606	668	342	509	646
575	606	668	411	503	644
606	606	668	490	496	648
637	606	668	582	490	645
668	606	668	685	480	637
800	606	668	1018	411	568
924	606	668	1023	296	427
0	637	668	0	557	562
62	637	668	0	558	565
123	637	668	0	560	572
185	637	668	0	566	576
254	637	668	0	577	595
308	637	668	0	589	621
386	637	668	77	596	645
451	637	668	164	591	645
482	637	668	211	585	645
513	637	668	262	581	645
544	637	668	323	576	643
575	637	668	390	571	640
606	637	668	469	567	640
637	637	668	557	561	637
668	637	668	654	550	632
800	637	668	1007	471	566
924	637	668	1023	344	430
0	668	668	0	624	568
62	668	668	0	626	571
123	668	668	0	628	576
185	668	668	0	635	587
254	668	668	0	647	556
308	668	668	0	660	592
386	668	668	58	671	635
451	668	668	147	664	632
482	668	668	192	660	632
513	668	668	244	657	637
544	668	668	301	651	635
575	668	668	366	646	632
606	668	668	441	638	627
637	668	668	526	630	624
668	668	668	619	619	619
800	668	668	994	538	565
924	668	668	1023	401	437
0	800	668	0	910	577
62	800	668	0	910	577
123	800	668	0	914	577
185	800	668	0	921	577
254	800	668	0	932	573
308	800	668	0	938	543
386	800	668	0	945	548
451	800	668	65	948	540
482	800	668	104	947	540
513	800	668	148	946	538
544	800	668	195	944	538
575	800	668	246	942	538
606	800	668	306	941	538
637	800	668	375	939	535
668	800	668	454	934	534
800	800	668	913	907	522
924	800	668	1023	777	462
0	924	668	0	1011	660
62	924	668	0	1011	660
123	924	668	0	1013	654
185	924	668	0	1015	648
254	924	668	0	1019	636
308	924	668	0	1022	618
386	924	668	0	1023	562
451	924	668	0	1023	505
482	924	668	25	1023	481
513	924	668	73	1023	483
544	924	668	116	1023	483
575	924	668	162	1023	485
606	924	668	213	1023	489
637	924	668	272	1023	491
668	924	668	337	1023	493
800	924	668	789	1023	501
924	924	668	1023	1012	499
0	0	800	0	22	809
62	0	800	0	19	827
123	0	800	0	0	888
185	0	800	50	0	894
254	0	800	97	0	892
308	0	800	138	0	889
386	0	800	216	0	886
451	0	800	297	0	886
482	0	800	343	0	886
513	0	800	393	0	886
544	0	800	449	0	888
575	0	800	513	0	886
606	0	800	580	0	888
637	0	800	657	0	886
668	0	800	747	0	880
800	0	800	1023	0	810
924	0	800	1023	0	706
0	62	800	0	29	809
62	62	800	0	27	824
123	62	800	0	17	886
185	62	800	36	0	940
254	62	800	90	0	929
308	62	800	134	0	922
386	62	800	214	0	911
451	62	800	297	0	907
482	62	800	343	0	905
513	62	800	396	0	903
544	62	800	451	0	902
575	62	800	516	0	901
606	62	800	584	0	901
637	62	800	661	0	889
668	62	800	752	0	891
800	62	800	1023	0	816
924	62	800	1023	0	704
0	123	800	0	47	805
62	123	800	0	45	822
123	123	800	0	40	879
185	123	800	0	27	995
254	123	800	65	14	1023
308	123	800	115	0	1023
386	123	800	205	0	1005
451	123	800	296	0	981
482	123	800	347	0	973
513	123	800	402	0	965
544	123	800	463	0	955
575	123	800	529	0	951
606	123	800	603	0	943
637	123	800	684	0	934
668	123	800	779	0	931
800	123	800	1023	0	832
924	123	800	1023	0	701
0	185	800	0	72	797
62	185	800	0	71	813
123	185	800	0	66	866
185	185	800	0	58	973
254	185	800	58	50	1023
308	185	800	109	48	1023
386	185	800	195	42	1023
451	185	800	290	35	1023
482	185	800	342	31	1023
513	185	800	403	27	1023
544	185	800	470	20	1023
575	185	800	545	9	1023
606	185	800	630	0	1023
637	185	800	726	0	1023
668	185	800	821	0	1011
800	185	800	1023	0	870
924	185	800	1023	0	695
0	254	800	0	109	787
62	254	800	0	108	801
123	254	800	0	106	848
185	254	800	0	99	944
254	254	800	47	92	1023
308	254	800	100	89	1023
386	254	800	187	84	1023
451	254	800	279	79	1023
482	254	800	332	76	1023
513	254	800	391	73	1023
544	254	800	457	69	1023
575	254	800	533	65	1023
606	254	800	619	60	1023
637	254	800	717	56	1023
668	254	800	824	51	1023
800	254	800	1021	25	942
924	254	800	1023	10	684
0	308	800	0	146	776
62	308	800	0	145	790
123	308	800	0	143	833
185	308	800	0	137	920
254	308	800	32	129	1023
308	308	800	89	127	1023
386	308	800	178	123	1023
451	308	800	268	117	1023
482	308	800	321	115	1023
513	308	800	380	112	1023
544	308	800	445	107	1023
575	308	800	520	103	1023
606	308	800	605	99	1023
637	308	800	703	94	1023
668	308	800	810	89	1023
800	308	800	1021	65	945
924	308	800	1023	45	687
0	386	800	0	210	767
62	386	800	0	209	777
123	386	800	0	209	814
185	386	800	0	207	884
254	386	800	0	200	1011
308	386	800	69	196	1023
386	386	800	159	191	1023
451	386	800	249	187	1023
482	386	800	298	184	1023
513	386	800	358	180	1023
544	386	800	422	177	1023
575	386	800	496	172	1023
606	386	800	578	168	1023
637	386	800	674	163	1023
668	386	800	784	157	1023
800	386	800	1021	123	951
924	386	800	1023	88	695
0	451	800	0	277	766
62	451	800	0	276	773
123	451	800	0	276	804
185	451	800	0	276	861
254	451	800	0	272	967
308	451	800	46	267	1023
386	451	800	138	262	1023
451	451	800	228	257	1023
482	451	800	276	253	1023
513	451	800	335	250	1023
544	451	800	397	247	1023
575	451	800	470	243	1023
606	451	800	550	237	1023
637	451	800	644	232	1023
668	451	800	754	224	1023
800	451	800	1021	185	957
924	451	800	1023	133	704
0	482	800	0	312	771
62	482	800	0	311	779
123	482	800	0	312	801
185	482	800	0	312	852
254	482	800	0	312	948
308	482	800	30	307	1023
386	482	800	126	302	1023
451	482	800	216	297	1023
482	482	800	264	294	1023
513	482	800	321	290	1023
544	482	800	384	286	1023
575	482	800	457	281	1023
606	482	800	536	276	1023
637	482	800	628	271	1023
668	482	800	740	263	1023
800	482	800	1021	219	963
924	482	800	1023	158	709
0	513	800	0	354	775
62	513	800	0	353	783
123	513	800	0	354	805
185	513	800	0	355	848
254	513	800	0	355	931
308	513	800	0	353	1023
386	513	800	115	347	1023
451	513	800	203	342	1023
482	513	800	251	338	1023
513	513	800	307	335	1023
544	513	800	370	331	1023
575	513	800	439	327	1023
606	513	800	522	321	1023
637	513	800	612	315	1023
668	513	800	721	307	1022
800	513	800	1021	258	962
924	513	800	1023	188	718
0	544	800	0	396	782
62	544	800	0	396	787
123	544	800	0	396	808
185	544	800	0	398	842
254	544	800	0	401	917
308	544	800	0	403	1005
386	544	800	101	397	1023
451	544	800	189	392	1023
482	544	800	238	388	1023
513	544	800	291	384	1023
544	544	800	354	382	1023
575	544	800	424	375	1023
606	544	800	503	371	1023
637	544	800	593	366	1023
668	544	800	702	356	1021
800	544	800	1018	301	962
924	544	800	1023	220	724
0	575	800	0	444	784
62	575	800	0	443	790
123	575	800	0	445	809
185	575	800	0	447	844
254	575	800	0	453	908
308	575	800	0	456	985
386	575	800	88	453	1023
451	575	800	176	448	1023
482	575	800	224	445	1023
513	575	800	275	441	1023
544	575	800	337	437	1023
575	575	800	407	432	1023
606	575	800	484	426	1023
637	575	800	573	421	1023
668	575	800	680	411	1021
800	575	800	1012	350	963
924	575	800	1023	256	732
0	606	800	0	496	794
62	606	800	0	495	800
123	606	800	0	497	816
185	606	800	0	501	845
254	606	800	0	506	902
308	606	800	0	513	967
386	606	800	74	515	1023
451	606	800	162	508	1023
482	606	800	209	506	1023
513	606	800	260	501	1023
544	606	800	319	496	1023
575	606	800	387	494	1023
606	606	800	466	489	1023
637	606	800	551	481	1023
668	606	800	650	472	1021
800	606	800	1006	405	960
924	606	800	1023	299	743
0	637	800	0	556	805
62	637	800	0	556	811
123	637	800	0	557	825
185	637	800	0	563	854
254	637	800	0	571	899
308	637	800	0	579	957
386	637	800	57	585	1023
451	637	800	147	578	1023
482	637	800	192	576	1023
513	637	800	244	570	1023
544	637	800	302	568	1023
575	637	800	367	562	1023
606	637	800	441	555	1023
637	637	800	526	547	1023
668	637	800	619	539	1023
800	637	800	995	466	956
924	637	800	1023	347	749
0	668	800	0	621	821
62	668	800	0	621	824
123	668	800	0	623	839
185	668	800	0	629	862
254	668	800	0	637	871
308	668	800	0	645	932
386	668	800	38	655	929
451	668	800	129	649	929
482	668	800	174	646	930
513	668	800	224	641	930
544	668	800	278	637	930
575	668	800	344	632	929
606	668	800	415	625	927
637	668	800	497	614	1023
668	668	800	586	603	1023
800	668	800	982	533	948
924	668	800	1023	404	760
0	800	800	0	907	889
62	800	800	0	907	889
123	800	800	0	909	896
185	800	800	0	915	911
254	800	800	0	924	929
308	800	800	0	930	869
386	800	800	0	937	903
451	800	800	49	940	924
482	800	800	91	939	924
513	800	800	135	939	924
544	800	800	182	937	924
575	800	800	232	936	924
606	800	800	289	935	921
637	800	800	357	931	921
668	800	800	433	929	920
800	800	800	902	902	902
924	800	800	1023	789	811
0	924	800	0	1011	918
62	924	800	0	1011	918
123	924	800	0	1013	921
185	924	800	0	1014	921
254	924	800	0	1018	924
308	924	800	0	1021	927
386	924	800	0	1023	885
451	924	800	0	1023	857
482	924	800	0	1023	842
513	924	800	60	1023	842
544	924	800	102	1023	845
575	924	800	150	1023	848
606	924	800	201	1023	851
637	924	800	257	1023	854
668	924	800	323	1023	857
800	924	800	772	1023	871
924	924	800	1023	1017	879
0	0	924	0	24	1023
62	0	924	0	22	1023
123	0	924	0	10	1023
185	0	924	37	0	1023
254	0	924	80	0	1023
308	0	924	117	0	1023
386	0	924	185	0	1023
451	0	924	257	0	1023
482	0	924	298	0	1023
513	0	924	343	0	1023
544	0	924	393	0	1023
575	0	924	451	0	1023
606	0	924	512	0	1023
637	0	924	582	0	1023
668	0	924	670	0	1023
800	0	924	977	0	986
924	0	924	1023	0	936
0	62	924	0	30	1023
62	62	924	0	28	1023
123	62	924	0	20	1023
185	62	924	22	0	1023
254	62	924	71	0	1023
308	62	924	110	0	1023
386	62	924	178	0	1023
451	62	924	253	0	1023
482	62	924	293	0	1023
513	62	924	339	0	1023
544	62	924	391	0	1023
575	62	924	447	0	1023
606	62	924	511	0	1023
637	62	924	581	0	1023
668	62	924	673	0	1023
800	62	924	976	0	986
924	62	924	1023	0	937
0	123	924	0	46	1023
62	123	924	0	44	1023
123	123	924	0	38	1023
185	123	924	0	26	1023
254	123	924	34	0	1023
308	123	924	80	0	1023
386	123	924	155	0	1023
451	123	924	233	0	1023
482	123	924	276	0	1023
513	123	924	323	0	1023
544	123	924	378	0	1023
575	123	924	438	0	1023
606	123	924	503	0	1023
637	123	924	580	0	1023
668	123	924	676	0	1023
800	123	924	974	0	990
924	123	924	1023	0	936
0	185	924	0	69	1023
62	185	924	0	68	1023
123	185	924	0	62	1023
185	185	924	0	51	1023
254	185	924	26	36	1023
308	185	924	70	34	1023
386	185	924	137	29	1023
451	185	924	208	24	1023
482	185	924	249	20	1023
513	185	924	295	16	1023
544	185	924	350	7	1023
575	185	924	413	0	1023
606	185	924	488	0	1023
637	185	924	577	0	1023
668	185	924	681	0	1023
800	185	924	973	0	1003
924	185	924	1023	0	938
0	254	924	0	106	1021
62	254	924	0	104	1023
123	254	924	0	98	1023
185	254	924	0	87	1023
254	254	924	8	68	1023
308	254	924	62	66	1023
386	254	924	130	62	1023
451	254	924	202	59	1023
482	254	924	241	57	1023
513	254	924	288	54	1023
544	254	924	342	52	1023
575	254	924	401	49	1023
606	254	924	470	46	1023
637	254	924	556	43	1023
668	254	924	667	40	1023
800	254	924	974	19	1023
924	254	924	1023	0	939
0	308	924	0	141	1018
62	308	924	0	139	1023
123	308	924	0	133	1023
185	308	924	0	121	1023
254	308	924	0	100	1023
308	308	924	53	96	1023
386	308	924	123	92	1023
451	308	924	194	88	1023
482	308	924	234	87	1023
513	308	924	280	84	1023
544	308	924	331	82	1023
575	308	924	391	80	1023
606	308	924	459	78	1023
637	308	924	542	75	1023
668	308	924	653	72	1023
800	308	924	970	58	1023
924	308	924	1023	38	941
0	386	924	0	204	1016
62	386	924	0	204	1023
123	386	924	0	198	1023
185	386	924	0	186	1023
254	386	924	0	163	1023
308	386	924	37	150	1023
386	386	924	108	147	1023
451	386	924	180	143	1023
482	386	924	219	142	1023
513	386	924	264	140	1023
544	386	924	314	137	1023
575	386	924	374	135	1023
606	386	924	443	133	1023
637	386	924	520	130	1023
668	386	924	624	128	1023
800	386	924	963	113	1023
924	386	924	1023	84	945
0	451	924	0	269	1018
62	451	924	0	268	1023
123	451	924	0	262	1023
185	451	924	0	252	1023
254	451	924	0	232	1023
308	451	924	6	207	1023
386	451	924	94	205	1023
451	451	924	164	202	1023
482	451	924	204	199	1023
513	451	924	248	196	1023
544	451	924	298	195	1023
575	451	924	355	192	1023
606	451	924	421	190	1023
637	451	924	499	187	1023
668	451	924	599	184	1023
800	451	924	957	169	1023
924	451	924	1023	133	949
0	482	924	0	305	1021
62	482	924	0	304	1023
123	482	924	0	299	1023
185	482	924	0	289	1023
254	482	924	0	269	1023
308	482	924	0	245	1023
386	482	924	86	236	1023
451	482	924	155	233	1023
482	482	924	196	231	1023
513	482	924	239	228	1023
544	482	924	289	226	1023
575	482	924	346	224	1023
606	482	924	413	221	1023
637	482	924	487	219	1023
668	482	924	585	215	1023
800	482	924	953	202	1023
924	482	924	1023	158	953
0	513	924	0	345	1023
62	513	924	0	344	1023
123	513	924	0	339	1023
185	513	924	0	329	1023
254	513	924	0	311	1023
308	513	924	0	287	1023
386	513	924	77	273	1023
451	513	924	147	268	1023
482	513	924	187	266	1023
513	513	924	229	264	1023
544	513	924	278	262	1023
575	513	924	336	260	1023
606	513	924	401	257	1023
637	513	924	474	254	1023
668	513	924	568	251	1023
800	513	924	949	236	1023
924	513	924	1023	188	955
0	544	924	0	387	1023
62	544	924	0	386	1023
123	544	924	0	381	1023
185	544	924	0	372	1023
254	544	924	0	355	1023
308	544	924	0	334	1023
386	544	924	68	314	1023
451	544	924	139	310	1023
482	544	924	178	308	1023
513	544	924	220	305	1023
544	544	924	267	303	1023
575	544	924	324	300	1023
606	544	924	390	298	1023
637	544	924	462	294	1023
668	544	924	551	291	1023
800	544	924	945	275	1023
924	544	924	1023	221	959
0	575	924	0	435	1023
62	575	924	0	434	1023
123	575	924	0	429	1023
185	575	924	0	422	1023
254	575	924	0	406	1023
308	575	924	0	388	1023
386	575	924	57	364	1023
451	575	924	130	359	1023
482	575	924	167	356	1023
513	575	924	209	355	1023
544	575	924	257	352	1023
575	575	924	313	349	1023
606	575	924	375	346	1023
637	575	924	448	342	1023
668	575	924	531	337	1023
800	575	924	939	320	1023
924	575	924	1023	259	962
0	606	924	0	484	1023
62	606	924	0	483	1023
123	606	924	0	479	1023
185	606	924	0	472	1023
254	606	924	0	460	1023
308	606	924	0	443	1023
386	606	924	44	416	1023
451	606	924	118	411	1023
482	606	924	155	409	1023
513	606	924	199	406	1023
544	606	924	246	403	1023
575	606	924	300	401	1023
606	606	924	364	398	1023
637	606	924	434	393	1023
668	606	924	516	390	1023
800	606	924	934	372	1023
924	606	924	1023	300	964
0	637	924	0	543	1023
62	637	924	0	541	1023
123	637	924	0	538	1023
185	637	924	0	532	1023
254	637	924	0	520	1023
308	637	924	0	506	1023
386	637	924	29	478	1023
451	637	924	106	470	1023
482	637	924	145	468	1023
513	637	924	187	464	1023
544	637	924	234	462	1023
575	637	924	286	459	1023
606	637	924	349	455	1023
637	637	924	418	452	1023
668	637	924	499	448	1023
800	637	924	928	430	1023
924	637	924	1023	350	968
0	668	924	0	601	1023
62	668	924	0	600	1023
123	668	924	0	598	1023
185	668	924	0	593	1023
254	668	924	0	586	997
308	668	924	0	576	1011
386	668	924	0	554	1023
451	668	924	94	545	1023
482	668	924	133	542	1023
513	668	924	175	536	1023
544	668	924	221	534	1023
575	668	924	273	528	1023
606	668	924	334	526	1023
637	668	924	404	522	1023
668	668	924	483	518	1023
800	668	924	922	495	1023
924	668	924	1023	407	973
0	800	924	0	893	987
62	800	924	0	895	988
123	800	924	0	897	991
185	800	924	0	900	996
254	800	924	0	908	1004
308	800	924	0	913	986
386	800	924	0	915	1006
451	800	924	29	916	1023
482	800	924	74	915	1023
513	800	924	116	914	1023
544	800	924	161	913	1023
575	800	924	210	912	1023
606	800	924	265	910	1023
637	800	924	329	909	1023
668	800	924	403	906	1023
800	800	924	874	894	1023
924	800	924	1023	800	995
0	924	924	0	1010	985
62	924	924	0	1010	986
123	924	924	0	1012	987
185	924	924	0	1014	989
254	924	924	0	1017	995
308	924	924	0	1021	999
386	924	924	0	1023	999
451	924	924	0	1023	1001
482	924	924	0	1023	1002
513	924	924	44	1023	1003
544	924	924	90	1023	1003
575	924	924	137	1023	1004
606	924	924	188	1023	1006
637	924	924	242	1023	1007
668	924	924	306	1023	1008
800	924	924	749	1023	1016
924	924	924	1023	1023	1023
