0	0	0	0	0	0
256	0	0	228	3	0
512	0	0	455	6	0
768	0	0	683	8	0
1024	0	0	910	11	0
1280	0	0	1138	14	0
1536	0	0	1366	17	0
1792	0	0	1593	20	0
2048	0	0	1821	23	0
2303	0	0	2047	25	0
2559	0	0	2275	28	0
2815	0	0	2503	31	0
3071	0	0	2730	34	0
3327	0	0	2958	37	0
3583	0	0	3185	40	0
3839	0	0	3413	42	0
4095	0	0	3641	45	0
0	256	0	16	251	2
256	256	0	244	253	2
512	256	0	471	256	1
768	256	0	699	259	1
1024	256	0	927	262	1
1280	256	0	1154	265	1
1536	256	0	1382	268	1
1792	256	0	1609	270	1
2048	256	0	1837	273	0
2303	256	0	2064	276	0
2559	256	0	2291	279	0
2815	256	0	2519	282	0
3071	256	0	2746	284	0
3327	256	0	2974	286	0
3583	256	0	3202	289	0
3839	256	0	3429	292	0
4095	256	0	3657	295	0
0	512	0	33	501	3
256	512	0	260	504	3
512	512	0	488	507	3
768	512	0	715	510	3
1024	512	0	943	512	3
1280	512	0	1171	514	3
1536	512	0	1398	517	2
1792	512	0	1626	520	2
2048	512	0	1853	523	2
2303	512	0	2080	526	2
2559	512	0	2308	529	2
2815	512	0	2535	531	2
3071	512	0	2763	534	1
3327	512	0	2990	537	1
3583	512	0	3218	540	1
3839	512	0	3446	543	1
4095	512	0	3673	546	1
0	768	0	49	751	5
256	768	0	276	754	5
512	768	0	504	757	5
768	768	0	732	759	5
1024	768	0	959	762	5
1280	768	0	1187	765	4
1536	768	0	1414	768	4
1792	768	0	1642	771	4
2048	768	0	1870	774	4
2303	768	0	2096	776	4
2559	768	0	2324	779	4
2815	768	0	2551	782	3
3071	768	0	2779	785	3
3327	768	0	3007	788	3
3583	768	0	3234	791	3
3839	768	0	3462	793	3
4095	768	0	3689	796	2
0	1024	0	64	1002	7
256	1024	0	292	1005	7
512	1024	0	519	1007	7
768	1024	0	747	1010	6
1024	1024	0	974	1013	6
1280	1024	0	1202	1016	6
1536	1024	0	1430	1019	6
1792	1024	0	1657	1021	6
2048	1024	0	1885	1024	6
2303	1024	0	2112	1027	5
2559	1024	0	2339	1030	5
2815	1024	0	2567	1033	5
3071	1024	0	2794	1036	5
3327	1024	0	3022	1038	5
3583	1024	0	3250	1041	5
3839	1024	0	3477	1044	4
4095	1024	0	3705	1047	4
0	1280	0	80	1252	9
256	1280	0	308	1255	9
512	1280	0	536	1258	8
768	1280	0	763	1261	8
1024	1280	0	991	1264	8
1280	1280	0	1218	1266	8
1536	1280	0	1446	1269	8
1792	1280	0	1674	1272	8
2048	1280	0	1901	1275	7
2303	1280	0	2128	1278	7
2559	1280	0	2355	1281	7
2815	1280	0	2583	1283	7
3071	1280	0	2811	1286	7
3327	1280	0	3038	1289	6
3583	1280	0	3266	1292	6
3839	1280	0	3493	1295	6
4095	1280	0	3721	1298	6
0	1536	0	97	1503	10
256	1536	0	324	1506	10
512	1536	0	552	1509	10
768	1536	0	779	1511	10
1024	1536	0	1007	1514	10
1280	1536	0	1235	1517	10
1536	1536	0	1462	1520	9
1792	1536	0	1690	1523	9
2048	1536	0	1917	1526	9
2303	1536	0	2144	1528	9
2559	1536	0	2372	1531	9
2815	1536	0	2599	1534	9
3071	1536	0	2827	1536	8
3327	1536	0	3054	1539	8
3583	1536	0	3282	1542	8
3839	1536	0	3510	1544	8
4095	1536	0	3737	1547	8
0	1792	0	113	1754	12
256	1792	0	341	1757	12
512	1792	0	568	1759	12
768	1792	0	796	1762	12
1024	1792	0	1023	1764	12
1280	1792	0	1251	1767	11
1536	1792	0	1478	1770	11
1792	1792	0	1706	1772	11
2048	1792	0	1934	1775	11
2303	1792	0	2160	1778	11
2559	1792	0	2388	1781	11
2815	1792	0	2616	1784	10
3071	1792	0	2843	1787	10
3327	1792	0	3071	1789	10
3583	1792	0	3298	1792	10
3839	1792	0	3526	1795	10
4095	1792	0	3754	1798	9
0	2048	0	129	2003	14
256	2048	0	357	2006	14
512	2048	0	584	2009	14
768	2048	0	812	2012	13
1024	2048	0	1040	2015	13
1280	2048	0	1267	2017	13
1536	2048	0	1495	2020	13
1792	2048	0	1722	2023	13
2048	2048	0	1950	2026	13
2303	2048	0	2177	2029	12
2559	2048	0	2404	2032	12
2815	2048	0	2632	2034	12
3071	2048	0	2859	2037	12
3327	2048	0	3087	2040	12
3583	2048	0	3315	2043	12
3839	2048	0	3542	2046	11
4095	2048	0	3770	2049	11
0	2303	0	145	2253	16
256	2303	0	373	2256	16
512	2303	0	601	2259	15
768	2303	0	828	2262	15
1024	2303	0	1056	2264	15
1280	2303	0	1283	2267	15
1536	2303	0	1511	2270	15
1792	2303	0	1739	2273	15
2048	2303	0	1966	2276	14
2303	2303	0	2193	2278	14
2559	2303	0	2420	2281	14
2815	2303	0	2648	2284	14
3071	2303	0	2876	2287	14
3327	2303	0	3103	2290	13
3583	2303	0	3331	2293	13
3839	2303	0	3558	2295	13
4095	2303	0	3786	2298	13
0	2559	0	162	2504	17
256	2559	0	389	2507	17
512	2559	0	617	2509	17
768	2559	0	844	2512	17
1024	2559	0	1072	2515	17
1280	2559	0	1300	2518	17
1536	2559	0	1527	2521	16
1792	2559	0	1755	2524	16
2048	2559	0	1982	2526	16
2303	2559	0	2209	2529	16
2559	2559	0	2437	2532	16
2815	2559	0	2664	2535	16
3071	2559	0	2892	2538	15
3327	2559	0	3120	2540	15
3583	2559	0	3347	2543	15
3839	2559	0	3575	2546	15
4095	2559	0	3802	2549	15
0	2815	0	177	2754	19
256	2815	0	405	2757	19
512	2815	0	632	2760	19
768	2815	0	860	2763	19
1024	2815	0	1087	2766	19
1280	2815	0	1315	2769	18
1536	2815	0	1543	2771	18
1792	2815	0	1770	2774	18
2048	2815	0	1998	2777	18
2303	2815	0	2224	2780	18
2559	2815	0	2452	2783	18
2815	2815	0	2680	2785	17
3071	2815	0	2907	2787	17
3327	2815	0	3135	2790	17
3583	2815	0	3362	2793	17
3839	2815	0	3590	2796	17
4095	2815	0	3818	2799	16
0	3071	0	193	3005	21
256	3071	0	421	3008	21
512	3071	0	648	3011	21
768	3071	0	876	3014	20
1024	3071	0	1104	3015	20
1280	3071	0	1331	3018	20
1536	3071	0	1559	3021	20
1792	3071	0	1786	3024	20
2048	3071	0	2014	3027	20
2303	3071	0	2241	3029	19
2559	3071	0	2468	3032	19
2815	3071	0	2696	3035	19
3071	3071	0	2923	3038	19
3327	3071	0	3151	3041	19
3583	3071	0	3379	3044	19
3839	3071	0	3606	3046	18
4095	3071	0	3834	3049	18
0	3327	0	210	3255	23
256	3327	0	437	3258	23
512	3327	0	665	3260	22
768	3327	0	892	3263	22
1024	3327	0	1120	3266	22
1280	3327	0	1348	3269	22
1536	3327	0	1575	3272	22
1792	3327	0	1803	3275	22
2048	3327	0	2030	3277	21
2303	3327	0	2257	3280	21
2559	3327	0	2485	3283	21
2815	3327	0	2712	3286	21
3071	3327	0	2940	3289	21
3327	3327	0	3167	3291	20
3583	3327	0	3395	3294	20
3839	3327	0	3623	3297	20
4095	3327	0	3850	3300	20
0	3583	0	226	3505	24
256	3583	0	453	3508	24
512	3583	0	681	3511	24
768	3583	0	909	3514	24
1024	3583	0	1136	3517	24
1280	3583	0	1364	3520	24
1536	3583	0	1591	3522	23
1792	3583	0	1819	3525	23
2048	3583	0	2047	3528	23
2303	3583	0	2273	3531	23
2559	3583	0	2501	3534	23
2815	3583	0	2728	3536	23
3071	3583	0	2956	3539	22
3327	3583	0	3184	3542	22
3583	3583	0	3411	3545	22
3839	3583	0	3639	3548	22
4095	3583	0	3866	3551	22
0	3839	0	242	3756	26
256	3839	0	470	3759	26
512	3839	0	697	3762	26
768	3839	0	925	3765	26
1024	3839	0	1152	3767	26
1280	3839	0	1380	3770	25
1536	3839	0	1608	3773	25
1792	3839	0	1835	3776	25
2048	3839	0	2063	3779	25
2303	3839	0	2290	3781	25
2559	3839	0	2517	3784	25
2815	3839	0	2745	3787	24
3071	3839	0	2972	3790	24
3327	3839	0	3200	3793	24
3583	3839	0	3427	3796	24
3839	3839	0	3655	3798	24
4095	3839	0	3883	3801	23
0	4095	0	258	4007	28
256	4095	0	486	4010	28
512	4095	0	714	4012	28
768	4095	0	941	4015	27
1024	4095	0	1169	4018	27
1280	4095	0	1396	4021	27
1536	4095	0	1624	4024	27
1792	4095	0	1852	4027	27
2048	4095	0	2079	4029	27
2303	4095	0	2306	4032	26
2559	4095	0	2533	4035	26
2815	4095	0	2761	4038	26
3071	4095	0	2989	4040	26
3327	4095	0	3216	4042	26
3583	4095	0	3444	4045	26
3839	4095	0	3671	4048	25
4095	4095	0	3899	4051	25
0	0	256	12	2	231
256	0	256	240	5	230
512	0	256	468	8	230
768	0	256	695	11	230
1024	0	256	923	13	230
1280	0	256	1150	16	230
1536	0	256	1378	19	230
1792	0	256	1606	22	229
2048	0	256	1833	25	229
2303	0	256	2060	28	229
2559	0	256	2287	30	229
2815	0	256	2515	33	229
3071	0	256	2743	36	229
3327	0	256	2970	39	228
3583	0	256	3198	42	228
3839	0	256	3425	44	228
4095	0	256	3653	47	228
0	256	256	29	253	232
256	256	256	256	256	232
512	256	256	484	258	232
768	256	256	711	261	232
1024	256	256	939	264	232
1280	256	256	1167	267	231
1536	256	256	1394	270	231
1792	256	256	1622	273	231
2048	256	256	1849	275	231
2303	256	256	2076	278	231
2559	256	256	2304	281	231
2815	256	256	2531	284	230
3071	256	256	2759	286	230
3327	256	256	2986	289	230
3583	256	256	3214	291	230
3839	256	256	3442	294	230
4095	256	256	3669	297	230
0	512	256	45	503	234
256	512	256	273	506	234
512	512	256	500	509	234
768	512	256	728	512	234
1024	512	256	955	514	233
1280	512	256	1183	517	233
1536	512	256	1410	519	233
1792	512	256	1638	522	233
2048	512	256	1866	525	233
2303	512	256	2092	528	233
2559	512	256	2320	531	232
2815	512	256	2548	534	232
3071	512	256	2775	536	232
3327	512	256	3003	539	232
3583	512	256	3230	542	232
3839	512	256	3458	545	231
4095	512	256	3686	548	231
0	768	256	60	753	236
256	768	256	288	756	236
512	768	256	515	759	235
768	768	256	743	762	235
1024	768	256	971	764	235
1280	768	256	1198	767	235
1536	768	256	1426	770	235
1792	768	256	1653	773	235
2048	768	256	1881	776	234
2303	768	256	2108	779	234
2559	768	256	2335	781	234
2815	768	256	2563	784	234
3071	768	256	2790	787	234
3327	768	256	3018	790	234
3583	768	256	3246	793	233
3839	768	256	3473	796	233
4095	768	256	3701	798	233
0	1024	256	76	1004	238
256	1024	256	304	1007	237
512	1024	256	532	1009	237
768	1024	256	759	1012	237
1024	1024	256	987	1015	237
1280	1024	256	1214	1018	237
1536	1024	256	1442	1021	237
1792	1024	256	1670	1024	236
2048	1024	256	1897	1026	236
2303	1024	256	2124	1029	236
2559	1024	256	2352	1032	236
2815	1024	256	2579	1035	236
3071	1024	256	2807	1038	236
3327	1024	256	3034	1041	235
3583	1024	256	3262	1043	235
3839	1024	256	3489	1046	235
4095	1024	256	3717	1049	235
0	1280	256	93	1254	239
256	1280	256	320	1257	239
512	1280	256	548	1260	239
768	1280	256	776	1263	239
1024	1280	256	1003	1266	239
1280	1280	256	1231	1269	238
1536	1280	256	1458	1271	238
1792	1280	256	1686	1274	238
2048	1280	256	1914	1277	238
2303	1280	256	2140	1280	238
2559	1280	256	2368	1283	238
2815	1280	256	2595	1286	237
3071	1280	256	2823	1288	237
3327	1280	256	3051	1291	237
3583	1280	256	3278	1294	237
3839	1280	256	3506	1297	237
4095	1280	256	3733	1300	237
0	1536	256	109	1505	241
256	1536	256	337	1508	241
512	1536	256	564	1511	241
768	1536	256	792	1514	241
1024	1536	256	1019	1516	240
1280	1536	256	1247	1519	240
1536	1536	256	1475	1522	240
1792	1536	256	1702	1525	240
2048	1536	256	1930	1528	240
2303	1536	256	2156	1531	240
2559	1536	256	2384	1533	239
2815	1536	256	2612	1536	239
3071	1536	256	2839	1538	239
3327	1536	256	3067	1541	239
3583	1536	256	3294	1544	239
3839	1536	256	3522	1547	238
4095	1536	256	3750	1549	238
0	1792	256	125	1756	243
256	1792	256	353	1759	243
512	1792	256	581	1761	242
768	1792	256	808	1763	242
1024	1792	256	1036	1766	242
1280	1792	256	1263	1769	242
1536	1792	256	1491	1772	242
1792	1792	256	1718	1775	242
2048	1792	256	1946	1777	241
2303	1792	256	2173	1780	241
2559	1792	256	2400	1783	241
2815	1792	256	2628	1786	241
3071	1792	256	2856	1789	241
3327	1792	256	3083	1792	241
3583	1792	256	3311	1794	240
3839	1792	256	3538	1797	240
4095	1792	256	3766	1800	240
0	2048	256	142	2005	245
256	2048	256	369	2008	244
512	2048	256	597	2011	244
768	2048	256	824	2014	244
1024	2048	256	1052	2017	244
1280	2048	256	1280	2020	244
1536	2048	256	1507	2022	244
1792	2048	256	1735	2025	243
2048	2048	256	1962	2028	243
2303	2048	256	2189	2031	243
2559	2048	256	2417	2034	243
2815	2048	256	2644	2037	243
3071	2048	256	2872	2039	243
3327	2048	256	3099	2042	242
3583	2048	256	3327	2045	242
3839	2048	256	3555	2048	242
4095	2048	256	3782	2051	242
0	2303	256	158	2255	246
256	2303	256	385	2258	246
512	2303	256	613	2261	246
768	2303	256	841	2264	246
1024	2303	256	1068	2266	246
1280	2303	256	1296	2269	245
1536	2303	256	1523	2272	245
1792	2303	256	1751	2275	245
2048	2303	256	1979	2278	245
2303	2303	256	2205	2281	245
2559	2303	256	2433	2283	245
2815	2303	256	2660	2286	244
3071	2303	256	2888	2289	244
3327	2303	256	3116	2292	244
3583	2303	256	3343	2295	244
3839	2303	256	3571	2298	244
4095	2303	256	3798	2300	244
0	2559	256	173	2506	248
256	2559	256	401	2509	248
512	2559	256	628	2511	248
768	2559	256	856	2514	248
1024	2559	256	1083	2517	247
1280	2559	256	1311	2520	247
1536	2559	256	1539	2523	247
1792	2559	256	1766	2526	247
2048	2559	256	1994	2528	247
2303	2559	256	2221	2531	247
2559	2559	256	2448	2534	246
2815	2559	256	2676	2537	246
3071	2559	256	2903	2540	246
3327	2559	256	3131	2543	246
3583	2559	256	3358	2545	246
3839	2559	256	3586	2548	245
4095	2559	256	3814	2551	245
0	2815	256	189	2756	250
256	2815	256	417	2759	250
512	2815	256	645	2762	249
768	2815	256	872	2765	249
1024	2815	256	1100	2768	249
1280	2815	256	1327	2771	249
1536	2815	256	1555	2773	249
1792	2815	256	1783	2776	249
2048	2815	256	2010	2779	248
2303	2815	256	2237	2782	248
2559	2815	256	2464	2785	248
2815	2815	256	2692	2787	248
3071	2815	256	2920	2789	248
3327	2815	256	3147	2792	248
3583	2815	256	3375	2795	247
3839	2815	256	3602	2798	247
4095	2815	256	3830	2801	247
0	3071	256	206	3007	252
256	3071	256	433	3010	251
512	3071	256	661	3013	251
768	3071	256	888	3015	251
1024	3071	256	1116	3017	251
1280	3071	256	1344	3020	251
1536	3071	256	1571	3023	251
1792	3071	256	1799	3026	250
2048	3071	256	2026	3029	250
2303	3071	256	2253	3032	250
2559	3071	256	2481	3034	250
2815	3071	256	2708	3037	250
3071	3071	256	2936	3040	249
3327	3071	256	3163	3043	249
3583	3071	256	3391	3046	249
3839	3071	256	3619	3049	249
4095	3071	256	3846	3051	249
0	3327	256	222	3257	253
256	3327	256	450	3260	253
512	3327	256	677	3262	253
768	3327	256	905	3265	253
1024	3327	256	1132	3268	253
1280	3327	256	1360	3271	252
1536	3327	256	1587	3274	252
1792	3327	256	1815	3277	252
2048	3327	256	2043	3279	252
2303	3327	256	2269	3282	252
2559	3327	256	2497	3285	252
2815	3327	256	2725	3288	251
3071	3327	256	2952	3291	251
3327	3327	256	3180	3294	251
3583	3327	256	3407	3296	251
3839	3327	256	3635	3299	251
4095	3327	256	3862	3302	251
0	3583	256	238	3507	255
256	3583	256	466	3510	255
512	3583	256	693	3513	255
768	3583	256	921	3516	255
1024	3583	256	1149	3519	254
1280	3583	256	1376	3522	254
1536	3583	256	1604	3524	254
1792	3583	256	1831	3527	254
2048	3583	256	2059	3530	254
2303	3583	256	2286	3533	254
2559	3583	256	2513	3536	253
2815	3583	256	2741	3539	253
3071	3583	256	2968	3541	253
3327	3583	256	3196	3544	253
3583	3583	256	3424	3547	253
3839	3583	256	3651	3550	252
4095	3583	256	3879	3553	252
0	3839	256	254	3758	257
256	3839	256	482	3761	257
512	3839	256	710	3764	256
768	3839	256	937	3767	256
1024	3839	256	1165	3769	256
1280	3839	256	1392	3772	256
1536	3839	256	1620	3775	256
1792	3839	256	1848	3778	256
2048	3839	256	2075	3781	255
2303	3839	256	2302	3784	255
2559	3839	256	2529	3786	255
2815	3839	256	2757	3789	255
3071	3839	256	2985	3792	255
3327	3839	256	3212	3795	255
3583	3839	256	3440	3798	254
3839	3839	256	3667	3801	254
4095	3839	256	3895	3803	254
0	4095	256	271	4009	259
256	4095	256	498	4012	258
512	4095	256	726	4014	258
768	4095	256	954	4017	258
1024	4095	256	1181	4020	258
1280	4095	256	1409	4023	258
1536	4095	256	1636	4026	258
1792	4095	256	1864	4029	257
2048	4095	256	2091	4031	257
2303	4095	256	2318	4034	257
2559	4095	256	2546	4037	257
2815	4095	256	2773	4039	257
3071	4095	256	3001	4042	256
3327	4095	256	3229	4045	256
3583	4095	256	3456	4047	256
3839	4095	256	3684	4050	256
4095	4095	256	3911	4053	256
0	0	512	25	4	461
256	0	512	252	7	461
512	0	512	480	10	461
768	0	512	708	13	461
1024	0	512	935	15	460
1280	0	512	1163	18	460
1536	0	512	1390	21	460
1792	0	512	1618	24	460
2048	0	512	1845	27	460
2303	0	512	2072	30	460
2559	0	512	2300	32	459
2815	0	512	2527	35	459
3071	0	512	2755	38	459
3327	0	512	2983	41	459
3583	0	512	3210	44	459
3839	0	512	3438	47	459
4095	0	512	3665	49	458
0	256	512	41	255	463
256	256	512	269	258	463
512	256	512	496	260	463
768	256	512	724	263	462
1024	256	512	951	266	462
1280	256	512	1179	269	462
1536	256	512	1407	272	462
1792	256	512	1634	275	462
2048	256	512	1862	277	462
2303	256	512	2088	280	461
2559	256	512	2316	283	461
2815	256	512	2544	285	461
3071	256	512	2771	288	461
3327	256	512	2999	291	461
3583	256	512	3226	293	460
3839	256	512	3454	296	460
4095	256	512	3682	299	460
0	512	512	57	505	465
256	512	512	284	508	465
512	512	512	512	511	464
768	512	512	739	513	464
1024	512	512	967	516	464
1280	512	512	1194	519	464
1536	512	512	1422	521	464
1792	512	512	1649	524	463
2048	512	512	1877	527	463
2303	512	512	2104	530	463
2559	512	512	2332	533	463
2815	512	512	2559	536	463
3071	512	512	2787	538	463
3327	512	512	3014	541	462
3583	512	512	3242	544	462
3839	512	512	3469	547	462
4095	512	512	3697	550	462
0	768	512	73	755	466
256	768	512	300	758	466
512	768	512	528	761	466
768	768	512	755	764	466
1024	768	512	983	766	466
1280	768	512	1211	769	466
1536	768	512	1438	772	465
1792	768	512	1666	775	465
2048	768	512	1893	778	465
2303	768	512	2120	781	465
2559	768	512	2348	783	465
2815	768	512	2575	786	465
3071	768	512	2803	789	464
3327	768	512	3030	792	464
3583	768	512	3258	795	464
3839	768	512	3486	798	464
4095	768	512	3713	800	464
0	1024	512	89	1006	468
256	1024	512	316	1009	468
512	1024	512	544	1011	468
768	1024	512	772	1014	468
1024	1024	512	999	1017	467
1280	1024	512	1227	1020	467
1536	1024	512	1454	1023	467
1792	1024	512	1682	1026	467
2048	1024	512	1910	1028	467
2303	1024	512	2136	1031	467
2559	1024	512	2364	1034	466
2815	1024	512	2591	1037	466
3071	1024	512	2819	1040	466
3327	1024	512	3047	1043	466
3583	1024	512	3274	1045	466
3839	1024	512	3502	1048	466
4095	1024	512	3729	1051	465
0	1280	512	105	1256	470
256	1280	512	333	1259	470
512	1280	512	560	1262	470
768	1280	512	788	1265	469
1024	1280	512	1016	1268	469
1280	1280	512	1243	1271	469
1536	1280	512	1471	1273	469
1792	1280	512	1698	1276	469
2048	1280	512	1926	1279	469
2303	1280	512	2153	1282	468
2559	1280	512	2380	1285	468
2815	1280	512	2608	1288	468
3071	1280	512	2835	1290	468
3327	1280	512	3063	1293	468
3583	1280	512	3291	1296	467
3839	1280	512	3518	1299	467
4095	1280	512	3746	1302	467
0	1536	512	121	1507	472
256	1536	512	349	1510	472
512	1536	512	577	1513	471
768	1536	512	804	1516	471
1024	1536	512	1032	1518	471
1280	1536	512	1259	1521	471
1536	1536	512	1487	1524	471
1792	1536	512	1715	1527	470
2048	1536	512	1942	1530	470
2303	1536	512	2169	1533	470
2559	1536	512	2396	1535	470
2815	1536	512	2624	1537	470
3071	1536	512	2852	1540	470
3327	1536	512	3079	1543	469
3583	1536	512	3307	1546	469
3839	1536	512	3534	1549	469
4095	1536	512	3762	1551	469
0	1792	512	138	1758	473
256	1792	512	365	1761	473
512	1792	512	593	1763	473
768	1792	512	820	1765	473
1024	1792	512	1048	1768	473
1280	1792	512	1276	1771	473
1536	1792	512	1503	1774	472
1792	1792	512	1731	1777	472
2048	1792	512	1958	1779	472
2303	1792	512	2185	1782	472
2559	1792	512	2413	1785	472
2815	1792	512	2640	1788	472
3071	1792	512	2868	1791	471
3327	1792	512	3095	1794	471
3583	1792	512	3323	1796	471
3839	1792	512	3551	1799	471
4095	1792	512	3778	1802	471
0	2048	512	154	2007	475
256	2048	512	382	2010	475
512	2048	512	609	2013	475
768	2048	512	837	2016	475
1024	2048	512	1064	2019	474
1280	2048	512	1292	2022	474
1536	2048	512	1520	2024	474
1792	2048	512	1747	2027	474
2048	2048	512	1975	2030	474
2303	2048	512	2201	2033	474
2559	2048	512	2429	2036	473
2815	2048	512	2657	2039	473
3071	2048	512	2884	2041	473
3327	2048	512	3112	2044	473
3583	2048	512	3339	2047	473
3839	2048	512	3567	2050	473
4095	2048	512	3795	2053	472
0	2303	512	170	2257	477
256	2303	512	398	2260	477
512	2303	512	625	2263	477
768	2303	512	853	2266	476
1024	2303	512	1081	2268	476
1280	2303	512	1308	2271	476
1536	2303	512	1536	2274	476
1792	2303	512	1763	2277	476
2048	2303	512	1991	2280	476
2303	2303	512	2218	2283	475
2559	2303	512	2445	2285	475
2815	2303	512	2673	2288	475
3071	2303	512	2900	2291	475
3327	2303	512	3128	2294	475
3583	2303	512	3356	2297	474
3839	2303	512	3583	2300	474
4095	2303	512	3811	2302	474
0	2559	512	185	2508	479
256	2559	512	413	2511	478
512	2559	512	641	2513	478
768	2559	512	868	2516	478
1024	2559	512	1096	2519	478
1280	2559	512	1323	2522	478
1536	2559	512	1551	2525	478
1792	2559	512	1779	2528	477
2048	2559	512	2006	2530	477
2303	2559	512	2233	2533	477
2559	2559	512	2460	2536	477
2815	2559	512	2688	2539	477
3071	2559	512	2916	2542	477
3327	2559	512	3143	2545	476
3583	2559	512	3371	2547	476
3839	2559	512	3598	2550	476
4095	2559	512	3826	2553	476
0	2815	512	202	2758	480
256	2815	512	429	2761	480
512	2815	512	657	2764	480
768	2815	512	885	2767	480
1024	2815	512	1112	2770	480
1280	2815	512	1340	2773	480
1536	2815	512	1567	2775	479
1792	2815	512	1795	2778	479
2048	2815	512	2022	2781	479
2303	2815	512	2249	2784	479
2559	2815	512	2477	2787	479
2815	2815	512	2704	2789	479
3071	2815	512	2932	2791	478
3327	2815	512	3160	2794	478
3583	2815	512	3387	2797	478
3839	2815	512	3615	2800	478
4095	2815	512	3842	2803	478
0	3071	512	218	3009	482
256	3071	512	446	3012	482
512	3071	512	673	3014	482
768	3071	512	901	3017	482
1024	3071	512	1128	3019	481
1280	3071	512	1356	3022	481
1536	3071	512	1584	3025	481
1792	3071	512	1811	3028	481
2048	3071	512	2039	3031	481
2303	3071	512	2265	3034	481
2559	3071	512	2493	3036	480
2815	3071	512	2721	3039	480
3071	3071	512	2948	3042	480
3327	3071	512	3176	3045	480
3583	3071	512	3403	3048	480
3839	3071	512	3631	3051	480
4095	3071	512	3859	3053	479
0	3327	512	234	3259	484
256	3327	512	462	3262	484
512	3327	512	689	3264	484
768	3327	512	917	3267	483
1024	3327	512	1145	3270	483
1280	3327	512	1372	3273	483
1536	3327	512	1600	3276	483
1792	3327	512	1827	3279	483
2048	3327	512	2055	3281	483
2303	3327	512	2282	3284	482
2559	3327	512	2509	3287	482
2815	3327	512	2737	3290	482
3071	3327	512	2965	3293	482
3327	3327	512	3192	3296	482
3583	3327	512	3420	3298	481
3839	3327	512	3647	3301	481
4095	3327	512	3875	3304	481
0	3583	512	251	3509	486
256	3583	512	478	3512	485
512	3583	512	706	3515	485
768	3583	512	933	3518	485
1024	3583	512	1161	3521	485
1280	3583	512	1389	3524	485
1536	3583	512	1616	3526	485
1792	3583	512	1844	3529	484
2048	3583	512	2071	3532	484
2303	3583	512	2298	3535	484
2559	3583	512	2526	3538	484
2815	3583	512	2753	3541	484
3071	3583	512	2981	3543	484
3327	3583	512	3208	3546	483
3583	3583	512	3436	3549	483
3839	3583	512	3664	3552	483
4095	3583	512	3891	3555	483
0	3839	512	267	3760	487
256	3839	512	494	3763	487
512	3839	512	722	3766	487
768	3839	512	950	3769	487
1024	3839	512	1177	3771	487
1280	3839	512	1405	3774	487
1536	3839	512	1632	3777	486
1792	3839	512	1860	3780	486
2048	3839	512	2088	3783	486
2303	3839	512	2314	3786	486
2559	3839	512	2542	3788	486
2815	3839	512	2769	3791	486
3071	3839	512	2997	3794	485
3327	3839	512	3225	3797	485
3583	3839	512	3452	3800	485
3839	3839	512	3680	3803	485
4095	3839	512	3907	3805	485
0	4095	512	283	4011	489
256	4095	512	511	4014	489
512	4095	512	738	4016	489
768	4095	512	966	4019	489
1024	4095	512	1193	4022	488
1280	4095	512	1421	4025	488
1536	4095	512	1649	4028	488
1792	4095	512	1876	4031	488
2048	4095	512	2104	4033	488
2303	4095	512	2331	4036	488
2559	4095	512	2558	4038	487
2815	4095	512	2786	4041	487
3071	4095	512	3013	4044	487
3327	4095	512	3241	4047	487
3583	4095	512	3469	4049	487
3839	4095	512	3696	4052	487
4095	4095	512	3924	4055	486
0	0	768	37	6	692
256	0	768	265	9	692
512	0	768	492	12	691
768	0	768	720	15	691
1024	0	768	947	17	691
1280	0	768	1175	20	691
1536	0	768	1403	23	691
1792	0	768	1630	26	691
2048	0	768	1858	29	690
2303	0	768	2085	32	690
2559	0	768	2312	34	690
2815	0	768	2540	37	690
3071	0	768	2767	40	690
3327	0	768	2995	43	690
3583	0	768	3223	46	689
3839	0	768	3450	49	689
4095	0	768	3678	51	689
0	256	768	53	257	694
256	256	768	281	260	693
512	256	768	509	263	693
768	256	768	736	265	693
1024	256	768	964	268	693
1280	256	768	1191	271	693
1536	256	768	1419	274	692
1792	256	768	1647	277	692
2048	256	768	1874	279	692
2303	256	768	2101	282	692
2559	256	768	2328	284	692
2815	256	768	2556	287	692
3071	256	768	2784	290	691
3327	256	768	3011	293	691
3583	256	768	3239	295	691
3839	256	768	3466	298	691
4095	256	768	3694	301	691
0	512	768	69	508	695
256	512	768	296	510	695
512	512	768	524	512	695
768	512	768	751	515	695
1024	512	768	979	518	695
1280	512	768	1207	521	694
1536	512	768	1434	523	694
1792	512	768	1662	526	694
2048	512	768	1889	529	694
2303	512	768	2116	532	694
2559	512	768	2344	535	694
2815	512	768	2571	538	693
3071	512	768	2799	540	693
3327	512	768	3026	543	693
3583	512	768	3254	546	693
3839	512	768	3482	549	693
4095	512	768	3709	552	692
0	768	768	85	757	697
256	768	768	313	760	697
512	768	768	540	763	697
768	768	768	768	766	696
1024	768	768	995	769	696
1280	768	768	1223	771	696
1536	768	768	1451	774	696
1792	768	768	1678	777	696
2048	768	768	1906	780	696
2303	768	768	2132	783	695
2559	768	768	2360	785	695
2815	768	768	2588	788	695
3071	768	768	2815	791	695
3327	768	768	3043	794	695
3583	768	768	3270	797	695
3839	768	768	3498	800	694
4095	768	768	3726	802	694
0	1024	768	101	1008	699
256	1024	768	329	1011	699
512	1024	768	556	1014	698
768	1024	768	784	1016	698
1024	1024	768	1012	1019	698
1280	1024	768	1239	1022	698
1536	1024	768	1467	1025	698
1792	1024	768	1694	1028	698
2048	1024	768	1922	1030	697
2303	1024	768	2149	1033	697
2559	1024	768	2376	1036	697
2815	1024	768	2604	1039	697
3071	1024	768	2831	1042	697
3327	1024	768	3059	1045	697
3583	1024	768	3287	1047	696
3839	1024	768	3514	1050	696
4095	1024	768	3742	1053	696
0	1280	768	118	1259	701
256	1280	768	345	1261	700
512	1280	768	573	1264	700
768	1280	768	800	1267	700
1024	1280	768	1028	1270	700
1280	1280	768	1255	1273	700
1536	1280	768	1483	1275	699
1792	1280	768	1711	1278	699
2048	1280	768	1938	1281	699
2303	1280	768	2165	1284	699
2559	1280	768	2393	1287	699
2815	1280	768	2620	1290	699
3071	1280	768	2848	1292	698
3327	1280	768	3075	1295	698
3583	1280	768	3303	1298	698
3839	1280	768	3531	1301	698
4095	1280	768	3758	1304	698
0	1536	768	134	1509	702
256	1536	768	361	1512	702
512	1536	768	589	1515	702
768	1536	768	817	1518	702
1024	1536	768	1044	1521	702
1280	1536	768	1272	1523	701
1536	1536	768	1499	1526	701
1792	1536	768	1727	1529	701
2048	1536	768	1955	1532	701
2303	1536	768	2181	1535	701
2559	1536	768	2409	1536	701
2815	1536	768	2636	1539	700
3071	1536	768	2864	1542	700
3327	1536	768	3092	1545	700
3583	1536	768	3319	1548	700
3839	1536	768	3547	1551	700
4095	1536	768	3774	1553	699
0	1792	768	150	1760	704
256	1792	768	378	1763	704
512	1792	768	605	1765	704
768	1792	768	833	1767	703
1024	1792	768	1060	1770	703
1280	1792	768	1288	1773	703
1536	1792	768	1516	1776	703
1792	1792	768	1743	1779	703
2048	1792	768	1971	1781	703
2303	1792	768	2198	1784	702
2559	1792	768	2425	1787	702
2815	1792	768	2653	1790	702
3071	1792	768	2880	1793	702
3327	1792	768	3108	1796	702
3583	1792	768	3335	1798	702
3839	1792	768	3563	1801	701
4095	1792	768	3791	1804	701
0	2048	768	166	2010	706
256	2048	768	394	2012	706
512	2048	768	622	2015	705
768	2048	768	849	2018	705
1024	2048	768	1077	2021	705
1280	2048	768	1304	2024	705
1536	2048	768	1532	2027	705
1792	2048	768	1759	2029	705
2048	2048	768	1987	2032	704
2303	2048	768	2214	2035	704
2559	2048	768	2441	2038	704
2815	2048	768	2669	2041	704
3071	2048	768	2897	2043	704
3327	2048	768	3124	2046	704
3583	2048	768	3352	2049	703
3839	2048	768	3579	2052	703
4095	2048	768	3807	2055	703
0	2303	768	182	2259	708
256	2303	768	409	2262	707
512	2303	768	637	2265	707
768	2303	768	864	2268	707
1024	2303	768	1092	2271	707
1280	2303	768	1320	2273	707
1536	2303	768	1547	2276	706
1792	2303	768	1775	2279	706
2048	2303	768	2002	2282	706
2303	2303	768	2229	2285	706
2559	2303	768	2457	2287	706
2815	2303	768	2684	2290	706
3071	2303	768	2912	2293	705
3327	2303	768	3139	2296	705
3583	2303	768	3367	2299	705
3839	2303	768	3595	2302	705
4095	2303	768	3822	2304	705
0	2559	768	198	2510	709
256	2559	768	425	2513	709
512	2559	768	653	2516	709
768	2559	768	881	2518	709
1024	2559	768	1108	2521	709
1280	2559	768	1336	2524	708
1536	2559	768	1563	2527	708
1792	2559	768	1791	2530	708
2048	2559	768	2019	2533	708
2303	2559	768	2245	2535	708
2559	2559	768	2473	2538	708
2815	2559	768	2700	2541	707
3071	2559	768	2928	2544	707
3327	2559	768	3156	2547	707
3583	2559	768	3383	2549	707
3839	2559	768	3611	2552	707
4095	2559	768	3838	2555	706
0	2815	768	214	2761	711
256	2815	768	442	2763	711
512	2815	768	669	2766	711
768	2815	768	897	2769	710
1024	2815	768	1124	2772	710
1280	2815	768	1352	2775	710
1536	2815	768	1580	2778	710
1792	2815	768	1807	2780	710
2048	2815	768	2035	2783	710
2303	2815	768	2262	2786	709
2559	2815	768	2489	2788	709
2815	2815	768	2717	2791	709
3071	2815	768	2944	2793	709
3327	2815	768	3172	2796	709
3583	2815	768	3400	2799	709
3839	2815	768	3627	2802	708
4095	2815	768	3855	2805	708
0	3071	768	230	3011	713
256	3071	768	458	3014	713
512	3071	768	686	3016	712
768	3071	768	913	3019	712
1024	3071	768	1141	3022	712
1280	3071	768	1368	3024	712
1536	3071	768	1596	3027	712
1792	3071	768	1824	3030	712
2048	3071	768	2051	3033	711
2303	3071	768	2278	3036	711
2559	3071	768	2505	3038	711
2815	3071	768	2733	3041	711
3071	3071	768	2961	3044	711
3327	3071	768	3188	3047	710
3583	3071	768	3416	3050	710
3839	3071	768	3643	3053	710
4095	3071	768	3871	3055	710
0	3327	768	247	3261	715
256	3327	768	474	3264	714
512	3327	768	702	3267	714
768	3327	768	929	3269	714
1024	3327	768	1157	3272	714
1280	3327	768	1385	3275	714
1536	3327	768	1612	3278	713
1792	3327	768	1840	3281	713
2048	3327	768	2067	3284	713
2303	3327	768	2294	3286	713
2559	3327	768	2522	3289	713
2815	3327	768	2749	3292	713
3071	3327	768	2977	3295	712
3327	3327	768	3204	3298	712
3583	3327	768	3432	3300	712
3839	3327	768	3660	3303	712
4095	3327	768	3887	3306	712
0	3583	768	263	3512	716
256	3583	768	491	3514	716
512	3583	768	718	3517	716
768	3583	768	946	3520	716
1024	3583	768	1173	3523	716
1280	3583	768	1401	3526	715
1536	3583	768	1629	3529	715
1792	3583	768	1856	3531	715
2048	3583	768	2084	3534	715
2303	3583	768	2310	3537	715
2559	3583	768	2538	3540	715
2815	3583	768	2766	3543	714
3071	3583	768	2993	3545	714
3327	3583	768	3221	3548	714
3583	3583	768	3448	3551	714
3839	3583	768	3676	3554	714
4095	3583	768	3904	3557	713
0	3839	768	279	3762	718
256	3839	768	507	3765	718
512	3839	768	734	3768	718
768	3839	768	962	3771	717
1024	3839	768	1190	3774	717
1280	3839	768	1417	3776	717
1536	3839	768	1645	3779	717
1792	3839	768	1872	3782	717
2048	3839	768	2100	3785	717
2303	3839	768	2327	3788	716
2559	3839	768	2554	3790	716
2815	3839	768	2782	3793	716
3071	3839	768	3009	3796	716
3327	3839	768	3237	3799	716
3583	3839	768	3465	3802	716
3839	3839	768	3692	3805	715
4095	3839	768	3920	3807	715
0	4095	768	295	4013	720
256	4095	768	522	4016	720
512	4095	768	750	4019	719
768	4095	768	977	4021	719
1024	4095	768	1205	4024	719
1280	4095	768	1432	4027	719
1536	4095	768	1660	4030	719
1792	4095	768	1888	4033	719
2048	4095	768	2115	4036	718
2303	4095	768	2342	4038	718
2559	4095	768	2570	4040	718
2815	4095	768	2797	4043	718
3071	4095	768	3025	4046	718
3327	4095	768	3252	4049	717
3583	4095	768	3480	4051	717
3839	4095	768	3707	4054	717
4095	4095	768	3935	4057	717
0	0	1024	50	8	922
256	0	1024	277	11	922
512	0	1024	505	14	922
768	0	1024	732	17	922
1024	0	1024	960	20	922
1280	0	1024	1187	22	921
1536	0	1024	1415	25	921
1792	0	1024	1643	28	921
2048	0	1024	1870	31	921
2303	0	1024	2097	34	921
2559	0	1024	2325	37	921
2815	0	1024	2552	39	920
3071	0	1024	2780	42	920
3327	0	1024	3007	45	920
3583	0	1024	3235	48	920
3839	0	1024	3462	51	920
4095	0	1024	3690	54	920
0	256	1024	65	259	924
256	256	1024	292	262	924
512	256	1024	520	265	924
768	256	1024	748	267	924
1024	256	1024	975	270	923
1280	256	1024	1203	273	923
1536	256	1024	1430	276	923
1792	256	1024	1658	279	923
2048	256	1024	1886	282	923
2303	256	1024	2112	284	923
2559	256	1024	2340	286	922
2815	256	1024	2567	289	922
3071	256	1024	2795	292	922
3327	256	1024	3023	295	922
3583	256	1024	3250	298	922
3839	256	1024	3478	300	921
4095	256	1024	3705	303	921
0	512	1024	81	510	926
256	512	1024	309	512	926
512	512	1024	536	514	926
768	512	1024	764	517	925
1024	512	1024	991	520	925
1280	512	1024	1219	523	925
1536	512	1024	1447	526	925
1792	512	1024	1674	528	925
2048	512	1024	1902	531	924
2303	512	1024	2128	534	924
2559	512	1024	2356	537	924
2815	512	1024	2584	540	924
3071	512	1024	2811	543	924
3327	512	1024	3039	545	924
3583	512	1024	3266	548	923
3839	512	1024	3494	551	923
4095	512	1024	3722	554	923
0	768	1024	97	759	928
256	768	1024	325	762	927
512	768	1024	553	765	927
768	768	1024	780	768	927
1024	768	1024	1008	771	927
1280	768	1024	1235	773	927
1536	768	1024	1463	776	927
1792	768	1024	1690	779	926
2048	768	1024	1918	782	926
2303	768	1024	2145	785	926
2559	768	1024	2372	788	926
2815	768	1024	2600	790	926
3071	768	1024	2828	793	926
3327	768	1024	3055	796	925
3583	768	1024	3283	799	925
3839	768	1024	3510	802	925
4095	768	1024	3738	805	925
0	1024	1024	114	1010	929
256	1024	1024	341	1013	929
512	1024	1024	569	1016	929
768	1024	1024	796	1018	929
1024	1024	1024	1024	1021	929
1280	1024	1024	1252	1024	928
1536	1024	1024	1479	1027	928
1792	1024	1024	1707	1030	928
2048	1024	1024	1934	1033	928
2303	1024	1024	2161	1035	928
2559	1024	1024	2389	1038	928
2815	1024	1024	2616	1041	927
3071	1024	1024	2844	1044	927
3327	1024	1024	3071	1047	927
3583	1024	1024	3299	1050	927
3839	1024	1024	3527	1052	927
4095	1024	1024	3754	1055	927
0	1280	1024	130	1261	931
256	1280	1024	357	1263	931
512	1280	1024	585	1266	931
768	1280	1024	813	1269	931
1024	1280	1024	1040	1272	930
1280	1280	1024	1268	1275	930
1536	1280	1024	1495	1278	930
1792	1280	1024	1723	1280	930
2048	1280	1024	1951	1283	930
2303	1280	1024	2177	1286	930
2559	1280	1024	2405	1289	929
2815	1280	1024	2633	1292	929
3071	1280	1024	2860	1295	929
3327	1280	1024	3088	1297	929
3583	1280	1024	3315	1300	929
3839	1280	1024	3543	1303	928
4095	1280	1024	3770	1306	928
0	1536	1024	146	1511	933
256	1536	1024	374	1514	933
512	1536	1024	601	1517	933
768	1536	1024	829	1520	932
1024	1536	1024	1057	1523	932
1280	1536	1024	1284	1525	932
1536	1536	1024	1512	1528	932
1792	1536	1024	1739	1531	932
2048	1536	1024	1967	1534	931
2303	1536	1024	2194	1536	931
2559	1536	1024	2421	1539	931
2815	1536	1024	2649	1541	931
3071	1536	1024	2876	1544	931
3327	1536	1024	3104	1547	931
3583	1536	1024	3332	1550	930
3839	1536	1024	3559	1553	930
4095	1536	1024	3787	1556	930
0	1792	1024	162	1762	935
256	1792	1024	390	1764	934
512	1792	1024	618	1767	934
768	1792	1024	845	1769	934
1024	1792	1024	1073	1772	934
1280	1792	1024	1300	1775	934
1536	1792	1024	1528	1778	934
1792	1792	1024	1756	1781	933
2048	1792	1024	1983	1784	933
2303	1792	1024	2210	1786	933
2559	1792	1024	2437	1789	933
2815	1792	1024	2665	1792	933
3071	1792	1024	2893	1795	933
3327	1792	1024	3120	1798	932
3583	1792	1024	3348	1801	932
3839	1792	1024	3575	1803	932
4095	1792	1024	3803	1806	932
0	2048	1024	178	2012	936
256	2048	1024	405	2014	936
512	2048	1024	633	2017	936
768	2048	1024	861	2020	936
1024	2048	1024	1088	2023	936
1280	2048	1024	1316	2026	935
1536	2048	1024	1543	2029	935
1792	2048	1024	1771	2031	935
2048	2048	1024	1998	2034	935
2303	2048	1024	2225	2037	935
2559	2048	1024	2453	2040	935
2815	2048	1024	2680	2043	934
3071	2048	1024	2908	2046	934
3327	2048	1024	3136	2048	934
3583	2048	1024	3363	2051	934
3839	2048	1024	3591	2054	934
4095	2048	1024	3818	2057	934
0	2303	1024	194	2261	938
256	2303	1024	422	2264	938
512	2303	1024	649	2267	938
768	2303	1024	877	2270	938
1024	2303	1024	1104	2273	937
1280	2303	1024	1332	2275	937
1536	2303	1024	1559	2278	937
1792	2303	1024	1787	2281	937
2048	2303	1024	2015	2284	937
2303	2303	1024	2241	2287	937
2559	2303	1024	2469	2290	936
2815	2303	1024	2697	2292	936
3071	2303	1024	2924	2295	936
3327	2303	1024	3152	2298	936
3583	2303	1024	3379	2301	936
3839	2303	1024	3607	2304	935
4095	2303	1024	3835	2307	935
0	2559	1024	210	2512	940
256	2559	1024	438	2515	940
512	2559	1024	665	2518	939
768	2559	1024	893	2520	939
1024	2559	1024	1121	2523	939
1280	2559	1024	1348	2526	939
1536	2559	1024	1576	2529	939
1792	2559	1024	1803	2532	939
2048	2559	1024	2031	2535	938
2303	2559	1024	2258	2537	938
2559	2559	1024	2485	2540	938
2815	2559	1024	2713	2543	938
3071	2559	1024	2940	2546	938
3327	2559	1024	3168	2549	938
3583	2559	1024	3396	2552	937
3839	2559	1024	3623	2554	937
4095	2559	1024	3851	2557	937
0	2815	1024	226	2763	942
256	2815	1024	454	2765	941
512	2815	1024	682	2768	941
768	2815	1024	909	2771	941
1024	2815	1024	1137	2774	941
1280	2815	1024	1364	2777	941
1536	2815	1024	1592	2780	941
1792	2815	1024	1820	2782	940
2048	2815	1024	2047	2785	940
2303	2815	1024	2274	2787	940
2559	2815	1024	2502	2790	940
2815	2815	1024	2729	2793	940
3071	2815	1024	2957	2796	940
3327	2815	1024	3184	2798	939
3583	2815	1024	3412	2801	939
3839	2815	1024	3639	2804	939
4095	2815	1024	3867	2807	939
0	3071	1024	243	3013	943
256	3071	1024	470	3015	943
512	3071	1024	698	3018	943
768	3071	1024	926	3021	943
1024	3071	1024	1153	3024	943
1280	3071	1024	1381	3026	942
1536	3071	1024	1608	3029	942
1792	3071	1024	1836	3032	942
2048	3071	1024	2064	3035	942
2303	3071	1024	2290	3038	942
2559	3071	1024	2518	3041	942
2815	3071	1024	2745	3043	941
3071	3071	1024	2973	3046	941
3327	3071	1024	3201	3049	941
3583	3071	1024	3428	3052	941
3839	3071	1024	3656	3055	941
4095	3071	1024	3883	3058	941
0	3327	1024	259	3263	945
256	3327	1024	487	3266	945
512	3327	1024	714	3269	945
768	3327	1024	942	3271	945
1024	3327	1024	1169	3274	944
1280	3327	1024	1397	3277	944
1536	3327	1024	1625	3280	944
1792	3327	1024	1852	3283	944
2048	3327	1024	2080	3286	944
2303	3327	1024	2306	3288	944
2559	3327	1024	2534	3291	943
2815	3327	1024	2762	3294	943
3071	3327	1024	2989	3297	943
3327	3327	1024	3217	3300	943
3583	3327	1024	3444	3303	943
3839	3327	1024	3672	3305	942
4095	3327	1024	3900	3308	942
0	3583	1024	275	3514	947
256	3583	1024	503	3516	947
512	3583	1024	731	3519	946
768	3583	1024	958	3522	946
1024	3583	1024	1186	3525	946
1280	3583	1024	1413	3528	946
1536	3583	1024	1641	3531	946
1792	3583	1024	1868	3533	946
2048	3583	1024	2096	3536	945
2303	3583	1024	2323	3539	945
2559	3583	1024	2550	3542	945
2815	3583	1024	2778	3545	945
3071	3583	1024	3006	3548	945
3327	3583	1024	3233	3550	945
3583	3583	1024	3461	3553	944
3839	3583	1024	3688	3556	944
4095	3583	1024	3916	3559	944
0	3839	1024	291	3764	949
256	3839	1024	518	3767	948
512	3839	1024	746	3770	948
768	3839	1024	973	3773	948
1024	3839	1024	1201	3776	948
1280	3839	1024	1429	3778	948
1536	3839	1024	1656	3781	948
1792	3839	1024	1884	3784	947
2048	3839	1024	2111	3787	947
2303	3839	1024	2338	3790	947
2559	3839	1024	2566	3793	947
2815	3839	1024	2793	3795	947
3071	3839	1024	3021	3798	947
3327	3839	1024	3248	3801	946
3583	3839	1024	3476	3804	946
3839	3839	1024	3704	3807	946
4095	3839	1024	3931	3810	946
0	4095	1024	307	4015	950
256	4095	1024	534	4018	950
512	4095	1024	762	4021	950
768	4095	1024	990	4023	950
1024	4095	1024	1217	4026	950
1280	4095	1024	1445	4029	949
1536	4095	1024	1672	4032	949
1792	4095	1024	1900	4035	949
2048	4095	1024	2128	4038	949
2303	4095	1024	2354	4039	949
2559	4095	1024	2582	4042	949
2815	4095	1024	2809	4045	948
3071	4095	1024	3037	4048	948
3327	4095	1024	3265	4051	948
3583	4095	1024	3492	4054	948
3839	4095	1024	3720	4056	948
4095	4095	1024	3947	4059	948
0	0	1280	61	10	1153
256	0	1280	288	13	1153
512	0	1280	516	16	1153
768	0	1280	744	19	1152
1024	0	1280	971	22	1152
1280	0	1280	1199	24	1152
1536	0	1280	1426	27	1152
1792	0	1280	1654	30	1152
2048	0	1280	1882	33	1152
2303	0	1280	2108	36	1151
2559	0	1280	2336	39	1151
2815	0	1280	2564	41	1151
3071	0	1280	2791	44	1151
3327	0	1280	3019	47	1151
3583	0	1280	3246	50	1151
3839	0	1280	3474	53	1150
4095	0	1280	3701	56	1150
0	256	1280	77	261	1155
256	256	1280	305	264	1155
512	256	1280	532	267	1154
768	256	1280	760	269	1154
1024	256	1280	988	272	1154
1280	256	1280	1215	275	1154
1536	256	1280	1443	278	1154
1792	256	1280	1670	281	1153
2048	256	1280	1898	284	1153
2303	256	1280	2125	285	1153
2559	256	1280	2352	288	1153
2815	256	1280	2580	291	1153
3071	256	1280	2807	294	1153
3327	256	1280	3035	297	1152
3583	256	1280	3263	300	1152
3839	256	1280	3490	302	1152
4095	256	1280	3718	305	1152
0	512	1280	93	512	1156
256	512	1280	321	513	1156
512	512	1280	549	516	1156
768	512	1280	776	519	1156
1024	512	1280	1004	522	1156
1280	512	1280	1231	525	1156
1536	512	1280	1459	528	1155
1792	512	1280	1687	530	1155
2048	512	1280	1914	533	1155
2303	512	1280	2141	536	1155
2559	512	1280	2368	539	1155
2815	512	1280	2596	542	1155
3071	512	1280	2824	545	1154
3327	512	1280	3051	547	1154
3583	512	1280	3279	550	1154
3839	512	1280	3506	553	1154
4095	512	1280	3734	556	1154
0	768	1280	110	761	1158
256	768	1280	337	764	1158
512	768	1280	565	767	1158
768	768	1280	792	770	1158
1024	768	1280	1020	773	1157
1280	768	1280	1248	775	1157
1536	768	1280	1475	778	1157
1792	768	1280	1703	781	1157
2048	768	1280	1930	784	1157
2303	768	1280	2157	787	1157
2559	768	1280	2385	790	1156
2815	768	1280	2612	792	1156
3071	768	1280	2840	795	1156
3327	768	1280	3068	798	1156
3583	768	1280	3295	801	1156
3839	768	1280	3523	804	1156
4095	768	1280	3750	807	1155
0	1024	1280	126	1012	1160
256	1024	1280	354	1015	1160
512	1024	1280	581	1018	1160
768	1024	1280	809	1020	1159
1024	1024	1280	1036	1023	1159
1280	1024	1280	1264	1026	1159
1536	1024	1280	1492	1029	1159
1792	1024	1280	1719	1032	1159
2048	1024	1280	1947	1035	1159
2303	1024	1280	2173	1037	1158
2559	1024	1280	2401	1040	1158
2815	1024	1280	2629	1043	1158
3071	1024	1280	2856	1046	1158
3327	1024	1280	3084	1049	1158
3583	1024	1280	3311	1052	1158
3839	1024	1280	3539	1054	1157
4095	1024	1280	3767	1057	1157
0	1280	1280	142	1263	1162
256	1280	1280	370	1265	1162
512	1280	1280	597	1268	1161
768	1280	1280	825	1271	1161
1024	1280	1280	1053	1274	1161
1280	1280	1280	1280	1277	1161
1536	1280	1280	1508	1280	1161
1792	1280	1280	1735	1282	1160
2048	1280	1280	1963	1285	1160
2303	1280	1280	2190	1288	1160
2559	1280	1280	2417	1291	1160
2815	1280	1280	2645	1294	1160
3071	1280	1280	2872	1297	1160
3327	1280	1280	3100	1299	1159
3583	1280	1280	3328	1302	1159
3839	1280	1280	3555	1305	1159
4095	1280	1280	3783	1308	1159
0	1536	1280	159	1513	1163
256	1536	1280	386	1516	1163
512	1536	1280	614	1519	1163
768	1536	1280	841	1522	1163
1024	1536	1280	1069	1525	1163
1280	1536	1280	1297	1527	1163
1536	1536	1280	1524	1530	1162
1792	1536	1280	1752	1533	1162
2048	1536	1280	1979	1536	1162
2303	1536	1280	2206	1538	1162
2559	1536	1280	2434	1541	1162
2815	1536	1280	2661	1543	1162
3071	1536	1280	2889	1546	1161
3327	1536	1280	3116	1549	1161
3583	1536	1280	3344	1552	1161
3839	1536	1280	3572	1555	1161
4095	1536	1280	3799	1558	1161
0	1792	1280	174	1763	1165
256	1792	1280	401	1766	1165
512	1792	1280	629	1769	1165
768	1792	1280	857	1771	1165
1024	1792	1280	1084	1774	1164
1280	1792	1280	1312	1777	1164
1536	1792	1280	1539	1780	1164
1792	1792	1280	1767	1783	1164
2048	1792	1280	1995	1786	1164
2303	1792	1280	2221	1788	1164
2559	1792	1280	2449	1791	1163
2815	1792	1280	2676	1794	1163
3071	1792	1280	2904	1797	1163
3327	1792	1280	3132	1800	1163
3583	1792	1280	3359	1803	1163
3839	1792	1280	3587	1805	1163
4095	1792	1280	3814	1808	1162
0	2048	1280	190	2014	1167
256	2048	1280	418	2016	1167
512	2048	1280	645	2019	1167
768	2048	1280	873	2022	1166
1024	2048	1280	1100	2025	1166
1280	2048	1280	1328	2028	1166
1536	2048	1280	1556	2031	1166
1792	2048	1280	1783	2033	1166
2048	2048	1280	2011	2036	1166
2303	2048	1280	2238	2039	1165
2559	2048	1280	2465	2042	1165
2815	2048	1280	2693	2045	1165
3071	2048	1280	2920	2048	1165
3327	2048	1280	3148	2050	1165
3583	2048	1280	3375	2053	1165
3839	2048	1280	3603	2056	1164
4095	2048	1280	3831	2059	1164
0	2303	1280	206	2263	1169
256	2303	1280	434	2266	1169
512	2303	1280	662	2269	1168
768	2303	1280	889	2272	1168
1024	2303	1280	1117	2275	1168
1280	2303	1280	1344	2277	1168
1536	2303	1280	1572	2280	1168
1792	2303	1280	1799	2283	1167
2048	2303	1280	2027	2286	1167
2303	2303	1280	2254	2289	1167
2559	2303	1280	2481	2292	1167
2815	2303	1280	2709	2294	1167
3071	2303	1280	2937	2297	1167
3327	2303	1280	3164	2300	1166
3583	2303	1280	3392	2303	1166
3839	2303	1280	3619	2306	1166
4095	2303	1280	3847	2309	1166
0	2559	1280	223	2514	1170
256	2559	1280	450	2517	1170
512	2559	1280	678	2520	1170
768	2559	1280	905	2522	1170
1024	2559	1280	1133	2525	1170
1280	2559	1280	1361	2528	1170
1536	2559	1280	1588	2531	1169
1792	2559	1280	1816	2534	1169
2048	2559	1280	2043	2537	1169
2303	2559	1280	2270	2539	1169
2559	2559	1280	2498	2542	1169
2815	2559	1280	2725	2545	1169
3071	2559	1280	2953	2548	1168
3327	2559	1280	3180	2551	1168
3583	2559	1280	3408	2554	1168
3839	2559	1280	3636	2556	1168
4095	2559	1280	3863	2559	1168
0	2815	1280	239	2765	1172
256	2815	1280	466	2767	1172
512	2815	1280	694	2770	1172
768	2815	1280	922	2773	1172
1024	2815	1280	1149	2776	1171
1280	2815	1280	1377	2779	1171
1536	2815	1280	1604	2782	1171
1792	2815	1280	1832	2784	1171
2048	2815	1280	2060	2787	1171
2303	2815	1280	2286	2789	1171
2559	2815	1280	2514	2792	1170
2815	2815	1280	2741	2795	1170
3071	2815	1280	2969	2798	1170
3327	2815	1280	3197	2800	1170
3583	2815	1280	3424	2803	1170
3839	2815	1280	3652	2806	1170
4095	2815	1280	3879	2809	1169
0	3071	1280	255	3014	1174
256	3071	1280	483	3017	1174
512	3071	1280	710	3020	1174
768	3071	1280	938	3023	1173
1024	3071	1280	1166	3026	1173
1280	3071	1280	1393	3028	1173
1536	3071	1280	1621	3031	1173
1792	3071	1280	1848	3034	1173
2048	3071	1280	2076	3037	1173
2303	3071	1280	2303	3040	1172
2559	3071	1280	2530	3043	1172
2815	3071	1280	2758	3045	1172
3071	3071	1280	2985	3048	1172
3327	3071	1280	3213	3051	1172
3583	3071	1280	3441	3054	1171
3839	3071	1280	3668	3057	1171
4095	3071	1280	3896	3060	1171
0	3327	1280	271	3265	1176
256	3327	1280	499	3268	1176
512	3327	1280	727	3271	1175
768	3327	1280	954	3273	1175
1024	3327	1280	1182	3276	1175
1280	3327	1280	1409	3279	1175
1536	3327	1280	1637	3282	1175
1792	3327	1280	1865	3285	1174
2048	3327	1280	2092	3288	1174
2303	3327	1280	2319	3290	1174
2559	3327	1280	2546	3293	1174
2815	3327	1280	2774	3296	1174
3071	3327	1280	3002	3299	1174
3327	3327	1280	3229	3302	1173
3583	3327	1280	3457	3305	1173
3839	3327	1280	3684	3307	1173
4095	3327	1280	3912	3310	1173
0	3583	1280	287	3516	1177
256	3583	1280	514	3518	1177
512	3583	1280	742	3521	1177
768	3583	1280	969	3524	1177
1024	3583	1280	1197	3527	1177
1280	3583	1280	1425	3530	1177
1536	3583	1280	1652	3533	1176
1792	3583	1280	1880	3535	1176
2048	3583	1280	2107	3538	1176
2303	3583	1280	2334	3541	1176
2559	3583	1280	2562	3544	1176
2815	3583	1280	2789	3547	1176
3071	3583	1280	3017	3550	1175
3327	3583	1280	3245	3552	1175
3583	3583	1280	3472	3555	1175
3839	3583	1280	3700	3558	1175
4095	3583	1280	3927	3561	1175
0	3839	1280	303	3766	1179
256	3839	1280	531	3769	1179
512	3839	1280	758	3772	1179
768	3839	1280	986	3775	1179
1024	3839	1280	1213	3778	1178
1280	3839	1280	1441	3780	1178
1536	3839	1280	1669	3783	1178
1792	3839	1280	1896	3786	1178
2048	3839	1280	2124	3789	1178
2303	3839	1280	2350	3792	1178
2559	3839	1280	2578	3795	1177
2815	3839	1280	2806	3797	1177
3071	3839	1280	3033	3800	1177
3327	3839	1280	3261	3803	1177
3583	3839	1280	3488	3806	1177
3839	3839	1280	3716	3809	1177
4095	3839	1280	3944	3811	1176
0	4095	1280	319	4017	1181
256	4095	1280	547	4020	1181
512	4095	1280	774	4023	1181
768	4095	1280	1002	4025	1180
1024	4095	1280	1230	4028	1180
1280	4095	1280	1457	4031	1180
1536	4095	1280	1685	4034	1180
1792	4095	1280	1912	4037	1180
2048	4095	1280	2140	4039	1180
2303	4095	1280	2367	4041	1179
2559	4095	1280	2594	4044	1179
2815	4095	1280	2822	4047	1179
3071	4095	1280	3049	4050	1179
3327	4095	1280	3277	4053	1179
3583	4095	1280	3505	4056	1178
3839	4095	1280	3732	4058	1178
4095	4095	1280	3960	4061	1178
0	0	1536	73	12	1384
256	0	1536	301	15	1383
512	0	1536	528	18	1383
768	0	1536	756	21	1383
1024	0	1536	984	24	1383
1280	0	1536	1211	27	1383
1536	0	1536	1439	29	1382
1792	0	1536	1666	32	1382
2048	0	1536	1894	35	1382
2303	0	1536	2121	38	1382
2559	0	1536	2348	41	1382
2815	0	1536	2576	43	1382
3071	0	1536	2803	46	1381
3327	0	1536	3031	49	1381
3583	0	1536	3259	52	1381
3839	0	1536	3486	55	1381
4095	0	1536	3714	57	1381
0	256	1536	90	263	1385
256	256	1536	317	266	1385
512	256	1536	545	269	1385
768	256	1536	772	272	1385
1024	256	1536	1000	274	1385
1280	256	1536	1227	277	1384
1536	256	1536	1455	280	1384
1792	256	1536	1683	283	1384
2048	256	1536	1910	285	1384
2303	256	1536	2137	287	1384
2559	256	1536	2365	290	1384
2815	256	1536	2592	293	1383
3071	256	1536	2820	296	1383
3327	256	1536	3047	299	1383
3583	256	1536	3275	302	1383
3839	256	1536	3503	304	1383
4095	256	1536	3730	307	1382
0	512	1536	106	513	1387
256	512	1536	333	516	1387
512	512	1536	561	518	1387
768	512	1536	789	521	1387
1024	512	1536	1016	524	1386
1280	512	1536	1244	527	1386
1536	512	1536	1471	530	1386
1792	512	1536	1699	533	1386
2048	512	1536	1927	535	1386
2303	512	1536	2153	538	1385
2559	512	1536	2381	541	1385
2815	512	1536	2608	544	1385
3071	512	1536	2836	547	1385
3327	512	1536	3064	549	1385
3583	512	1536	3291	552	1385
3839	512	1536	3519	555	1384
4095	512	1536	3746	558	1384
0	768	1536	122	763	1389
256	768	1536	350	766	1389
512	768	1536	577	769	1388
768	768	1536	805	772	1388
1024	768	1536	1032	775	1388
1280	768	1536	1260	778	1388
1536	768	1536	1488	780	1388
1792	768	1536	1715	783	1388
2048	768	1536	1943	786	1387
2303	768	1536	2170	789	1387
2559	768	1536	2397	792	1387
2815	768	1536	2625	794	1387
3071	768	1536	2852	797	1387
3327	768	1536	3080	800	1387
3583	768	1536	3307	803	1386
3839	768	1536	3535	806	1386
4095	768	1536	3763	809	1386
0	1024	1536	138	1014	1391
256	1024	1536	366	1017	1390
512	1024	1536	594	1020	1390
768	1024	1536	821	1023	1390
1024	1024	1536	1049	1025	1390
1280	1024	1536	1276	1028	1390
1536	1024	1536	1504	1031	1389
1792	1024	1536	1732	1034	1389
2048	1024	1536	1959	1037	1389
2303	1024	1536	2186	1039	1389
2559	1024	1536	2413	1042	1389
2815	1024	1536	2641	1045	1389
3071	1024	1536	2869	1048	1388
3327	1024	1536	3096	1051	1388
3583	1024	1536	3324	1054	1388
3839	1024	1536	3551	1056	1388
4095	1024	1536	3779	1059	1388
0	1280	1536	155	1265	1392
256	1280	1536	382	1268	1392
512	1280	1536	610	1270	1392
768	1280	1536	837	1273	1392
1024	1280	1536	1065	1276	1392
1280	1280	1536	1293	1279	1391
1536	1280	1536	1520	1282	1391
1792	1280	1536	1748	1285	1391
2048	1280	1536	1975	1287	1391
2303	1280	1536	2202	1290	1391
2559	1280	1536	2430	1293	1391
2815	1280	1536	2657	1296	1390
3071	1280	1536	2885	1299	1390
3327	1280	1536	3112	1301	1390
3583	1280	1536	3340	1304	1390
3839	1280	1536	3568	1307	1390
4095	1280	1536	3795	1309	1389
0	1536	1536	171	1515	1394
256	1536	1536	398	1518	1394
512	1536	1536	626	1521	1394
768	1536	1536	853	1524	1394
1024	1536	1536	1081	1527	1393
1280	1536	1536	1308	1530	1393
1536	1536	1536	1536	1532	1393
1792	1536	1536	1763	1535	1393
2048	1536	1536	1991	1537	1393
2303	1536	1536	2218	1540	1392
2559	1536	1536	2446	1543	1392
2815	1536	1536	2673	1545	1392
3071	1536	1536	2901	1548	1392
3327	1536	1536	3128	1551	1392
3583	1536	1536	3356	1554	1392
3839	1536	1536	3583	1557	1391
4095	1536	1536	3811	1560	1391
0	1792	1536	186	1765	1396
256	1792	1536	414	1768	1396
512	1792	1536	641	1771	1395
768	1792	1536	869	1774	1395
1024	1792	1536	1097	1776	1395
1280	1792	1536	1324	1779	1395
1536	1792	1536	1552	1782	1395
1792	1792	1536	1779	1785	1395
2048	1792	1536	2007	1788	1394
2303	1792	1536	2234	1790	1394
2559	1792	1536	2461	1793	1394
2815	1792	1536	2689	1796	1394
3071	1792	1536	2916	1799	1394
3327	1792	1536	3144	1802	1394
3583	1792	1536	3372	1805	1393
3839	1792	1536	3599	1807	1393
4095	1792	1536	3827	1810	1393
0	2048	1536	202	2016	1398
256	2048	1536	430	2019	1397
512	2048	1536	658	2021	1397
768	2048	1536	885	2024	1397
1024	2048	1536	1113	2027	1397
1280	2048	1536	1340	2030	1397
1536	2048	1536	1568	2033	1396
1792	2048	1536	1796	2036	1396
2048	2048	1536	2023	2038	1396
2303	2048	1536	2250	2041	1396
2559	2048	1536	2478	2044	1396
2815	2048	1536	2705	2047	1396
3071	2048	1536	2933	2050	1395
3327	2048	1536	3160	2052	1395
3583	2048	1536	3388	2055	1395
3839	2048	1536	3615	2058	1395
4095	2048	1536	3843	2061	1395
0	2303	1536	219	2265	1399
256	2303	1536	446	2268	1399
512	2303	1536	674	2271	1399
768	2303	1536	901	2274	1399
1024	2303	1536	1129	2277	1399
1280	2303	1536	1357	2280	1398
1536	2303	1536	1584	2282	1398
1792	2303	1536	1812	2285	1398
2048	2303	1536	2039	2288	1398
2303	2303	1536	2266	2291	1398
2559	2303	1536	2494	2294	1398
2815	2303	1536	2721	2296	1397
3071	2303	1536	2949	2299	1397
3327	2303	1536	3176	2302	1397
3583	2303	1536	3404	2305	1397
3839	2303	1536	3632	2308	1397
4095	2303	1536	3859	2311	1396
0	2559	1536	235	2516	1401
256	2559	1536	463	2519	1401
512	2559	1536	690	2522	1401
768	2559	1536	918	2525	1401
1024	2559	1536	1145	2527	1400
1280	2559	1536	1373	2530	1400
1536	2559	1536	1601	2533	1400
1792	2559	1536	1828	2536	1400
2048	2559	1536	2056	2539	1400
2303	2559	1536	2282	2542	1399
2559	2559	1536	2510	2544	1399
2815	2559	1536	2738	2547	1399
3071	2559	1536	2965	2550	1399
3327	2559	1536	3193	2553	1399
3583	2559	1536	3420	2556	1399
3839	2559	1536	3648	2558	1398
4095	2559	1536	3876	2560	1398
0	2815	1536	251	2767	1403
256	2815	1536	479	2770	1403
512	2815	1536	706	2772	1402
768	2815	1536	934	2775	1402
1024	2815	1536	1162	2778	1402
1280	2815	1536	1389	2781	1402
1536	2815	1536	1617	2784	1402
1792	2815	1536	1844	2787	1402
2048	2815	1536	2072	2788	1401
2303	2815	1536	2299	2791	1401
2559	2815	1536	2526	2794	1401
2815	2815	1536	2754	2797	1401
3071	2815	1536	2981	2800	1401
3327	2815	1536	3209	2802	1401
3583	2815	1536	3437	2805	1400
3839	2815	1536	3664	2808	1400
4095	2815	1536	3892	2811	1400
0	3071	1536	268	3016	1405
256	3071	1536	495	3019	1404
512	3071	1536	723	3022	1404
768	3071	1536	950	3025	1404
1024	3071	1536	1178	3028	1404
1280	3071	1536	1405	3031	1404
1536	3071	1536	1633	3033	1403
1792	3071	1536	1861	3036	1403
2048	3071	1536	2088	3039	1403
2303	3071	1536	2315	3042	1403
2559	3071	1536	2543	3045	1403
2815	3071	1536	2770	3048	1403
3071	3071	1536	2998	3050	1402
3327	3071	1536	3225	3053	1402
3583	3071	1536	3453	3056	1402
3839	3071	1536	3681	3059	1402
4095	3071	1536	3908	3062	1402
0	3327	1536	284	3267	1406
256	3327	1536	511	3270	1406
512	3327	1536	739	3273	1406
768	3327	1536	967	3276	1406
1024	3327	1536	1194	3278	1406
1280	3327	1536	1422	3281	1405
1536	3327	1536	1649	3284	1405
1792	3327	1536	1877	3287	1405
2048	3327	1536	2104	3290	1405
2303	3327	1536	2331	3293	1405
2559	3327	1536	2559	3295	1405
2815	3327	1536	2786	3298	1404
3071	3327	1536	3014	3301	1404
3327	3327	1536	3242	3304	1404
3583	3327	1536	3469	3307	1404
3839	3327	1536	3697	3309	1404
4095	3327	1536	3924	3312	1403
0	3583	1536	299	3518	1408
256	3583	1536	527	3521	1408
512	3583	1536	754	3523	1408
768	3583	1536	982	3526	1407
1024	3583	1536	1209	3529	1407
1280	3583	1536	1437	3532	1407
1536	3583	1536	1665	3535	1407
1792	3583	1536	1892	3538	1407
2048	3583	1536	2120	3540	1407
2303	3583	1536	2347	3543	1406
2559	3583	1536	2574	3546	1406
2815	3583	1536	2802	3549	1406
3071	3583	1536	3029	3552	1406
3327	3583	1536	3257	3554	1406
3583	3583	1536	3484	3557	1406
3839	3583	1536	3712	3560	1405
4095	3583	1536	3940	3563	1405
0	3839	1536	315	3768	1410
256	3839	1536	543	3771	1410
512	3839	1536	771	3774	1409
768	3839	1536	998	3777	1409
1024	3839	1536	1226	3780	1409
1280	3839	1536	1453	3783	1409
1536	3839	1536	1681	3785	1409
1792	3839	1536	1909	3788	1409
2048	3839	1536	2136	3791	1408
2303	3839	1536	2363	3794	1408
2559	3839	1536	2590	3797	1408
2815	3839	1536	2818	3800	1408
3071	3839	1536	3046	3802	1408
3327	3839	1536	3273	3805	1408
3583	3839	1536	3501	3808	1407
3839	3839	1536	3728	3811	1407
4095	3839	1536	3956	3813	1407
0	4095	1536	332	4019	1412
256	4095	1536	559	4022	1411
512	4095	1536	787	4025	1411
768	4095	1536	1014	4028	1411
1024	4095	1536	1242	4030	1411
1280	4095	1536	1470	4033	1411
1536	4095	1536	1697	4036	1410
1792	4095	1536	1925	4038	1410
2048	4095	1536	2152	4041	1410
2303	4095	1536	2379	4044	1410
2559	4095	1536	2607	4046	1410
2815	4095	1536	2834	4049	1410
3071	4095	1536	3062	4052	1409
3327	4095	1536	3289	4055	1409
3583	4095	1536	3517	4058	1409
3839	4095	1536	3745	4060	1409
4095	4095	1536	3972	4063	1409
0	0	1792	86	14	1614
256	0	1792	313	17	1614
512	0	1792	541	20	1614
768	0	1792	768	23	1614
1024	0	1792	996	26	1613
1280	0	1792	1224	29	1613
1536	0	1792	1451	31	1613
1792	0	1792	1679	34	1613
2048	0	1792	1906	37	1613
2303	0	1792	2133	40	1613
2559	0	1792	2361	43	1612
2815	0	1792	2588	46	1612
3071	0	1792	2816	48	1612
3327	0	1792	3043	51	1612
3583	0	1792	3271	54	1612
3839	0	1792	3499	57	1612
4095	0	1792	3726	59	1611
0	256	1792	102	265	1616
256	256	1792	330	268	1616
512	256	1792	557	271	1616
768	256	1792	785	274	1615
1024	256	1792	1012	276	1615
1280	256	1792	1240	279	1615
1536	256	1792	1467	282	1615
1792	256	1792	1695	284	1615
2048	256	1792	1923	287	1614
2303	256	1792	2149	290	1614
2559	256	1792	2377	292	1614
2815	256	1792	2605	295	1614
3071	256	1792	2832	298	1614
3327	256	1792	3060	301	1614
3583	256	1792	3287	304	1613
3839	256	1792	3515	307	1613
4095	256	1792	3742	309	1613
0	512	1792	118	515	1618
256	512	1792	346	518	1617
512	512	1792	573	520	1617
768	512	1792	801	523	1617
1024	512	1792	1029	526	1617
1280	512	1792	1256	529	1617
1536	512	1792	1484	532	1617
1792	512	1792	1711	535	1616
2048	512	1792	1939	537	1616
2303	512	1792	2166	540	1616
2559	512	1792	2393	543	1616
2815	512	1792	2621	546	1616
3071	512	1792	2848	549	1616
3327	512	1792	3076	552	1615
3583	512	1792	3304	554	1615
3839	512	1792	3531	557	1615
4095	512	1792	3759	560	1615
0	768	1792	134	765	1619
256	768	1792	362	768	1619
512	768	1792	590	771	1619
768	768	1792	817	774	1619
1024	768	1792	1045	777	1619
1280	768	1792	1272	780	1618
1536	768	1792	1500	782	1618
1792	768	1792	1728	785	1618
2048	768	1792	1955	788	1618
2303	768	1792	2182	791	1618
2559	768	1792	2409	794	1618
2815	768	1792	2637	797	1617
3071	768	1792	2865	799	1617
3327	768	1792	3092	802	1617
3583	768	1792	3320	805	1617
3839	768	1792	3547	808	1617
4095	768	1792	3775	811	1617
0	1024	1792	151	1016	1621
256	1024	1792	378	1019	1621
512	1024	1792	606	1022	1621
768	1024	1792	834	1025	1621
1024	1024	1792	1061	1027	1620
1280	1024	1792	1289	1030	1620
1536	1024	1792	1516	1033	1620
1792	1024	1792	1744	1036	1620
2048	1024	1792	1971	1039	1620
2303	1024	1792	2198	1042	1620
2559	1024	1792	2426	1044	1619
2815	1024	1792	2653	1047	1619
3071	1024	1792	2881	1050	1619
3327	1024	1792	3109	1053	1619
3583	1024	1792	3336	1056	1619
3839	1024	1792	3564	1059	1619
4095	1024	1792	3791	1061	1618
0	1280	1792	167	1267	1623
256	1280	1792	395	1270	1623
512	1280	1792	622	1272	1623
768	1280	1792	850	1275	1622
1024	1280	1792	1077	1278	1622
1280	1280	1792	1305	1281	1622
1536	1280	1792	1533	1284	1622
1792	1280	1792	1760	1287	1622
2048	1280	1792	1988	1289	1621
2303	1280	1792	2214	1292	1621
2559	1280	1792	2442	1295	1621
2815	1280	1792	2670	1298	1621
3071	1280	1792	2897	1301	1621
3327	1280	1792	3125	1304	1621
3583	1280	1792	3352	1306	1620
3839	1280	1792	3580	1308	1620
4095	1280	1792	3808	1311	1620
0	1536	1792	182	1517	1625
256	1536	1792	410	1520	1624
512	1536	1792	637	1523	1624
768	1536	1792	865	1526	1624
1024	1536	1792	1093	1529	1624
1280	1536	1792	1320	1532	1624
1536	1536	1792	1548	1534	1624
1792	1536	1792	1775	1536	1623
2048	1536	1792	2003	1539	1623
2303	1536	1792	2230	1542	1623
2559	1536	1792	2457	1545	1623
2815	1536	1792	2685	1548	1623
3071	1536	1792	2913	1550	1623
3327	1536	1792	3140	1553	1622
3583	1536	1792	3368	1556	1622
3839	1536	1792	3595	1559	1622
4095	1536	1792	3823	1562	1622
0	1792	1792	199	1767	1626
256	1792	1792	426	1770	1626
512	1792	1792	654	1773	1626
768	1792	1792	881	1776	1626
1024	1792	1792	1109	1778	1626
1280	1792	1792	1337	1781	1625
1536	1792	1792	1564	1784	1625
1792	1792	1792	1792	1787	1625
2048	1792	1792	2019	1790	1625
2303	1792	1792	2246	1793	1625
2559	1792	1792	2474	1795	1625
2815	1792	1792	2701	1798	1624
3071	1792	1792	2929	1801	1624
3327	1792	1792	3156	1804	1624
3583	1792	1792	3384	1807	1624
3839	1792	1792	3612	1810	1624
4095	1792	1792	3839	1812	1624
0	2048	1792	215	2018	1628
256	2048	1792	442	2021	1628
512	2048	1792	670	2023	1628
768	2048	1792	898	2026	1628
1024	2048	1792	1125	2029	1627
1280	2048	1792	1353	2032	1627
1536	2048	1792	1580	2035	1627
1792	2048	1792	1808	2038	1627
2048	2048	1792	2036	2040	1627
2303	2048	1792	2262	2043	1627
2559	2048	1792	2490	2046	1626
2815	2048	1792	2717	2049	1626
3071	2048	1792	2945	2052	1626
3327	2048	1792	3173	2055	1626
3583	2048	1792	3400	2057	1626
3839	2048	1792	3628	2060	1626
4095	2048	1792	3855	2063	1625
0	2303	1792	231	2267	1630
256	2303	1792	459	2270	1630
512	2303	1792	686	2273	1630
768	2303	1792	914	2276	1629
1024	2303	1792	1141	2279	1629
1280	2303	1792	1369	2282	1629
1536	2303	1792	1597	2284	1629
1792	2303	1792	1824	2287	1629
2048	2303	1792	2052	2290	1628
2303	2303	1792	2279	2293	1628
2559	2303	1792	2506	2296	1628
2815	2303	1792	2734	2299	1628
3071	2303	1792	2961	2301	1628
3327	2303	1792	3189	2304	1628
3583	2303	1792	3416	2307	1627
3839	2303	1792	3644	2310	1627
4095	2303	1792	3872	2313	1627
0	2559	1792	247	2518	1632
256	2559	1792	475	2521	1631
512	2559	1792	703	2524	1631
768	2559	1792	930	2527	1631
1024	2559	1792	1158	2529	1631
1280	2559	1792	1385	2532	1631
1536	2559	1792	1613	2535	1631
1792	2559	1792	1840	2538	1630
2048	2559	1792	2068	2541	1630
2303	2559	1792	2295	2544	1630
2559	2559	1792	2522	2546	1630
2815	2559	1792	2750	2549	1630
3071	2559	1792	2978	2552	1630
3327	2559	1792	3205	2555	1629
3583	2559	1792	3433	2558	1629
3839	2559	1792	3660	2560	1629
4095	2559	1792	3888	2562	1629
0	2815	1792	264	2769	1633
256	2815	1792	491	2772	1633
512	2815	1792	719	2774	1633
768	2815	1792	946	2777	1633
1024	2815	1792	1174	2780	1633
1280	2815	1792	1402	2783	1632
1536	2815	1792	1629	2786	1632
1792	2815	1792	1857	2788	1632
2048	2815	1792	2084	2790	1632
2303	2815	1792	2311	2793	1632
2559	2815	1792	2539	2796	1632
2815	2815	1792	2766	2799	1631
3071	2815	1792	2994	2802	1631
3327	2815	1792	3221	2805	1631
3583	2815	1792	3449	2807	1631
3839	2815	1792	3677	2810	1631
4095	2815	1792	3904	2813	1631
0	3071	1792	280	3018	1635
256	3071	1792	507	3021	1635
512	3071	1792	735	3024	1635
768	3071	1792	963	3027	1635
1024	3071	1792	1190	3030	1634
1280	3071	1792	1418	3033	1634
1536	3071	1792	1645	3035	1634
1792	3071	1792	1873	3038	1634
2048	3071	1792	2101	3041	1634
2303	3071	1792	2327	3044	1634
2559	3071	1792	2555	3047	1633
2815	3071	1792	2783	3050	1633
3071	3071	1792	3010	3052	1633
3327	3071	1792	3238	3055	1633
3583	3071	1792	3465	3058	1633
3839	3071	1792	3693	3061	1633
4095	3071	1792	3920	3064	1632
0	3327	1792	295	3269	1637
256	3327	1792	523	3272	1637
512	3327	1792	750	3275	1637
768	3327	1792	978	3278	1636
1024	3327	1792	1206	3280	1636
1280	3327	1792	1433	3283	1636
1536	3327	1792	1661	3286	1636
1792	3327	1792	1888	3289	1636
2048	3327	1792	2116	3292	1635
2303	3327	1792	2343	3295	1635
2559	3327	1792	2570	3297	1635
2815	3327	1792	2798	3300	1635
3071	3327	1792	3025	3303	1635
3327	3327	1792	3253	3306	1635
3583	3327	1792	3481	3309	1634
3839	3327	1792	3708	3312	1634
4095	3327	1792	3936	3314	1634
0	3583	1792	311	3520	1639
256	3583	1792	539	3523	1638
512	3583	1792	767	3525	1638
768	3583	1792	994	3528	1638
1024	3583	1792	1222	3531	1638
1280	3583	1792	1449	3534	1638
1536	3583	1792	1677	3537	1638
1792	3583	1792	1905	3540	1637
2048	3583	1792	2132	3542	1637
2303	3583	1792	2359	3545	1637
2559	3583	1792	2586	3548	1637
2815	3583	1792	2814	3551	1637
3071	3583	1792	3042	3554	1637
3327	3583	1792	3269	3557	1636
3583	3583	1792	3497	3559	1636
3839	3583	1792	3724	3562	1636
4095	3583	1792	3952	3565	1636
0	3839	1792	328	3770	1640
256	3839	1792	555	3773	1640
512	3839	1792	783	3776	1640
768	3839	1792	1011	3779	1640
1024	3839	1792	1238	3782	1640
1280	3839	1792	1466	3785	1639
1536	3839	1792	1693	3787	1639
1792	3839	1792	1921	3790	1639
2048	3839	1792	2148	3793	1639
2303	3839	1792	2375	3796	1639
2559	3839	1792	2603	3799	1639
2815	3839	1792	2830	3802	1638
3071	3839	1792	3058	3804	1638
3327	3839	1792	3286	3807	1638
3583	3839	1792	3513	3810	1638
3839	3839	1792	3741	3812	1638
4095	3839	1792	3968	3815	1638
0	4095	1792	344	4021	1642
256	4095	1792	572	4024	1642
512	4095	1792	799	4027	1642
768	4095	1792	1027	4030	1642
1024	4095	1792	1254	4032	1641
1280	4095	1792	1482	4035	1641
1536	4095	1792	1710	4038	1641
1792	4095	1792	1937	4040	1641
2048	4095	1792	2165	4043	1641
2303	4095	1792	2391	4046	1641
2559	4095	1792	2619	4048	1640
2815	4095	1792	2847	4051	1640
3071	4095	1792	3074	4054	1640
3327	4095	1792	3302	4057	1640
3583	4095	1792	3529	4060	1640
3839	4095	1792	3757	4063	1640
4095	4095	1792	3985	4065	1639
0	0	2048	98	16	1845
256	0	2048	326	19	1845
512	0	2048	553	22	1844
768	0	2048	781	25	1844
1024	0	2048	1008	28	1844
1280	0	2048	1236	31	1844
1536	0	2048	1464	33	1844
1792	0	2048	1691	36	1843
2048	0	2048	1919	39	1843
2303	0	2048	2145	42	1843
2559	0	2048	2373	45	1843
2815	0	2048	2601	48	1843
3071	0	2048	2828	50	1843
3327	0	2048	3056	53	1842
3583	0	2048	3283	56	1842
3839	0	2048	3511	58	1842
4095	0	2048	3739	61	1842
0	256	2048	114	267	1846
256	256	2048	342	270	1846
512	256	2048	569	273	1846
768	256	2048	797	276	1846
1024	256	2048	1025	278	1846
1280	256	2048	1252	281	1846
1536	256	2048	1480	284	1845
1792	256	2048	1707	286	1845
2048	256	2048	1935	289	1845
2303	256	2048	2162	292	1845
2559	256	2048	2389	294	1845
2815	256	2048	2617	297	1845
3071	256	2048	2845	300	1844
3327	256	2048	3072	303	1844
3583	256	2048	3300	306	1844
3839	256	2048	3527	309	1844
4095	256	2048	3755	311	1844
0	512	2048	131	517	1848
256	512	2048	358	520	1848
512	512	2048	586	522	1848
768	512	2048	813	525	1848
1024	512	2048	1041	528	1848
1280	512	2048	1269	531	1847
1536	512	2048	1496	534	1847
1792	512	2048	1724	537	1847
2048	512	2048	1951	539	1847
2303	512	2048	2178	542	1847
2559	512	2048	2406	545	1846
2815	512	2048	2633	548	1846
3071	512	2048	2861	551	1846
3327	512	2048	3088	554	1846
3583	512	2048	3316	556	1846
3839	512	2048	3544	559	1846
4095	512	2048	3771	562	1845
0	768	2048	147	767	1850
256	768	2048	374	770	1850
512	768	2048	602	773	1850
768	768	2048	830	776	1849
1024	768	2048	1057	779	1849
1280	768	2048	1285	782	1849
1536	768	2048	1512	784	1849
1792	768	2048	1740	787	1849
2048	768	2048	1968	790	1849
2303	768	2048	2194	793	1848
2559	768	2048	2422	796	1848
2815	768	2048	2649	799	1848
3071	768	2048	2877	801	1848
3327	768	2048	3105	804	1848
3583	768	2048	3332	807	1848
3839	768	2048	3560	810	1847
4095	768	2048	3787	813	1847
0	1024	2048	163	1018	1852
256	1024	2048	391	1021	1852
512	1024	2048	618	1024	1851
768	1024	2048	846	1027	1851
1024	1024	2048	1073	1029	1851
1280	1024	2048	1301	1032	1851
1536	1024	2048	1529	1035	1851
1792	1024	2048	1756	1038	1850
2048	1024	2048	1984	1041	1850
2303	1024	2048	2211	1044	1850
2559	1024	2048	2438	1046	1850
2815	1024	2048	2666	1049	1850
3071	1024	2048	2893	1052	1850
3327	1024	2048	3121	1055	1849
3583	1024	2048	3349	1058	1849
3839	1024	2048	3576	1061	1849
4095	1024	2048	3804	1063	1849
0	1280	2048	178	1269	1853
256	1280	2048	406	1272	1853
512	1280	2048	634	1274	1853
768	1280	2048	861	1277	1853
1024	1280	2048	1089	1280	1853
1280	1280	2048	1316	1283	1853
1536	1280	2048	1544	1286	1852
1792	1280	2048	1772	1289	1852
2048	1280	2048	1999	1291	1852
2303	1280	2048	2226	1294	1852
2559	1280	2048	2453	1297	1852
2815	1280	2048	2681	1300	1852
3071	1280	2048	2909	1303	1851
3327	1280	2048	3136	1306	1851
3583	1280	2048	3364	1308	1851
3839	1280	2048	3591	1310	1851
4095	1280	2048	3819	1313	1851
0	1536	2048	195	1519	1855
256	1536	2048	422	1522	1855
512	1536	2048	650	1525	1855
768	1536	2048	877	1528	1855
1024	1536	2048	1105	1531	1855
1280	1536	2048	1333	1534	1854
1536	1536	2048	1560	1536	1854
1792	1536	2048	1788	1538	1854
2048	1536	2048	2015	1541	1854
2303	1536	2048	2242	1544	1854
2559	1536	2048	2470	1547	1853
2815	1536	2048	2697	1550	1853
3071	1536	2048	2925	1552	1853
3327	1536	2048	3152	1555	1853
3583	1536	2048	3380	1558	1853
3839	1536	2048	3608	1561	1853
4095	1536	2048	3835	1564	1852
0	1792	2048	211	1769	1857
256	1792	2048	439	1772	1857
512	1792	2048	666	1775	1857
768	1792	2048	894	1778	1856
1024	1792	2048	1121	1780	1856
1280	1792	2048	1349	1783	1856
1536	1792	2048	1577	1786	1856
1792	1792	2048	1804	1789	1856
2048	1792	2048	2032	1792	1856
2303	1792	2048	2258	1795	1855
2559	1792	2048	2486	1797	1855
2815	1792	2048	2714	1800	1855
3071	1792	2048	2941	1803	1855
3327	1792	2048	3169	1806	1855
3583	1792	2048	3396	1809	1855
3839	1792	2048	3624	1812	1854
4095	1792	2048	3852	1814	1854
0	2048	2048	227	2020	1859
256	2048	2048	455	2023	1859
512	2048	2048	682	2025	1858
768	2048	2048	910	2028	1858
1024	2048	2048	1138	2031	1858
1280	2048	2048	1365	2034	1858
1536	2048	2048	1593	2037	1858
1792	2048	2048	1820	2040	1857
2048	2048	2048	2048	2042	1857
2303	2048	2048	2275	2045	1857
2559	2048	2048	2502	2048	1857
2815	2048	2048	2730	2051	1857
3071	2048	2048	2957	2054	1857
3327	2048	2048	3185	2057	1856
3583	2048	2048	3413	2059	1856
3839	2048	2048	3640	2062	1856
4095	2048	2048	3868	2065	1856
0	2303	2048	243	2270	1860
256	2303	2048	471	2272	1860
512	2303	2048	699	2275	1860
768	2303	2048	926	2278	1860
1024	2303	2048	1154	2281	1860
1280	2303	2048	1381	2284	1860
1536	2303	2048	1609	2286	1859
1792	2303	2048	1837	2289	1859
2048	2303	2048	2064	2292	1859
2303	2303	2048	2291	2295	1859
2559	2303	2048	2518	2298	1859
2815	2303	2048	2746	2301	1859
3071	2303	2048	2974	2303	1858
3327	2303	2048	3201	2306	1858
3583	2303	2048	3429	2309	1858
3839	2303	2048	3656	2312	1858
4095	2303	2048	3884	2315	1858
0	2559	2048	260	2520	1862
256	2559	2048	487	2523	1862
512	2559	2048	715	2526	1862
768	2559	2048	943	2529	1862
1024	2559	2048	1170	2531	1862
1280	2559	2048	1398	2534	1861
1536	2559	2048	1625	2537	1861
1792	2559	2048	1853	2540	1861
2048	2559	2048	2080	2543	1861
2303	2559	2048	2307	2546	1861
2559	2559	2048	2535	2548	1860
2815	2559	2048	2762	2551	1860
3071	2559	2048	2990	2554	1860
3327	2559	2048	3218	2557	1860
3583	2559	2048	3445	2559	1860
3839	2559	2048	3673	2562	1860
4095	2559	2048	3900	2564	1859
0	2815	2048	276	2771	1864
256	2815	2048	504	2774	1864
512	2815	2048	731	2776	1864
768	2815	2048	959	2779	1863
1024	2815	2048	1186	2782	1863
1280	2815	2048	1414	2785	1863
1536	2815	2048	1642	2787	1863
1792	2815	2048	1869	2790	1863
2048	2815	2048	2097	2792	1863
2303	2815	2048	2323	2795	1862
2559	2815	2048	2551	2798	1862
2815	2815	2048	2779	2801	1862
3071	2815	2048	3006	2804	1862
3327	2815	2048	3234	2807	1862
3583	2815	2048	3461	2809	1862
3839	2815	2048	3689	2812	1861
4095	2815	2048	3917	2815	1861
0	3071	2048	291	3021	1866
256	3071	2048	519	3023	1866
512	3071	2048	746	3026	1865
768	3071	2048	974	3029	1865
1024	3071	2048	1202	3032	1865
1280	3071	2048	1429	3035	1865
1536	3071	2048	1657	3037	1865
1792	3071	2048	1884	3040	1864
2048	3071	2048	2112	3043	1864
2303	3071	2048	2339	3046	1864
2559	3071	2048	2566	3049	1864
2815	3071	2048	2794	3052	1864
3071	3071	2048	3021	3054	1864
3327	3071	2048	3249	3057	1863
3583	3071	2048	3477	3060	1863
3839	3071	2048	3704	3063	1863
4095	3071	2048	3932	3066	1863
0	3327	2048	308	3271	1867
256	3327	2048	535	3274	1867
512	3327	2048	763	3277	1867
768	3327	2048	990	3280	1867
1024	3327	2048	1218	3282	1867
1280	3327	2048	1446	3285	1867
1536	3327	2048	1673	3288	1866
1792	3327	2048	1901	3291	1866
2048	3327	2048	2128	3294	1866
2303	3327	2048	2355	3297	1866
2559	3327	2048	2583	3299	1866
2815	3327	2048	2810	3302	1866
3071	3327	2048	3038	3305	1865
3327	3327	2048	3265	3308	1865
3583	3327	2048	3493	3311	1865
3839	3327	2048	3721	3314	1865
4095	3327	2048	3948	3316	1865
0	3583	2048	324	3522	1869
256	3583	2048	551	3525	1869
512	3583	2048	779	3527	1869
768	3583	2048	1007	3530	1869
1024	3583	2048	1234	3533	1869
1280	3583	2048	1462	3536	1868
1536	3583	2048	1689	3539	1868
1792	3583	2048	1917	3542	1868
2048	3583	2048	2145	3544	1868
2303	3583	2048	2371	3547	1868
2559	3583	2048	2599	3550	1867
2815	3583	2048	2826	3553	1867
3071	3583	2048	3054	3556	1867
3327	3583	2048	3282	3559	1867
3583	3583	2048	3509	3561	1867
3839	3583	2048	3737	3564	1867
4095	3583	2048	3964	3567	1866
0	3839	2048	340	3773	1871
256	3839	2048	568	3775	1871
512	3839	2048	795	3778	1871
768	3839	2048	1023	3781	1870
1024	3839	2048	1250	3784	1870
1280	3839	2048	1478	3787	1870
1536	3839	2048	1706	3789	1870
1792	3839	2048	1933	3792	1870
2048	3839	2048	2161	3795	1870
2303	3839	2048	2388	3798	1869
2559	3839	2048	2615	3801	1869
2815	3839	2048	2843	3804	1869
3071	3839	2048	3070	3806	1869
3327	3839	2048	3298	3809	1869
3583	3839	2048	3526	3811	1869
3839	3839	2048	3753	3814	1868
4095	3839	2048	3981	3817	1868
0	4095	2048	356	4023	1873
256	4095	2048	584	4026	1873
512	4095	2048	812	4029	1872
768	4095	2048	1039	4032	1872
1024	4095	2048	1267	4034	1872
1280	4095	2048	1494	4037	1872
1536	4095	2048	1722	4039	1872
1792	4095	2048	1950	4042	1871
2048	4095	2048	2177	4045	1871
2303	4095	2048	2404	4048	1871
2559	4095	2048	2631	4050	1871
2815	4095	2048	2859	4053	1871
3071	4095	2048	3087	4056	1871
3327	4095	2048	3314	4059	1870
3583	4095	2048	3542	4062	1870
3839	4095	2048	3769	4065	1870
4095	4095	2048	3997	4067	1870
0	0	2303	110	19	2074
256	0	2303	338	21	2074
512	0	2303	566	24	2074
768	0	2303	793	27	2074
1024	0	2303	1021	30	2074
1280	0	2303	1248	33	2074
1536	0	2303	1476	36	2073
1792	0	2303	1703	38	2073
2048	0	2303	1931	41	2073
2303	0	2303	2158	44	2073
2559	0	2303	2385	47	2073
2815	0	2303	2613	50	2072
3071	0	2303	2841	52	2072
3327	0	2303	3068	55	2072
3583	0	2303	3296	57	2072
3839	0	2303	3523	60	2072
4095	0	2303	3751	63	2072
0	256	2303	127	269	2076
256	256	2303	354	272	2076
512	256	2303	582	275	2076
768	256	2303	809	278	2076
1024	256	2303	1037	281	2075
1280	256	2303	1265	283	2075
1536	256	2303	1492	285	2075
1792	256	2303	1720	288	2075
2048	256	2303	1947	291	2075
2303	256	2303	2174	294	2075
2559	256	2303	2402	296	2074
2815	256	2303	2629	299	2074
3071	256	2303	2857	302	2074
3327	256	2303	3084	305	2074
3583	256	2303	3312	308	2074
3839	256	2303	3540	311	2074
4095	256	2303	3767	313	2073
0	512	2303	143	519	2078
256	512	2303	370	522	2078
512	512	2303	598	525	2078
768	512	2303	826	527	2077
1024	512	2303	1053	530	2077
1280	512	2303	1281	533	2077
1536	512	2303	1508	536	2077
1792	512	2303	1736	539	2077
2048	512	2303	1964	542	2076
2303	512	2303	2190	544	2076
2559	512	2303	2418	547	2076
2815	512	2303	2646	550	2076
3071	512	2303	2873	553	2076
3327	512	2303	3101	556	2076
3583	512	2303	3328	558	2075
3839	512	2303	3556	561	2075
4095	512	2303	3783	564	2075
0	768	2303	159	770	2080
256	768	2303	387	772	2079
512	768	2303	614	775	2079
768	768	2303	842	778	2079
1024	768	2303	1070	781	2079
1280	768	2303	1297	784	2079
1536	768	2303	1525	787	2079
1792	768	2303	1752	789	2078
2048	768	2303	1980	792	2078
2303	768	2303	2207	795	2078
2559	768	2303	2434	798	2078
2815	768	2303	2662	801	2078
3071	768	2303	2889	803	2078
3327	768	2303	3117	806	2077
3583	768	2303	3345	809	2077
3839	768	2303	3572	812	2077
4095	768	2303	3800	815	2077
0	1024	2303	174	1020	2081
256	1024	2303	402	1023	2081
512	1024	2303	630	1026	2081
768	1024	2303	857	1029	2081
1024	1024	2303	1085	1032	2081
1280	1024	2303	1312	1034	2081
1536	1024	2303	1540	1037	2080
1792	1024	2303	1768	1040	2080
2048	1024	2303	1995	1043	2080
2303	1024	2303	2222	1046	2080
2559	1024	2303	2449	1048	2080
2815	1024	2303	2677	1051	2079
3071	1024	2303	2905	1054	2079
3327	1024	2303	3132	1057	2079
3583	1024	2303	3360	1060	2079
3839	1024	2303	3587	1063	2079
4095	1024	2303	3815	1065	2079
0	1280	2303	191	1271	2083
256	1280	2303	418	1274	2083
512	1280	2303	646	1277	2083
768	1280	2303	874	1279	2083
1024	1280	2303	1101	1282	2082
1280	1280	2303	1329	1285	2082
1536	1280	2303	1556	1288	2082
1792	1280	2303	1784	1291	2082
2048	1280	2303	2011	1294	2082
2303	1280	2303	2238	1296	2082
2559	1280	2303	2466	1299	2081
2815	1280	2303	2693	1302	2081
3071	1280	2303	2921	1305	2081
3327	1280	2303	3149	1308	2081
3583	1280	2303	3376	1309	2081
3839	1280	2303	3604	1312	2081
4095	1280	2303	3831	1315	2080
0	1536	2303	207	1522	2085
256	1536	2303	435	1524	2085
512	1536	2303	662	1527	2085
768	1536	2303	890	1530	2084
1024	1536	2303	1117	1533	2084
1280	1536	2303	1345	1536	2084
1536	1536	2303	1573	1538	2084
1792	1536	2303	1800	1540	2084
2048	1536	2303	2028	1543	2083
2303	1536	2303	2254	1546	2083
2559	1536	2303	2482	1549	2083
2815	1536	2303	2710	1552	2083
3071	1536	2303	2937	1554	2083
3327	1536	2303	3165	1557	2083
3583	1536	2303	3392	1560	2082
3839	1536	2303	3620	1563	2082
4095	1536	2303	3848	1566	2082
0	1792	2303	223	1771	2087
256	1792	2303	451	1774	2086
512	1792	2303	678	1777	2086
768	1792	2303	906	1780	2086
1024	1792	2303	1134	1783	2086
1280	1792	2303	1361	1785	2086
1536	1792	2303	1589	1788	2086
1792	1792	2303	1816	1791	2085
2048	1792	2303	2044	1794	2085
2303	1792	2303	2271	1797	2085
2559	1792	2303	2498	1799	2085
2815	1792	2303	2726	1802	2085
3071	1792	2303	2953	1805	2085
3327	1792	2303	3181	1808	2084
3583	1792	2303	3409	1811	2084
3839	1792	2303	3636	1814	2084
4095	1792	2303	3864	1816	2084
0	2048	2303	240	2022	2088
256	2048	2303	467	2025	2088
512	2048	2303	695	2028	2088
768	2048	2303	922	2030	2088
1024	2048	2303	1150	2033	2088
1280	2048	2303	1378	2036	2088
1536	2048	2303	1605	2039	2087
1792	2048	2303	1833	2042	2087
2048	2048	2303	2060	2045	2087
2303	2048	2303	2287	2047	2087
2559	2048	2303	2515	2050	2087
2815	2048	2303	2742	2053	2086
3071	2048	2303	2970	2056	2086
3327	2048	2303	3197	2059	2086
3583	2048	2303	3425	2061	2086
3839	2048	2303	3653	2064	2086
4095	2048	2303	3880	2067	2086
0	2303	2303	256	2272	2090
256	2303	2303	483	2274	2090
512	2303	2303	711	2277	2090
768	2303	2303	939	2280	2090
1024	2303	2303	1166	2283	2089
1280	2303	2303	1394	2286	2089
1536	2303	2303	1621	2289	2089
1792	2303	2303	1849	2291	2089
2048	2303	2303	2077	2294	2089
2303	2303	2303	2303	2297	2089
2559	2303	2303	2531	2300	2088
2815	2303	2303	2758	2303	2088
3071	2303	2303	2986	2306	2088
3327	2303	2303	3214	2308	2088
3583	2303	2303	3441	2311	2088
3839	2303	2303	3669	2314	2088
4095	2303	2303	3896	2317	2087
0	2559	2303	272	2522	2092
256	2559	2303	500	2525	2092
512	2559	2303	727	2528	2092
768	2559	2303	955	2531	2091
1024	2559	2303	1182	2534	2091
1280	2559	2303	1410	2536	2091
1536	2559	2303	1638	2539	2091
1792	2559	2303	1865	2542	2091
2048	2559	2303	2093	2545	2090
2303	2559	2303	2319	2548	2090
2559	2559	2303	2547	2551	2090
2815	2559	2303	2775	2553	2090
3071	2559	2303	3002	2556	2090
3327	2559	2303	3230	2559	2090
3583	2559	2303	3457	2561	2089
3839	2559	2303	3685	2564	2089
4095	2559	2303	3913	2566	2089
0	2815	2303	287	2773	2094
256	2815	2303	515	2776	2093
512	2815	2303	743	2779	2093
768	2815	2303	970	2781	2093
1024	2815	2303	1198	2784	2093
1280	2815	2303	1425	2787	2093
1536	2815	2303	1653	2789	2093
1792	2815	2303	1880	2792	2092
2048	2815	2303	2108	2795	2092
2303	2815	2303	2335	2797	2092
2559	2815	2303	2562	2800	2092
2815	2815	2303	2790	2803	2092
3071	2815	2303	3018	2806	2092
3327	2815	2303	3245	2809	2091
3583	2815	2303	3473	2811	2091
3839	2815	2303	3700	2814	2091
4095	2815	2303	3928	2817	2091
0	3071	2303	304	3023	2095
256	3071	2303	531	3025	2095
512	3071	2303	759	3028	2095
768	3071	2303	986	3031	2095
1024	3071	2303	1214	3034	2095
1280	3071	2303	1442	3037	2095
1536	3071	2303	1669	3040	2094
1792	3071	2303	1897	3042	2094
2048	3071	2303	2124	3045	2094
2303	3071	2303	2351	3048	2094
2559	3071	2303	2579	3051	2094
2815	3071	2303	2806	3054	2093
3071	3071	2303	3034	3057	2093
3327	3071	2303	3261	3059	2093
3583	3071	2303	3489	3062	2093
3839	3071	2303	3717	3065	2093
4095	3071	2303	3944	3068	2093
0	3327	2303	320	3273	2097
256	3327	2303	547	3276	2097
512	3327	2303	775	3279	2097
768	3327	2303	1003	3282	2097
1024	3327	2303	1230	3285	2096
1280	3327	2303	1458	3287	2096
1536	3327	2303	1685	3290	2096
1792	3327	2303	1913	3293	2096
2048	3327	2303	2141	3296	2096
2303	3327	2303	2367	3299	2096
2559	3327	2303	2595	3302	2095
2815	3327	2303	2823	3304	2095
3071	3327	2303	3050	3307	2095
3327	3327	2303	3278	3310	2095
3583	3327	2303	3505	3313	2095
3839	3327	2303	3733	3316	2095
4095	3327	2303	3960	3318	2094
0	3583	2303	336	3524	2099
256	3583	2303	564	3527	2099
512	3583	2303	791	3530	2099
768	3583	2303	1019	3532	2098
1024	3583	2303	1247	3535	2098
1280	3583	2303	1474	3538	2098
1536	3583	2303	1702	3541	2098
1792	3583	2303	1929	3544	2098
2048	3583	2303	2157	3547	2097
2303	3583	2303	2384	3549	2097
2559	3583	2303	2611	3552	2097
2815	3583	2303	2839	3555	2097
3071	3583	2303	3066	3558	2097
3327	3583	2303	3294	3561	2097
3583	3583	2303	3522	3563	2096
3839	3583	2303	3749	3566	2096
4095	3583	2303	3977	3569	2096
0	3839	2303	352	3775	2101
256	3839	2303	580	3777	2100
512	3839	2303	808	3780	2100
768	3839	2303	1035	3783	2100
1024	3839	2303	1263	3786	2100
1280	3839	2303	1490	3789	2100
1536	3839	2303	1718	3792	2100
1792	3839	2303	1946	3794	2099
2048	3839	2303	2173	3797	2099
2303	3839	2303	2400	3800	2099
2559	3839	2303	2627	3803	2099
2815	3839	2303	2855	3806	2099
3071	3839	2303	3083	3809	2099
3327	3839	2303	3310	3811	2098
3583	3839	2303	3538	3813	2098
3839	3839	2303	3765	3816	2098
4095	3839	2303	3993	3819	2098
0	4095	2303	369	4025	2102
256	4095	2303	596	4028	2102
512	4095	2303	824	4031	2102
768	4095	2303	1051	4034	2102
1024	4095	2303	1279	4037	2102
1280	4095	2303	1507	4038	2102
1536	4095	2303	1734	4041	2101
1792	4095	2303	1962	4044	2101
2048	4095	2303	2189	4047	2101
2303	4095	2303	2416	4050	2101
2559	4095	2303	2644	4053	2101
2815	4095	2303	2871	4055	2100
3071	4095	2303	3099	4058	2100
3327	4095	2303	3327	4061	2100
3583	4095	2303	3554	4064	2100
3839	4095	2303	3782	4067	2100
4095	4095	2303	4009	4069	2100
0	0	2559	123	21	2305
256	0	2559	350	23	2305
512	0	2559	578	26	2305
768	0	2559	805	29	2304
1024	0	2559	1033	32	2304
1280	0	2559	1261	35	2304
1536	0	2559	1488	38	2304
1792	0	2559	1716	40	2304
2048	0	2559	1943	43	2304
2303	0	2559	2170	46	2303
2559	0	2559	2398	49	2303
2815	0	2559	2625	52	2303
3071	0	2559	2853	55	2303
3327	0	2559	3081	57	2303
3583	0	2559	3308	59	2303
3839	0	2559	3536	62	2302
4095	0	2559	3763	65	2302
0	256	2559	139	271	2307
256	256	2559	367	274	2307
512	256	2559	594	277	2306
768	256	2559	822	280	2306
1024	256	2559	1049	283	2306
1280	256	2559	1277	284	2306
1536	256	2559	1505	287	2306
1792	256	2559	1732	290	2306
2048	256	2559	1960	293	2305
2303	256	2559	2186	296	2305
2559	256	2559	2414	299	2305
2815	256	2559	2642	301	2305
3071	256	2559	2869	304	2305
3327	256	2559	3097	307	2304
3583	256	2559	3324	310	2304
3839	256	2559	3552	313	2304
4095	256	2559	3780	316	2304
0	512	2559	155	521	2308
256	512	2559	383	524	2308
512	512	2559	610	527	2308
768	512	2559	838	529	2308
1024	512	2559	1066	532	2308
1280	512	2559	1293	535	2308
1536	512	2559	1521	538	2307
1792	512	2559	1748	541	2307
2048	512	2559	1976	544	2307
2303	512	2559	2203	546	2307
2559	512	2559	2430	549	2307
2815	512	2559	2658	552	2307
3071	512	2559	2885	555	2306
3327	512	2559	3113	558	2306
3583	512	2559	3341	561	2306
3839	512	2559	3568	563	2306
4095	512	2559	3796	566	2306
0	768	2559	171	772	2310
256	768	2559	398	774	2310
512	768	2559	626	777	2310
768	768	2559	853	780	2310
1024	768	2559	1081	783	2310
1280	768	2559	1309	786	2309
1536	768	2559	1536	789	2309
1792	768	2559	1764	791	2309
2048	768	2559	1991	794	2309
2303	768	2559	2218	797	2309
2559	768	2559	2446	800	2308
2815	768	2559	2673	803	2308
3071	768	2559	2901	806	2308
3327	768	2559	3128	808	2308
3583	768	2559	3356	811	2308
3839	768	2559	3584	814	2308
4095	768	2559	3811	817	2307
0	1024	2559	187	1022	2312
256	1024	2559	414	1025	2312
512	1024	2559	642	1028	2312
768	1024	2559	870	1031	2311
1024	1024	2559	1097	1034	2311
1280	1024	2559	1325	1036	2311
1536	1024	2559	1552	1039	2311
1792	1024	2559	1780	1042	2311
2048	1024	2559	2008	1045	2311
2303	1024	2559	2234	1048	2310
2559	1024	2559	2462	1051	2310
2815	1024	2559	2689	1053	2310
3071	1024	2559	2917	1056	2310
3327	1024	2559	3145	1059	2310
3583	1024	2559	3372	1062	2310
3839	1024	2559	3600	1065	2309
4095	1024	2559	3827	1068	2309
0	1280	2559	203	1273	2314
256	1280	2559	431	1276	2314
512	1280	2559	658	1279	2313
768	1280	2559	886	1281	2313
1024	1280	2559	1113	1284	2313
1280	1280	2559	1341	1287	2313
1536	1280	2559	1569	1290	2313
1792	1280	2559	1796	1293	2313
2048	1280	2559	2024	1296	2312
2303	1280	2559	2251	1298	2312
2559	1280	2559	2478	1301	2312
2815	1280	2559	2706	1304	2312
3071	1280	2559	2933	1307	2312
3327	1280	2559	3161	1309	2311
3583	1280	2559	3389	1312	2311
3839	1280	2559	3616	1314	2311
4095	1280	2559	3844	1317	2311
0	1536	2559	219	1524	2315
256	1536	2559	447	1526	2315
512	1536	2559	675	1529	2315
768	1536	2559	902	1532	2315
1024	1536	2559	1130	1535	2315
1280	1536	2559	1357	1537	2315
1536	1536	2559	1585	1540	2314
1792	1536	2559	1813	1542	2314
2048	1536	2559	2040	1545	2314
2303	1536	2559	2267	1548	2314
2559	1536	2559	2494	1551	2314
2815	1536	2559	2722	1554	2314
3071	1536	2559	2950	1557	2313
3327	1536	2559	3177	1559	2313
3583	1536	2559	3405	1562	2313
3839	1536	2559	3632	1565	2313
4095	1536	2559	3860	1568	2313
0	1792	2559	236	1773	2317
256	1792	2559	463	1776	2317
512	1792	2559	691	1779	2317
768	1792	2559	918	1782	2317
1024	1792	2559	1146	1785	2317
1280	1792	2559	1374	1787	2316
1536	1792	2559	1601	1790	2316
1792	1792	2559	1829	1793	2316
2048	1792	2559	2056	1796	2316
2303	1792	2559	2283	1799	2316
2559	1792	2559	2511	1802	2315
2815	1792	2559	2738	1804	2315
3071	1792	2559	2966	1807	2315
3327	1792	2559	3193	1810	2315
3583	1792	2559	3421	1813	2315
3839	1792	2559	3649	1816	2315
4095	1792	2559	3876	1819	2314
0	2048	2559	252	2024	2319
256	2048	2559	480	2027	2319
512	2048	2559	707	2030	2319
768	2048	2559	935	2032	2318
1024	2048	2559	1162	2035	2318
1280	2048	2559	1390	2038	2318
1536	2048	2559	1617	2041	2318
1792	2048	2559	1845	2044	2318
2048	2048	2559	2073	2047	2318
2303	2048	2559	2299	2049	2317
2559	2048	2559	2527	2052	2317
2815	2048	2559	2755	2055	2317
3071	2048	2559	2982	2058	2317
3327	2048	2559	3210	2061	2317
3583	2048	2559	3437	2064	2317
3839	2048	2559	3665	2066	2316
4095	2048	2559	3893	2069	2316
0	2303	2559	268	2274	2321
256	2303	2559	496	2276	2321
512	2303	2559	723	2279	2320
768	2303	2559	951	2282	2320
1024	2303	2559	1179	2285	2320
1280	2303	2559	1406	2288	2320
1536	2303	2559	1634	2291	2320
1792	2303	2559	1861	2293	2320
2048	2303	2559	2089	2296	2319
2303	2303	2559	2316	2299	2319
2559	2303	2559	2543	2302	2319
2815	2303	2559	2771	2305	2319
3071	2303	2559	2998	2308	2319
3327	2303	2559	3226	2310	2318
3583	2303	2559	3454	2313	2318
3839	2303	2559	3681	2316	2318
4095	2303	2559	3909	2319	2318
0	2559	2559	284	2524	2322
256	2559	2559	512	2527	2322
512	2559	2559	739	2530	2322
768	2559	2559	967	2533	2322
1024	2559	2559	1194	2536	2322
1280	2559	2559	1422	2538	2322
1536	2559	2559	1649	2541	2321
1792	2559	2559	1877	2544	2321
2048	2559	2559	2104	2547	2321
2303	2559	2559	2332	2550	2321
2559	2559	2559	2559	2553	2321
2815	2559	2559	2787	2555	2321
3071	2559	2559	3014	2558	2320
3327	2559	2559	3242	2560	2320
3583	2559	2559	3469	2563	2320
3839	2559	2559	3697	2566	2320
4095	2559	2559	3924	2569	2320
0	2815	2559	300	2775	2324
256	2815	2559	527	2778	2324
512	2815	2559	755	2781	2324
768	2815	2559	982	2783	2324
1024	2815	2559	1210	2786	2324
1280	2815	2559	1438	2788	2323
1536	2815	2559	1665	2791	2323
1792	2815	2559	1893	2794	2323
2048	2815	2559	2120	2797	2323
2303	2815	2559	2347	2799	2323
2559	2815	2559	2575	2802	2322
2815	2815	2559	2802	2805	2322
3071	2815	2559	3030	2808	2322
3327	2815	2559	3258	2811	2322
3583	2815	2559	3485	2814	2322
3839	2815	2559	3713	2816	2322
4095	2815	2559	3940	2819	2321
0	3071	2559	316	3025	2326
256	3071	2559	544	3027	2326
512	3071	2559	771	3030	2326
768	3071	2559	999	3033	2325
1024	3071	2559	1226	3036	2325
1280	3071	2559	1454	3039	2325
1536	3071	2559	1682	3042	2325
1792	3071	2559	1909	3044	2325
2048	3071	2559	2137	3047	2325
2303	3071	2559	2363	3050	2324
2559	3071	2559	2591	3053	2324
2815	3071	2559	2819	3056	2324
3071	3071	2559	3046	3059	2324
3327	3071	2559	3274	3061	2324
3583	3071	2559	3501	3064	2324
3839	3071	2559	3729	3067	2323
4095	3071	2559	3957	3070	2323
0	3327	2559	332	3275	2328
256	3327	2559	560	3278	2328
512	3327	2559	787	3281	2327
768	3327	2559	1015	3284	2327
1024	3327	2559	1243	3287	2327
1280	3327	2559	1470	3289	2327
1536	3327	2559	1698	3292	2327
1792	3327	2559	1925	3295	2326
2048	3327	2559	2153	3298	2326
2303	3327	2559	2380	3301	2326
2559	3327	2559	2607	3304	2326
2815	3327	2559	2835	3306	2326
3071	3327	2559	3062	3309	2326
3327	3327	2559	3290	3312	2325
3583	3327	2559	3518	3315	2325
3839	3327	2559	3745	3318	2325
4095	3327	2559	3973	3321	2325
0	3583	2559	349	3526	2329
256	3583	2559	576	3529	2329
512	3583	2559	804	3532	2329
768	3583	2559	1031	3534	2329
1024	3583	2559	1259	3537	2329
1280	3583	2559	1486	3540	2329
1536	3583	2559	1714	3543	2328
1792	3583	2559	1942	3546	2328
2048	3583	2559	2169	3549	2328
2303	3583	2559	2396	3551	2328
2559	3583	2559	2624	3554	2328
2815	3583	2559	2851	3557	2328
3071	3583	2559	3079	3560	2327
3327	3583	2559	3306	3563	2327
3583	3583	2559	3534	3566	2327
3839	3583	2559	3762	3568	2327
4095	3583	2559	3989	3571	2327
0	3839	2559	365	3777	2331
256	3839	2559	592	3779	2331
512	3839	2559	820	3782	2331
768	3839	2559	1048	3785	2331
1024	3839	2559	1275	3788	2331
1280	3839	2559	1503	3791	2330
1536	3839	2559	1730	3794	2330
1792	3839	2559	1958	3796	2330
2048	3839	2559	2186	3799	2330
2303	3839	2559	2412	3802	2330
2559	3839	2559	2640	3805	2329
2815	3839	2559	2867	3808	2329
3071	3839	2559	3095	3811	2329
3327	3839	2559	3323	3812	2329
3583	3839	2559	3550	3815	2329
3839	3839	2559	3778	3818	2329
4095	3839	2559	4005	3821	2328
0	4095	2559	381	4027	2332
256	4095	2559	609	4030	2332
512	4095	2559	836	4033	2332
768	4095	2559	1064	4036	2332
1024	4095	2559	1291	4038	2332
1280	4095	2559	1519	4040	2332
1536	4095	2559	1747	4043	2332
1792	4095	2559	1974	4046	2332
2048	4095	2559	2202	4049	2332
2303	4095	2559	2429	4052	2331
2559	4095	2559	2656	4055	2331
2815	4095	2559	2884	4057	2331
3071	4095	2559	3111	4060	2331
3327	4095	2559	3339	4063	2331
3583	4095	2559	3566	4066	2331
3839	4095	2559	3794	4069	2330
4095	4095	2559	4022	4072	2330
0	0	2815	135	23	2536
256	0	2815	363	25	2535
512	0	2815	590	28	2535
768	0	2815	818	31	2535
1024	0	2815	1045	34	2535
1280	0	2815	1273	37	2535
1536	0	2815	1501	40	2535
1792	0	2815	1728	42	2534
2048	0	2815	1956	45	2534
2303	0	2815	2183	48	2534
2559	0	2815	2410	51	2534
2815	0	2815	2638	54	2534
3071	0	2815	2865	57	2533
3327	0	2815	3093	58	2533
3583	0	2815	3320	61	2533
3839	0	2815	3548	64	2533
4095	0	2815	3776	67	2533
0	256	2815	151	273	2537
256	256	2815	379	276	2537
512	256	2815	607	279	2537
768	256	2815	834	282	2537
1024	256	2815	1062	284	2537
1280	256	2815	1289	286	2536
1536	256	2815	1517	289	2536
1792	256	2815	1745	292	2536
2048	256	2815	1972	295	2536
2303	256	2815	2199	298	2536
2559	256	2815	2426	301	2536
2815	256	2815	2654	303	2535
3071	256	2815	2882	306	2535
3327	256	2815	3109	309	2535
3583	256	2815	3337	312	2535
3839	256	2815	3564	315	2535
4095	256	2815	3792	318	2535
0	512	2815	168	523	2539
256	512	2815	395	526	2539
512	512	2815	623	529	2539
768	512	2815	850	531	2539
1024	512	2815	1078	534	2538
1280	512	2815	1306	537	2538
1536	512	2815	1533	540	2538
1792	512	2815	1761	543	2538
2048	512	2815	1988	546	2538
2303	512	2815	2215	548	2538
2559	512	2815	2443	551	2537
2815	512	2815	2670	554	2537
3071	512	2815	2898	557	2537
3327	512	2815	3125	560	2537
3583	512	2815	3353	563	2537
3839	512	2815	3581	565	2536
4095	512	2815	3808	568	2536
0	768	2815	183	774	2541
256	768	2815	411	776	2541
512	768	2815	638	779	2540
768	768	2815	866	782	2540
1024	768	2815	1093	785	2540
1280	768	2815	1321	788	2540
1536	768	2815	1548	791	2540
1792	768	2815	1776	793	2540
2048	768	2815	2004	796	2539
2303	768	2815	2230	799	2539
2559	768	2815	2458	802	2539
2815	768	2815	2686	805	2539
3071	768	2815	2913	808	2539
3327	768	2815	3141	810	2539
3583	768	2815	3368	813	2538
3839	768	2815	3596	816	2538
4095	768	2815	3824	819	2538
0	1024	2815	199	1024	2543
256	1024	2815	427	1027	2542
512	1024	2815	654	1030	2542
768	1024	2815	882	1033	2542
1024	1024	2815	1110	1036	2542
1280	1024	2815	1337	1038	2542
1536	1024	2815	1565	1041	2542
1792	1024	2815	1792	1044	2541
2048	1024	2815	2020	1047	2541
2303	1024	2815	2247	1050	2541
2559	1024	2815	2474	1053	2541
2815	1024	2815	2702	1055	2541
3071	1024	2815	2929	1058	2540
3327	1024	2815	3157	1061	2540
3583	1024	2815	3385	1064	2540
3839	1024	2815	3612	1067	2540
4095	1024	2815	3840	1070	2540
0	1280	2815	215	1275	2544
256	1280	2815	443	1278	2544
512	1280	2815	671	1281	2544
768	1280	2815	898	1283	2544
1024	1280	2815	1126	1286	2544
1280	1280	2815	1353	1289	2543
1536	1280	2815	1581	1292	2543
1792	1280	2815	1809	1295	2543
2048	1280	2815	2036	1298	2543
2303	1280	2815	2263	1300	2543
2559	1280	2815	2491	1303	2543
2815	1280	2815	2718	1306	2542
3071	1280	2815	2946	1308	2542
3327	1280	2815	3173	1311	2542
3583	1280	2815	3401	1314	2542
3839	1280	2815	3628	1316	2542
4095	1280	2815	3856	1319	2542
0	1536	2815	232	1526	2546
256	1536	2815	459	1528	2546
512	1536	2815	687	1531	2546
768	1536	2815	915	1534	2546
1024	1536	2815	1142	1536	2545
1280	1536	2815	1370	1539	2545
1536	1536	2815	1597	1542	2545
1792	1536	2815	1825	1544	2545
2048	1536	2815	2052	1547	2545
2303	1536	2815	2279	1550	2544
2559	1536	2815	2507	1553	2544
2815	1536	2815	2734	1556	2544
3071	1536	2815	2962	1559	2544
3327	1536	2815	3190	1561	2544
3583	1536	2815	3417	1564	2544
3839	1536	2815	3645	1567	2543
4095	1536	2815	3872	1570	2543
0	1792	2815	248	1775	2548
256	1792	2815	476	1778	2548
512	1792	2815	703	1781	2547
768	1792	2815	931	1784	2547
1024	1792	2815	1158	1787	2547
1280	1792	2815	1386	1789	2547
1536	1792	2815	1614	1792	2547
1792	1792	2815	1841	1795	2547
2048	1792	2815	2069	1798	2546
2303	1792	2815	2295	1801	2546
2559	1792	2815	2523	1804	2546
2815	1792	2815	2751	1806	2546
3071	1792	2815	2978	1809	2546
3327	1792	2815	3206	1812	2546
3583	1792	2815	3433	1815	2545
3839	1792	2815	3661	1818	2545
4095	1792	2815	3889	1821	2545
0	2048	2815	264	2026	2550
256	2048	2815	492	2029	2549
512	2048	2815	719	2032	2549
768	2048	2815	947	2034	2549
1024	2048	2815	1175	2037	2549
1280	2048	2815	1402	2040	2549
1536	2048	2815	1630	2043	2549
1792	2048	2815	1857	2046	2548
2048	2048	2815	2085	2049	2548
2303	2048	2815	2312	2051	2548
2559	2048	2815	2539	2054	2548
2815	2048	2815	2767	2057	2548
3071	2048	2815	2995	2060	2547
3327	2048	2815	3222	2063	2547
3583	2048	2815	3450	2066	2547
3839	2048	2815	3677	2068	2547
4095	2048	2815	3905	2071	2547
0	2303	2815	281	2276	2551
256	2303	2815	508	2279	2551
512	2303	2815	736	2281	2551
768	2303	2815	963	2284	2551
1024	2303	2815	1191	2287	2551
1280	2303	2815	1418	2290	2550
1536	2303	2815	1646	2293	2550
1792	2303	2815	1874	2295	2550
2048	2303	2815	2101	2298	2550
2303	2303	2815	2328	2301	2550
2559	2303	2815	2556	2304	2550
2815	2303	2815	2783	2307	2549
3071	2303	2815	3011	2310	2549
3327	2303	2815	3238	2312	2549
3583	2303	2815	3466	2315	2549
3839	2303	2815	3694	2318	2549
4095	2303	2815	3921	2321	2549
0	2559	2815	296	2526	2553
256	2559	2815	523	2529	2553
512	2559	2815	751	2532	2553
768	2559	2815	979	2535	2553
1024	2559	2815	1206	2538	2552
1280	2559	2815	1434	2540	2552
1536	2559	2815	1661	2543	2552
1792	2559	2815	1889	2546	2552
2048	2559	2815	2117	2549	2552
2303	2559	2815	2343	2552	2551
2559	2559	2815	2571	2555	2551
2815	2559	2815	2798	2557	2551
3071	2559	2815	3026	2559	2551
3327	2559	2815	3254	2562	2551
3583	2559	2815	3481	2565	2551
3839	2559	2815	3709	2568	2550
4095	2559	2815	3936	2571	2550
0	2815	2815	312	2777	2555
256	2815	2815	540	2780	2555
512	2815	2815	767	2783	2554
768	2815	2815	995	2785	2554
1024	2815	2815	1222	2787	2554
1280	2815	2815	1450	2790	2554
1536	2815	2815	1678	2793	2554
1792	2815	2815	1905	2796	2554
2048	2815	2815	2133	2799	2553
2303	2815	2815	2360	2801	2553
2559	2815	2815	2587	2804	2553
2815	2815	2815	2815	2807	2553
3071	2815	2815	3042	2810	2553
3327	2815	2815	3270	2813	2553
3583	2815	2815	3497	2816	2552
3839	2815	2815	3725	2818	2552
4095	2815	2815	3953	2821	2552
0	3071	2815	328	3027	2557
256	3071	2815	556	3030	2556
512	3071	2815	784	3032	2556
768	3071	2815	1011	3035	2556
1024	3071	2815	1239	3038	2556
1280	3071	2815	1466	3041	2556
1536	3071	2815	1694	3044	2556
1792	3071	2815	1922	3046	2555
2048	3071	2815	2149	3049	2555
2303	3071	2815	2376	3052	2555
2559	3071	2815	2603	3055	2555
2815	3071	2815	2831	3058	2555
3071	3071	2815	3059	3061	2554
3327	3071	2815	3286	3063	2554
3583	3071	2815	3514	3066	2554
3839	3071	2815	3741	3069	2554
4095	3071	2815	3969	3072	2554
0	3327	2815	345	3277	2558
256	3327	2815	572	3280	2558
512	3327	2815	800	3283	2558
768	3327	2815	1027	3286	2558
1024	3327	2815	1255	3289	2558
1280	3327	2815	1483	3291	2557
1536	3327	2815	1710	3294	2557
1792	3327	2815	1938	3297	2557
2048	3327	2815	2165	3300	2557
2303	3327	2815	2392	3303	2557
2559	3327	2815	2620	3306	2557
2815	3327	2815	2847	3308	2556
3071	3327	2815	3075	3311	2556
3327	3327	2815	3302	3314	2556
3583	3327	2815	3530	3317	2556
3839	3327	2815	3758	3320	2556
4095	3327	2815	3985	3323	2556
0	3583	2815	361	3528	2559
256	3583	2815	589	3531	2559
512	3583	2815	816	3534	2559
768	3583	2815	1044	3536	2559
1024	3583	2815	1271	3539	2559
1280	3583	2815	1499	3542	2559
1536	3583	2815	1726	3545	2559
1792	3583	2815	1954	3548	2559
2048	3583	2815	2182	3551	2559
2303	3583	2815	2408	3553	2558
2559	3583	2815	2636	3556	2558
2815	3583	2815	2864	3559	2558
3071	3583	2815	3091	3562	2558
3327	3583	2815	3319	3565	2558
3583	3583	2815	3546	3568	2558
3839	3583	2815	3774	3570	2557
4095	3583	2815	4001	3573	2557
0	3839	2815	377	3779	2561
256	3839	2815	605	3782	2561
512	3839	2815	832	3784	2560
768	3839	2815	1060	3787	2560
1024	3839	2815	1288	3790	2560
1280	3839	2815	1515	3793	2560
1536	3839	2815	1743	3796	2560
1792	3839	2815	1970	3798	2560
2048	3839	2815	2198	3801	2559
2303	3839	2815	2425	3804	2559
2559	3839	2815	2652	3807	2559
2815	3839	2815	2880	3810	2559
3071	3839	2815	3107	3812	2559
3327	3839	2815	3335	3814	2559
3583	3839	2815	3563	3817	2559
3839	3839	2815	3790	3820	2559
4095	3839	2815	4018	3823	2559
0	4095	2815	393	4029	2563
256	4095	2815	621	4032	2562
512	4095	2815	849	4035	2562
768	4095	2815	1076	4038	2562
1024	4095	2815	1304	4040	2562
1280	4095	2815	1531	4042	2562
1536	4095	2815	1759	4045	2562
1792	4095	2815	1987	4048	2561
2048	4095	2815	2214	4051	2561
2303	4095	2815	2441	4054	2561
2559	4095	2815	2668	4057	2561
2815	4095	2815	2896	4059	2561
3071	4095	2815	3124	4062	2560
3327	4095	2815	3351	4065	2560
3583	4095	2815	3579	4068	2560
3839	4095	2815	3806	4071	2560
4095	4095	2815	4034	4074	2560
0	0	3071	147	25	2766
256	0	3071	375	28	2766
512	0	3071	603	30	2766
768	0	3071	830	33	2766
1024	0	3071	1058	36	2765
1280	0	3071	1285	39	2765
1536	0	3071	1513	42	2765
1792	0	3071	1741	45	2765
2048	0	3071	1968	47	2765
2303	0	3071	2195	50	2765
2559	0	3071	2422	53	2764
2815	0	3071	2650	56	2764
3071	0	3071	2878	58	2764
3327	0	3071	3105	60	2764
3583	0	3071	3333	63	2764
3839	0	3071	3560	66	2764
4095	0	3071	3788	69	2763
0	256	3071	164	275	2768
256	256	3071	391	278	2768
512	256	3071	619	281	2768
768	256	3071	847	284	2767
1024	256	3071	1074	286	2767
1280	256	3071	1302	289	2767
1536	256	3071	1529	291	2767
1792	256	3071	1757	294	2767
2048	256	3071	1984	297	2767
2303	256	3071	2211	300	2766
2559	256	3071	2439	303	2766
2815	256	3071	2666	305	2766
3071	256	3071	2894	308	2766
3327	256	3071	3122	311	2766
3583	256	3071	3349	314	2765
3839	256	3071	3577	317	2765
4095	256	3071	3804	320	2765
0	512	3071	179	525	2770
256	512	3071	407	528	2769
512	512	3071	634	531	2769
768	512	3071	862	534	2769
1024	512	3071	1089	536	2769
1280	512	3071	1317	539	2769
1536	512	3071	1545	542	2769
1792	512	3071	1772	545	2768
2048	512	3071	2000	548	2768
2303	512	3071	2226	551	2768
2559	512	3071	2454	553	2768
2815	512	3071	2682	556	2768
3071	512	3071	2909	559	2768
3327	512	3071	3137	562	2767
3583	512	3071	3364	565	2767
3839	512	3071	3592	567	2767
4095	512	3071	3820	570	2767
0	768	3071	195	776	2771
256	768	3071	423	779	2771
512	768	3071	650	781	2771
768	768	3071	878	784	2771
1024	768	3071	1106	787	2771
1280	768	3071	1333	790	2771
1536	768	3071	1561	793	2770
1792	768	3071	1788	796	2770
2048	768	3071	2016	798	2770
2303	768	3071	2243	801	2770
2559	768	3071	2470	804	2770
2815	768	3071	2698	807	2769
3071	768	3071	2926	810	2769
3327	768	3071	3153	812	2769
3583	768	3071	3381	815	2769
3839	768	3071	3608	818	2769
4095	768	3071	3836	821	2769
0	1024	3071	212	1026	2773
256	1024	3071	439	1029	2773
512	1024	3071	667	1032	2773
768	1024	3071	894	1035	2773
1024	1024	3071	1122	1038	2772
1280	1024	3071	1350	1041	2772
1536	1024	3071	1577	1043	2772
1792	1024	3071	1805	1046	2772
2048	1024	3071	2032	1049	2772
2303	1024	3071	2259	1052	2772
2559	1024	3071	2487	1055	2771
2815	1024	3071	2714	1057	2771
3071	1024	3071	2942	1060	2771
3327	1024	3071	3169	1063	2771
3583	1024	3071	3397	1066	2771
3839	1024	3071	3625	1069	2771
4095	1024	3071	3852	1072	2770
0	1280	3071	228	1277	2775
256	1280	3071	455	1280	2775
512	1280	3071	683	1283	2775
768	1280	3071	911	1286	2774
1024	1280	3071	1138	1288	2774
1280	1280	3071	1366	1291	2774
1536	1280	3071	1593	1294	2774
1792	1280	3071	1821	1297	2774
2048	1280	3071	2049	1300	2774
2303	1280	3071	2275	1303	2773
2559	1280	3071	2503	1305	2773
2815	1280	3071	2730	1308	2773
3071	1280	3071	2958	1310	2773
3327	1280	3071	3186	1313	2773
3583	1280	3071	3413	1316	2772
3839	1280	3071	3641	1318	2772
4095	1280	3071	3868	1321	2772
0	1536	3071	244	1528	2777
256	1536	3071	472	1531	2776
512	1536	3071	699	1533	2776
768	1536	3071	927	1536	2776
1024	1536	3071	1155	1538	2776
1280	1536	3071	1382	1541	2776
1536	1536	3071	1610	1544	2776
1792	1536	3071	1837	1547	2775
2048	1536	3071	2065	1549	2775
2303	1536	3071	2292	1552	2775
2559	1536	3071	2519	1555	2775
2815	1536	3071	2747	1558	2775
3071	1536	3071	2974	1561	2775
3327	1536	3071	3202	1563	2774
3583	1536	3071	3430	1566	2774
3839	1536	3071	3657	1569	2774
4095	1536	3071	3885	1572	2774
0	1792	3071	260	1777	2778
256	1792	3071	488	1780	2778
512	1792	3071	716	1783	2778
768	1792	3071	943	1786	2778
1024	1792	3071	1171	1789	2778
1280	1792	3071	1398	1792	2778
1536	1792	3071	1626	1794	2777
1792	1792	3071	1854	1797	2777
2048	1792	3071	2081	1800	2777
2303	1792	3071	2308	1803	2777
2559	1792	3071	2535	1806	2777
2815	1792	3071	2763	1809	2776
3071	1792	3071	2991	1811	2776
3327	1792	3071	3218	1814	2776
3583	1792	3071	3446	1817	2776
3839	1792	3071	3673	1820	2776
4095	1792	3071	3901	1823	2776
0	2048	3071	277	2028	2780
256	2048	3071	504	2031	2780
512	2048	3071	732	2034	2780
768	2048	3071	959	2037	2780
1024	2048	3071	1187	2039	2779
1280	2048	3071	1415	2042	2779
1536	2048	3071	1642	2045	2779
1792	2048	3071	1870	2048	2779
2048	2048	3071	2097	2051	2779
2303	2048	3071	2324	2054	2779
2559	2048	3071	2552	2056	2778
2815	2048	3071	2779	2059	2778
3071	2048	3071	3007	2062	2778
3327	2048	3071	3234	2065	2778
3583	2048	3071	3462	2068	2778
3839	2048	3071	3690	2070	2778
4095	2048	3071	3917	2073	2777
0	2303	3071	292	2278	2782
256	2303	3071	519	2281	2782
512	2303	3071	747	2283	2782
768	2303	3071	975	2286	2781
1024	2303	3071	1202	2289	2781
1280	2303	3071	1430	2292	2781
1536	2303	3071	1657	2295	2781
1792	2303	3071	1885	2298	2781
2048	2303	3071	2113	2300	2781
2303	2303	3071	2339	2303	2780
2559	2303	3071	2567	2306	2780
2815	2303	3071	2795	2309	2780
3071	2303	3071	3022	2312	2780
3327	2303	3071	3250	2315	2780
3583	2303	3071	3477	2317	2779
3839	2303	3071	3705	2320	2779
4095	2303	3071	3932	2323	2779
0	2559	3071	308	2528	2784
256	2559	3071	536	2531	2783
512	2559	3071	763	2534	2783
768	2559	3071	991	2537	2783
1024	2559	3071	1219	2540	2783
1280	2559	3071	1446	2543	2783
1536	2559	3071	1674	2545	2783
1792	2559	3071	1901	2548	2782
2048	2559	3071	2129	2551	2782
2303	2559	3071	2356	2554	2782
2559	2559	3071	2583	2557	2782
2815	2559	3071	2811	2559	2782
3071	2559	3071	3038	2561	2782
3327	2559	3071	3266	2564	2781
3583	2559	3071	3494	2567	2781
3839	2559	3071	3721	2570	2781
4095	2559	3071	3949	2573	2781
0	2815	3071	324	2779	2785
256	2815	3071	552	2782	2785
512	2815	3071	780	2785	2785
768	2815	3071	1007	2787	2785
1024	2815	3071	1235	2789	2785
1280	2815	3071	1462	2792	2785
1536	2815	3071	1690	2795	2784
1792	2815	3071	1918	2798	2784
2048	2815	3071	2145	2801	2784
2303	2815	3071	2372	2804	2784
2559	2815	3071	2599	2806	2784
2815	2815	3071	2827	2809	2783
3071	2815	3071	3055	2812	2783
3327	2815	3071	3282	2815	2783
3583	2815	3071	3510	2818	2783
3839	2815	3071	3737	2821	2783
4095	2815	3071	3965	2823	2783
0	3071	3071	341	3029	2787
256	3071	3071	568	3032	2787
512	3071	3071	796	3034	2787
768	3071	3071	1024	3037	2787
1024	3071	3071	1251	3040	2786
1280	3071	3071	1479	3043	2786
1536	3071	3071	1706	3046	2786
1792	3071	3071	1934	3049	2786
2048	3071	3071	2161	3051	2786
2303	3071	3071	2388	3054	2786
2559	3071	3071	2616	3057	2785
2815	3071	3071	2843	3060	2785
3071	3071	3071	3071	3063	2785
3327	3071	3071	3299	3066	2785
3583	3071	3071	3526	3068	2785
3839	3071	3071	3754	3071	2785
4095	3071	3071	3981	3074	2784
0	3327	3071	357	3279	2788
256	3327	3071	585	3282	2788
512	3327	3071	812	3285	2788
768	3327	3071	1040	3288	2787
1024	3327	3071	1267	3291	2787
1280	3327	3071	1495	3294	2787
1536	3327	3071	1723	3296	2787
1792	3327	3071	1950	3299	2787
2048	3327	3071	2178	3302	2787
2303	3327	3071	2404	3305	2787
2559	3327	3071	2632	3308	2787
2815	3327	3071	2860	3311	2787
3071	3327	3071	3087	3313	2787
3327	3327	3071	3315	3316	2787
3583	3327	3071	3542	3319	2786
3839	3327	3071	3770	3322	2786
4095	3327	3071	3998	3325	2786
0	3583	3071	373	3530	2790
256	3583	3071	601	3533	2789
512	3583	3071	828	3536	2789
768	3583	3071	1056	3539	2789
1024	3583	3071	1284	3541	2789
1280	3583	3071	1511	3544	2789
1536	3583	3071	1739	3547	2789
1792	3583	3071	1966	3550	2788
2048	3583	3071	2194	3553	2788
2303	3583	3071	2421	3556	2788
2559	3583	3071	2648	3558	2788
2815	3583	3071	2876	3561	2788
3071	3583	3071	3104	3564	2788
3327	3583	3071	3331	3567	2787
3583	3583	3071	3559	3570	2787
3839	3583	3071	3786	3573	2787
4095	3583	3071	4014	3575	2787
0	3839	3071	390	3781	2791
256	3839	3071	617	3784	2791
512	3839	3071	845	3786	2791
768	3839	3071	1072	3789	2791
1024	3839	3071	1300	3792	2791
1280	3839	3071	1528	3795	2791
1536	3839	3071	1755	3798	2790
1792	3839	3071	1983	3801	2790
2048	3839	3071	2210	3803	2790
2303	3839	3071	2437	3806	2790
2559	3839	3071	2665	3809	2790
2815	3839	3071	2892	3811	2789
3071	3839	3071	3120	3814	2789
3327	3839	3071	3347	3817	2789
3583	3839	3071	3575	3819	2789
3839	3839	3071	3803	3822	2789
4095	3839	3071	4030	3825	2789
0	4095	3071	405	4031	2793
256	4095	3071	632	4034	2793
512	4095	3071	860	4037	2793
768	4095	3071	1088	4039	2793
1024	4095	3071	1315	4042	2792
1280	4095	3071	1543	4045	2792
1536	4095	3071	1770	4047	2792
1792	4095	3071	1998	4050	2792
2048	4095	3071	2226	4053	2792
2303	4095	3071	2452	4056	2792
2559	4095	3071	2680	4059	2791
2815	4095	3071	2907	4062	2791
3071	4095	3071	3135	4064	2791
3327	4095	3071	3363	4067	2791
3583	4095	3071	3590	4070	2791
3839	4095	3071	3818	4073	2791
4095	4095	3071	4045	4076	2790
0	0	3327	160	27	2997
256	0	3327	387	30	2997
512	0	3327	615	32	2996
768	0	3327	843	35	2996
1024	0	3327	1070	38	2996
1280	0	3327	1298	41	2996
1536	0	3327	1525	44	2996
1792	0	3327	1753	47	2996
2048	0	3327	1981	49	2995
2303	0	3327	2207	52	2995
2559	0	3327	2435	55	2995
2815	0	3327	2662	57	2995
3071	0	3327	2890	60	2995
3327	0	3327	3118	63	2994
3583	0	3327	3345	65	2994
3839	0	3327	3573	68	2994
4095	0	3327	3800	71	2994
0	256	3327	175	277	2998
256	256	3327	403	280	2998
512	256	3327	630	283	2998
768	256	3327	858	285	2998
1024	256	3327	1085	288	2998
1280	256	3327	1313	291	2998
1536	256	3327	1541	293	2997
1792	256	3327	1768	296	2997
2048	256	3327	1996	299	2997
2303	256	3327	2223	302	2997
2559	256	3327	2450	305	2997
2815	256	3327	2678	308	2997
3071	256	3327	2905	310	2996
3327	256	3327	3133	313	2996
3583	256	3327	3361	316	2996
3839	256	3327	3588	319	2996
4095	256	3327	3816	322	2996
0	512	3327	191	527	3000
256	512	3327	419	530	3000
512	512	3327	647	533	3000
768	512	3327	874	536	3000
1024	512	3327	1102	538	3000
1280	512	3327	1329	541	2999
1536	512	3327	1557	544	2999
1792	512	3327	1785	547	2999
2048	512	3327	2012	550	2999
2303	512	3327	2239	553	2999
2559	512	3327	2466	555	2999
2815	512	3327	2694	558	2998
3071	512	3327	2922	561	2998
3327	512	3327	3149	564	2998
3583	512	3327	3377	567	2998
3839	512	3327	3604	570	2998
4095	512	3327	3832	572	2997
0	768	3327	208	778	3002
256	768	3327	435	781	3002
512	768	3327	663	783	3002
768	768	3327	890	786	3001
1024	768	3327	1118	789	3001
1280	768	3327	1346	792	3001
1536	768	3327	1573	795	3001
1792	768	3327	1801	798	3001
2048	768	3327	2028	800	3001
2303	768	3327	2255	803	3000
2559	768	3327	2483	806	3000
2815	768	3327	2710	809	3000
3071	768	3327	2938	812	3000
3327	768	3327	3165	815	3000
3583	768	3327	3393	817	3000
3839	768	3327	3621	820	2999
4095	768	3327	3848	823	2999
0	1024	3327	224	1028	3004
256	1024	3327	452	1031	3004
512	1024	3327	679	1034	3003
768	1024	3327	907	1037	3003
1024	1024	3327	1134	1040	3003
1280	1024	3327	1362	1043	3003
1536	1024	3327	1590	1045	3003
1792	1024	3327	1817	1048	3003
2048	1024	3327	2045	1051	3002
2303	1024	3327	2271	1054	3002
2559	1024	3327	2499	1057	3002
2815	1024	3327	2727	1060	3002
3071	1024	3327	2954	1062	3002
3327	1024	3327	3182	1065	3001
3583	1024	3327	3409	1068	3001
3839	1024	3327	3637	1071	3001
4095	1024	3327	3865	1074	3001
0	1280	3327	240	1279	3005
256	1280	3327	468	1282	3005
512	1280	3327	695	1285	3005
768	1280	3327	923	1288	3005
1024	1280	3327	1151	1290	3005
1280	1280	3327	1378	1293	3005
1536	1280	3327	1606	1296	3004
1792	1280	3327	1833	1299	3004
2048	1280	3327	2061	1302	3004
2303	1280	3327	2288	1305	3004
2559	1280	3327	2515	1307	3004
2815	1280	3327	2743	1309	3004
3071	1280	3327	2970	1312	3003
3327	1280	3327	3198	1315	3003
3583	1280	3327	3426	1318	3003
3839	1280	3327	3653	1321	3003
4095	1280	3327	3881	1323	3003
0	1536	3327	257	1530	3007
256	1536	3327	484	1533	3007
512	1536	3327	712	1535	3007
768	1536	3327	939	1537	3007
1024	1536	3327	1167	1540	3007
1280	1536	3327	1394	1543	3006
1536	1536	3327	1622	1546	3006
1792	1536	3327	1850	1549	3006
2048	1536	3327	2077	1551	3006
2303	1536	3327	2304	1554	3006
2559	1536	3327	2532	1557	3006
2815	1536	3327	2759	1560	3005
3071	1536	3327	2987	1563	3005
3327	1536	3327	3214	1566	3005
3583	1536	3327	3442	1568	3005
3839	1536	3327	3670	1571	3005
4095	1536	3327	3897	1574	3004
0	1792	3327	273	1779	3009
256	1792	3327	500	1782	3009
512	1792	3327	728	1785	3009
768	1792	3327	956	1788	3008
1024	1792	3327	1183	1791	3008
1280	1792	3327	1411	1794	3008
1536	1792	3327	1638	1796	3008
1792	1792	3327	1866	1799	3008
2048	1792	3327	2094	1802	3008
2303	1792	3327	2320	1805	3007
2559	1792	3327	2548	1808	3007
2815	1792	3327	2775	1811	3007
3071	1792	3327	3003	1813	3007
3327	1792	3327	3231	1816	3007
3583	1792	3327	3458	1819	3007
3839	1792	3327	3686	1822	3006
4095	1792	3327	3913	1825	3006
0	2048	3327	288	2030	3011
256	2048	3327	516	2033	3011
512	2048	3327	743	2036	3010
768	2048	3327	971	2039	3010
1024	2048	3327	1198	2041	3010
1280	2048	3327	1426	2044	3010
1536	2048	3327	1654	2047	3010
1792	2048	3327	1881	2050	3010
2048	2048	3327	2109	2053	3009
2303	2048	3327	2336	2056	3009
2559	2048	3327	2563	2058	3009
2815	2048	3327	2791	2061	3009
3071	2048	3327	3018	2064	3009
3327	2048	3327	3246	2067	3008
3583	2048	3327	3473	2070	3008
3839	2048	3327	3701	2073	3008
4095	2048	3327	3929	2075	3008
0	2303	3327	304	2280	3012
256	2303	3327	532	2283	3012
512	2303	3327	759	2285	3012
768	2303	3327	987	2288	3012
1024	2303	3327	1215	2291	3012
1280	2303	3327	1442	2294	3012
1536	2303	3327	1670	2297	3011
1792	2303	3327	1897	2300	3011
2048	2303	3327	2125	2302	3011
2303	2303	3327	2352	2305	3011
2559	2303	3327	2579	2308	3011
2815	2303	3327	2807	2311	3011
3071	2303	3327	3034	2314	3010
3327	2303	3327	3262	2317	3010
3583	2303	3327	3490	2319	3010
3839	2303	3327	3717	2322	3010
4095	2303	3327	3945	2325	3010
0	2559	3327	321	2530	3014
256	2559	3327	548	2533	3014
512	2559	3327	776	2536	3014
768	2559	3327	1003	2539	3014
1024	2559	3327	1231	2542	3014
1280	2559	3327	1459	2545	3013
1536	2559	3327	1686	2547	3013
1792	2559	3327	1914	2550	3013
2048	2559	3327	2141	2553	3013
2303	2559	3327	2368	2556	3013
2559	2559	3327	2596	2559	3012
2815	2559	3327	2823	2561	3012
3071	2559	3327	3051	2563	3012
3327	2559	3327	3278	2566	3012
3583	2559	3327	3506	2569	3012
3839	2559	3327	3734	2572	3012
4095	2559	3327	3961	2575	3011
0	2815	3327	337	2781	3015
256	2815	3327	564	2784	3015
512	2815	3327	792	2787	3015
768	2815	3327	1020	2789	3014
1024	2815	3327	1247	2791	3014
1280	2815	3327	1475	2794	3014
1536	2815	3327	1702	2797	3014
1792	2815	3327	1930	2800	3014
2048	2815	3327	2158	2803	3014
2303	2815	3327	2384	2806	3014
2559	2815	3327	2612	2808	3014
2815	2815	3327	2839	2811	3014
3071	2815	3327	3067	2814	3014
3327	2815	3327	3295	2817	3014
3583	2815	3327	3522	2820	3014
3839	2815	3327	3750	2823	3013
4095	2815	3327	3977	2825	3013
0	3071	3327	353	3031	3017
256	3071	3327	581	3034	3017
512	3071	3327	808	3036	3016
768	3071	3327	1036	3039	3016
1024	3071	3327	1263	3042	3016
1280	3071	3327	1491	3045	3016
1536	3071	3327	1719	3048	3016
1792	3071	3327	1946	3051	3016
2048	3071	3327	2174	3053	3015
2303	3071	3327	2401	3056	3015
2559	3071	3327	2628	3059	3015
2815	3071	3327	2856	3062	3015
3071	3071	3327	3083	3065	3015
3327	3071	3327	3311	3068	3014
3583	3071	3327	3539	3070	3014
3839	3071	3327	3766	3073	3014
4095	3071	3327	3994	3076	3014
0	3327	3327	369	3281	3018
256	3327	3327	597	3284	3018
512	3327	3327	825	3287	3018
768	3327	3327	1052	3290	3018
1024	3327	3327	1280	3293	3018
1280	3327	3327	1507	3296	3018
1536	3327	3327	1735	3298	3017
1792	3327	3327	1963	3301	3017
2048	3327	3327	2190	3304	3017
2303	3327	3327	2417	3307	3017
2559	3327	3327	2644	3310	3017
2815	3327	3327	2872	3313	3017
3071	3327	3327	3100	3315	3016
3327	3327	3327	3327	3318	3016
3583	3327	3327	3555	3321	3016
3839	3327	3327	3782	3324	3016
4095	3327	3327	4010	3327	3016
0	3583	3327	386	3532	3020
256	3583	3327	613	3535	3020
512	3583	3327	841	3538	3020
768	3583	3327	1068	3541	3020
1024	3583	3327	1296	3543	3020
1280	3583	3327	1524	3546	3019
1536	3583	3327	1751	3549	3019
1792	3583	3327	1979	3552	3019
2048	3583	3327	2206	3555	3019
2303	3583	3327	2433	3558	3019
2559	3583	3327	2661	3560	3018
2815	3583	3327	2888	3563	3018
3071	3583	3327	3116	3566	3018
3327	3583	3327	3343	3569	3018
3583	3583	3327	3571	3572	3018
3839	3583	3327	3799	3575	3018
4095	3583	3327	4026	3577	3017
0	3839	3327	401	3783	3022
256	3839	3327	629	3786	3022
512	3839	3327	856	3788	3022
768	3839	3327	1084	3791	3021
1024	3839	3327	1311	3794	3021
1280	3839	3327	1539	3797	3021
1536	3839	3327	1766	3800	3021
1792	3839	3327	1994	3803	3021
2048	3839	3327	2222	3805	3021
2303	3839	3327	2448	3808	3020
2559	3839	3327	2676	3811	3020
2815	3839	3327	2904	3813	3020
3071	3839	3327	3131	3816	3020
3327	3839	3327	3359	3819	3020
3583	3839	3327	3586	3821	3020
3839	3839	3327	3814	3824	3019
4095	3839	3327	4042	3827	3019
0	4095	3327	417	4033	3024
256	4095	3327	645	4036	3024
512	4095	3327	872	4038	3023
768	4095	3327	1100	4041	3023
1024	4095	3327	1328	4044	3023
1280	4095	3327	1555	4047	3023
1536	4095	3327	1783	4049	3023
1792	4095	3327	2010	4052	3023
2048	4095	3327	2238	4055	3022
2303	4095	3327	2465	4058	3022
2559	4095	3327	2692	4061	3022
2815	4095	3327	2920	4064	3022
3071	4095	3327	3147	4066	3022
3327	4095	3327	3375	4069	3021
3583	4095	3327	3603	4072	3021
3839	4095	3327	3830	4075	3021
4095	4095	3327	4058	4078	3021
0	0	3583	171	29	3227
256	0	3583	399	32	3227
512	0	3583	626	34	3227
768	0	3583	854	37	3227
1024	0	3583	1082	40	3227
1280	0	3583	1309	43	3226
1536	0	3583	1537	46	3226
1792	0	3583	1764	49	3226
2048	0	3583	1992	51	3226
2303	0	3583	2219	54	3226
2559	0	3583	2446	57	3226
2815	0	3583	2674	59	3225
3071	0	3583	2901	62	3225
3327	0	3583	3129	65	3225
3583	0	3583	3357	67	3225
3839	0	3583	3584	70	3225
4095	0	3583	3812	73	3225
0	256	3583	188	279	3229
256	256	3583	415	282	3229
512	256	3583	643	284	3229
768	256	3583	870	287	3229
1024	256	3583	1098	290	3228
1280	256	3583	1325	293	3228
1536	256	3583	1553	295	3228
1792	256	3583	1781	298	3228
2048	256	3583	2008	301	3228
2303	256	3583	2235	304	3228
2559	256	3583	2463	307	3227
2815	256	3583	2690	310	3227
3071	256	3583	2918	312	3227
3327	256	3583	3145	315	3227
3583	256	3583	3373	318	3227
3839	256	3583	3600	321	3226
4095	256	3583	3828	324	3226
0	512	3583	204	529	3231
256	512	3583	431	532	3231
512	512	3583	659	535	3230
768	512	3583	887	538	3230
1024	512	3583	1114	540	3230
1280	512	3583	1342	543	3230
1536	512	3583	1569	546	3230
1792	512	3583	1797	549	3230
2048	512	3583	2025	552	3229
2303	512	3583	2251	555	3229
2559	512	3583	2479	557	3229
2815	512	3583	2706	560	3229
3071	512	3583	2934	563	3229
3327	512	3583	3162	566	3229
3583	512	3583	3389	569	3228
3839	512	3583	3617	572	3228
4095	512	3583	3844	574	3228
0	768	3583	220	780	3233
256	768	3583	448	783	3232
512	768	3583	675	785	3232
768	768	3583	903	788	3232
1024	768	3583	1130	791	3232
1280	768	3583	1358	794	3232
1536	768	3583	1586	797	3232
1792	768	3583	1813	800	3231
2048	768	3583	2041	802	3231
2303	768	3583	2267	805	3231
2559	768	3583	2495	808	3231
2815	768	3583	2723	811	3231
3071	768	3583	2950	814	3230
3327	768	3583	3178	817	3230
3583	768	3583	3405	819	3230
3839	768	3583	3633	822	3230
4095	768	3583	3861	825	3230
0	1024	3583	236	1030	3234
256	1024	3583	464	1033	3234
512	1024	3583	692	1036	3234
768	1024	3583	919	1039	3234
1024	1024	3583	1147	1042	3234
1280	1024	3583	1374	1045	3233
1536	1024	3583	1602	1047	3233
1792	1024	3583	1829	1050	3233
2048	1024	3583	2057	1053	3233
2303	1024	3583	2284	1056	3233
2559	1024	3583	2511	1059	3233
2815	1024	3583	2739	1062	3232
3071	1024	3583	2967	1064	3232
3327	1024	3583	3194	1067	3232
3583	1024	3583	3422	1070	3232
3839	1024	3583	3649	1073	3232
4095	1024	3583	3877	1076	3232
0	1280	3583	253	1281	3236
256	1280	3583	480	1284	3236
512	1280	3583	708	1287	3236
768	1280	3583	935	1290	3236
1024	1280	3583	1163	1292	3235
1280	1280	3583	1391	1295	3235
1536	1280	3583	1618	1298	3235
1792	1280	3583	1846	1301	3235
2048	1280	3583	2073	1304	3235
2303	1280	3583	2300	1307	3235
2559	1280	3583	2528	1308	3234
2815	1280	3583	2755	1311	3234
3071	1280	3583	2983	1314	3234
3327	1280	3583	3210	1317	3234
3583	1280	3583	3438	1320	3234
3839	1280	3583	3666	1323	3233
4095	1280	3583	3893	1325	3233
0	1536	3583	269	1532	3238
256	1536	3583	496	1535	3238
512	1536	3583	724	1536	3237
768	1536	3583	952	1539	3237
1024	1536	3583	1179	1542	3237
1280	1536	3583	1407	1545	3237
1536	1536	3583	1634	1548	3237
1792	1536	3583	1862	1551	3237
2048	1536	3583	2090	1553	3236
2303	1536	3583	2316	1556	3236
2559	1536	3583	2544	1559	3236
2815	1536	3583	2772	1562	3236
3071	1536	3583	2999	1565	3236
3327	1536	3583	3227	1568	3236
3583	1536	3583	3454	1570	3235
3839	1536	3583	3682	1573	3235
4095	1536	3583	3909	1576	3235
0	1792	3583	284	1782	3240
256	1792	3583	512	1784	3239
512	1792	3583	739	1787	3239
768	1792	3583	967	1790	3239
1024	1792	3583	1195	1793	3239
1280	1792	3583	1422	1796	3239
1536	1792	3583	1650	1798	3239
1792	1792	3583	1877	1801	3238
2048	1792	3583	2105	1804	3238
2303	1792	3583	2332	1807	3238
2559	1792	3583	2559	1810	3238
2815	1792	3583	2787	1813	3238
3071	1792	3583	3014	1815	3237
3327	1792	3583	3242	1818	3237
3583	1792	3583	3470	1821	3237
3839	1792	3583	3697	1824	3237
4095	1792	3583	3925	1827	3237
0	2048	3583	300	2032	3241
256	2048	3583	528	2035	3241
512	2048	3583	756	2038	3241
768	2048	3583	983	2041	3241
1024	2048	3583	1211	2043	3241
1280	2048	3583	1438	2046	3240
1536	2048	3583	1666	2049	3240
1792	2048	3583	1894	2052	3240
2048	2048	3583	2121	2055	3240
2303	2048	3583	2348	2058	3240
2559	2048	3583	2575	2060	3240
2815	2048	3583	2803	2063	3239
3071	2048	3583	3031	2066	3239
3327	2048	3583	3258	2069	3239
3583	2048	3583	3486	2072	3239
3839	2048	3583	3713	2075	3239
4095	2048	3583	3941	2077	3239
0	2303	3583	317	2282	3242
256	2303	3583	544	2285	3242
512	2303	3583	772	2288	3242
768	2303	3583	999	2290	3242
1024	2303	3583	1227	2293	3242
1280	2303	3583	1455	2296	3242
1536	2303	3583	1682	2299	3242
1792	2303	3583	1910	2302	3242
2048	2303	3583	2137	2304	3242
2303	2303	3583	2364	2307	3242
2559	2303	3583	2592	2310	3241
2815	2303	3583	2819	2313	3241
3071	2303	3583	3047	2316	3241
3327	2303	3583	3274	2319	3241
3583	2303	3583	3502	2321	3241
3839	2303	3583	3730	2324	3240
4095	2303	3583	3957	2327	3240
0	2559	3583	333	2533	3244
256	2559	3583	561	2535	3244
512	2559	3583	788	2538	3243
768	2559	3583	1016	2541	3243
1024	2559	3583	1243	2544	3243
1280	2559	3583	1471	2547	3243
1536	2559	3583	1698	2549	3243
1792	2559	3583	1926	2552	3243
2048	2559	3583	2154	2555	3242
2303	2559	3583	2380	2558	3242
2559	2559	3583	2608	2560	3242
2815	2559	3583	2836	2563	3242
3071	2559	3583	3063	2565	3242
3327	2559	3583	3291	2568	3242
3583	2559	3583	3518	2571	3242
3839	2559	3583	3746	2574	3242
4095	2559	3583	3974	2577	3242
0	2815	3583	349	2783	3246
256	2815	3583	577	2786	3245
512	2815	3583	804	2788	3245
768	2815	3583	1032	2791	3245
1024	2815	3583	1260	2794	3245
1280	2815	3583	1487	2796	3245
1536	2815	3583	1715	2799	3245
1792	2815	3583	1942	2802	3244
2048	2815	3583	2170	2805	3244
2303	2815	3583	2397	2808	3244
2559	2815	3583	2624	2810	3244
2815	2815	3583	2852	2813	3244
3071	2815	3583	3079	2816	3243
3327	2815	3583	3307	2819	3243
3583	2815	3583	3535	2822	3243
3839	2815	3583	3762	2825	3243
4095	2815	3583	3990	2827	3243
0	3071	3583	365	3033	3247
256	3071	3583	593	3036	3247
512	3071	3583	821	3039	3247
768	3071	3583	1048	3041	3247
1024	3071	3583	1276	3044	3247
1280	3071	3583	1503	3047	3246
1536	3071	3583	1731	3050	3246
1792	3071	3583	1959	3053	3246
2048	3071	3583	2186	3055	3246
2303	3071	3583	2413	3058	3246
2559	3071	3583	2641	3061	3246
2815	3071	3583	2868	3064	3245
3071	3071	3583	3096	3067	3245
3327	3071	3583	3323	3070	3245
3583	3071	3583	3551	3072	3245
3839	3071	3583	3778	3075	3245
4095	3071	3583	4006	3078	3245
0	3327	3583	382	3284	3249
256	3327	3583	609	3286	3249
512	3327	3583	837	3289	3249
768	3327	3583	1065	3292	3249
1024	3327	3583	1292	3295	3248
1280	3327	3583	1520	3298	3248
1536	3327	3583	1747	3301	3248
1792	3327	3583	1975	3303	3248
2048	3327	3583	2203	3306	3248
2303	3327	3583	2429	3309	3248
2559	3327	3583	2657	3312	3247
2815	3327	3583	2884	3315	3247
3071	3327	3583	3112	3317	3247
3327	3327	3583	3340	3320	3247
3583	3327	3583	3567	3323	3247
3839	3327	3583	3795	3326	3246
4095	3327	3583	4022	3329	3246
0	3583	3583	398	3534	3251
256	3583	3583	626	3537	3251
512	3583	3583	853	3540	3250
768	3583	3583	1081	3543	3250
1024	3583	3583	1308	3546	3250
1280	3583	3583	1536	3548	3250
1536	3583	3583	1763	3551	3250
1792	3583	3583	1991	3554	3250
2048	3583	3583	2218	3557	3249
2303	3583	3583	2445	3560	3249
2559	3583	3583	2673	3562	3249
2815	3583	3583	2901	3565	3249
3071	3583	3583	3128	3568	3249
3327	3583	3583	3356	3571	3249
3583	3583	3583	3583	3574	3248
3839	3583	3583	3811	3577	3248
4095	3583	3583	4038	3579	3248
0	3839	3583	413	3785	3253
256	3839	3583	641	3788	3252
512	3839	3583	869	3791	3252
768	3839	3583	1096	3793	3252
1024	3839	3583	1324	3796	3252
1280	3839	3583	1551	3799	3252
1536	3839	3583	1779	3802	3252
1792	3839	3583	2006	3805	3251
2048	3839	3583	2234	3807	3251
2303	3839	3583	2461	3810	3251
2559	3839	3583	2688	3812	3251
2815	3839	3583	2916	3815	3251
3071	3839	3583	3144	3818	3250
3327	3839	3583	3371	3821	3250
3583	3839	3583	3599	3823	3250
3839	3839	3583	3826	3826	3250
4095	3839	3583	4054	3829	3250
0	4095	3583	430	4036	3254
256	4095	3583	657	4038	3254
512	4095	3583	885	4040	3254
768	4095	3583	1112	4043	3254
1024	4095	3583	1340	4046	3254
1280	4095	3583	1568	4049	3253
1536	4095	3583	1795	4052	3253
1792	4095	3583	2023	4054	3253
2048	4095	3583	2250	4057	3253
2303	4095	3583	2477	4060	3253
2559	4095	3583	2705	4063	3253
2815	4095	3583	2932	4066	3252
3071	4095	3583	3160	4068	3252
3327	4095	3583	3387	4071	3252
3583	4095	3583	3615	4074	3252
3839	4095	3583	3843	4077	3252
4095	4095	3583	4070	4080	3252
0	0	3839	184	31	3458
256	0	3839	411	34	3458
512	0	3839	639	37	3458
768	0	3839	866	39	3457
1024	0	3839	1094	42	3457
1280	0	3839	1322	45	3457
1536	0	3839	1549	48	3457
1792	0	3839	1777	51	3457
2048	0	3839	2004	54	3457
2303	0	3839	2231	56	3456
2559	0	3839	2459	58	3456
2815	0	3839	2686	61	3456
3071	0	3839	2914	64	3456
3327	0	3839	3141	67	3456
3583	0	3839	3369	69	3455
3839	0	3839	3597	72	3455
4095	0	3839	3824	75	3455
0	256	3839	200	282	3460
256	256	3839	427	284	3459
512	256	3839	655	286	3459
768	256	3839	883	289	3459
1024	256	3839	1110	292	3459
1280	256	3839	1338	295	3459
1536	256	3839	1565	298	3459
1792	256	3839	1793	300	3458
2048	256	3839	2021	303	3458
2303	256	3839	2247	306	3458
2559	256	3839	2475	309	3458
2815	256	3839	2702	312	3458
3071	256	3839	2930	315	3458
3327	256	3839	3158	317	3457
3583	256	3839	3385	320	3457
3839	256	3839	3613	323	3457
4095	256	3839	3840	326	3457
0	512	3839	216	531	3461
256	512	3839	444	534	3461
512	512	3839	671	537	3461
768	512	3839	899	540	3461
1024	512	3839	1127	543	3461
1280	512	3839	1354	545	3461
1536	512	3839	1582	548	3460
1792	512	3839	1809	551	3460
2048	512	3839	2037	554	3460
2303	512	3839	2264	557	3460
2559	512	3839	2491	560	3460
2815	512	3839	2719	562	3460
3071	512	3839	2946	565	3459
3327	512	3839	3174	568	3459
3583	512	3839	3402	571	3459
3839	512	3839	3629	574	3459
4095	512	3839	3857	576	3459
0	768	3839	232	782	3463
256	768	3839	460	785	3463
512	768	3839	688	788	3463
768	768	3839	915	790	3463
1024	768	3839	1143	793	3462
1280	768	3839	1370	796	3462
1536	768	3839	1598	799	3462
1792	768	3839	1826	802	3462
2048	768	3839	2053	805	3462
2303	768	3839	2280	807	3462
2559	768	3839	2507	810	3461
2815	768	3839	2735	813	3461
3071	768	3839	2963	816	3461
3327	768	3839	3190	819	3461
3583	768	3839	3418	821	3461
3839	768	3839	3645	824	3461
4095	768	3839	3873	827	3460
0	1024	3839	249	1033	3465
256	1024	3839	476	1035	3465
512	1024	3839	704	1038	3465
768	1024	3839	931	1041	3464
1024	1024	3839	1159	1044	3464
1280	1024	3839	1387	1047	3464
1536	1024	3839	1614	1050	3464
1792	1024	3839	1842	1052	3464
2048	1024	3839	2069	1055	3464
2303	1024	3839	2296	1058	3463
2559	1024	3839	2524	1061	3463
2815	1024	3839	2751	1064	3463
3071	1024	3839	2979	1067	3463
3327	1024	3839	3207	1069	3463
3583	1024	3839	3434	1072	3462
3839	1024	3839	3662	1075	3462
4095	1024	3839	3889	1078	3462
0	1280	3839	265	1283	3467
256	1280	3839	493	1286	3466
512	1280	3839	720	1289	3466
768	1280	3839	948	1292	3466
1024	1280	3839	1175	1295	3466
1280	1280	3839	1403	1297	3466
1536	1280	3839	1631	1300	3466
1792	1280	3839	1858	1303	3465
2048	1280	3839	2086	1306	3465
2303	1280	3839	2312	1308	3465
2559	1280	3839	2540	1311	3465
2815	1280	3839	2768	1313	3465
3071	1280	3839	2995	1316	3465
3327	1280	3839	3223	1319	3464
3583	1280	3839	3450	1322	3464
3839	1280	3839	3678	1325	3464
4095	1280	3839	3906	1327	3464
0	1536	3839	281	1534	3468
256	1536	3839	509	1536	3468
512	1536	3839	736	1539	3468
768	1536	3839	964	1541	3468
1024	1536	3839	1192	1544	3468
1280	1536	3839	1419	1547	3468
1536	1536	3839	1647	1550	3467
1792	1536	3839	1874	1553	3467
2048	1536	3839	2102	1556	3467
2303	1536	3839	2329	1558	3467
2559	1536	3839	2556	1561	3467
2815	1536	3839	2784	1564	3467
3071	1536	3839	3011	1567	3466
3327	1536	3839	3239	1570	3466
3583	1536	3839	3467	1573	3466
3839	1536	3839	3694	1575	3466
4095	1536	3839	3922	1578	3466
0	1792	3839	297	1784	3469
256	1792	3839	524	1786	3469
512	1792	3839	752	1789	3469
768	1792	3839	979	1792	3469
1024	1792	3839	1207	1795	3469
1280	1792	3839	1435	1798	3469
1536	1792	3839	1662	1801	3469
1792	1792	3839	1890	1803	3469
2048	1792	3839	2117	1806	3469
2303	1792	3839	2344	1809	3469
2559	1792	3839	2572	1812	3468
2815	1792	3839	2799	1815	3468
3071	1792	3839	3027	1818	3468
3327	1792	3839	3254	1820	3468
3583	1792	3839	3482	1823	3468
3839	1792	3839	3710	1826	3468
4095	1792	3839	3937	1829	3467
0	2048	3839	313	2034	3471
256	2048	3839	540	2037	3471
512	2048	3839	768	2040	3471
768	2048	3839	996	2043	3470
1024	2048	3839	1223	2046	3470
1280	2048	3839	1451	2048	3470
1536	2048	3839	1678	2051	3470
1792	2048	3839	1906	2054	3470
2048	2048	3839	2134	2057	3470
2303	2048	3839	2360	2060	3469
2559	2048	3839	2588	2063	3469
2815	2048	3839	2815	2065	3469
3071	2048	3839	3043	2068	3469
3327	2048	3839	3271	2071	3469
3583	2048	3839	3498	2074	3469
3839	2048	3839	3726	2077	3469
4095	2048	3839	3953	2079	3469
0	2303	3839	329	2284	3473
256	2303	3839	557	2287	3472
512	2303	3839	784	2290	3472
768	2303	3839	1012	2292	3472
1024	2303	3839	1239	2295	3472
1280	2303	3839	1467	2298	3472
1536	2303	3839	1695	2301	3472
1792	2303	3839	1922	2304	3471
2048	2303	3839	2150	2307	3471
2303	2303	3839	2376	2309	3471
2559	2303	3839	2604	2312	3471
2815	2303	3839	2832	2315	3471
3071	2303	3839	3059	2318	3471
3327	2303	3839	3287	2321	3470
3583	2303	3839	3514	2324	3470
3839	2303	3839	3742	2326	3470
4095	2303	3839	3970	2329	3470
0	2559	3839	345	2535	3474
256	2559	3839	573	2537	3474
512	2559	3839	800	2540	3474
768	2559	3839	1028	2543	3474
1024	2559	3839	1256	2546	3474
1280	2559	3839	1483	2549	3474
1536	2559	3839	1711	2552	3473
1792	2559	3839	1938	2554	3473
2048	2559	3839	2166	2557	3473
2303	2559	3839	2393	2559	3473
2559	2559	3839	2620	2562	3473
2815	2559	3839	2848	2565	3472
3071	2559	3839	3076	2568	3472
3327	2559	3839	3303	2570	3472
3583	2559	3839	3531	2573	3472
3839	2559	3839	3758	2576	3472
4095	2559	3839	3986	2579	3472
0	2815	3839	362	2785	3476
256	2815	3839	589	2787	3476
512	2815	3839	817	2790	3476
768	2815	3839	1044	2793	3476
1024	2815	3839	1272	2796	3475
1280	2815	3839	1500	2798	3475
1536	2815	3839	1727	2801	3475
1792	2815	3839	1955	2804	3475
2048	2815	3839	2182	2807	3475
2303	2815	3839	2409	2810	3475
2559	2815	3839	2637	2813	3474
2815	2815	3839	2864	2815	3474
3071	2815	3839	3092	2818	3474
3327	2815	3839	3319	2821	3474
3583	2815	3839	3547	2824	3474
3839	2815	3839	3775	2827	3474
4095	2815	3839	4002	2830	3473
0	3071	3839	378	3035	3478
256	3071	3839	605	3038	3478
512	3071	3839	833	3041	3478
768	3071	3839	1061	3043	3477
1024	3071	3839	1288	3046	3477
1280	3071	3839	1516	3049	3477
1536	3071	3839	1743	3052	3477
1792	3071	3839	1971	3055	3477
2048	3071	3839	2199	3058	3477
2303	3071	3839	2425	3060	3476
2559	3071	3839	2653	3063	3476
2815	3071	3839	2880	3066	3476
3071	3071	3839	3108	3069	3476
3327	3071	3839	3336	3072	3476
3583	3071	3839	3563	3075	3475
3839	3071	3839	3791	3077	3475
4095	3071	3839	4018	3080	3475
0	3327	3839	394	3286	3480
256	3327	3839	622	3288	3479
512	3327	3839	849	3291	3479
768	3327	3839	1077	3294	3479
1024	3327	3839	1305	3297	3479
1280	3327	3839	1532	3300	3479
1536	3327	3839	1760	3303	3479
1792	3327	3839	1987	3305	3478
2048	3327	3839	2215	3308	3478
2303	3327	3839	2442	3311	3478
2559	3327	3839	2669	3314	3478
2815	3327	3839	2897	3317	3478
3071	3327	3839	3124	3320	3478
3327	3327	3839	3352	3322	3477
3583	3327	3839	3580	3325	3477
3839	3327	3839	3807	3328	3477
4095	3327	3839	4035	3331	3477
0	3583	3839	409	3536	3481
256	3583	3839	637	3539	3481
512	3583	3839	865	3542	3481
768	3583	3839	1092	3545	3481
1024	3583	3839	1320	3548	3481
1280	3583	3839	1547	3550	3481
1536	3583	3839	1775	3553	3480
1792	3583	3839	2003	3556	3480
2048	3583	3839	2230	3559	3480
2303	3583	3839	2457	3562	3480
2559	3583	3839	2684	3565	3480
2815	3583	3839	2912	3567	3479
3071	3583	3839	3140	3570	3479
3327	3583	3839	3367	3573	3479
3583	3583	3839	3595	3576	3479
3839	3583	3839	3822	3579	3479
4095	3583	3839	4050	3582	3479
0	3839	3839	426	3787	3483
256	3839	3839	653	3790	3483
512	3839	3839	881	3793	3483
768	3839	3839	1108	3795	3483
1024	3839	3839	1336	3798	3482
1280	3839	3839	1564	3801	3482
1536	3839	3839	1791	3804	3482
1792	3839	3839	2019	3807	3482
2048	3839	3839	2246	3810	3482
2303	3839	3839	2473	3811	3482
2559	3839	3839	2701	3814	3481
2815	3839	3839	2928	3817	3481
3071	3839	3839	3156	3820	3481
3327	3839	3839	3384	3823	3481
3583	3839	3839	3611	3826	3481
3839	3839	3839	3839	3828	3481
4095	3839	3839	4066	3831	3480
0	4095	3839	442	4038	3485
256	4095	3839	670	4039	3485
512	4095	3839	897	4042	3485
768	4095	3839	1125	4045	3484
1024	4095	3839	1352	4048	3484
1280	4095	3839	1580	4051	3484
1536	4095	3839	1808	4054	3484
1792	4095	3839	2035	4056	3484
2048	4095	3839	2263	4059	3484
2303	4095	3839	2489	4062	3483
2559	4095	3839	2717	4065	3483
2815	4095	3839	2945	4068	3483
3071	4095	3839	3172	4071	3483
3327	4095	3839	3400	4073	3483
3583	4095	3839	3627	4076	3482
3839	4095	3839	3855	4079	3482
4095	4095	3839	4083	4082	3482
0	0	4095	196	33	3689
256	0	4095	424	36	3688
512	0	4095	651	39	3688
768	0	4095	879	41	3688
1024	0	4095	1106	44	3688
1280	0	4095	1334	47	3688
1536	0	4095	1562	50	3687
1792	0	4095	1789	53	3687
2048	0	4095	2017	56	3687
2303	0	4095	2243	57	3687
2559	0	4095	2471	60	3687
2815	0	4095	2699	63	3687
3071	0	4095	2926	66	3686
3327	0	4095	3154	69	3686
3583	0	4095	3381	72	3686
3839	0	4095	3609	74	3686
4095	0	4095	3837	77	3686
0	256	4095	212	284	3690
256	256	4095	440	285	3690
512	256	4095	667	288	3690
768	256	4095	895	291	3690
1024	256	4095	1123	294	3690
1280	256	4095	1350	297	3689
1536	256	4095	1578	300	3689
1792	256	4095	1805	302	3689
2048	256	4095	2033	305	3689
2303	256	4095	2260	308	3689
2559	256	4095	2487	311	3689
2815	256	4095	2715	314	3688
3071	256	4095	2942	317	3688
3327	256	4095	3170	319	3688
3583	256	4095	3398	322	3688
3839	256	4095	3625	325	3688
4095	256	4095	3853	328	3687
0	512	4095	229	533	3692
256	512	4095	456	536	3692
512	512	4095	684	539	3692
768	512	4095	911	542	3691
1024	512	4095	1139	545	3691
1280	512	4095	1366	547	3691
1536	512	4095	1594	550	3691
1792	512	4095	1822	553	3691
2048	512	4095	2049	556	3691
2303	512	4095	2276	559	3690
2559	512	4095	2504	562	3690
2815	512	4095	2731	564	3690
3071	512	4095	2959	567	3690
3327	512	4095	3186	570	3690
3583	512	4095	3414	573	3690
3839	512	4095	3642	576	3689
4095	512	4095	3869	579	3689
0	768	4095	245	784	3694
256	768	4095	472	787	3694
512	768	4095	700	790	3693
768	768	4095	928	792	3693
1024	768	4095	1155	795	3693
1280	768	4095	1383	798	3693
1536	768	4095	1610	801	3693
1792	768	4095	1838	804	3693
2048	768	4095	2066	807	3692
2303	768	4095	2292	809	3692
2559	768	4095	2520	812	3692
2815	768	4095	2747	815	3692
3071	768	4095	2975	818	3692
3327	768	4095	3203	821	3691
3583	768	4095	3430	824	3691
3839	768	4095	3658	826	3691
4095	768	4095	3885	829	3691
0	1024	4095	261	1035	3696
256	1024	4095	489	1037	3695
512	1024	4095	716	1040	3695
768	1024	4095	944	1043	3695
1024	1024	4095	1171	1046	3695
1280	1024	4095	1399	1049	3695
1536	1024	4095	1627	1052	3694
1792	1024	4095	1854	1054	3694
2048	1024	4095	2082	1057	3694
2303	1024	4095	2309	1060	3694
2559	1024	4095	2536	1063	3694
2815	1024	4095	2764	1066	3694
3071	1024	4095	2991	1069	3693
3327	1024	4095	3219	1071	3693
3583	1024	4095	3446	1074	3693
3839	1024	4095	3674	1077	3693
4095	1024	4095	3902	1080	3693
0	1280	4095	277	1285	3697
256	1280	4095	505	1288	3697
512	1280	4095	733	1291	3697
768	1280	4095	960	1294	3697
1024	1280	4095	1188	1297	3697
1280	1280	4095	1415	1299	3696
1536	1280	4095	1643	1302	3696
1792	1280	4095	1871	1305	3696
2048	1280	4095	2098	1308	3696
2303	1280	4095	2325	1310	3696
2559	1280	4095	2552	1313	3696
2815	1280	4095	2780	1315	3695
3071	1280	4095	3008	1318	3695
3327	1280	4095	3235	1321	3695
3583	1280	4095	3463	1324	3695
3839	1280	4095	3690	1327	3695
4095	1280	4095	3918	1330	3694
0	1536	4095	293	1536	3698
256	1536	4095	520	1538	3698
512	1536	4095	748	1541	3698
768	1536	4095	975	1543	3697
1024	1536	4095	1203	1546	3697
1280	1536	4095	1431	1549	3697
1536	1536	4095	1658	1552	3697
1792	1536	4095	1886	1555	3697
2048	1536	4095	2113	1558	3697
2303	1536	4095	2340	1560	3697
2559	1536	4095	2568	1563	3697
2815	1536	4095	2795	1566	3697
3071	1536	4095	3023	1569	3697
3327	1536	4095	3250	1572	3697
3583	1536	4095	3478	1575	3697
3839	1536	4095	3706	1577	3696
4095	1536	4095	3933	1580	3696
0	1792	4095	309	1786	3700
256	1792	4095	537	1788	3700
512	1792	4095	764	1791	3699
768	1792	4095	992	1794	3699
1024	1792	4095	1219	1797	3699
1280	1792	4095	1447	1800	3699
1536	1792	4095	1674	1803	3699
1792	1792	4095	1902	1805	3699
2048	1792	4095	2130	1808	3698
2303	1792	4095	2356	1811	3698
2559	1792	4095	2584	1814	3698
2815	1792	4095	2812	1817	3698
3071	1792	4095	3039	1820	3698
3327	1792	4095	3267	1822	3697
3583	1792	4095	3494	1825	3697
3839	1792	4095	3722	1828	3697
4095	1792	4095	3950	1831	3697
0	2048	4095	325	2036	3702
256	2048	4095	553	2039	3701
512	2048	4095	780	2042	3701
768	2048	4095	1008	2045	3701
1024	2048	4095	1236	2048	3701
1280	2048	4095	1463	2050	3701
1536	2048	4095	1691	2053	3700
1792	2048	4095	1918	2056	3700
2048	2048	4095	2146	2059	3700
2303	2048	4095	2373	2062	3700
2559	2048	4095	2600	2065	3700
2815	2048	4095	2828	2067	3700
3071	2048	4095	3055	2070	3699
3327	2048	4095	3283	2073	3699
3583	2048	4095	3511	2076	3699
3839	2048	4095	3738	2079	3699
4095	2048	4095	3966	2082	3699
0	2303	4095	341	2286	3703
256	2303	4095	569	2289	3703
512	2303	4095	797	2292	3703
768	2303	4095	1024	2294	3703
1024	2303	4095	1252	2297	3703
1280	2303	4095	1479	2300	3702
1536	2303	4095	1707	2303	3702
1792	2303	4095	1935	2306	3702
2048	2303	4095	2162	2309	3702
2303	2303	4095	2389	2311	3702
2559	2303	4095	2616	2314	3702
2815	2303	4095	2844	2317	3701
3071	2303	4095	3072	2320	3701
3327	2303	4095	3299	2323	3701
3583	2303	4095	3527	2326	3701
3839	2303	4095	3754	2328	3701
4095	2303	4095	3982	2331	3700
0	2559	4095	358	2537	3705
256	2559	4095	585	2539	3705
512	2559	4095	813	2542	3705
768	2559	4095	1040	2545	3704
1024	2559	4095	1268	2548	3704
1280	2559	4095	1496	2551	3704
1536	2559	4095	1723	2554	3704
1792	2559	4095	1951	2556	3704
2048	2559	4095	2178	2559	3704
2303	2559	4095	2405	2561	3703
2559	2559	4095	2633	2564	3703
2815	2559	4095	2860	2567	3703
3071	2559	4095	3088	2570	3703
3327	2559	4095	3315	2572	3703
3583	2559	4095	3543	2575	3703
3839	2559	4095	3771	2578	3702
4095	2559	4095	3998	2581	3702
0	2815	4095	374	2787	3707
256	2815	4095	602	2789	3707
512	2815	4095	829	2792	3706
768	2815	4095	1057	2795	3706
1024	2815	4095	1284	2798	3706
1280	2815	4095	1512	2800	3706
1536	2815	4095	1740	2803	3706
1792	2815	4095	1967	2806	3706
2048	2815	4095	2195	2809	3705
2303	2815	4095	2421	2812	3705
2559	2815	4095	2649	2815	3705
2815	2815	4095	2877	2817	3705
3071	2815	4095	3104	2820	3705
3327	2815	4095	3332	2823	3704
3583	2815	4095	3559	2826	3704
3839	2815	4095	3787	2829	3704
4095	2815	4095	4015	2832	3704
0	3071	4095	390	3037	3708
256	3071	4095	618	3040	3708
512	3071	4095	845	3043	3708
768	3071	4095	1073	3045	3708
1024	3071	4095	1301	3048	3708
1280	3071	4095	1528	3051	3708
1536	3071	4095	1756	3054	3707
1792	3071	4095	1983	3057	3707
2048	3071	4095	2211	3060	3707
2303	3071	4095	2438	3062	3707
2559	3071	4095	2665	3065	3707
2815	3071	4095	2893	3068	3707
3071	3071	4095	3120	3071	3706
3327	3071	4095	3348	3074	3706
3583	3071	4095	3576	3077	3706
3839	3071	4095	3803	3079	3706
4095	3071	4095	4031	3082	3706
0	3327	4095	406	3288	3710
256	3327	4095	633	3290	3710
512	3327	4095	861	3293	3710
768	3327	4095	1088	3296	3710
1024	3327	4095	1316	3299	3710
1280	3327	4095	1543	3302	3709
1536	3327	4095	1771	3305	3709
1792	3327	4095	1999	3307	3709
2048	3327	4095	2226	3310	3709
2303	3327	4095	2453	3313	3709
2559	3327	4095	2681	3316	3709
2815	3327	4095	2908	3319	3708
3071	3327	4095	3136	3322	3708
3327	3327	4095	3363	3324	3708
3583	3327	4095	3591	3327	3708
3839	3327	4095	3819	3330	3708
4095	3327	4095	4046	3333	3707
0	3583	4095	422	3538	3712
256	3583	4095	649	3541	3712
512	3583	4095	877	3544	3712
768	3583	4095	1105	3547	3711
1024	3583	4095	1332	3550	3711
1280	3583	4095	1560	3552	3711
1536	3583	4095	1787	3555	3711
1792	3583	4095	2015	3558	3711
2048	3583	4095	2243	3561	3711
2303	3583	4095	2469	3564	3710
2559	3583	4095	2697	3567	3710
2815	3583	4095	2924	3569	3710
3071	3583	4095	3152	3572	3710
3327	3583	4095	3380	3575	3710
3583	3583	4095	3607	3578	3710
3839	3583	4095	3835	3581	3709
4095	3583	4095	4062	3583	3709
0	3839	4095	438	3789	3714
256	3839	4095	666	3792	3714
512	3839	4095	893	3795	3713
768	3839	4095	1121	3797	3713
1024	3839	4095	1348	3800	3713
1280	3839	4095	1576	3803	3713
1536	3839	4095	1804	3806	3713
1792	3839	4095	2031	3809	3713
2048	3839	4095	2259	3811	3712
2303	3839	4095	2486	3813	3712
2559	3839	4095	2713	3816	3712
2815	3839	4095	2941	3819	3712
3071	3839	4095	3168	3822	3712
3327	3839	4095	3396	3825	3711
3583	3839	4095	3623	3828	3711
3839	3839	4095	3851	3830	3711
4095	3839	4095	4079	3833	3711
0	4095	4095	454	4039	3715
256	4095	4095	682	4041	3715
512	4095	4095	910	4044	3715
768	4095	4095	1137	4047	3715
1024	4095	4095	1365	4050	3715
1280	4095	4095	1592	4053	3715
1536	4095	4095	1820	4056	3714
1792	4095	4095	2047	4058	3714
2048	4095	4095	2275	4061	3714
2303	4095	4095	2502	4064	3714
2559	4095	4095	2729	4067	3714
2815	4095	4095	2957	4070	3714
3071	4095	4095	3185	4073	3713
3327	4095	4095	3412	4075	3713
3583	4095	4095	3640	4078	3713
3839	4095	4095	3867	4081	3713
4095	4095	4095	4095	4084	3713
