0	0	0	0	0	0
256	0	0	89	13	9
512	0	0	179	26	18
768	0	0	268	40	27
1024	0	0	358	53	37
1280	0	0	447	66	46
1536	0	0	537	79	55
1792	0	0	626	93	64
2048	0	0	715	106	73
2303	0	0	805	119	82
2559	0	0	894	132	91
2815	0	0	983	145	101
3071	0	0	1073	159	110
3327	0	0	1162	172	119
3583	0	0	1252	185	128
3839	0	0	1341	198	137
4095	0	0	1431	211	146
0	256	0	30	132	0
256	256	0	256	256	0
512	256	0	403	313	1
768	256	0	538	361	4
1024	256	0	666	402	7
1280	256	0	790	441	11
1536	256	0	910	477	15
1792	256	0	1028	511	20
2048	256	0	1145	544	25
2303	256	0	1259	576	30
2559	256	0	1373	607	35
2815	256	0	1485	637	41
3071	256	0	1597	666	47
3327	256	0	1707	695	52
3583	256	0	1817	723	58
3839	256	0	1927	750	64
4095	256	0	2035	777	70
0	512	0	61	264	0
256	512	0	342	436	0
512	512	0	512	512	0
768	512	0	664	573	1
1024	512	0	807	627	2
1280	512	0	944	676	4
1536	512	0	1076	721	7
1792	512	0	1205	764	10
2048	512	0	1332	805	14
2303	512	0	1456	844	18
2559	512	0	1579	882	22
2815	512	0	1700	918	26
3071	512	0	1820	954	30
3327	512	0	1939	989	35
3583	512	0	2056	1023	40
3839	512	0	2173	1056	45
4095	512	0	2289	1089	50
0	768	0	91	396	0
256	768	0	415	606	0
512	768	0	603	696	0
768	768	0	768	768	0
1024	768	0	922	831	0
1280	768	0	1069	888	1
1536	768	0	1210	940	3
1792	768	0	1348	990	5
2048	768	0	1482	1037	8
2303	768	0	1614	1081	11
2559	768	0	1743	1125	14
2815	768	0	1871	1166	17
3071	768	0	1997	1207	21
3327	768	0	2122	1247	24
3583	768	0	2246	1285	28
3839	768	0	2368	1323	32
4095	768	0	2490	1360	37
0	1024	0	122	528	0
256	1024	0	482	770	0
512	1024	0	684	872	0
768	1024	0	861	954	0
1024	1024	0	1024	1024	0
1280	1024	0	1179	1088	0
1536	1024	0	1328	1146	1
1792	1024	0	1473	1201	2
2048	1024	0	1614	1254	4
2303	1024	0	1751	1303	6
2559	1024	0	1887	1351	9
2815	1024	0	2020	1397	11
3071	1024	0	2152	1442	14
3327	1024	0	2281	1485	17
3583	1024	0	2410	1528	20
3839	1024	0	2537	1569	24
4095	1024	0	2663	1609	27
0	1280	0	152	660	0
256	1280	0	545	931	0
512	1280	0	760	1044	0
768	1280	0	946	1133	0
1024	1280	0	1118	1210	0
1280	1280	0	1280	1280	0
1536	1280	0	1436	1344	0
1792	1280	0	1586	1404	1
2048	1280	0	1733	1461	2
2303	1280	0	1876	1515	3
2559	1280	0	2016	1567	5
2815	1280	0	2155	1617	7
3071	1280	0	2291	1665	9
3327	1280	0	2425	1712	12
3583	1280	0	2558	1758	15
3839	1280	0	2690	1802	18
4095	1280	0	2820	1846	21
0	1536	0	183	792	0
256	1536	0	605	1089	0
512	1536	0	831	1212	0
768	1536	0	1026	1309	0
1024	1536	0	1205	1392	0
1280	1536	0	1374	1467	0
1536	1536	0	1536	1536	0
1792	1536	0	1692	1600	0
2048	1536	0	1844	1661	1
2303	1536	0	1992	1719	2
2559	1536	0	2137	1775	3
2815	1536	0	2279	1828	4
3071	1536	0	2420	1880	6
3327	1536	0	2558	1930	8
3583	1536	0	2695	1979	10
3839	1536	0	2830	2027	13
4095	1536	0	2964	2073	15
0	1792	0	213	924	0
256	1792	0	662	1245	0
512	1792	0	899	1377	0
768	1792	0	1102	1481	0
1024	1792	0	1288	1570	0
1280	1792	0	1464	1650	0
1536	1792	0	1631	1723	0
1792	1792	0	1792	1792	0
2048	1792	0	1949	1857	0
2303	1792	0	2101	1918	1
2559	1792	0	2250	1977	1
2815	1792	0	2397	2034	2
3071	1792	0	2541	2089	4
3327	1792	0	2683	2142	5
3583	1792	0	2823	2193	7
3839	1792	0	2962	2244	9
4095	1792	0	3099	2293	11
0	2048	0	244	1056	0
256	2048	0	718	1399	0
512	2048	0	965	1540	0
768	2048	0	1176	1650	0
1024	2048	0	1368	1745	0
1280	2048	0	1549	1829	0
1536	2048	0	1721	1907	0
1792	2048	0	1887	1980	0
2048	2048	0	2048	2048	0
2303	2048	0	2204	2113	0
2559	2048	0	2358	2175	1
2815	2048	0	2508	2235	1
3071	2048	0	2656	2292	2
3327	2048	0	2801	2348	3
3583	2048	0	2945	2403	5
3839	2048	0	3087	2455	6
4095	2048	0	3227	2507	8
0	2303	0	274	1187	0
256	2303	0	772	1552	0
512	2303	0	1028	1701	0
768	2303	0	1246	1817	0
1024	2303	0	1444	1916	0
1280	2303	0	1630	2006	0
1536	2303	0	1808	2087	0
1792	2303	0	1978	2163	0
2048	2303	0	2143	2235	0
2303	2303	0	2303	2303	0
2559	2303	0	2460	2368	0
2815	2303	0	2614	2431	0
3071	2303	0	2765	2491	1
3327	2303	0	2914	2550	2
3583	2303	0	3060	2606	3
3839	2303	0	3205	2662	4
4095	2303	0	3348	2715	6
0	2559	0	305	1319	0
256	2559	0	825	1704	0
512	2559	0	1090	1861	0
768	2559	0	1315	1982	0
1024	2559	0	1519	2087	0
1280	2559	0	1710	2180	0
1536	2559	0	1891	2266	0
1792	2559	0	2066	2345	0
2048	2559	0	2235	2420	0
2303	2559	0	2399	2491	0
2559	2559	0	2559	2559	0
2815	2559	0	2716	2624	0
3071	2559	0	2870	2687	0
3327	2559	0	3022	2748	1
3583	2559	0	3172	2807	2
3839	2559	0	3319	2865	3
4095	2559	0	3465	2921	4
0	2815	0	335	1451	0
256	2815	0	877	1856	0
512	2815	0	1150	2019	0
768	2815	0	1381	2147	0
1024	2815	0	1591	2256	0
1280	2815	0	1787	2353	0
1536	2815	0	1973	2442	0
1792	2815	0	2151	2525	0
2048	2815	0	2324	2603	0
2303	2815	0	2491	2676	0
2559	2815	0	2655	2747	0
2815	2815	0	2815	2815	0
3071	2815	0	2972	2880	0
3327	2815	0	3127	2944	0
3583	2815	0	3279	3005	1
3839	2815	0	3429	3065	2
4095	2815	0	3578	3123	2
0	3071	0	365	1583	0
256	3071	0	928	2006	0
512	3071	0	1209	2177	0
768	3071	0	1447	2309	0
1024	3071	0	1661	2423	0
1280	3071	0	1862	2524	0
1536	3071	0	2052	2616	0
1792	3071	0	2234	2702	0
2048	3071	0	2410	2783	0
2303	3071	0	2581	2860	0
2559	3071	0	2748	2933	0
2815	3071	0	2911	3003	0
3071	3071	0	3071	3071	0
3327	3071	0	3228	3136	0
3583	3071	0	3383	3200	0
3839	3071	0	3536	3262	1
4095	3071	0	3687	3322	1
0	3327	0	396	1715	0
256	3327	0	978	2156	0
512	3327	0	1267	2333	0
768	3327	0	1510	2471	0
1024	3327	0	1730	2589	0
1280	3327	0	1935	2693	0
1536	3327	0	2129	2789	0
1792	3327	0	2315	2878	0
2048	3327	0	2494	2962	0
2303	3327	0	2668	3041	0
2559	3327	0	2838	3117	0
2815	3327	0	3004	3189	0
3071	3327	0	3167	3259	0
3327	3327	0	3327	3327	0
3583	3327	0	3485	3393	0
3839	3327	0	3640	3456	0
4095	3327	0	3793	3518	1
0	3583	0	426	1847	0
256	3583	0	1028	2305	0
512	3583	0	1324	2489	0
768	3583	0	1573	2631	0
1024	3583	0	1798	2753	0
1280	3583	0	2007	2862	0
1536	3583	0	2204	2961	0
1792	3583	0	2394	3053	0
2048	3583	0	2577	3139	0
2303	3583	0	2753	3221	0
2559	3583	0	2926	3299	0
2815	3583	0	3095	3374	0
3071	3583	0	3260	3446	0
3327	3583	0	3423	3515	0
3583	3583	0	3583	3583	0
3839	3583	0	3741	3649	0
4095	3583	0	3896	3713	0
0	3839	0	457	1979	0
256	3839	0	1077	2454	0
512	3839	0	1380	2644	0
768	3839	0	1635	2791	0
1024	3839	0	1864	2917	0
1280	3839	0	2077	3029	0
1536	3839	0	2278	3131	0
1792	3839	0	2471	3225	0
2048	3839	0	2657	3314	0
2303	3839	0	2837	3399	0
2559	3839	0	3012	3479	0
2815	3839	0	3184	3556	0
3071	3839	0	3352	3630	0
3327	3839	0	3517	3702	0
3583	3839	0	3679	3772	0
3839	3839	0	3839	3839	0
4095	3839	0	3997	3905	0
0	4095	0	487	2111	0
256	4095	0	1125	2602	0
512	4095	0	1435	2798	0
768	4095	0	1695	2950	0
1024	4095	0	1929	3079	0
1280	4095	0	2146	3194	0
1536	4095	0	2351	3300	0
1792	4095	0	2547	3397	0
2048	4095	0	2736	3489	0
2303	4095	0	2918	3575	0
2559	4095	0	3097	3658	0
2815	4095	0	3271	3737	0
3071	4095	0	3441	3813	0
3327	4095	0	3609	3887	0
3583	4095	0	3773	3958	0
3839	4095	0	3935	4028	0
4095	4095	0	4095	4095	0
0	0	256	0	0	256
256	0	256	89	13	396
512	0	256	179	26	457
768	0	256	268	40	506
1024	0	256	358	53	548
1280	0	256	447	66	586
1536	0	256	537	79	622
1792	0	256	626	93	655
2048	0	256	715	106	687
2303	0	256	805	119	717
2559	0	256	894	132	746
2815	0	256	983	145	775
3071	0	256	1073	159	802
3327	0	256	1162	172	829
3583	0	256	1252	185	855
3839	0	256	1341	198	880
4095	0	256	1431	211	905
0	256	256	30	132	148
256	256	256	256	256	256
512	256	256	403	313	304
768	256	256	538	361	343
1024	256	256	666	402	378
1280	256	256	790	441	409
1536	256	256	910	477	438
1792	256	256	1028	511	466
2048	256	256	1145	544	492
2303	256	256	1259	576	518
2559	256	256	1373	607	542
2815	256	256	1485	637	566
3071	256	256	1597	666	589
3327	256	256	1707	695	612
3583	256	256	1817	723	634
3839	256	256	1927	750	656
4095	256	256	2035	777	677
0	512	256	61	264	116
256	512	256	342	436	212
512	512	256	512	512	256
768	512	256	664	573	292
1024	512	256	807	627	323
1280	512	256	944	676	352
1536	512	256	1076	721	379
1792	512	256	1205	764	405
2048	512	256	1332	805	429
2303	512	256	1456	844	453
2559	512	256	1579	882	475
2815	512	256	1700	918	498
3071	512	256	1820	954	519
3327	512	256	1939	989	540
3583	512	256	2056	1023	561
3839	512	256	2173	1056	581
4095	512	256	2289	1089	601
0	768	256	91	396	95
256	768	256	415	606	183
512	768	256	603	696	223
768	768	256	768	768	256
1024	768	256	922	831	285
1280	768	256	1069	888	312
1536	768	256	1210	940	338
1792	768	256	1348	990	362
2048	768	256	1482	1037	385
2303	768	256	1614	1081	407
2559	768	256	1743	1125	429
2815	768	256	1871	1166	450
3071	768	256	1997	1207	470
3327	768	256	2122	1247	490
3583	768	256	2246	1285	510
3839	768	256	2368	1323	529
4095	768	256	2490	1360	548
0	1024	256	122	528	79
256	1024	256	482	770	160
512	1024	256	684	872	197
768	1024	256	861	954	228
1024	1024	256	1024	1024	256
1280	1024	256	1179	1088	281
1536	1024	256	1328	1146	305
1792	1024	256	1473	1201	328
2048	1024	256	1614	1254	350
2303	1024	256	1751	1303	371
2559	1024	256	1887	1351	392
2815	1024	256	2020	1397	412
3071	1024	256	2152	1442	431
3327	1024	256	2281	1485	450
3583	1024	256	2410	1528	469
3839	1024	256	2537	1569	488
4095	1024	256	2663	1609	506
0	1280	256	152	660	67
256	1280	256	545	931	141
512	1280	256	760	1044	176
768	1280	256	946	1133	206
1024	1280	256	1118	1210	232
1280	1280	256	1280	1280	256
1536	1280	256	1436	1344	279
1792	1280	256	1586	1404	300
2048	1280	256	1733	1461	321
2303	1280	256	1876	1515	341
2559	1280	256	2016	1567	361
2815	1280	256	2155	1617	380
3071	1280	256	2291	1665	399
3327	1280	256	2425	1712	417
3583	1280	256	2558	1758	435
3839	1280	256	2690	1802	453
4095	1280	256	2820	1846	470
0	1536	256	183	792	57
256	1536	256	605	1089	126
512	1536	256	831	1212	159
768	1536	256	1026	1309	186
1024	1536	256	1205	1392	211
1280	1536	256	1374	1467	234
1536	1536	256	1536	1536	256
1792	1536	256	1692	1600	277
2048	1536	256	1844	1661	297
2303	1536	256	1992	1719	316
2559	1536	256	2137	1775	335
2815	1536	256	2279	1828	353
3071	1536	256	2420	1880	371
3327	1536	256	2558	1930	389
3583	1536	256	2695	1979	406
3839	1536	256	2830	2027	423
4095	1536	256	2964	2073	440
0	1792	256	213	924	48
256	1792	256	662	1245	112
512	1792	256	899	1377	144
768	1792	256	1102	1481	170
1024	1792	256	1288	1570	193
1280	1792	256	1464	1650	215
1536	1792	256	1631	1723	236
1792	1792	256	1792	1792	256
2048	1792	256	1949	1857	275
2303	1792	256	2101	1918	294
2559	1792	256	2250	1977	312
2815	1792	256	2397	2034	329
3071	1792	256	2541	2089	347
3327	1792	256	2683	2142	364
3583	1792	256	2823	2193	380
3839	1792	256	2962	2244	397
4095	1792	256	3099	2293	413
0	2048	256	244	1056	41
256	2048	256	718	1399	101
512	2048	256	965	1540	130
768	2048	256	1176	1650	155
1024	2048	256	1368	1745	178
1280	2048	256	1549	1829	199
1536	2048	256	1721	1907	219
1792	2048	256	1887	1980	238
2048	2048	256	2048	2048	256
2303	2048	256	2204	2113	274
2559	2048	256	2358	2175	291
2815	2048	256	2508	2235	308
3071	2048	256	2656	2292	325
3327	2048	256	2801	2348	341
3583	2048	256	2945	2403	357
3839	2048	256	3087	2455	373
4095	2048	256	3227	2507	389
0	2303	256	274	1187	35
256	2303	256	772	1552	90
512	2303	256	1028	1701	118
768	2303	256	1246	1817	142
1024	2303	256	1444	1916	164
1280	2303	256	1630	2006	184
1536	2303	256	1808	2087	203
1792	2303	256	1978	2163	221
2048	2303	256	2143	2235	239
2303	2303	256	2303	2303	256
2559	2303	256	2460	2368	273
2815	2303	256	2614	2431	289
3071	2303	256	2765	2491	305
3327	2303	256	2914	2550	321
3583	2303	256	3060	2606	337
3839	2303	256	3205	2662	352
4095	2303	256	3348	2715	367
0	2559	256	305	1319	29
256	2559	256	825	1704	81
512	2559	256	1090	1861	108
768	2559	256	1315	1982	130
1024	2559	256	1519	2087	151
1280	2559	256	1710	2180	170
1536	2559	256	1891	2266	189
1792	2559	256	2066	2345	206
2048	2559	256	2235	2420	223
2303	2559	256	2399	2491	240
2559	2559	256	2559	2559	256
2815	2559	256	2716	2624	272
3071	2559	256	2870	2687	287
3327	2559	256	3022	2748	303
3583	2559	256	3172	2807	318
3839	2559	256	3319	2865	333
4095	2559	256	3465	2921	348
0	2815	256	335	1451	25
256	2815	256	877	1856	73
512	2815	256	1150	2019	98
768	2815	256	1381	2147	120
1024	2815	256	1591	2256	140
1280	2815	256	1787	2353	158
1536	2815	256	1973	2442	176
1792	2815	256	2151	2525	193
2048	2815	256	2324	2603	209
2303	2815	256	2491	2676	225
2559	2815	256	2655	2747	241
2815	2815	256	2815	2815	256
3071	2815	256	2972	2880	271
3327	2815	256	3127	2944	286
3583	2815	256	3279	3005	301
3839	2815	256	3429	3065	315
4095	2815	256	3578	3123	329
0	3071	256	365	1583	21
256	3071	256	928	2006	66
512	3071	256	1209	2177	90
768	3071	256	1447	2309	110
1024	3071	256	1661	2423	129
1280	3071	256	1862	2524	147
1536	3071	256	2052	2616	164
1792	3071	256	2234	2702	180
2048	3071	256	2410	2783	196
2303	3071	256	2581	2860	211
2559	3071	256	2748	2933	226
2815	3071	256	2911	3003	241
3071	3071	256	3071	3071	256
3327	3071	256	3228	3136	270
3583	3071	256	3383	3200	285
3839	3071	256	3536	3262	299
4095	3071	256	3687	3322	313
0	3327	256	396	1715	17
256	3327	256	978	2156	59
512	3327	256	1267	2333	82
768	3327	256	1510	2471	101
1024	3327	256	1730	2589	119
1280	3327	256	1935	2693	137
1536	3327	256	2129	2789	153
1792	3327	256	2315	2878	169
2048	3327	256	2494	2962	184
2303	3327	256	2668	3041	199
2559	3327	256	2838	3117	213
2815	3327	256	3004	3189	228
3071	3327	256	3167	3259	242
3327	3327	256	3327	3327	256
3583	3327	256	3485	3393	270
3839	3327	256	3640	3456	283
4095	3327	256	3793	3518	297
0	3583	256	426	1847	14
256	3583	256	1028	2305	53
512	3583	256	1324	2489	75
768	3583	256	1573	2631	93
1024	3583	256	1798	2753	111
1280	3583	256	2007	2862	127
1536	3583	256	2204	2961	143
1792	3583	256	2394	3053	158
2048	3583	256	2577	3139	173
2303	3583	256	2753	3221	187
2559	3583	256	2926	3299	201
2815	3583	256	3095	3374	215
3071	3583	256	3260	3446	229
3327	3583	256	3423	3515	243
3583	3583	256	3583	3583	256
3839	3583	256	3741	3649	269
4095	3583	256	3896	3713	282
0	3839	256	457	1979	12
256	3839	256	1077	2454	48
512	3839	256	1380	2644	68
768	3839	256	1635	2791	86
1024	3839	256	1864	2917	103
1280	3839	256	2077	3029	118
1536	3839	256	2278	3131	133
1792	3839	256	2471	3225	148
2048	3839	256	2657	3314	162
2303	3839	256	2837	3399	176
2559	3839	256	3012	3479	190
2815	3839	256	3184	3556	203
3071	3839	256	3352	3630	217
3327	3839	256	3517	3702	230
3583	3839	256	3679	3772	243
3839	3839	256	3839	3839	256
4095	3839	256	3997	3905	269
0	4095	256	487	2111	10
256	4095	256	1125	2602	43
512	4095	256	1435	2798	62
768	4095	256	1695	2950	79
1024	4095	256	1929	3079	95
1280	4095	256	2146	3194	110
1536	4095	256	2351	3300	125
1792	4095	256	2547	3397	139
2048	4095	256	2736	3489	153
2303	4095	256	2918	3575	166
2559	4095	256	3097	3658	179
2815	4095	256	3271	3737	193
3071	4095	256	3441	3813	205
3327	4095	256	3609	3887	218
3583	4095	256	3773	3958	231
3839	4095	256	3935	4028	244
4095	4095	256	4095	4095	256
0	0	512	0	0	512
256	0	512	89	13	710
512	0	512	179	26	793
768	0	512	268	40	858
1024	0	512	358	53	914
1280	0	512	447	66	965
1536	0	512	537	79	1011
1792	0	512	626	93	1055
2048	0	512	715	106	1096
2303	0	512	805	119	1135
2559	0	512	894	132	1172
2815	0	512	983	145	1208
3071	0	512	1073	159	1243
3327	0	512	1162	172	1277
3583	0	512	1252	185	1310
3839	0	512	1341	198	1342
4095	0	512	1431	211	1374
0	256	512	30	132	348
256	256	512	256	256	512
512	256	512	403	313	581
768	256	512	538	361	636
1024	256	512	666	402	684
1280	256	512	790	441	727
1536	256	512	910	477	767
1792	256	512	1028	511	805
2048	256	512	1145	544	840
2303	256	512	1259	576	874
2559	256	512	1373	607	907
2815	256	512	1485	637	938
3071	256	512	1597	666	969
3327	256	512	1707	695	998
3583	256	512	1817	723	1027
3839	256	512	1927	750	1055
4095	256	512	2035	777	1083
0	512	512	61	264	296
256	512	512	342	436	447
512	512	512	512	512	512
768	512	512	664	573	563
1024	512	512	807	627	608
1280	512	512	944	676	649
1536	512	512	1076	721	686
1792	512	512	1205	764	722
2048	512	512	1332	805	755
2303	512	512	1456	844	787
2559	512	512	1579	882	818
2815	512	512	1700	918	847
3071	512	512	1820	954	876
3327	512	512	1939	989	904
3583	512	512	2056	1023	932
3839	512	512	2173	1056	958
4095	512	512	2289	1089	985
0	768	512	91	396	260
256	768	512	415	606	402
512	768	512	603	696	463
768	768	512	768	768	512
1024	768	512	922	831	555
1280	768	512	1069	888	593
1536	768	512	1210	940	629
1792	768	512	1348	990	663
2048	768	512	1482	1037	694
2303	768	512	1614	1081	725
2559	768	512	1743	1125	754
2815	768	512	1871	1166	783
3071	768	512	1997	1207	810
3327	768	512	2122	1247	837
3583	768	512	2246	1285	864
3839	768	512	2368	1323	889
4095	768	512	2490	1360	914
0	1024	512	122	528	233
256	1024	512	482	770	367
512	1024	512	684	872	425
768	1024	512	861	954	471
1024	1024	512	1024	1024	512
1280	1024	512	1179	1088	549
1536	1024	512	1328	1146	583
1792	1024	512	1473	1201	616
2048	1024	512	1614	1254	646
2303	1024	512	1751	1303	676
2559	1024	512	1887	1351	704
2815	1024	512	2020	1397	731
3071	1024	512	2152	1442	758
3327	1024	512	2281	1485	784
3583	1024	512	2410	1528	809
3839	1024	512	2537	1569	834
4095	1024	512	2663	1609	858
0	1280	512	152	660	210
256	1280	512	545	931	337
512	1280	512	760	1044	393
768	1280	512	946	1133	437
1024	1280	512	1118	1210	476
1280	1280	512	1280	1280	512
1536	1280	512	1436	1344	545
1792	1280	512	1586	1404	576
2048	1280	512	1733	1461	606
2303	1280	512	1876	1515	634
2559	1280	512	2016	1567	661
2815	1280	512	2155	1617	688
3071	1280	512	2291	1665	714
3327	1280	512	2425	1712	739
3583	1280	512	2558	1758	763
3839	1280	512	2690	1802	787
4095	1280	512	2820	1846	811
0	1536	512	183	792	190
256	1536	512	605	1089	312
512	1536	512	831	1212	365
768	1536	512	1026	1309	408
1024	1536	512	1205	1392	446
1280	1536	512	1374	1467	480
1536	1536	512	1536	1536	512
1792	1536	512	1692	1600	542
2048	1536	512	1844	1661	571
2303	1536	512	1992	1719	598
2559	1536	512	2137	1775	625
2815	1536	512	2279	1828	650
3071	1536	512	2420	1880	675
3327	1536	512	2558	1930	700
3583	1536	512	2695	1979	724
3839	1536	512	2830	2027	747
4095	1536	512	2964	2073	770
0	1792	512	213	924	173
256	1792	512	662	1245	290
512	1792	512	899	1377	341
768	1792	512	1102	1481	382
1024	1792	512	1288	1570	419
1280	1792	512	1464	1650	452
1536	1792	512	1631	1723	483
1792	1792	512	1792	1792	512
2048	1792	512	1949	1857	540
2303	1792	512	2101	1918	566
2559	1792	512	2250	1977	592
2815	1792	512	2397	2034	617
3071	1792	512	2541	2089	641
3327	1792	512	2683	2142	665
3583	1792	512	2823	2193	688
3839	1792	512	2962	2244	711
4095	1792	512	3099	2293	733
0	2048	512	244	1056	159
256	2048	512	718	1399	270
512	2048	512	965	1540	319
768	2048	512	1176	1650	359
1024	2048	512	1368	1745	395
1280	2048	512	1549	1829	427
1536	2048	512	1721	1907	457
1792	2048	512	1887	1980	485
2048	2048	512	2048	2048	512
2303	2048	512	2204	2113	538
2559	2048	512	2358	2175	563
2815	2048	512	2508	2235	587
3071	2048	512	2656	2292	611
3327	2048	512	2801	2348	634
3583	2048	512	2945	2403	656
3839	2048	512	3087	2455	679
4095	2048	512	3227	2507	700
0	2303	512	274	1187	145
256	2303	512	772	1552	252
512	2303	512	1028	1701	300
768	2303	512	1246	1817	339
1024	2303	512	1444	1916	373
1280	2303	512	1630	2006	404
1536	2303	512	1808	2087	433
1792	2303	512	1978	2163	461
2048	2303	512	2143	2235	487
2303	2303	512	2303	2303	512
2559	2303	512	2460	2368	536
2815	2303	512	2614	2431	560
3071	2303	512	2765	2491	583
3327	2303	512	2914	2550	606
3583	2303	512	3060	2606	628
3839	2303	512	3205	2662	649
4095	2303	512	3348	2715	670
0	2559	512	305	1319	134
256	2559	512	825	1704	236
512	2559	512	1090	1861	282
768	2559	512	1315	1982	320
1024	2559	512	1519	2087	353
1280	2559	512	1710	2180	383
1536	2559	512	1891	2266	411
1792	2559	512	2066	2345	438
2048	2559	512	2235	2420	464
2303	2559	512	2399	2491	488
2559	2559	512	2559	2559	512
2815	2559	512	2716	2624	535
3071	2559	512	2870	2687	558
3327	2559	512	3022	2748	580
3583	2559	512	3172	2807	601
3839	2559	512	3319	2865	622
4095	2559	512	3465	2921	643
0	2815	512	335	1451	123
256	2815	512	877	1856	221
512	2815	512	1150	2019	266
768	2815	512	1381	2147	302
1024	2815	512	1591	2256	335
1280	2815	512	1787	2353	364
1536	2815	512	1973	2442	391
1792	2815	512	2151	2525	417
2048	2815	512	2324	2603	442
2303	2815	512	2491	2676	466
2559	2815	512	2655	2747	489
2815	2815	512	2815	2815	512
3071	2815	512	2972	2880	534
3327	2815	512	3127	2944	555
3583	2815	512	3279	3005	576
3839	2815	512	3429	3065	597
4095	2815	512	3578	3123	617
0	3071	512	365	1583	113
256	3071	512	928	2006	208
512	3071	512	1209	2177	251
768	3071	512	1447	2309	286
1024	3071	512	1661	2423	318
1280	3071	512	1862	2524	346
1536	3071	512	2052	2616	373
1792	3071	512	2234	2702	398
2048	3071	512	2410	2783	423
2303	3071	512	2581	2860	446
2559	3071	512	2748	2933	469
2815	3071	512	2911	3003	491
3071	3071	512	3071	3071	512
3327	3071	512	3228	3136	533
3583	3071	512	3383	3200	553
3839	3071	512	3536	3262	574
4095	3071	512	3687	3322	593
0	3327	512	396	1715	104
256	3327	512	978	2156	195
512	3327	512	1267	2333	237
768	3327	512	1510	2471	271
1024	3327	512	1730	2589	302
1280	3327	512	1935	2693	330
1536	3327	512	2129	2789	356
1792	3327	512	2315	2878	380
2048	3327	512	2494	2962	404
2303	3327	512	2668	3041	427
2559	3327	512	2838	3117	449
2815	3327	512	3004	3189	471
3071	3327	512	3167	3259	491
3327	3327	512	3327	3327	512
3583	3327	512	3485	3393	532
3839	3327	512	3640	3456	552
4095	3327	512	3793	3518	571
0	3583	512	426	1847	96
256	3583	512	1028	2305	184
512	3583	512	1324	2489	224
768	3583	512	1573	2631	258
1024	3583	512	1798	2753	287
1280	3583	512	2007	2862	314
1536	3583	512	2204	2961	340
1792	3583	512	2394	3053	364
2048	3583	512	2577	3139	387
2303	3583	512	2753	3221	409
2559	3583	512	2926	3299	431
2815	3583	512	3095	3374	452
3071	3583	512	3260	3446	472
3327	3583	512	3423	3515	492
3583	3583	512	3583	3583	512
3839	3583	512	3741	3649	531
4095	3583	512	3896	3713	550
0	3839	512	457	1979	89
256	3839	512	1077	2454	173
512	3839	512	1380	2644	212
768	3839	512	1635	2791	245
1024	3839	512	1864	2917	273
1280	3839	512	2077	3029	300
1536	3839	512	2278	3131	325
1792	3839	512	2471	3225	348
2048	3839	512	2657	3314	371
2303	3839	512	2837	3399	392
2559	3839	512	3012	3479	414
2815	3839	512	3184	3556	434
3071	3839	512	3352	3630	454
3327	3839	512	3517	3702	474
3583	3839	512	3679	3772	493
3839	3839	512	3839	3839	512
4095	3839	512	3997	3905	531
0	4095	512	487	2111	82
256	4095	512	1125	2602	163
512	4095	512	1435	2798	201
768	4095	512	1695	2950	232
1024	4095	512	1929	3079	260
1280	4095	512	2146	3194	286
1536	4095	512	2351	3300	310
1792	4095	512	2547	3397	333
2048	4095	512	2736	3489	355
2303	4095	512	2918	3575	377
2559	4095	512	3097	3658	397
2815	4095	512	3271	3737	417
3071	4095	512	3441	3813	437
3327	4095	512	3609	3887	456
3583	4095	512	3773	3958	475
3839	4095	512	3935	4028	494
4095	4095	512	4095	4095	512
0	0	768	0	0	768
256	0	768	89	13	1012
512	0	768	179	26	1111
768	0	768	268	40	1189
1024	0	768	358	53	1256
1280	0	768	447	66	1316
1536	0	768	537	79	1371
1792	0	768	626	93	1422
2048	0	768	715	106	1471
2303	0	768	805	119	1517
2559	0	768	894	132	1560
2815	0	768	983	145	1603
3071	0	768	1073	159	1643
3327	0	768	1162	172	1683
3583	0	768	1252	185	1721
3839	0	768	1341	198	1758
4095	0	768	1431	211	1795
0	256	768	30	132	560
256	256	768	256	256	768
512	256	768	403	313	854
768	256	768	538	361	922
1024	256	768	666	402	980
1280	256	768	790	441	1032
1536	256	768	910	477	1081
1792	256	768	1028	511	1126
2048	256	768	1145	544	1168
2303	256	768	1259	576	1209
2559	256	768	1373	607	1247
2815	256	768	1485	637	1285
3071	256	768	1597	666	1321
3327	256	768	1707	695	1356
3583	256	768	1817	723	1390
3839	256	768	1927	750	1423
4095	256	768	2035	777	1456
0	512	768	61	264	492
256	512	768	342	436	687
512	512	768	512	512	768
768	512	768	664	573	832
1024	512	768	807	627	887
1280	512	768	944	676	937
1536	512	768	1076	721	983
1792	512	768	1205	764	1025
2048	512	768	1332	805	1066
2303	512	768	1456	844	1104
2559	512	768	1579	882	1141
2815	512	768	1700	918	1177
3071	512	768	1820	954	1211
3327	512	768	1939	989	1245
3583	512	768	2056	1023	1277
3839	512	768	2173	1056	1309
4095	512	768	2289	1089	1340
0	768	768	91	396	445
256	768	768	415	606	629
512	768	768	603	696	707
768	768	768	768	768	768
1024	768	768	922	831	821
1280	768	768	1069	888	869
1536	768	768	1210	940	912
1792	768	768	1348	990	954
2048	768	768	1482	1037	992
2303	768	768	1614	1081	1029
2559	768	768	1743	1125	1065
2815	768	768	1871	1166	1099
3071	768	768	1997	1207	1132
3327	768	768	2122	1247	1165
3583	768	768	2246	1285	1196
3839	768	768	2368	1323	1227
4095	768	768	2490	1360	1257
0	1024	768	122	528	407
256	1024	768	482	770	584
512	1024	768	684	872	658
768	1024	768	861	954	717
1024	1024	768	1024	1024	768
1280	1024	768	1179	1088	814
1536	1024	768	1328	1146	856
1792	1024	768	1473	1201	896
2048	1024	768	1614	1254	934
2303	1024	768	1751	1303	969
2559	1024	768	1887	1351	1004
2815	1024	768	2020	1397	1037
3071	1024	768	2152	1442	1069
3327	1024	768	2281	1485	1101
3583	1024	768	2410	1528	1131
3839	1024	768	2537	1569	1161
4095	1024	768	2663	1609	1190
0	1280	768	152	660	376
256	1280	768	545	931	546
512	1280	768	760	1044	617
768	1280	768	946	1133	674
1024	1280	768	1118	1210	724
1280	1280	768	1280	1280	768
1536	1280	768	1436	1344	809
1792	1280	768	1586	1404	848
2048	1280	768	1733	1461	884
2303	1280	768	1876	1515	919
2559	1280	768	2016	1567	952
2815	1280	768	2155	1617	985
3071	1280	768	2291	1665	1016
3327	1280	768	2425	1712	1046
3583	1280	768	2558	1758	1076
3839	1280	768	2690	1802	1105
4095	1280	768	2820	1846	1133
0	1536	768	183	792	349
256	1536	768	605	1089	512
512	1536	768	831	1212	582
768	1536	768	1026	1309	637
1024	1536	768	1205	1392	685
1280	1536	768	1374	1467	728
1536	1536	768	1536	1536	768
1792	1536	768	1692	1600	805
2048	1536	768	1844	1661	841
2303	1536	768	1992	1719	875
2559	1536	768	2137	1775	907
2815	1536	768	2279	1828	939
3071	1536	768	2420	1880	969
3327	1536	768	2558	1930	999
3583	1536	768	2695	1979	1028
3839	1536	768	2830	2027	1056
4095	1536	768	2964	2073	1083
0	1792	768	213	924	325
256	1792	768	662	1245	483
512	1792	768	899	1377	551
768	1792	768	1102	1481	604
1024	1792	768	1288	1570	651
1280	1792	768	1464	1650	693
1536	1792	768	1631	1723	732
1792	1792	768	1792	1792	768
2048	1792	768	1949	1857	803
2303	1792	768	2101	1918	836
2559	1792	768	2250	1977	867
2815	1792	768	2397	2034	898
3071	1792	768	2541	2089	928
3327	1792	768	2683	2142	957
3583	1792	768	2823	2193	985
3839	1792	768	2962	2244	1012
4095	1792	768	3099	2293	1039
0	2048	768	244	1056	304
256	2048	768	718	1399	457
512	2048	768	965	1540	522
768	2048	768	1176	1650	575
1024	2048	768	1368	1745	620
1280	2048	768	1549	1829	661
1536	2048	768	1721	1907	699
1792	2048	768	1887	1980	734
2048	2048	768	2048	2048	768
2303	2048	768	2204	2113	800
2559	2048	768	2358	2175	831
2815	2048	768	2508	2235	861
3071	2048	768	2656	2292	890
3327	2048	768	2801	2348	919
3583	2048	768	2945	2403	946
3839	2048	768	3087	2455	973
4095	2048	768	3227	2507	999
0	2303	768	274	1187	285
256	2303	768	772	1552	434
512	2303	768	1028	1701	497
768	2303	768	1246	1817	548
1024	2303	768	1444	1916	592
1280	2303	768	1630	2006	632
1536	2303	768	1808	2087	669
1792	2303	768	1978	2163	704
2048	2303	768	2143	2235	737
2303	2303	768	2303	2303	768
2559	2303	768	2460	2368	798
2815	2303	768	2614	2431	828
3071	2303	768	2765	2491	856
3327	2303	768	2914	2550	884
3583	2303	768	3060	2606	911
3839	2303	768	3205	2662	937
4095	2303	768	3348	2715	963
0	2559	768	305	1319	268
256	2559	768	825	1704	412
512	2559	768	1090	1861	474
768	2559	768	1315	1982	523
1024	2559	768	1519	2087	566
1280	2559	768	1710	2180	605
1536	2559	768	1891	2266	641
1792	2559	768	2066	2345	675
2048	2559	768	2235	2420	707
2303	2559	768	2399	2491	738
2559	2559	768	2559	2559	768
2815	2559	768	2716	2624	797
3071	2559	768	2870	2687	825
3327	2559	768	3022	2748	852
3583	2559	768	3172	2807	878
3839	2559	768	3319	2865	904
4095	2559	768	3465	2921	929
0	2815	768	335	1451	252
256	2815	768	877	1856	392
512	2815	768	1150	2019	452
768	2815	768	1381	2147	500
1024	2815	768	1591	2256	542
1280	2815	768	1787	2353	580
1536	2815	768	1973	2442	616
1792	2815	768	2151	2525	649
2048	2815	768	2324	2603	681
2303	2815	768	2491	2676	711
2559	2815	768	2655	2747	740
2815	2815	768	2815	2815	768
3071	2815	768	2972	2880	795
3327	2815	768	3127	2944	822
3583	2815	768	3279	3005	848
3839	2815	768	3429	3065	873
4095	2815	768	3578	3123	898
0	3071	768	365	1583	238
256	3071	768	928	2006	373
512	3071	768	1209	2177	432
768	3071	768	1447	2309	479
1024	3071	768	1661	2423	520
1280	3071	768	1862	2524	557
1536	3071	768	2052	2616	592
1792	3071	768	2234	2702	625
2048	3071	768	2410	2783	655
2303	3071	768	2581	2860	685
2559	3071	768	2748	2933	714
2815	3071	768	2911	3003	741
3071	3071	768	3071	3071	768
3327	3071	768	3228	3136	794
3583	3071	768	3383	3200	820
3839	3071	768	3536	3262	845
4095	3071	768	3687	3322	869
0	3327	768	396	1715	224
256	3327	768	978	2156	356
512	3327	768	1267	2333	413
768	3327	768	1510	2471	459
1024	3327	768	1730	2589	499
1280	3327	768	1935	2693	536
1536	3327	768	2129	2789	570
1792	3327	768	2315	2878	602
2048	3327	768	2494	2962	632
2303	3327	768	2668	3041	661
2559	3327	768	2838	3117	689
2815	3327	768	3004	3189	716
3071	3327	768	3167	3259	742
3327	3327	768	3327	3327	768
3583	3327	768	3485	3393	793
3839	3327	768	3640	3456	818
4095	3327	768	3793	3518	841
0	3583	768	426	1847	212
256	3583	768	1028	2305	340
512	3583	768	1324	2489	396
768	3583	768	1573	2631	441
1024	3583	768	1798	2753	480
1280	3583	768	2007	2862	516
1536	3583	768	2204	2961	549
1792	3583	768	2394	3053	580
2048	3583	768	2577	3139	610
2303	3583	768	2753	3221	638
2559	3583	768	2926	3299	666
2815	3583	768	3095	3374	692
3071	3583	768	3260	3446	718
3327	3583	768	3423	3515	743
3583	3583	768	3583	3583	768
3839	3583	768	3741	3649	792
4095	3583	768	3896	3713	816
0	3839	768	457	1979	200
256	3839	768	1077	2454	325
512	3839	768	1380	2644	379
768	3839	768	1635	2791	423
1024	3839	768	1864	2917	462
1280	3839	768	2077	3029	497
1536	3839	768	2278	3131	529
1792	3839	768	2471	3225	560
2048	3839	768	2657	3314	589
2303	3839	768	2837	3399	617
2559	3839	768	3012	3479	644
2815	3839	768	3184	3556	670
3071	3839	768	3352	3630	695
3327	3839	768	3517	3702	720
3583	3839	768	3679	3772	744
3839	3839	768	3839	3839	768
4095	3839	768	3997	3905	791
0	4095	768	487	2111	189
256	4095	768	1125	2602	311
512	4095	768	1435	2798	364
768	4095	768	1695	2950	407
1024	4095	768	1929	3079	445
1280	4095	768	2146	3194	479
1536	4095	768	2351	3300	511
1792	4095	768	2547	3397	541
2048	4095	768	2736	3489	569
2303	4095	768	2918	3575	597
2559	4095	768	3097	3658	623
2815	4095	768	3271	3737	649
3071	4095	768	3441	3813	674
3327	4095	768	3609	3887	698
3583	4095	768	3773	3958	722
3839	4095	768	3935	4028	745
4095	4095	768	4095	4095	768
0	0	1024	0	0	1024
256	0	1024	89	13	1307
512	0	1024	179	26	1421
768	0	1024	268	40	1510
1024	0	1024	358	53	1586
1280	0	1024	447	66	1654
1536	0	1024	537	79	1716
1792	0	1024	626	93	1774
2048	0	1024	715	106	1828
2303	0	1024	805	119	1880
2559	0	1024	894	132	1929
2815	0	1024	983	145	1976
3071	0	1024	1073	159	2022
3327	0	1024	1162	172	2066
3583	0	1024	1252	185	2109
3839	0	1024	1341	198	2151
4095	0	1024	1431	211	2191
0	256	1024	30	132	778
256	256	1024	256	256	1024
512	256	1024	403	313	1124
768	256	1024	538	361	1203
1024	256	1024	666	402	1270
1280	256	1024	790	441	1330
1536	256	1024	910	477	1386
1792	256	1024	1028	511	1437
2048	256	1024	1145	544	1486
2303	256	1024	1259	576	1532
2559	256	1024	1373	607	1576
2815	256	1024	1485	637	1618
3071	256	1024	1597	666	1659
3327	256	1024	1707	695	1699
3583	256	1024	1817	723	1737
3839	256	1024	1927	750	1775
4095	256	1024	2035	777	1811
0	512	1024	61	264	697
256	512	1024	342	436	929
512	512	1024	512	512	1024
768	512	1024	664	573	1099
1024	512	1024	807	627	1163
1280	512	1024	944	676	1220
1536	512	1024	1076	721	1273
1792	512	1024	1205	764	1322
2048	512	1024	1332	805	1369
2303	512	1024	1456	844	1413
2559	512	1024	1579	882	1455
2815	512	1024	1700	918	1495
3071	512	1024	1820	954	1535
3327	512	1024	1939	989	1573
3583	512	1024	2056	1023	1610
3839	512	1024	2173	1056	1645
4095	512	1024	2289	1089	1681
0	768	1024	91	396	639
256	768	1024	415	606	861
512	768	1024	603	696	952
768	768	1024	768	768	1024
1024	768	1024	922	831	1086
1280	768	1024	1069	888	1141
1536	768	1024	1210	940	1192
1792	768	1024	1348	990	1239
2048	768	1024	1482	1037	1284
2303	768	1024	1614	1081	1327
2559	768	1024	1743	1125	1368
2815	768	1024	1871	1166	1407
3071	768	1024	1997	1207	1445
3327	768	1024	2122	1247	1482
3583	768	1024	2246	1285	1517
3839	768	1024	2368	1323	1552
4095	768	1024	2490	1360	1586
0	1024	1024	122	528	593
256	1024	1024	482	770	807
512	1024	1024	684	872	895
768	1024	1024	861	954	964
1024	1024	1024	1024	1024	1024
1280	1024	1024	1179	1088	1078
1536	1024	1024	1328	1146	1127
1792	1024	1024	1473	1201	1173
2048	1024	1024	1614	1254	1217
2303	1024	1024	1751	1303	1258
2559	1024	1024	1887	1351	1297
2815	1024	1024	2020	1397	1336
3071	1024	1024	2152	1442	1373
3327	1024	1024	2281	1485	1408
3583	1024	1024	2410	1528	1443
3839	1024	1024	2537	1569	1477
4095	1024	1024	2663	1609	1510
0	1280	1024	152	660	554
256	1280	1024	545	931	761
512	1280	1024	760	1044	846
768	1280	1024	946	1133	914
1024	1280	1024	1118	1210	972
1280	1280	1024	1280	1280	1024
1536	1280	1024	1436	1344	1072
1792	1280	1024	1586	1404	1117
2048	1280	1024	1733	1461	1159
2303	1280	1024	1876	1515	1199
2559	1280	1024	2016	1567	1238
2815	1280	1024	2155	1617	1275
3071	1280	1024	2291	1665	1311
3327	1280	1024	2425	1712	1346
3583	1280	1024	2558	1758	1380
3839	1280	1024	2690	1802	1413
4095	1280	1024	2820	1846	1445
0	1536	1024	183	792	521
256	1536	1024	605	1089	721
512	1536	1024	831	1212	804
768	1536	1024	1026	1309	870
1024	1536	1024	1205	1392	926
1280	1536	1024	1374	1467	977
1536	1536	1024	1536	1536	1024
1792	1536	1024	1692	1600	1068
2048	1536	1024	1844	1661	1109
2303	1536	1024	1992	1719	1148
2559	1536	1024	2137	1775	1186
2815	1536	1024	2279	1828	1222
3071	1536	1024	2420	1880	1258
3327	1536	1024	2558	1930	1292
3583	1536	1024	2695	1979	1325
3839	1536	1024	2830	2027	1357
4095	1536	1024	2964	2073	1389
0	1792	1024	213	924	491
256	1792	1024	662	1245	686
512	1792	1024	899	1377	767
768	1792	1024	1102	1481	831
1024	1792	1024	1288	1570	886
1280	1792	1024	1464	1650	936
1536	1792	1024	1631	1723	981
1792	1792	1024	1792	1792	1024
2048	1792	1024	1949	1857	1064
2303	1792	1024	2101	1918	1103
2559	1792	1024	2250	1977	1140
2815	1792	1024	2397	2034	1175
3071	1792	1024	2541	2089	1210
3327	1792	1024	2683	2142	1243
3583	1792	1024	2823	2193	1276
3839	1792	1024	2962	2244	1307
4095	1792	1024	3099	2293	1338
0	2048	1024	244	1056	465
256	2048	1024	718	1399	654
512	2048	1024	965	1540	733
768	2048	1024	1176	1650	795
1024	2048	1024	1368	1745	849
1280	2048	1024	1549	1829	898
1536	2048	1024	1721	1907	943
1792	2048	1024	1887	1980	984
2048	2048	1024	2048	2048	1024
2303	2048	1024	2204	2113	1062
2559	2048	1024	2358	2175	1098
2815	2048	1024	2508	2235	1133
3071	2048	1024	2656	2292	1166
3327	2048	1024	2801	2348	1199
3583	2048	1024	2945	2403	1231
3839	2048	1024	3087	2455	1262
4095	2048	1024	3227	2507	1292
0	2303	1024	274	1187	441
256	2303	1024	772	1552	625
512	2303	1024	1028	1701	702
768	2303	1024	1246	1817	763
1024	2303	1024	1444	1916	816
1280	2303	1024	1630	2006	864
1536	2303	1024	1808	2087	907
1792	2303	1024	1978	2163	948
2048	2303	1024	2143	2235	987
2303	2303	1024	2303	2303	1024
2559	2303	1024	2460	2368	1059
2815	2303	1024	2614	2431	1094
3071	2303	1024	2765	2491	1127
3327	2303	1024	2914	2550	1159
3583	2303	1024	3060	2606	1190
3839	2303	1024	3205	2662	1221
4095	2303	1024	3348	2715	1251
0	2559	1024	305	1319	419
256	2559	1024	825	1704	599
512	2559	1024	1090	1861	674
768	2559	1024	1315	1982	734
1024	2559	1024	1519	2087	785
1280	2559	1024	1710	2180	832
1536	2559	1024	1891	2266	875
1792	2559	1024	2066	2345	915
2048	2559	1024	2235	2420	953
2303	2559	1024	2399	2491	989
2559	2559	1024	2559	2559	1024
2815	2559	1024	2716	2624	1058
3071	2559	1024	2870	2687	1090
3327	2559	1024	3022	2748	1122
3583	2559	1024	3172	2807	1152
3839	2559	1024	3319	2865	1182
4095	2559	1024	3465	2921	1212
0	2815	1024	335	1451	399
256	2815	1024	877	1856	574
512	2815	1024	1150	2019	648
768	2815	1024	1381	2147	706
1024	2815	1024	1591	2256	757
1280	2815	1024	1787	2353	802
1536	2815	1024	1973	2442	845
1792	2815	1024	2151	2525	884
2048	2815	1024	2324	2603	921
2303	2815	1024	2491	2676	957
2559	2815	1024	2655	2747	991
2815	2815	1024	2815	2815	1024
3071	2815	1024	2972	2880	1056
3327	2815	1024	3127	2944	1087
3583	2815	1024	3279	3005	1117
3839	2815	1024	3429	3065	1147
4095	2815	1024	3578	3123	1175
0	3071	1024	365	1583	380
256	3071	1024	928	2006	551
512	3071	1024	1209	2177	623
768	3071	1024	1447	2309	681
1024	3071	1024	1661	2423	730
1280	3071	1024	1862	2524	775
1536	3071	1024	2052	2616	816
1792	3071	1024	2234	2702	855
2048	3071	1024	2410	2783	892
2303	3071	1024	2581	2860	927
2559	3071	1024	2748	2933	960
2815	3071	1024	2911	3003	993
3071	3071	1024	3071	3071	1024
3327	3071	1024	3228	3136	1055
3583	3071	1024	3383	3200	1084
3839	3071	1024	3536	3262	1113
4095	3071	1024	3687	3322	1142
0	3327	1024	396	1715	363
256	3327	1024	978	2156	530
512	3327	1024	1267	2333	601
768	3327	1024	1510	2471	657
1024	3327	1024	1730	2589	705
1280	3327	1024	1935	2693	749
1536	3327	1024	2129	2789	790
1792	3327	1024	2315	2878	828
2048	3327	1024	2494	2962	864
2303	3327	1024	2668	3041	898
2559	3327	1024	2838	3117	931
2815	3327	1024	3004	3189	963
3071	3327	1024	3167	3259	994
3327	3327	1024	3327	3327	1024
3583	3327	1024	3485	3393	1053
3839	3327	1024	3640	3456	1082
4095	3327	1024	3793	3518	1110
0	3583	1024	426	1847	347
256	3583	1024	1028	2305	510
512	3583	1024	1324	2489	579
768	3583	1024	1573	2631	634
1024	3583	1024	1798	2753	682
1280	3583	1024	2007	2862	725
1536	3583	1024	2204	2961	765
1792	3583	1024	2394	3053	802
2048	3583	1024	2577	3139	838
2303	3583	1024	2753	3221	871
2559	3583	1024	2926	3299	904
2815	3583	1024	3095	3374	935
3071	3583	1024	3260	3446	966
3327	3583	1024	3423	3515	995
3583	3583	1024	3583	3583	1024
3839	3583	1024	3741	3649	1052
4095	3583	1024	3896	3713	1080
0	3839	1024	457	1979	331
256	3839	1024	1077	2454	491
512	3839	1024	1380	2644	559
768	3839	1024	1635	2791	613
1024	3839	1024	1864	2917	660
1280	3839	1024	2077	3029	702
1536	3839	1024	2278	3131	741
1792	3839	1024	2471	3225	778
2048	3839	1024	2657	3314	813
2303	3839	1024	2837	3399	846
2559	3839	1024	3012	3479	878
2815	3839	1024	3184	3556	909
3071	3839	1024	3352	3630	939
3327	3839	1024	3517	3702	968
3583	3839	1024	3679	3772	996
3839	3839	1024	3839	3839	1024
4095	3839	1024	3997	3905	1051
0	4095	1024	487	2111	317
256	4095	1024	1125	2602	473
512	4095	1024	1435	2798	540
768	4095	1024	1695	2950	593
1024	4095	1024	1929	3079	639
1280	4095	1024	2146	3194	680
1536	4095	1024	2351	3300	719
1792	4095	1024	2547	3397	755
2048	4095	1024	2736	3489	789
2303	4095	1024	2918	3575	822
2559	4095	1024	3097	3658	853
2815	4095	1024	3271	3737	884
3071	4095	1024	3441	3813	913
3327	4095	1024	3609	3887	942
3583	4095	1024	3773	3958	970
3839	4095	1024	3935	4028	997
4095	4095	1024	4095	4095	1024
0	0	1280	0	0	1280
256	0	1280	89	13	1597
512	0	1280	179	26	1724
768	0	1280	268	40	1823
1024	0	1280	358	53	1907
1280	0	1280	447	66	1982
1536	0	1280	537	79	2051
1792	0	1280	626	93	2115
2048	0	1280	715	106	2175
2303	0	1280	805	119	2231
2559	0	1280	894	132	2285
2815	0	1280	983	145	2337
3071	0	1280	1073	159	2387
3327	0	1280	1162	172	2435
3583	0	1280	1252	185	2482
3839	0	1280	1341	198	2528
4095	0	1280	1431	211	2572
0	256	1280	30	132	1001
256	256	1280	256	256	1280
512	256	1280	403	313	1393
768	256	1280	538	361	1481
1024	256	1280	666	402	1556
1280	256	1280	790	441	1624
1536	256	1280	910	477	1685
1792	256	1280	1028	511	1742
2048	256	1280	1145	544	1796
2303	256	1280	1259	576	1847
2559	256	1280	1373	607	1896
2815	256	1280	1485	637	1943
3071	256	1280	1597	666	1988
3327	256	1280	1707	695	2032
3583	256	1280	1817	723	2074
3839	256	1280	1927	750	2116
4095	256	1280	2035	777	2156
0	512	1280	61	264	907
256	512	1280	342	436	1172
512	512	1280	512	512	1280
768	512	1280	664	573	1364
1024	512	1280	807	627	1436
1280	512	1280	944	676	1501
1536	512	1280	1076	721	1560
1792	512	1280	1205	764	1614
2048	512	1280	1332	805	1666
2303	512	1280	1456	844	1715
2559	512	1280	1579	882	1762
2815	512	1280	1700	918	1807
3071	512	1280	1820	954	1851
3327	512	1280	1939	989	1893
3583	512	1280	2056	1023	1933
3839	512	1280	2173	1056	1973
4095	512	1280	2289	1089	2012
0	768	1280	91	396	840
256	768	1280	415	606	1095
512	768	1280	603	696	1199
768	768	1280	768	768	1280
1024	768	1280	922	831	1350
1280	768	1280	1069	888	1412
1536	768	1280	1210	940	1469
1792	768	1280	1348	990	1522
2048	768	1280	1482	1037	1572
2303	768	1280	1614	1081	1620
2559	768	1280	1743	1125	1665
2815	768	1280	1871	1166	1709
3071	768	1280	1997	1207	1751
3327	768	1280	2122	1247	1792
3583	768	1280	2246	1285	1831
3839	768	1280	2368	1323	1870
4095	768	1280	2490	1360	1908
0	1024	1280	122	528	786
256	1024	1280	482	770	1033
512	1024	1280	684	872	1134
768	1024	1280	861	954	1212
1024	1024	1280	1024	1024	1280
1280	1024	1280	1179	1088	1341
1536	1024	1280	1328	1146	1396
1792	1024	1280	1473	1201	1448
2048	1024	1280	1614	1254	1497
2303	1024	1280	1751	1303	1543
2559	1024	1280	1887	1351	1587
2815	1024	1280	2020	1397	1630
3071	1024	1280	2152	1442	1671
3327	1024	1280	2281	1485	1710
3583	1024	1280	2410	1528	1749
3839	1024	1280	2537	1569	1787
4095	1024	1280	2663	1609	1823
0	1280	1280	152	660	741
256	1280	1280	545	931	980
512	1280	1280	760	1044	1078
768	1280	1280	946	1133	1155
1024	1280	1280	1118	1210	1221
1280	1280	1280	1280	1280	1280
1536	1280	1280	1436	1344	1334
1792	1280	1280	1586	1404	1385
2048	1280	1280	1733	1461	1432
2303	1280	1280	1876	1515	1477
2559	1280	1280	2016	1567	1521
2815	1280	1280	2155	1617	1562
3071	1280	1280	2291	1665	1602
3327	1280	1280	2425	1712	1641
3583	1280	1280	2558	1758	1679
3839	1280	1280	2690	1802	1716
4095	1280	1280	2820	1846	1752
0	1536	1280	183	792	702
256	1536	1280	605	1089	935
512	1536	1280	831	1212	1030
768	1536	1280	1026	1309	1105
1024	1536	1280	1205	1392	1169
1280	1536	1280	1374	1467	1227
1536	1536	1280	1536	1536	1280
1792	1536	1280	1692	1600	1329
2048	1536	1280	1844	1661	1376
2303	1536	1280	1992	1719	1420
2559	1536	1280	2137	1775	1462
2815	1536	1280	2279	1828	1503
3071	1536	1280	2420	1880	1542
3327	1536	1280	2558	1930	1581
3583	1536	1280	2695	1979	1618
3839	1536	1280	2830	2027	1654
4095	1536	1280	2964	2073	1689
0	1792	1280	213	924	667
256	1792	1280	662	1245	894
512	1792	1280	899	1377	987
768	1792	1280	1102	1481	1061
1024	1792	1280	1288	1570	1123
1280	1792	1280	1464	1650	1180
1536	1792	1280	1631	1723	1232
1792	1792	1280	1792	1792	1280
2048	1792	1280	1949	1857	1326
2303	1792	1280	2101	1918	1369
2559	1792	1280	2250	1977	1410
2815	1792	1280	2397	2034	1450
3071	1792	1280	2541	2089	1489
3327	1792	1280	2683	2142	1526
3583	1792	1280	2823	2193	1563
3839	1792	1280	2962	2244	1598
4095	1792	1280	3099	2293	1632
0	2048	1280	244	1056	636
256	2048	1280	718	1399	857
512	2048	1280	965	1540	949
768	2048	1280	1176	1650	1020
1024	2048	1280	1368	1745	1082
1280	2048	1280	1549	1829	1137
1536	2048	1280	1721	1907	1188
1792	2048	1280	1887	1980	1235
2048	2048	1280	2048	2048	1280
2303	2048	1280	2204	2113	1322
2559	2048	1280	2358	2175	1363
2815	2048	1280	2508	2235	1402
3071	2048	1280	2656	2292	1440
3327	2048	1280	2801	2348	1477
3583	2048	1280	2945	2403	1513
3839	2048	1280	3087	2455	1547
4095	2048	1280	3227	2507	1581
0	2303	1280	274	1187	608
256	2303	1280	772	1552	824
512	2303	1280	1028	1701	913
768	2303	1280	1246	1817	983
1024	2303	1280	1444	1916	1044
1280	2303	1280	1630	2006	1098
1536	2303	1280	1808	2087	1148
1792	2303	1280	1978	2163	1194
2048	2303	1280	2143	2235	1238
2303	2303	1280	2303	2303	1280
2559	2303	1280	2460	2368	1320
2815	2303	1280	2614	2431	1359
3071	2303	1280	2765	2491	1396
3327	2303	1280	2914	2550	1432
3583	2303	1280	3060	2606	1467
3839	2303	1280	3205	2662	1501
4095	2303	1280	3348	2715	1534
0	2559	1280	305	1319	581
256	2559	1280	825	1704	793
512	2559	1280	1090	1861	881
768	2559	1280	1315	1982	949
1024	2559	1280	1519	2087	1009
1280	2559	1280	1710	2180	1062
1536	2559	1280	1891	2266	1111
1792	2559	1280	2066	2345	1157
2048	2559	1280	2235	2420	1200
2303	2559	1280	2399	2491	1241
2559	2559	1280	2559	2559	1280
2815	2559	1280	2716	2624	1318
3071	2559	1280	2870	2687	1355
3327	2559	1280	3022	2748	1390
3583	2559	1280	3172	2807	1425
3839	2559	1280	3319	2865	1458
4095	2559	1280	3465	2921	1491
0	2815	1280	335	1451	557
256	2815	1280	877	1856	764
512	2815	1280	1150	2019	850
768	2815	1280	1381	2147	918
1024	2815	1280	1591	2256	976
1280	2815	1280	1787	2353	1028
1536	2815	1280	1973	2442	1076
1792	2815	1280	2151	2525	1121
2048	2815	1280	2324	2603	1164
2303	2815	1280	2491	2676	1204
2559	2815	1280	2655	2747	1243
2815	2815	1280	2815	2815	1280
3071	2815	1280	2972	2880	1316
3327	2815	1280	3127	2944	1351
3583	2815	1280	3279	3005	1385
3839	2815	1280	3429	3065	1418
4095	2815	1280	3578	3123	1450
0	3071	1280	365	1583	535
256	3071	1280	928	2006	738
512	3071	1280	1209	2177	822
768	3071	1280	1447	2309	888
1024	3071	1280	1661	2423	945
1280	3071	1280	1862	2524	997
1536	3071	1280	2052	2616	1044
1792	3071	1280	2234	2702	1088
2048	3071	1280	2410	2783	1130
2303	3071	1280	2581	2860	1170
2559	3071	1280	2748	2933	1208
2815	3071	1280	2911	3003	1244
3071	3071	1280	3071	3071	1280
3327	3071	1280	3228	3136	1314
3583	3071	1280	3383	3200	1348
3839	3071	1280	3536	3262	1381
4095	3071	1280	3687	3322	1412
0	3327	1280	396	1715	514
256	3327	1280	978	2156	713
512	3327	1280	1267	2333	795
768	3327	1280	1510	2471	860
1024	3327	1280	1730	2589	917
1280	3327	1280	1935	2693	967
1536	3327	1280	2129	2789	1014
1792	3327	1280	2315	2878	1057
2048	3327	1280	2494	2962	1098
2303	3327	1280	2668	3041	1137
2559	3327	1280	2838	3117	1175
2815	3327	1280	3004	3189	1211
3071	3327	1280	3167	3259	1246
3327	3327	1280	3327	3327	1280
3583	3327	1280	3485	3393	1313
3839	3327	1280	3640	3456	1345
4095	3327	1280	3793	3518	1377
0	3583	1280	426	1847	494
256	3583	1280	1028	2305	689
512	3583	1280	1324	2489	770
768	3583	1280	1573	2631	834
1024	3583	1280	1798	2753	890
1280	3583	1280	2007	2862	939
1536	3583	1280	2204	2961	985
1792	3583	1280	2394	3053	1028
2048	3583	1280	2577	3139	1068
2303	3583	1280	2753	3221	1107
2559	3583	1280	2926	3299	1144
2815	3583	1280	3095	3374	1180
3071	3583	1280	3260	3446	1214
3327	3583	1280	3423	3515	1247
3583	3583	1280	3583	3583	1280
3839	3583	1280	3741	3649	1312
4095	3583	1280	3896	3713	1343
0	3839	1280	457	1979	475
256	3839	1280	1077	2454	667
512	3839	1280	1380	2644	746
768	3839	1280	1635	2791	809
1024	3839	1280	1864	2917	864
1280	3839	1280	2077	3029	913
1536	3839	1280	2278	3131	958
1792	3839	1280	2471	3225	1000
2048	3839	1280	2657	3314	1040
2303	3839	1280	2837	3399	1078
2559	3839	1280	3012	3479	1114
2815	3839	1280	3184	3556	1150
3071	3839	1280	3352	3630	1184
3327	3839	1280	3517	3702	1217
3583	3839	1280	3679	3772	1249
3839	3839	1280	3839	3839	1280
4095	3839	1280	3997	3905	1311
0	4095	1280	487	2111	458
256	4095	1280	1125	2602	646
512	4095	1280	1435	2798	724
768	4095	1280	1695	2950	786
1024	4095	1280	1929	3079	840
1280	4095	1280	2146	3194	888
1536	4095	1280	2351	3300	932
1792	4095	1280	2547	3397	974
2048	4095	1280	2736	3489	1013
2303	4095	1280	2918	3575	1050
2559	4095	1280	3097	3658	1086
2815	4095	1280	3271	3737	1121
3071	4095	1280	3441	3813	1155
3327	4095	1280	3609	3887	1187
3583	4095	1280	3773	3958	1219
3839	4095	1280	3935	4028	1250
4095	4095	1280	4095	4095	1280
0	0	1536	0	0	1536
256	0	1536	89	13	1885
512	0	1536	179	26	2024
768	0	1536	268	40	2131
1024	0	1536	358	53	2223
1280	0	1536	447	66	2305
1536	0	1536	537	79	2379
1792	0	1536	626	93	2448
2048	0	1536	715	106	2513
2303	0	1536	805	119	2574
2559	0	1536	894	132	2632
2815	0	1536	983	145	2688
3071	0	1536	1073	159	2742
3327	0	1536	1162	172	2794
3583	0	1536	1252	185	2845
3839	0	1536	1341	198	2894
4095	0	1536	1431	211	2941
0	256	1536	30	132	1226
256	256	1536	256	256	1536
512	256	1536	403	313	1661
768	256	1536	538	361	1757
1024	256	1536	666	402	1840
1280	256	1536	790	441	1914
1536	256	1536	910	477	1981
1792	256	1536	1028	511	2043
2048	256	1536	1145	544	2102
2303	256	1536	1259	576	2158
2559	256	1536	1373	607	2211
2815	256	1536	1485	637	2262
3071	256	1536	1597	666	2311
3327	256	1536	1707	695	2358
3583	256	1536	1817	723	2404
3839	256	1536	1927	750	2449
4095	256	1536	2035	777	2492
0	512	1536	61	264	1121
256	512	1536	342	436	1417
512	512	1536	512	512	1536
768	512	1536	664	573	1629
1024	512	1536	807	627	1708
1280	512	1536	944	676	1779
1536	512	1536	1076	721	1843
1792	512	1536	1205	764	1904
2048	512	1536	1332	805	1960
2303	512	1536	1456	844	2014
2559	512	1536	1579	882	2065
2815	512	1536	1700	918	2114
3071	512	1536	1820	954	2161
3327	512	1536	1939	989	2207
3583	512	1536	2056	1023	2251
3839	512	1536	2173	1056	2294
4095	512	1536	2289	1089	2336
0	768	1536	91	396	1045
256	768	1536	415	606	1331
512	768	1536	603	696	1446
768	768	1536	768	768	1536
1024	768	1536	922	831	1613
1280	768	1536	1069	888	1681
1536	768	1536	1210	940	1744
1792	768	1536	1348	990	1802
2048	768	1536	1482	1037	1857
2303	768	1536	1614	1081	1909
2559	768	1536	1743	1125	1959
2815	768	1536	1871	1166	2007
3071	768	1536	1997	1207	2053
3327	768	1536	2122	1247	2097
3583	768	1536	2246	1285	2140
3839	768	1536	2368	1323	2182
4095	768	1536	2490	1360	2223
0	1024	1536	122	528	985
256	1024	1536	482	770	1262
512	1024	1536	684	872	1374
768	1024	1536	861	954	1461
1024	1024	1536	1024	1024	1536
1280	1024	1536	1179	1088	1603
1536	1024	1536	1328	1146	1664
1792	1024	1536	1473	1201	1721
2048	1024	1536	1614	1254	1774
2303	1024	1536	1751	1303	1825
2559	1024	1536	1887	1351	1873
2815	1024	1536	2020	1397	1920
3071	1024	1536	2152	1442	1965
3327	1024	1536	2281	1485	2008
3583	1024	1536	2410	1528	2051
3839	1024	1536	2537	1569	2092
4095	1024	1536	2663	1609	2131
0	1280	1536	152	660	934
256	1280	1536	545	931	1203
512	1280	1536	760	1044	1312
768	1280	1536	946	1133	1398
1024	1280	1536	1118	1210	1471
1280	1280	1536	1280	1280	1536
1536	1280	1536	1436	1344	1596
1792	1280	1536	1586	1404	1651
2048	1280	1536	1733	1461	1704
2303	1280	1536	1876	1515	1753
2559	1280	1536	2016	1567	1801
2815	1280	1536	2155	1617	1846
3071	1280	1536	2291	1665	1890
3327	1280	1536	2425	1712	1933
3583	1280	1536	2558	1758	1974
3839	1280	1536	2690	1802	2014
4095	1280	1536	2820	1846	2053
0	1536	1536	183	792	889
256	1536	1536	605	1089	1152
512	1536	1536	831	1212	1259
768	1536	1536	1026	1309	1342
1024	1536	1536	1205	1392	1414
1280	1536	1536	1374	1467	1477
1536	1536	1536	1536	1536	1536
1792	1536	1536	1692	1600	1590
2048	1536	1536	1844	1661	1642
2303	1536	1536	1992	1719	1690
2559	1536	1536	2137	1775	1737
2815	1536	1536	2279	1828	1782
3071	1536	1536	2420	1880	1825
3327	1536	1536	2558	1930	1866
3583	1536	1536	2695	1979	1907
3839	1536	1536	2830	2027	1946
4095	1536	1536	2964	2073	1985
0	1792	1536	213	924	850
256	1792	1536	662	1245	1106
512	1792	1536	899	1377	1211
768	1792	1536	1102	1481	1293
1024	1792	1536	1288	1570	1363
1280	1792	1536	1464	1650	1425
1536	1792	1536	1631	1723	1483
1792	1792	1536	1792	1792	1536
2048	1792	1536	1949	1857	1586
2303	1792	1536	2101	1918	1634
2559	1792	1536	2250	1977	1680
2815	1792	1536	2397	2034	1724
3071	1792	1536	2541	2089	1766
3327	1792	1536	2683	2142	1807
3583	1792	1536	2823	2193	1847
3839	1792	1536	2962	2244	1885
4095	1792	1536	3099	2293	1923
0	2048	1536	244	1056	814
256	2048	1536	718	1399	1065
512	2048	1536	965	1540	1168
768	2048	1536	1176	1650	1248
1024	2048	1536	1368	1745	1316
1280	2048	1536	1549	1829	1378
1536	2048	1536	1721	1907	1434
1792	2048	1536	1887	1980	1487
2048	2048	1536	2048	2048	1536
2303	2048	1536	2204	2113	1583
2559	2048	1536	2358	2175	1628
2815	2048	1536	2508	2235	1671
3071	2048	1536	2656	2292	1713
3327	2048	1536	2801	2348	1753
3583	2048	1536	2945	2403	1792
3839	2048	1536	3087	2455	1830
4095	2048	1536	3227	2507	1867
0	2303	1536	274	1187	781
256	2303	1536	772	1552	1027
512	2303	1536	1028	1701	1128
768	2303	1536	1246	1817	1207
1024	2303	1536	1444	1916	1274
1280	2303	1536	1630	2006	1334
1536	2303	1536	1808	2087	1390
1792	2303	1536	1978	2163	1441
2048	2303	1536	2143	2235	1490
2303	2303	1536	2303	2303	1536
2559	2303	1536	2460	2368	1580
2815	2303	1536	2614	2431	1623
3071	2303	1536	2765	2491	1664
3327	2303	1536	2914	2550	1703
3583	2303	1536	3060	2606	1742
3839	2303	1536	3205	2662	1779
4095	2303	1536	3348	2715	1816
0	2559	1536	305	1319	751
256	2559	1536	825	1704	993
512	2559	1536	1090	1861	1091
768	2559	1536	1315	1982	1168
1024	2559	1536	1519	2087	1235
1280	2559	1536	1710	2180	1294
1536	2559	1536	1891	2266	1349
1792	2559	1536	2066	2345	1399
2048	2559	1536	2235	2420	1447
2303	2559	1536	2399	2491	1492
2559	2559	1536	2559	2559	1536
2815	2559	1536	2716	2624	1578
3071	2559	1536	2870	2687	1618
3327	2559	1536	3022	2748	1657
3583	2559	1536	3172	2807	1695
3839	2559	1536	3319	2865	1732
4095	2559	1536	3465	2921	1768
0	2815	1536	335	1451	724
256	2815	1536	877	1856	960
512	2815	1536	1150	2019	1057
768	2815	1536	1381	2147	1133
1024	2815	1536	1591	2256	1198
1280	2815	1536	1787	2353	1257
1536	2815	1536	1973	2442	1310
1792	2815	1536	2151	2525	1360
2048	2815	1536	2324	2603	1407
2303	2815	1536	2491	2676	1452
2559	2815	1536	2655	2747	1495
2815	2815	1536	2815	2815	1536
3071	2815	1536	2972	2880	1576
3327	2815	1536	3127	2944	1614
3583	2815	1536	3279	3005	1652
3839	2815	1536	3429	3065	1688
4095	2815	1536	3578	3123	1724
0	3071	1536	365	1583	698
256	3071	1536	928	2006	930
512	3071	1536	1209	2177	1025
768	3071	1536	1447	2309	1100
1024	3071	1536	1661	2423	1164
1280	3071	1536	1862	2524	1221
1536	3071	1536	2052	2616	1274
1792	3071	1536	2234	2702	1323
2048	3071	1536	2410	2783	1370
2303	3071	1536	2581	2860	1414
2559	3071	1536	2748	2933	1456
2815	3071	1536	2911	3003	1497
3071	3071	1536	3071	3071	1536
3327	3071	1536	3228	3136	1574
3583	3071	1536	3383	3200	1611
3839	3071	1536	3536	3262	1647
4095	3071	1536	3687	3322	1682
0	3327	1536	396	1715	673
256	3327	1536	978	2156	901
512	3327	1536	1267	2333	995
768	3327	1536	1510	2471	1069
1024	3327	1536	1730	2589	1132
1280	3327	1536	1935	2693	1188
1536	3327	1536	2129	2789	1240
1792	3327	1536	2315	2878	1289
2048	3327	1536	2494	2962	1335
2303	3327	1536	2668	3041	1378
2559	3327	1536	2838	3117	1420
2815	3327	1536	3004	3189	1460
3071	3327	1536	3167	3259	1498
3327	3327	1536	3327	3327	1536
3583	3327	1536	3485	3393	1572
3839	3327	1536	3640	3456	1608
4095	3327	1536	3793	3518	1643
0	3583	1536	426	1847	650
256	3583	1536	1028	2305	875
512	3583	1536	1324	2489	967
768	3583	1536	1573	2631	1039
1024	3583	1536	1798	2753	1101
1280	3583	1536	2007	2862	1157
1536	3583	1536	2204	2961	1208
1792	3583	1536	2394	3053	1256
2048	3583	1536	2577	3139	1301
2303	3583	1536	2753	3221	1344
2559	3583	1536	2926	3299	1385
2815	3583	1536	3095	3374	1425
3071	3583	1536	3260	3446	1463
3327	3583	1536	3423	3515	1500
3583	3583	1536	3583	3583	1536
3839	3583	1536	3741	3649	1571
4095	3583	1536	3896	3713	1605
0	3839	1536	457	1979	629
256	3839	1536	1077	2454	849
512	3839	1536	1380	2644	940
768	3839	1536	1635	2791	1011
1024	3839	1536	1864	2917	1072
1280	3839	1536	2077	3029	1127
1536	3839	1536	2278	3131	1178
1792	3839	1536	2471	3225	1225
2048	3839	1536	2657	3314	1270
2303	3839	1536	2837	3399	1312
2559	3839	1536	3012	3479	1353
2815	3839	1536	3184	3556	1392
3071	3839	1536	3352	3630	1429
3327	3839	1536	3517	3702	1466
3583	3839	1536	3679	3772	1501
3839	3839	1536	3839	3839	1536
4095	3839	1536	3997	3905	1570
0	4095	1536	487	2111	608
256	4095	1536	1125	2602	825
512	4095	1536	1435	2798	914
768	4095	1536	1695	2950	985
1024	4095	1536	1929	3079	1045
1280	4095	1536	2146	3194	1099
1536	4095	1536	2351	3300	1149
1792	4095	1536	2547	3397	1196
2048	4095	1536	2736	3489	1240
2303	4095	1536	2918	3575	1281
2559	4095	1536	3097	3658	1321
2815	4095	1536	3271	3737	1360
3071	4095	1536	3441	3813	1397
3327	4095	1536	3609	3887	1433
3583	4095	1536	3773	3958	1468
3839	4095	1536	3935	4028	1503
4095	4095	1536	4095	4095	1536
0	0	1792	0	0	1792
256	0	1792	89	13	2170
512	0	1792	179	26	2320
768	0	1792	268	40	2436
1024	0	1792	358	53	2534
1280	0	1792	447	66	2622
1536	0	1792	537	79	2701
1792	0	1792	626	93	2775
2048	0	1792	715	106	2845
2303	0	1792	805	119	2910
2559	0	1792	894	132	2973
2815	0	1792	983	145	3033
3071	0	1792	1073	159	3090
3327	0	1792	1162	172	3146
3583	0	1792	1252	185	3199
3839	0	1792	1341	198	3252
4095	0	1792	1431	211	3302
0	256	1792	30	132	1453
256	256	1792	256	256	1792
512	256	1792	403	313	1927
768	256	1792	538	361	2032
1024	256	1792	666	402	2122
1280	256	1792	790	441	2201
1536	256	1792	910	477	2274
1792	256	1792	1028	511	2341
2048	256	1792	1145	544	2404
2303	256	1792	1259	576	2464
2559	256	1792	1373	607	2521
2815	256	1792	1485	637	2576
3071	256	1792	1597	666	2628
3327	256	1792	1707	695	2679
3583	256	1792	1817	723	2729
3839	256	1792	1927	750	2776
4095	256	1792	2035	777	2823
0	512	1792	61	264	1338
256	512	1792	342	436	1662
512	512	1792	512	512	1792
768	512	1792	664	573	1893
1024	512	1792	807	627	1979
1280	512	1792	944	676	2055
1536	512	1792	1076	721	2125
1792	512	1792	1205	764	2190
2048	512	1792	1332	805	2251
2303	512	1792	1456	844	2309
2559	512	1792	1579	882	2364
2815	512	1792	1700	918	2417
3071	512	1792	1820	954	2468
3327	512	1792	1939	989	2517
3583	512	1792	2056	1023	2565
3839	512	1792	2173	1056	2611
4095	512	1792	2289	1089	2656
0	768	1792	91	396	1254
256	768	1792	415	606	1568
512	768	1792	603	696	1694
768	768	1792	768	768	1792
1024	768	1792	922	831	1875
1280	768	1792	1069	888	1950
1536	768	1792	1210	940	2018
1792	768	1792	1348	990	2081
2048	768	1792	1482	1037	2140
2303	768	1792	1614	1081	2196
2559	768	1792	1743	1125	2250
2815	768	1792	1871	1166	2301
3071	768	1792	1997	1207	2351
3327	768	1792	2122	1247	2399
3583	768	1792	2246	1285	2445
3839	768	1792	2368	1323	2490
4095	768	1792	2490	1360	2534
0	1024	1792	122	528	1187
256	1024	1792	482	770	1493
512	1024	1792	684	872	1615
768	1024	1792	861	954	1711
1024	1024	1792	1024	1024	1792
1280	1024	1792	1179	1088	1865
1536	1024	1792	1328	1146	1931
1792	1024	1792	1473	1201	1993
2048	1024	1792	1614	1254	2051
2303	1024	1792	1751	1303	2105
2559	1024	1792	1887	1351	2158
2815	1024	1792	2020	1397	2208
3071	1024	1792	2152	1442	2256
3327	1024	1792	2281	1485	2303
3583	1024	1792	2410	1528	2349
3839	1024	1792	2537	1569	2393
4095	1024	1792	2663	1609	2436
0	1280	1792	152	660	1131
256	1280	1792	545	931	1428
512	1280	1792	760	1044	1548
768	1280	1792	946	1133	1641
1024	1280	1792	1118	1210	1721
1280	1280	1792	1280	1280	1792
1536	1280	1792	1436	1344	1857
1792	1280	1792	1586	1404	1917
2048	1280	1792	1733	1461	1974
2303	1280	1792	1876	1515	2028
2559	1280	1792	2016	1567	2079
2815	1280	1792	2155	1617	2128
3071	1280	1792	2291	1665	2176
3327	1280	1792	2425	1712	2222
3583	1280	1792	2558	1758	2266
3839	1280	1792	2690	1802	2310
4095	1280	1792	2820	1846	2352
0	1536	1792	183	792	1081
256	1536	1792	605	1089	1372
512	1536	1792	831	1212	1489
768	1536	1792	1026	1309	1581
1024	1536	1792	1205	1392	1659
1280	1536	1792	1374	1467	1728
1536	1536	1792	1536	1536	1792
1792	1536	1792	1692	1600	1851
2048	1536	1792	1844	1661	1907
2303	1536	1792	1992	1719	1960
2559	1536	1792	2137	1775	2010
2815	1536	1792	2279	1828	2058
3071	1536	1792	2420	1880	2105
3327	1536	1792	2558	1930	2150
3583	1536	1792	2695	1979	2194
3839	1536	1792	2830	2027	2236
4095	1536	1792	2964	2073	2278
0	1792	1792	213	924	1037
256	1792	1792	662	1245	1322
512	1792	1792	899	1377	1437
768	1792	1792	1102	1481	1526
1024	1792	1792	1288	1570	1603
1280	1792	1792	1464	1650	1671
1536	1792	1792	1631	1723	1734
1792	1792	1792	1792	1792	1792
2048	1792	1792	1949	1857	1847
2303	1792	1792	2101	1918	1898
2559	1792	1792	2250	1977	1948
2815	1792	1792	2397	2034	1996
3071	1792	1792	2541	2089	2041
3327	1792	1792	2683	2142	2086
3583	1792	1792	2823	2193	2129
3839	1792	1792	2962	2244	2171
4095	1792	1792	3099	2293	2211
0	2048	1792	244	1056	998
256	2048	1792	718	1399	1276
512	2048	1792	965	1540	1389
768	2048	1792	1176	1650	1477
1024	2048	1792	1368	1745	1552
1280	2048	1792	1549	1829	1619
1536	2048	1792	1721	1907	1681
1792	2048	1792	1887	1980	1738
2048	2048	1792	2048	2048	1792
2303	2048	1792	2204	2113	1843
2559	2048	1792	2358	2175	1892
2815	2048	1792	2508	2235	1939
3071	2048	1792	2656	2292	1984
3327	2048	1792	2801	2348	2027
3583	2048	1792	2945	2403	2070
3839	2048	1792	3087	2455	2111
4095	2048	1792	3227	2507	2151
0	2303	1792	274	1187	961
256	2303	1792	772	1552	1235
512	2303	1792	1028	1701	1346
768	2303	1792	1246	1817	1432
1024	2303	1792	1444	1916	1506
1280	2303	1792	1630	2006	1572
1536	2303	1792	1808	2087	1633
1792	2303	1792	1978	2163	1689
2048	2303	1792	2143	2235	1742
2303	2303	1792	2303	2303	1792
2559	2303	1792	2460	2368	1840
2815	2303	1792	2614	2431	1886
3071	2303	1792	2765	2491	1931
3327	2303	1792	2914	2550	1974
3583	2303	1792	3060	2606	2015
3839	2303	1792	3205	2662	2056
4095	2303	1792	3348	2715	2096
0	2559	1792	305	1319	928
256	2559	1792	825	1704	1196
512	2559	1792	1090	1861	1305
768	2559	1792	1315	1982	1390
1024	2559	1792	1519	2087	1463
1280	2559	1792	1710	2180	1528
1536	2559	1792	1891	2266	1588
1792	2559	1792	2066	2345	1643
2048	2559	1792	2235	2420	1695
2303	2559	1792	2399	2491	1745
2559	2559	1792	2559	2559	1792
2815	2559	1792	2716	2624	1837
3071	2559	1792	2870	2687	1881
3327	2559	1792	3022	2748	1924
3583	2559	1792	3172	2807	1965
3839	2559	1792	3319	2865	2005
4095	2559	1792	3465	2921	2044
0	2815	1792	335	1451	896
256	2815	1792	877	1856	1160
512	2815	1792	1150	2019	1267
768	2815	1792	1381	2147	1351
1024	2815	1792	1591	2256	1423
1280	2815	1792	1787	2353	1487
1536	2815	1792	1973	2442	1546
1792	2815	1792	2151	2525	1600
2048	2815	1792	2324	2603	1652
2303	2815	1792	2491	2676	1700
2559	2815	1792	2655	2747	1747
2815	2815	1792	2815	2815	1792
3071	2815	1792	2972	2880	1835
3327	2815	1792	3127	2944	1877
3583	2815	1792	3279	3005	1918
3839	2815	1792	3429	3065	1957
4095	2815	1792	3578	3123	1996
0	3071	1792	365	1583	867
256	3071	1792	928	2006	1127
512	3071	1792	1209	2177	1232
768	3071	1792	1447	2309	1315
1024	3071	1792	1661	2423	1385
1280	3071	1792	1862	2524	1448
1536	3071	1792	2052	2616	1506
1792	3071	1792	2234	2702	1560
2048	3071	1792	2410	2783	1611
2303	3071	1792	2581	2860	1659
2559	3071	1792	2748	2933	1705
2815	3071	1792	2911	3003	1749
3071	3071	1792	3071	3071	1792
3327	3071	1792	3228	3136	1833
3583	3071	1792	3383	3200	1873
3839	3071	1792	3536	3262	1912
4095	3071	1792	3687	3322	1950
0	3327	1792	396	1715	840
256	3327	1792	978	2156	1095
512	3327	1792	1267	2333	1199
768	3327	1792	1510	2471	1280
1024	3327	1792	1730	2589	1350
1280	3327	1792	1935	2693	1412
1536	3327	1792	2129	2789	1469
1792	3327	1792	2315	2878	1522
2048	3327	1792	2494	2962	1572
2303	3327	1792	2668	3041	1620
2559	3327	1792	2838	3117	1665
2815	3327	1792	3004	3189	1709
3071	3327	1792	3167	3259	1751
3327	3327	1792	3327	3327	1792
3583	3327	1792	3485	3393	1832
3839	3327	1792	3640	3456	1870
4095	3327	1792	3793	3518	1908
0	3583	1792	426	1847	814
256	3583	1792	1028	2305	1065
512	3583	1792	1324	2489	1168
768	3583	1792	1573	2631	1248
1024	3583	1792	1798	2753	1316
1280	3583	1792	2007	2862	1378
1536	3583	1792	2204	2961	1434
1792	3583	1792	2394	3053	1487
2048	3583	1792	2577	3139	1536
2303	3583	1792	2753	3221	1583
2559	3583	1792	2926	3299	1628
2815	3583	1792	3095	3374	1671
3071	3583	1792	3260	3446	1713
3327	3583	1792	3423	3515	1753
3583	3583	1792	3583	3583	1792
3839	3583	1792	3741	3649	1830
4095	3583	1792	3896	3713	1867
0	3839	1792	457	1979	790
256	3839	1792	1077	2454	1037
512	3839	1792	1380	2644	1138
768	3839	1792	1635	2791	1217
1024	3839	1792	1864	2917	1284
1280	3839	1792	2077	3029	1345
1536	3839	1792	2278	3131	1401
1792	3839	1792	2471	3225	1453
2048	3839	1792	2657	3314	1501
2303	3839	1792	2837	3399	1548
2559	3839	1792	3012	3479	1592
2815	3839	1792	3184	3556	1635
3071	3839	1792	3352	3630	1676
3327	3839	1792	3517	3702	1716
3583	3839	1792	3679	3772	1754
3839	3839	1792	3839	3839	1792
4095	3839	1792	3997	3905	1829
0	4095	1792	487	2111	766
256	4095	1792	1125	2602	1010
512	4095	1792	1435	2798	1109
768	4095	1792	1695	2950	1187
1024	4095	1792	1929	3079	1254
1280	4095	1792	2146	3194	1314
1536	4095	1792	2351	3300	1369
1792	4095	1792	2547	3397	1420
2048	4095	1792	2736	3489	1468
2303	4095	1792	2918	3575	1514
2559	4095	1792	3097	3658	1558
2815	4095	1792	3271	3737	1600
3071	4095	1792	3441	3813	1641
3327	4095	1792	3609	3887	1680
3583	4095	1792	3773	3958	1718
3839	4095	1792	3935	4028	1756
4095	4095	1792	4095	4095	1792
0	0	2048	0	0	2048
256	0	2048	89	13	2453
512	0	2048	179	26	2613
768	0	2048	268	40	2737
1024	0	2048	358	53	2842
1280	0	2048	447	66	2935
1536	0	2048	537	79	3020
1792	0	2048	626	93	3098
2048	0	2048	715	106	3172
2303	0	2048	805	119	3241
2559	0	2048	894	132	3308
2815	0	2048	983	145	3371
3071	0	2048	1073	159	3432
3327	0	2048	1162	172	3491
3583	0	2048	1252	185	3548
3839	0	2048	1341	198	3603
4095	0	2048	1431	211	3657
0	256	2048	30	132	1682
256	256	2048	256	256	2048
512	256	2048	403	313	2193
768	256	2048	538	361	2306
1024	256	2048	666	402	2401
1280	256	2048	790	441	2486
1536	256	2048	910	477	2564
1792	256	2048	1028	511	2636
2048	256	2048	1145	544	2703
2303	256	2048	1259	576	2767
2559	256	2048	1373	607	2828
2815	256	2048	1485	637	2886
3071	256	2048	1597	666	2942
3327	256	2048	1707	695	2996
3583	256	2048	1817	723	3049
3839	256	2048	1927	750	3099
4095	256	2048	2035	777	3149
0	512	2048	61	264	1557
256	512	2048	342	436	1908
512	512	2048	512	512	2048
768	512	2048	664	573	2156
1024	512	2048	807	627	2249
1280	512	2048	944	676	2331
1536	512	2048	1076	721	2406
1792	512	2048	1205	764	2475
2048	512	2048	1332	805	2540
2303	512	2048	1456	844	2602
2559	512	2048	1579	882	2660
2815	512	2048	1700	918	2717
3071	512	2048	1820	954	2771
3327	512	2048	1939	989	2823
3583	512	2048	2056	1023	2874
3839	512	2048	2173	1056	2923
4095	512	2048	2289	1089	2971
0	768	2048	91	396	1466
256	768	2048	415	606	1807
512	768	2048	603	696	1943
768	768	2048	768	768	2048
1024	768	2048	922	831	2138
1280	768	2048	1069	888	2218
1536	768	2048	1210	940	2290
1792	768	2048	1348	990	2358
2048	768	2048	1482	1037	2422
2303	768	2048	1614	1081	2481
2559	768	2048	1743	1125	2539
2815	768	2048	1871	1166	2594
3071	768	2048	1997	1207	2647
3327	768	2048	2122	1247	2698
3583	768	2048	2246	1285	2747
3839	768	2048	2368	1323	2795
4095	768	2048	2490	1360	2842
0	1024	2048	122	528	1394
256	1024	2048	482	770	1725
512	1024	2048	684	872	1858
768	1024	2048	861	954	1960
1024	1024	2048	1024	1024	2048
1280	1024	2048	1179	1088	2126
1536	1024	2048	1328	1146	2197
1792	1024	2048	1473	1201	2263
2048	1024	2048	1614	1254	2325
2303	1024	2048	1751	1303	2384
2559	1024	2048	1887	1351	2440
2815	1024	2048	2020	1397	2494
3071	1024	2048	2152	1442	2546
3327	1024	2048	2281	1485	2596
3583	1024	2048	2410	1528	2644
3839	1024	2048	2537	1569	2691
4095	1024	2048	2663	1609	2737
0	1280	2048	152	660	1332
256	1280	2048	545	931	1655
512	1280	2048	760	1044	1785
768	1280	2048	946	1133	1886
1024	1280	2048	1118	1210	1972
1280	1280	2048	1280	1280	2048
1536	1280	2048	1436	1344	2118
1792	1280	2048	1586	1404	2183
2048	1280	2048	1733	1461	2244
2303	1280	2048	1876	1515	2301
2559	1280	2048	2016	1567	2356
2815	1280	2048	2155	1617	2409
3071	1280	2048	2291	1665	2460
3327	1280	2048	2425	1712	2509
3583	1280	2048	2558	1758	2556
3839	1280	2048	2690	1802	2602
4095	1280	2048	2820	1846	2647
0	1536	2048	183	792	1278
256	1536	2048	605	1089	1594
512	1536	2048	831	1212	1722
768	1536	2048	1026	1309	1820
1024	1536	2048	1205	1392	1904
1280	1536	2048	1374	1467	1979
1536	1536	2048	1536	1536	2048
1792	1536	2048	1692	1600	2112
2048	1536	2048	1844	1661	2171
2303	1536	2048	1992	1719	2228
2559	1536	2048	2137	1775	2282
2815	1536	2048	2279	1828	2334
3071	1536	2048	2420	1880	2384
3327	1536	2048	2558	1930	2432
3583	1536	2048	2695	1979	2479
3839	1536	2048	2830	2027	2524
4095	1536	2048	2964	2073	2568
0	1792	2048	213	924	1229
256	1792	2048	662	1245	1540
512	1792	2048	899	1377	1665
768	1792	2048	1102	1481	1762
1024	1792	2048	1288	1570	1844
1280	1792	2048	1464	1650	1918
1536	1792	2048	1631	1723	1985
1792	1792	2048	1792	1792	2048
2048	1792	2048	1949	1857	2107
2303	1792	2048	2101	1918	2162
2559	1792	2048	2250	1977	2216
2815	1792	2048	2397	2034	2267
3071	1792	2048	2541	2089	2316
3327	1792	2048	2683	2142	2363
3583	1792	2048	2823	2193	2409
3839	1792	2048	2962	2244	2454
4095	1792	2048	3099	2293	2498
0	2048	2048	244	1056	1186
256	2048	2048	718	1399	1490
512	2048	2048	965	1540	1613
768	2048	2048	1176	1650	1708
1024	2048	2048	1368	1745	1790
1280	2048	2048	1549	1829	1862
1536	2048	2048	1721	1907	1928
1792	2048	2048	1887	1980	1990
2048	2048	2048	2048	2048	2048
2303	2048	2048	2204	2113	2103
2559	2048	2048	2358	2175	2155
2815	2048	2048	2508	2235	2205
3071	2048	2048	2656	2292	2254
3327	2048	2048	2801	2348	2301
3583	2048	2048	2945	2403	2346
3839	2048	2048	3087	2455	2390
4095	2048	2048	3227	2507	2433
0	2303	2048	274	1187	1146
256	2303	2048	772	1552	1445
512	2303	2048	1028	1701	1566
768	2303	2048	1246	1817	1659
1024	2303	2048	1444	1916	1740
1280	2303	2048	1630	2006	1811
1536	2303	2048	1808	2087	1876
1792	2303	2048	1978	2163	1937
2048	2303	2048	2143	2235	1994
2303	2303	2048	2303	2303	2048
2559	2303	2048	2460	2368	2100
2815	2303	2048	2614	2431	2149
3071	2303	2048	2765	2491	2197
3327	2303	2048	2914	2550	2243
3583	2303	2048	3060	2606	2288
3839	2303	2048	3205	2662	2331
4095	2303	2048	3348	2715	2374
0	2559	2048	305	1319	1109
256	2559	2048	825	1704	1403
512	2559	2048	1090	1861	1522
768	2559	2048	1315	1982	1614
1024	2559	2048	1519	2087	1693
1280	2559	2048	1710	2180	1763
1536	2559	2048	1891	2266	1828
1792	2559	2048	2066	2345	1888
2048	2559	2048	2235	2420	1944
2303	2559	2048	2399	2491	1997
2559	2559	2048	2559	2559	2048
2815	2559	2048	2716	2624	2097
3071	2559	2048	2870	2687	2144
3327	2559	2048	3022	2748	2190
3583	2559	2048	3172	2807	2234
3839	2559	2048	3319	2865	2277
4095	2559	2048	3465	2921	2318
0	2815	2048	335	1451	1074
256	2815	2048	877	1856	1364
512	2815	2048	1150	2019	1481
768	2815	2048	1381	2147	1572
1024	2815	2048	1591	2256	1649
1280	2815	2048	1787	2353	1719
1536	2815	2048	1973	2442	1782
1792	2815	2048	2151	2525	1841
2048	2815	2048	2324	2603	1897
2303	2815	2048	2491	2676	1949
2559	2815	2048	2655	2747	2000
2815	2815	2048	2815	2815	2048
3071	2815	2048	2972	2880	2095
3327	2815	2048	3127	2944	2139
3583	2815	2048	3279	3005	2183
3839	2815	2048	3429	3065	2225
4095	2815	2048	3578	3123	2267
0	3071	2048	365	1583	1042
256	3071	2048	928	2006	1327
512	3071	2048	1209	2177	1442
768	3071	2048	1447	2309	1532
1024	3071	2048	1661	2423	1609
1280	3071	2048	1862	2524	1677
1536	3071	2048	2052	2616	1740
1792	3071	2048	2234	2702	1798
2048	3071	2048	2410	2783	1853
2303	3071	2048	2581	2860	1905
2559	3071	2048	2748	2933	1954
2815	3071	2048	2911	3003	2002
3071	3071	2048	3071	3071	2048
3327	3071	2048	3228	3136	2092
3583	3071	2048	3383	3200	2136
3839	3071	2048	3536	3262	2177
4095	3071	2048	3687	3322	2218
0	3327	2048	396	1715	1012
256	3327	2048	978	2156	1292
512	3327	2048	1267	2333	1406
768	3327	2048	1510	2471	1495
1024	3327	2048	1730	2589	1570
1280	3327	2048	1935	2693	1638
1536	3327	2048	2129	2789	1700
1792	3327	2048	2315	2878	1757
2048	3327	2048	2494	2962	1811
2303	3327	2048	2668	3041	1863
2559	3327	2048	2838	3117	1912
2815	3327	2048	3004	3189	1959
3071	3327	2048	3167	3259	2004
3327	3327	2048	3327	3327	2048
3583	3327	2048	3485	3393	2091
3839	3327	2048	3640	3456	2132
4095	3327	2048	3793	3518	2172
0	3583	2048	426	1847	983
256	3583	2048	1028	2305	1260
512	3583	2048	1324	2489	1372
768	3583	2048	1573	2631	1459
1024	3583	2048	1798	2753	1534
1280	3583	2048	2007	2862	1601
1536	3583	2048	2204	2961	1662
1792	3583	2048	2394	3053	1718
2048	3583	2048	2577	3139	1772
2303	3583	2048	2753	3221	1823
2559	3583	2048	2926	3299	1871
2815	3583	2048	3095	3374	1918
3071	3583	2048	3260	3446	1962
3327	3583	2048	3423	3515	2006
3583	3583	2048	3583	3583	2048
3839	3583	2048	3741	3649	2089
4095	3583	2048	3896	3713	2129
0	3839	2048	457	1979	956
256	3839	2048	1077	2454	1229
512	3839	2048	1380	2644	1339
768	3839	2048	1635	2791	1425
1024	3839	2048	1864	2917	1499
1280	3839	2048	2077	3029	1565
1536	3839	2048	2278	3131	1626
1792	3839	2048	2471	3225	1682
2048	3839	2048	2657	3314	1735
2303	3839	2048	2837	3399	1785
2559	3839	2048	3012	3479	1832
2815	3839	2048	3184	3556	1879
3071	3839	2048	3352	3630	1923
3327	3839	2048	3517	3702	1966
3583	3839	2048	3679	3772	2007
3839	3839	2048	3839	3839	2048
4095	3839	2048	3997	3905	2087
0	4095	2048	487	2111	930
256	4095	2048	1125	2602	1199
512	4095	2048	1435	2798	1308
768	4095	2048	1695	2950	1393
1024	4095	2048	1929	3079	1466
1280	4095	2048	2146	3194	1531
1536	4095	2048	2351	3300	1591
1792	4095	2048	2547	3397	1647
2048	4095	2048	2736	3489	1699
2303	4095	2048	2918	3575	1748
2559	4095	2048	3097	3658	1796
2815	4095	2048	3271	3737	1841
3071	4095	2048	3441	3813	1885
3327	4095	2048	3609	3887	1928
3583	4095	2048	3773	3958	1969
3839	4095	2048	3935	4028	2009
4095	4095	2048	4095	4095	2048
0	0	2303	0	0	2303
256	0	2303	89	13	2734
512	0	2303	179	26	2904
768	0	2303	268	40	3034
1024	0	2303	358	53	3145
1280	0	2303	447	66	3244
1536	0	2303	537	79	3333
1792	0	2303	626	93	3416
2048	0	2303	715	106	3494
2303	0	2303	805	119	3567
2559	0	2303	894	132	3637
2815	0	2303	983	145	3703
3071	0	2303	1073	159	3768
3327	0	2303	1162	172	3829
3583	0	2303	1252	185	3889
3839	0	2303	1341	198	3947
4095	0	2303	1431	211	4004
0	256	2303	30	132	1912
256	256	2303	256	256	2303
512	256	2303	403	313	2458
768	256	2303	538	361	2577
1024	256	2303	666	402	2679
1280	256	2303	790	441	2769
1536	256	2303	910	477	2851
1792	256	2303	1028	511	2928
2048	256	2303	1145	544	2999
2303	256	2303	1259	576	3066
2559	256	2303	1373	607	3131
2815	256	2303	1485	637	3192
3071	256	2303	1597	666	3251
3327	256	2303	1707	695	3308
3583	256	2303	1817	723	3364
3839	256	2303	1927	750	3417
4095	256	2303	2035	777	3469
0	512	2303	61	264	1777
256	512	2303	342	436	2154
512	512	2303	512	512	2303
768	512	2303	664	573	2418
1024	512	2303	807	627	2517
1280	512	2303	944	676	2604
1536	512	2303	1076	721	2683
1792	512	2303	1205	764	2757
2048	512	2303	1332	805	2826
2303	512	2303	1456	844	2891
2559	512	2303	1579	882	2954
2815	512	2303	1700	918	3013
3071	512	2303	1820	954	3071
3327	512	2303	1939	989	3126
3583	512	2303	2056	1023	3179
3839	512	2303	2173	1056	3231
4095	512	2303	2289	1089	3282
0	768	2303	91	396	1680
256	768	2303	415	606	2045
512	768	2303	603	696	2191
768	768	2303	768	768	2303
1024	768	2303	922	831	2399
1280	768	2303	1069	888	2484
1536	768	2303	1210	940	2561
1792	768	2303	1348	990	2633
2048	768	2303	1482	1037	2700
2303	768	2303	1614	1081	2764
2559	768	2303	1743	1125	2825
2815	768	2303	1871	1166	2883
3071	768	2303	1997	1207	2939
3327	768	2303	2122	1247	2993
3583	768	2303	2246	1285	3045
3839	768	2303	2368	1323	3096
4095	768	2303	2490	1360	3145
0	1024	2303	122	528	1602
256	1024	2303	482	770	1958
512	1024	2303	684	872	2100
768	1024	2303	861	954	2210
1024	1024	2303	1024	1024	2303
1280	1024	2303	1179	1088	2386
1536	1024	2303	1328	1146	2462
1792	1024	2303	1473	1201	2532
2048	1024	2303	1614	1254	2598
2303	1024	2303	1751	1303	2661
2559	1024	2303	1887	1351	2720
2815	1024	2303	2020	1397	2777
3071	1024	2303	2152	1442	2832
3327	1024	2303	2281	1485	2885
3583	1024	2303	2410	1528	2936
3839	1024	2303	2537	1569	2986
4095	1024	2303	2663	1609	3035
0	1280	2303	152	660	1535
256	1280	2303	545	931	1883
512	1280	2303	760	1044	2022
768	1280	2303	946	1133	2130
1024	1280	2303	1118	1210	2221
1280	1280	2303	1280	1280	2303
1536	1280	2303	1436	1344	2377
1792	1280	2303	1586	1404	2446
2048	1280	2303	1733	1461	2511
2303	1280	2303	1876	1515	2572
2559	1280	2303	2016	1567	2631
2815	1280	2303	2155	1617	2687
3071	1280	2303	2291	1665	2741
3327	1280	2303	2425	1712	2793
3583	1280	2303	2558	1758	2843
3839	1280	2303	2690	1802	2892
4095	1280	2303	2820	1846	2940
0	1536	2303	183	792	1476
256	1536	2303	605	1089	1818
512	1536	2303	831	1212	1954
768	1536	2303	1026	1309	2060
1024	1536	2303	1205	1392	2150
1280	1536	2303	1374	1467	2230
1536	1536	2303	1536	1536	2303
1792	1536	2303	1692	1600	2371
2048	1536	2303	1844	1661	2435
2303	1536	2303	1992	1719	2495
2559	1536	2303	2137	1775	2552
2815	1536	2303	2279	1828	2607
3071	1536	2303	2420	1880	2660
3327	1536	2303	2558	1930	2711
3583	1536	2303	2695	1979	2761
3839	1536	2303	2830	2027	2809
4095	1536	2303	2964	2073	2856
0	1792	2303	213	924	1424
256	1792	2303	662	1245	1759
512	1792	2303	899	1377	1893
768	1792	2303	1102	1481	1997
1024	1792	2303	1288	1570	2086
1280	1792	2303	1464	1650	2164
1536	1792	2303	1631	1723	2236
1792	1792	2303	1792	1792	2303
2048	1792	2303	1949	1857	2366
2303	1792	2303	2101	1918	2425
2559	1792	2303	2250	1977	2481
2815	1792	2303	2397	2034	2536
3071	1792	2303	2541	2089	2588
3327	1792	2303	2683	2142	2638
3583	1792	2303	2823	2193	2687
3839	1792	2303	2962	2244	2735
4095	1792	2303	3099	2293	2781
0	2048	2303	244	1056	1377
256	2048	2303	718	1399	1706
512	2048	2303	965	1540	1838
768	2048	2303	1176	1650	1940
1024	2048	2303	1368	1745	2027
1280	2048	2303	1549	1829	2105
1536	2048	2303	1721	1907	2175
1792	2048	2303	1887	1980	2241
2048	2048	2303	2048	2048	2303
2303	2048	2303	2204	2113	2361
2559	2048	2303	2358	2175	2417
2815	2048	2303	2508	2235	2471
3071	2048	2303	2656	2292	2522
3327	2048	2303	2801	2348	2572
3583	2048	2303	2945	2403	2620
3839	2048	2303	3087	2455	2667
4095	2048	2303	3227	2507	2712
0	2303	2303	274	1187	1333
256	2303	2303	772	1552	1657
512	2303	2303	1028	1701	1787
768	2303	2303	1246	1817	1888
1024	2303	2303	1444	1916	1973
1280	2303	2303	1630	2006	2050
1536	2303	2303	1808	2087	2120
1792	2303	2303	1978	2163	2185
2048	2303	2303	2143	2235	2245
2303	2303	2303	2303	2303	2303
2559	2303	2303	2460	2368	2358
2815	2303	2303	2614	2431	2411
3071	2303	2303	2765	2491	2462
3327	2303	2303	2914	2550	2511
3583	2303	2303	3060	2606	2558
3839	2303	2303	3205	2662	2605
4095	2303	2303	3348	2715	2650
0	2559	2303	305	1319	1293
256	2559	2303	825	1704	1612
512	2559	2303	1090	1861	1740
768	2559	2303	1315	1982	1839
1024	2559	2303	1519	2087	1923
1280	2559	2303	1710	2180	1999
1536	2559	2303	1891	2266	2068
1792	2559	2303	2066	2345	2132
2048	2559	2303	2235	2420	2192
2303	2559	2303	2399	2491	2249
2559	2559	2303	2559	2559	2303
2815	2559	2303	2716	2624	2355
3071	2559	2303	2870	2687	2405
3327	2559	2303	3022	2748	2454
3583	2559	2303	3172	2807	2501
3839	2559	2303	3319	2865	2546
4095	2559	2303	3465	2921	2591
0	2815	2303	335	1451	1255
256	2815	2303	877	1856	1569
512	2815	2303	1150	2019	1695
768	2815	2303	1381	2147	1793
1024	2815	2303	1591	2256	1877
1280	2815	2303	1787	2353	1951
1536	2815	2303	1973	2442	2019
1792	2815	2303	2151	2525	2082
2048	2815	2303	2324	2603	2142
2303	2815	2303	2491	2676	2198
2559	2815	2303	2655	2747	2252
2815	2815	2303	2815	2815	2303
3071	2815	2303	2972	2880	2353
3327	2815	2303	3127	2944	2400
3583	2815	2303	3279	3005	2447
3839	2815	2303	3429	3065	2492
4095	2815	2303	3578	3123	2536
0	3071	2303	365	1583	1220
256	3071	2303	928	2006	1530
512	3071	2303	1209	2177	1654
768	3071	2303	1447	2309	1751
1024	3071	2303	1661	2423	1833
1280	3071	2303	1862	2524	1907
1536	3071	2303	2052	2616	1974
1792	3071	2303	2234	2702	2036
2048	3071	2303	2410	2783	2095
2303	3071	2303	2581	2860	2150
2559	3071	2303	2748	2933	2203
2815	3071	2303	2911	3003	2254
3071	3071	2303	3071	3071	2303
3327	3071	2303	3228	3136	2350
3583	3071	2303	3383	3200	2396
3839	3071	2303	3536	3262	2441
4095	3071	2303	3687	3322	2484
0	3327	2303	396	1715	1187
256	3327	2303	978	2156	1492
512	3327	2303	1267	2333	1615
768	3327	2303	1510	2471	1710
1024	3327	2303	1730	2589	1792
1280	3327	2303	1935	2693	1864
1536	3327	2303	2129	2789	1931
1792	3327	2303	2315	2878	1992
2048	3327	2303	2494	2962	2050
2303	3327	2303	2668	3041	2105
2559	3327	2303	2838	3117	2157
2815	3327	2303	3004	3189	2208
3071	3327	2303	3167	3259	2256
3327	3327	2303	3327	3327	2303
3583	3327	2303	3485	3393	2348
3839	3327	2303	3640	3456	2393
4095	3327	2303	3793	3518	2435
0	3583	2303	426	1847	1156
256	3583	2303	1028	2305	1457
512	3583	2303	1324	2489	1578
768	3583	2303	1573	2631	1672
1024	3583	2303	1798	2753	1753
1280	3583	2303	2007	2862	1824
1536	3583	2303	2204	2961	1890
1792	3583	2303	2394	3053	1951
2048	3583	2303	2577	3139	2008
2303	3583	2303	2753	3221	2062
2559	3583	2303	2926	3299	2114
2815	3583	2303	3095	3374	2164
3071	3583	2303	3260	3446	2212
3327	3583	2303	3423	3515	2258
3583	3583	2303	3583	3583	2303
3839	3583	2303	3741	3649	2347
4095	3583	2303	3896	3713	2389
0	3839	2303	457	1979	1126
256	3839	2303	1077	2454	1423
512	3839	2303	1380	2644	1543
768	3839	2303	1635	2791	1636
1024	3839	2303	1864	2917	1715
1280	3839	2303	2077	3029	1786
1536	3839	2303	2278	3131	1851
1792	3839	2303	2471	3225	1911
2048	3839	2303	2657	3314	1968
2303	3839	2303	2837	3399	2022
2559	3839	2303	3012	3479	2073
2815	3839	2303	3184	3556	2122
3071	3839	2303	3352	3630	2170
3327	3839	2303	3517	3702	2215
3583	3839	2303	3679	3772	2260
3839	3839	2303	3839	3839	2303
4095	3839	2303	3997	3905	2345
0	4095	2303	487	2111	1098
256	4095	2303	1125	2602	1391
512	4095	2303	1435	2798	1509
768	4095	2303	1695	2950	1601
1024	4095	2303	1929	3079	1680
1280	4095	2303	2146	3194	1750
1536	4095	2303	2351	3300	1814
1792	4095	2303	2547	3397	1874
2048	4095	2303	2736	3489	1930
2303	4095	2303	2918	3575	1983
2559	4095	2303	3097	3658	2034
2815	4095	2303	3271	3737	2082
3071	4095	2303	3441	3813	2129
3327	4095	2303	3609	3887	2175
3583	4095	2303	3773	3958	2219
3839	4095	2303	3935	4028	2261
4095	4095	2303	4095	4095	2303
0	0	2559	0	0	2559
256	0	2559	89	13	3014
512	0	2559	179	26	3193
768	0	2559	268	40	3331
1024	0	2559	358	53	3448
1280	0	2559	447	66	3551
1536	0	2559	537	79	3645
1792	0	2559	626	93	3732
2048	0	2559	715	106	3814
2303	0	2559	805	119	3890
2559	0	2559	894	132	3963
2815	0	2559	983	145	4033
3071	0	2559	1073	159	4095
3327	0	2559	1162	172	4095
3583	0	2559	1252	185	4095
3839	0	2559	1341	198	4095
4095	0	2559	1431	211	4095
0	256	2559	30	132	2144
256	256	2559	256	256	2559
512	256	2559	403	313	2723
768	256	2559	538	361	2849
1024	256	2559	666	402	2956
1280	256	2559	790	441	3052
1536	256	2559	910	477	3138
1792	256	2559	1028	511	3218
2048	256	2559	1145	544	3294
2303	256	2559	1259	576	3364
2559	256	2559	1373	607	3432
2815	256	2559	1485	637	3497
3071	256	2559	1597	666	3559
3327	256	2559	1707	695	3619
3583	256	2559	1817	723	3677
3839	256	2559	1927	750	3733
4095	256	2559	2035	777	3788
0	512	2559	61	264	2001
256	512	2559	342	436	2401
512	512	2559	512	512	2559
768	512	2559	664	573	2681
1024	512	2559	807	627	2785
1280	512	2559	944	676	2877
1536	512	2559	1076	721	2961
1792	512	2559	1205	764	3039
2048	512	2559	1332	805	3112
2303	512	2559	1456	844	3180
2559	512	2559	1579	882	3246
2815	512	2559	1700	918	3309
3071	512	2559	1820	954	3369
3327	512	2559	1939	989	3427
3583	512	2559	2056	1023	3484
3839	512	2559	2173	1056	3538
4095	512	2559	2289	1089	3591
0	768	2559	91	396	1897
256	768	2559	415	606	2286
512	768	2559	603	696	2440
768	768	2559	768	768	2559
1024	768	2559	922	831	2660
1280	768	2559	1069	888	2750
1536	768	2559	1210	940	2832
1792	768	2559	1348	990	2908
2048	768	2559	1482	1037	2979
2303	768	2559	1614	1081	3046
2559	768	2559	1743	1125	3110
2815	768	2559	1871	1166	3171
3071	768	2559	1997	1207	3230
3327	768	2559	2122	1247	3287
3583	768	2559	2246	1285	3342
3839	768	2559	2368	1323	3396
4095	768	2559	2490	1360	3448
0	1024	2559	122	528	1813
256	1024	2559	482	770	2193
512	1024	2559	684	872	2343
768	1024	2559	861	954	2460
1024	1024	2559	1024	1024	2559
1280	1024	2559	1179	1088	2647
1536	1024	2559	1328	1146	2727
1792	1024	2559	1473	1201	2802
2048	1024	2559	1614	1254	2871
2303	1024	2559	1751	1303	2937
2559	1024	2559	1887	1351	3000
2815	1024	2559	2020	1397	3060
3071	1024	2559	2152	1442	3118
3327	1024	2559	2281	1485	3174
3583	1024	2559	2410	1528	3228
3839	1024	2559	2537	1569	3280
4095	1024	2559	2663	1609	3331
0	1280	2559	152	660	1741
256	1280	2559	545	931	2113
512	1280	2559	760	1044	2261
768	1280	2559	946	1133	2375
1024	1280	2559	1118	1210	2473
1280	1280	2559	1280	1280	2559
1536	1280	2559	1436	1344	2638
1792	1280	2559	1586	1404	2711
2048	1280	2559	1733	1461	2779
2303	1280	2559	1876	1515	2844
2559	1280	2559	2016	1567	2906
2815	1280	2559	2155	1617	2965
3071	1280	2559	2291	1665	3022
3327	1280	2559	2425	1712	3076
3583	1280	2559	2558	1758	3130
3839	1280	2559	2690	1802	3181
4095	1280	2559	2820	1846	3231
0	1536	2559	183	792	1678
256	1536	2559	605	1089	2044
512	1536	2559	831	1212	2189
768	1536	2559	1026	1309	2301
1024	1536	2559	1205	1392	2397
1280	1536	2559	1374	1467	2482
1536	1536	2559	1536	1536	2559
1792	1536	2559	1692	1600	2631
2048	1536	2559	1844	1661	2698
2303	1536	2559	1992	1719	2762
2559	1536	2559	2137	1775	2822
2815	1536	2559	2279	1828	2881
3071	1536	2559	2420	1880	2937
3327	1536	2559	2558	1930	2991
3583	1536	2559	2695	1979	3043
3839	1536	2559	2830	2027	3094
4095	1536	2559	2964	2073	3143
0	1792	2559	213	924	1622
256	1792	2559	662	1245	1981
512	1792	2559	899	1377	2124
768	1792	2559	1102	1481	2234
1024	1792	2559	1288	1570	2328
1280	1792	2559	1464	1650	2412
1536	1792	2559	1631	1723	2488
1792	1792	2559	1792	1792	2559
2048	1792	2559	1949	1857	2625
2303	1792	2559	2101	1918	2688
2559	1792	2559	2250	1977	2748
2815	1792	2559	2397	2034	2805
3071	1792	2559	2541	2089	2860
3327	1792	2559	2683	2142	2914
3583	1792	2559	2823	2193	2965
3839	1792	2559	2962	2244	3015
4095	1792	2559	3099	2293	3064
0	2048	2559	244	1056	1571
256	2048	2559	718	1399	1924
512	2048	2559	965	1540	2065
768	2048	2559	1176	1650	2174
1024	2048	2559	1368	1745	2266
1280	2048	2559	1549	1829	2349
1536	2048	2559	1721	1907	2424
1792	2048	2559	1887	1980	2494
2048	2048	2559	2048	2048	2559
2303	2048	2559	2204	2113	2621
2559	2048	2559	2358	2175	2680
2815	2048	2559	2508	2235	2736
3071	2048	2559	2656	2292	2791
3327	2048	2559	2801	2348	2843
3583	2048	2559	2945	2403	2894
3839	2048	2559	3087	2455	2944
4095	2048	2559	3227	2507	2992
0	2303	2559	274	1187	1525
256	2303	2559	772	1552	1872
512	2303	2559	1028	1701	2011
768	2303	2559	1246	1817	2118
1024	2303	2559	1444	1916	2209
1280	2303	2559	1630	2006	2290
1536	2303	2559	1808	2087	2365
1792	2303	2559	1978	2163	2433
2048	2303	2559	2143	2235	2498
2303	2303	2559	2303	2303	2559
2559	2303	2559	2460	2368	2617
2815	2303	2559	2614	2431	2673
3071	2303	2559	2765	2491	2727
3327	2303	2559	2914	2550	2779
3583	2303	2559	3060	2606	2829
3839	2303	2559	3205	2662	2878
4095	2303	2559	3348	2715	2925
0	2559	2559	305	1319	1481
256	2559	2559	825	1704	1824
512	2559	2559	1090	1861	1960
768	2559	2559	1315	1982	2066
1024	2559	2559	1519	2087	2156
1280	2559	2559	1710	2180	2236
1536	2559	2559	1891	2266	2310
1792	2559	2559	2066	2345	2377
2048	2559	2559	2235	2420	2441
2303	2559	2559	2399	2491	2501
2559	2559	2559	2559	2559	2559
2815	2559	2559	2716	2624	2614
3071	2559	2559	2870	2687	2667
3327	2559	2559	3022	2748	2719
3583	2559	2559	3172	2807	2768
3839	2559	2559	3319	2865	2816
4095	2559	2559	3465	2921	2863
0	2815	2559	335	1451	1441
256	2815	2559	877	1856	1778
512	2815	2559	1150	2019	1913
768	2815	2559	1381	2147	2017
1024	2815	2559	1591	2256	2106
1280	2815	2559	1787	2353	2186
1536	2815	2559	1973	2442	2258
1792	2815	2559	2151	2525	2325
2048	2815	2559	2324	2603	2388
2303	2815	2559	2491	2676	2448
2559	2815	2559	2655	2747	2504
2815	2815	2559	2815	2815	2559
3071	2815	2559	2972	2880	2611
3327	2815	2559	3127	2944	2662
3583	2815	2559	3279	3005	2711
3839	2815	2559	3429	3065	2759
4095	2815	2559	3578	3123	2805
0	3071	2559	365	1583	1403
256	3071	2559	928	2006	1736
512	3071	2559	1209	2177	1869
768	3071	2559	1447	2309	1972
1024	3071	2559	1661	2423	2060
1280	3071	2559	1862	2524	2138
1536	3071	2559	2052	2616	2210
1792	3071	2559	2234	2702	2276
2048	3071	2559	2410	2783	2338
2303	3071	2559	2581	2860	2397
2559	3071	2559	2748	2933	2453
2815	3071	2559	2911	3003	2507
3071	3071	2559	3071	3071	2559
3327	3071	2559	3228	3136	2609
3583	3071	2559	3383	3200	2658
3839	3071	2559	3536	3262	2705
4095	3071	2559	3687	3322	2751
0	3327	2559	396	1715	1367
256	3327	2559	978	2156	1696
512	3327	2559	1267	2333	1827
768	3327	2559	1510	2471	1929
1024	3327	2559	1730	2589	2016
1280	3327	2559	1935	2693	2093
1536	3327	2559	2129	2789	2164
1792	3327	2559	2315	2878	2229
2048	3327	2559	2494	2962	2291
2303	3327	2559	2668	3041	2349
2559	3327	2559	2838	3117	2405
2815	3327	2559	3004	3189	2458
3071	3327	2559	3167	3259	2509
3327	3327	2559	3327	3327	2559
3583	3327	2559	3485	3393	2607
3839	3327	2559	3640	3456	2654
4095	3327	2559	3793	3518	2699
0	3583	2559	426	1847	1334
256	3583	2559	1028	2305	1658
512	3583	2559	1324	2489	1787
768	3583	2559	1573	2631	1888
1024	3583	2559	1798	2753	1974
1280	3583	2559	2007	2862	2050
1536	3583	2559	2204	2961	2120
1792	3583	2559	2394	3053	2185
2048	3583	2559	2577	3139	2246
2303	3583	2559	2753	3221	2304
2559	3583	2559	2926	3299	2359
2815	3583	2559	3095	3374	2411
3071	3583	2559	3260	3446	2462
3327	3583	2559	3423	3515	2511
3583	3583	2559	3583	3583	2559
3839	3583	2559	3741	3649	2605
4095	3583	2559	3896	3713	2650
0	3839	2559	457	1979	1302
256	3839	2559	1077	2454	1622
512	3839	2559	1380	2644	1750
768	3839	2559	1635	2791	1849
1024	3839	2559	1864	2917	1934
1280	3839	2559	2077	3029	2010
1536	3839	2559	2278	3131	2079
1792	3839	2559	2471	3225	2143
2048	3839	2559	2657	3314	2204
2303	3839	2559	2837	3399	2260
2559	3839	2559	3012	3479	2315
2815	3839	2559	3184	3556	2367
3071	3839	2559	3352	3630	2418
3327	3839	2559	3517	3702	2466
3583	3839	2559	3679	3772	2513
3839	3839	2559	3839	3839	2559
4095	3839	2559	3997	3905	2604
0	4095	2559	487	2111	1271
256	4095	2559	1125	2602	1587
512	4095	2559	1435	2798	1714
768	4095	2559	1695	2950	1812
1024	4095	2559	1929	3079	1896
1280	4095	2559	2146	3194	1971
1536	4095	2559	2351	3300	2040
1792	4095	2559	2547	3397	2103
2048	4095	2559	2736	3489	2163
2303	4095	2559	2918	3575	2219
2559	4095	2559	3097	3658	2273
2815	4095	2559	3271	3737	2325
3071	4095	2559	3441	3813	2375
3327	4095	2559	3609	3887	2423
3583	4095	2559	3773	3958	2470
3839	4095	2559	3935	4028	2515
4095	4095	2559	4095	4095	2559
0	0	2815	0	0	2815
256	0	2815	89	13	3294
512	0	2815	179	26	3481
768	0	2815	268	40	3626
1024	0	2815	358	53	3748
1280	0	2815	447	66	3856
1536	0	2815	537	79	3954
1792	0	2815	626	93	4045
2048	0	2815	715	106	4095
2303	0	2815	805	119	4095
2559	0	2815	894	132	4095
2815	0	2815	983	145	4095
3071	0	2815	1073	159	4095
3327	0	2815	1162	172	4095
3583	0	2815	1252	185	4095
3839	0	2815	1341	198	4095
4095	0	2815	1431	211	4095
0	256	2815	30	132	2377
256	256	2815	256	256	2815
512	256	2815	403	313	2987
768	256	2815	538	361	3120
1024	256	2815	666	402	3233
1280	256	2815	790	441	3333
1536	256	2815	910	477	3424
1792	256	2815	1028	511	3508
2048	256	2815	1145	544	3587
2303	256	2815	1259	576	3661
2559	256	2815	1373	607	3732
2815	256	2815	1485	637	3799
3071	256	2815	1597	666	3864
3327	256	2815	1707	695	3927
3583	256	2815	1817	723	3988
3839	256	2815	1927	750	4047
4095	256	2815	2035	777	4095
0	512	2815	61	264	2225
256	512	2815	342	436	2648
512	512	2815	512	512	2815
768	512	2815	664	573	2944
1024	512	2815	807	627	3053
1280	512	2815	944	676	3150
1536	512	2815	1076	721	3238
1792	512	2815	1205	764	3319
2048	512	2815	1332	805	3396
2303	512	2815	1456	844	3468
2559	512	2815	1579	882	3537
2815	512	2815	1700	918	3602
3071	512	2815	1820	954	3665
3327	512	2815	1939	989	3726
3583	512	2815	2056	1023	3785
3839	512	2815	2173	1056	3843
4095	512	2815	2289	1089	3898
0	768	2815	91	396	2115
256	768	2815	415	606	2527
512	768	2815	603	696	2689
768	768	2815	768	768	2815
1024	768	2815	922	831	2922
1280	768	2815	1069	888	3016
1536	768	2815	1210	940	3102
1792	768	2815	1348	990	3182
2048	768	2815	1482	1037	3257
2303	768	2815	1614	1081	3327
2559	768	2815	1743	1125	3394
2815	768	2815	1871	1166	3459
3071	768	2815	1997	1207	3520
3327	768	2815	2122	1247	3580
3583	768	2815	2246	1285	3638
3839	768	2815	2368	1323	3694
4095	768	2815	2490	1360	3748
0	1024	2815	122	528	2026
256	1024	2815	482	770	2428
512	1024	2815	684	872	2588
768	1024	2815	861	954	2711
1024	1024	2815	1024	1024	2815
1280	1024	2815	1179	1088	2908
1536	1024	2815	1328	1146	2992
1792	1024	2815	1473	1201	3070
2048	1024	2815	1614	1254	3144
2303	1024	2815	1751	1303	3213
2559	1024	2815	1887	1351	3278
2815	1024	2815	2020	1397	3342
3071	1024	2815	2152	1442	3402
3327	1024	2815	2281	1485	3461
3583	1024	2815	2410	1528	3517
3839	1024	2815	2537	1569	3572
4095	1024	2815	2663	1609	3626
0	1280	2815	152	660	1950
256	1280	2815	545	931	2344
512	1280	2815	760	1044	2501
768	1280	2815	946	1133	2621
1024	1280	2815	1118	1210	2724
1280	1280	2815	1280	1280	2815
1536	1280	2815	1436	1344	2898
1792	1280	2815	1586	1404	2975
2048	1280	2815	1733	1461	3047
2303	1280	2815	1876	1515	3115
2559	1280	2815	2016	1567	3180
2815	1280	2815	2155	1617	3242
3071	1280	2815	2291	1665	3301
3327	1280	2815	2425	1712	3359
3583	1280	2815	2558	1758	3415
3839	1280	2815	2690	1802	3469
4095	1280	2815	2820	1846	3521
0	1536	2815	183	792	1883
256	1536	2815	605	1089	2271
512	1536	2815	831	1212	2424
768	1536	2815	1026	1309	2543
1024	1536	2815	1205	1392	2644
1280	1536	2815	1374	1467	2733
1536	1536	2815	1536	1536	2815
1792	1536	2815	1692	1600	2891
2048	1536	2815	1844	1661	2962
2303	1536	2815	1992	1719	3028
2559	1536	2815	2137	1775	3092
2815	1536	2815	2279	1828	3153
3071	1536	2815	2420	1880	3212
3327	1536	2815	2558	1930	3269
3583	1536	2815	2695	1979	3324
3839	1536	2815	2830	2027	3377
4095	1536	2815	2964	2073	3429
0	1792	2815	213	924	1823
256	1792	2815	662	1245	2204
512	1792	2815	899	1377	2356
768	1792	2815	1102	1481	2472
1024	1792	2815	1288	1570	2572
1280	1792	2815	1464	1650	2660
1536	1792	2815	1631	1723	2740
1792	1792	2815	1792	1792	2815
2048	1792	2815	1949	1857	2885
2303	1792	2815	2101	1918	2951
2559	1792	2815	2250	1977	3014
2815	1792	2815	2397	2034	3074
3071	1792	2815	2541	2089	3132
3327	1792	2815	2683	2142	3188
3583	1792	2815	2823	2193	3242
3839	1792	2815	2962	2244	3295
4095	1792	2815	3099	2293	3346
0	2048	2815	244	1056	1769
256	2048	2815	718	1399	2144
512	2048	2815	965	1540	2293
768	2048	2815	1176	1650	2408
1024	2048	2815	1368	1745	2506
1280	2048	2815	1549	1829	2593
1536	2048	2815	1721	1907	2672
1792	2048	2815	1887	1980	2746
2048	2048	2815	2048	2048	2815
2303	2048	2815	2204	2113	2880
2559	2048	2815	2358	2175	2942
2815	2048	2815	2508	2235	3002
3071	2048	2815	2656	2292	3059
3327	2048	2815	2801	2348	3114
3583	2048	2815	2945	2403	3168
3839	2048	2815	3087	2455	3220
4095	2048	2815	3227	2507	3270
0	2303	2815	274	1187	1719
256	2303	2815	772	1552	2089
512	2303	2815	1028	1701	2236
768	2303	2815	1246	1817	2349
1024	2303	2815	1444	1916	2446
1280	2303	2815	1630	2006	2532
1536	2303	2815	1808	2087	2610
1792	2303	2815	1978	2163	2683
2048	2303	2815	2143	2235	2751
2303	2303	2815	2303	2303	2815
2559	2303	2815	2460	2368	2876
2815	2303	2815	2614	2431	2935
3071	2303	2815	2765	2491	2992
3327	2303	2815	2914	2550	3046
3583	2303	2815	3060	2606	3099
3839	2303	2815	3205	2662	3150
4095	2303	2815	3348	2715	3200
0	2559	2815	305	1319	1673
256	2559	2815	825	1704	2037
512	2559	2815	1090	1861	2182
768	2559	2815	1315	1982	2294
1024	2559	2815	1519	2087	2390
1280	2559	2815	1710	2180	2475
1536	2559	2815	1891	2266	2552
1792	2559	2815	2066	2345	2624
2048	2559	2815	2235	2420	2691
2303	2559	2815	2399	2491	2754
2559	2559	2815	2559	2559	2815
2815	2559	2815	2716	2624	2873
3071	2559	2815	2870	2687	2929
3327	2559	2815	3022	2748	2983
3583	2559	2815	3172	2807	3035
3839	2559	2815	3319	2865	3086
4095	2559	2815	3465	2921	3135
0	2815	2815	335	1451	1630
256	2815	2815	877	1856	1989
512	2815	2815	1150	2019	2132
768	2815	2815	1381	2147	2243
1024	2815	2815	1591	2256	2337
1280	2815	2815	1787	2353	2421
1536	2815	2815	1973	2442	2497
1792	2815	2815	2151	2525	2568
2048	2815	2815	2324	2603	2635
2303	2815	2815	2491	2676	2698
2559	2815	2815	2655	2747	2758
2815	2815	2815	2815	2815	2815
3071	2815	2815	2972	2880	2870
3327	2815	2815	3127	2944	2924
3583	2815	2815	3279	3005	2975
3839	2815	2815	3429	3065	3025
4095	2815	2815	3578	3123	3074
0	3071	2815	365	1583	1589
256	3071	2815	928	2006	1944
512	3071	2815	1209	2177	2085
768	3071	2815	1447	2309	2195
1024	3071	2815	1661	2423	2288
1280	3071	2815	1862	2524	2371
1536	3071	2815	2052	2616	2446
1792	3071	2815	2234	2702	2516
2048	3071	2815	2410	2783	2582
2303	3071	2815	2581	2860	2644
2559	3071	2815	2748	2933	2703
2815	3071	2815	2911	3003	2760
3071	3071	2815	3071	3071	2815
3327	3071	2815	3228	3136	2868
3583	3071	2815	3383	3200	2919
3839	3071	2815	3536	3262	2969
4095	3071	2815	3687	3322	3017
0	3327	2815	396	1715	1551
256	3327	2815	978	2156	1901
512	3327	2815	1267	2333	2041
768	3327	2815	1510	2471	2149
1024	3327	2815	1730	2589	2241
1280	3327	2815	1935	2693	2323
1536	3327	2815	2129	2789	2398
1792	3327	2815	2315	2878	2467
2048	3327	2815	2494	2962	2532
2303	3327	2815	2668	3041	2594
2559	3327	2815	2838	3117	2652
2815	3327	2815	3004	3189	2709
3071	3327	2815	3167	3259	2763
3327	3327	2815	3327	3327	2815
3583	3327	2815	3485	3393	2866
3839	3327	2815	3640	3456	2915
4095	3327	2815	3793	3518	2963
0	3583	2815	426	1847	1515
256	3583	2815	1028	2305	1861
512	3583	2815	1324	2489	1999
768	3583	2815	1573	2631	2106
1024	3583	2815	1798	2753	2197
1280	3583	2815	2007	2862	2278
1536	3583	2815	2204	2961	2352
1792	3583	2815	2394	3053	2421
2048	3583	2815	2577	3139	2485
2303	3583	2815	2753	3221	2546
2559	3583	2815	2926	3299	2604
2815	3583	2815	3095	3374	2660
3071	3583	2815	3260	3446	2713
3327	3583	2815	3423	3515	2765
3583	3583	2815	3583	3583	2815
3839	3583	2815	3741	3649	2864
4095	3583	2815	3896	3713	2911
0	3839	2815	457	1979	1480
256	3839	2815	1077	2454	1822
512	3839	2815	1380	2644	1959
768	3839	2815	1635	2791	2065
1024	3839	2815	1864	2917	2155
1280	3839	2815	2077	3029	2235
1536	3839	2815	2278	3131	2308
1792	3839	2815	2471	3225	2376
2048	3839	2815	2657	3314	2440
2303	3839	2815	2837	3399	2500
2559	3839	2815	3012	3479	2558
2815	3839	2815	3184	3556	2613
3071	3839	2815	3352	3630	2666
3327	3839	2815	3517	3702	2717
3583	3839	2815	3679	3772	2767
3839	3839	2815	3839	3839	2815
4095	3839	2815	3997	3905	2862
0	4095	2815	487	2111	1448
256	4095	2815	1125	2602	1786
512	4095	2815	1435	2798	1921
768	4095	2815	1695	2950	2025
1024	4095	2815	1929	3079	2115
1280	4095	2815	2146	3194	2194
1536	4095	2815	2351	3300	2266
1792	4095	2815	2547	3397	2334
2048	4095	2815	2736	3489	2397
2303	4095	2815	2918	3575	2456
2559	4095	2815	3097	3658	2513
2815	4095	2815	3271	3737	2568
3071	4095	2815	3441	3813	2621
3327	4095	2815	3609	3887	2672
3583	4095	2815	3773	3958	2721
3839	4095	2815	3935	4028	2768
4095	4095	2815	4095	4095	2815
0	0	3071	0	0	3071
256	0	3071	89	13	3572
512	0	3071	179	26	3768
768	0	3071	268	40	3919
1024	0	3071	358	53	4046
1280	0	3071	447	66	4095
1536	0	3071	537	79	4095
1792	0	3071	626	93	4095
2048	0	3071	715	106	4095
2303	0	3071	805	119	4095
2559	0	3071	894	132	4095
2815	0	3071	983	145	4095
3071	0	3071	1073	159	4095
3327	0	3071	1162	172	4095
3583	0	3071	1252	185	4095
3839	0	3071	1341	198	4095
4095	0	3071	1431	211	4095
0	256	3071	30	132	2611
256	256	3071	256	256	3071
512	256	3071	403	313	3252
768	256	3071	538	361	3391
1024	256	3071	666	402	3509
1280	256	3071	790	441	3613
1536	256	3071	910	477	3708
1792	256	3071	1028	511	3796
2048	256	3071	1145	544	3878
2303	256	3071	1259	576	3955
2559	256	3071	1373	607	4029
2815	256	3071	1485	637	4095
3071	256	3071	1597	666	4095
3327	256	3071	1707	695	4095
3583	256	3071	1817	723	4095
3839	256	3071	1927	750	4095
4095	256	3071	2035	777	4095
0	512	3071	61	264	2451
256	512	3071	342	436	2896
512	512	3071	512	512	3071
768	512	3071	664	573	3206
1024	512	3071	807	627	3320
1280	512	3071	944	676	3421
1536	512	3071	1076	721	3514
1792	512	3071	1205	764	3599
2048	512	3071	1332	805	3679
2303	512	3071	1456	844	3754
2559	512	3071	1579	882	3826
2815	512	3071	1700	918	3894
3071	512	3071	1820	954	3960
3327	512	3071	1939	989	4024
3583	512	3071	2056	1023	4085
3839	512	3071	2173	1056	4095
4095	512	3071	2289	1089	4095
0	768	3071	91	396	2335
256	768	3071	415	606	2768
512	768	3071	603	696	2939
768	768	3071	768	768	3071
1024	768	3071	922	831	3183
1280	768	3071	1069	888	3282
1536	768	3071	1210	940	3372
1792	768	3071	1348	990	3455
2048	768	3071	1482	1037	3533
2303	768	3071	1614	1081	3607
2559	768	3071	1743	1125	3677
2815	768	3071	1871	1166	3744
3071	768	3071	1997	1207	3809
3327	768	3071	2122	1247	3871
3583	768	3071	2246	1285	3931
3839	768	3071	2368	1323	3990
4095	768	3071	2490	1360	4046
0	1024	3071	122	528	2240
256	1024	3071	482	770	2665
512	1024	3071	684	872	2832
768	1024	3071	861	954	2961
1024	1024	3071	1024	1024	3071
1280	1024	3071	1179	1088	3168
1536	1024	3071	1328	1146	3257
1792	1024	3071	1473	1201	3338
2048	1024	3071	1614	1254	3415
2303	1024	3071	1751	1303	3487
2559	1024	3071	1887	1351	3556
2815	1024	3071	2020	1397	3622
3071	1024	3071	2152	1442	3686
3327	1024	3071	2281	1485	3747
3583	1024	3071	2410	1528	3806
3839	1024	3071	2537	1569	3863
4095	1024	3071	2663	1609	3919
0	1280	3071	152	660	2160
256	1280	3071	545	931	2577
512	1280	3071	760	1044	2741
768	1280	3071	946	1133	2868
1024	1280	3071	1118	1210	2976
1280	1280	3071	1280	1280	3071
1536	1280	3071	1436	1344	3158
1792	1280	3071	1586	1404	3238
2048	1280	3071	1733	1461	3314
2303	1280	3071	1876	1515	3385
2559	1280	3071	2016	1567	3453
2815	1280	3071	2155	1617	3518
3071	1280	3071	2291	1665	3580
3327	1280	3071	2425	1712	3640
3583	1280	3071	2558	1758	3698
3839	1280	3071	2690	1802	3755
4095	1280	3071	2820	1846	3810
0	1536	3071	183	792	2090
256	1536	3071	605	1089	2499
512	1536	3071	831	1212	2661
768	1536	3071	1026	1309	2785
1024	1536	3071	1205	1392	2891
1280	1536	3071	1374	1467	2985
1536	1536	3071	1536	1536	3071
1792	1536	3071	1692	1600	3150
2048	1536	3071	1844	1661	3225
2303	1536	3071	1992	1719	3295
2559	1536	3071	2137	1775	3361
2815	1536	3071	2279	1828	3425
3071	1536	3071	2420	1880	3487
3327	1536	3071	2558	1930	3546
3583	1536	3071	2695	1979	3604
3839	1536	3071	2830	2027	3659
4095	1536	3071	2964	2073	3713
0	1792	3071	213	924	2026
256	1792	3071	662	1245	2429
512	1792	3071	899	1377	2588
768	1792	3071	1102	1481	2711
1024	1792	3071	1288	1570	2816
1280	1792	3071	1464	1650	2908
1536	1792	3071	1631	1723	2993
1792	1792	3071	1792	1792	3071
2048	1792	3071	1949	1857	3144
2303	1792	3071	2101	1918	3213
2559	1792	3071	2250	1977	3279
2815	1792	3071	2397	2034	3342
3071	1792	3071	2541	2089	3403
3327	1792	3071	2683	2142	3462
3583	1792	3071	2823	2193	3518
3839	1792	3071	2962	2244	3573
4095	1792	3071	3099	2293	3627
0	2048	3071	244	1056	1969
256	2048	3071	718	1399	2365
512	2048	3071	965	1540	2523
768	2048	3071	1176	1650	2644
1024	2048	3071	1368	1745	2747
1280	2048	3071	1549	1829	2838
1536	2048	3071	1721	1907	2921
1792	2048	3071	1887	1980	2999
2048	2048	3071	2048	2048	3071
2303	2048	3071	2204	2113	3139
2559	2048	3071	2358	2175	3204
2815	2048	3071	2508	2235	3267
3071	2048	3071	2656	2292	3327
3327	2048	3071	2801	2348	3384
3583	2048	3071	2945	2403	3440
3839	2048	3071	3087	2455	3495
4095	2048	3071	3227	2507	3547
0	2303	3071	274	1187	1916
256	2303	3071	772	1552	2307
512	2303	3071	1028	1701	2462
768	2303	3071	1246	1817	2582
1024	2303	3071	1444	1916	2683
1280	2303	3071	1630	2006	2774
1536	2303	3071	1808	2087	2856
1792	2303	3071	1978	2163	2932
2048	2303	3071	2143	2235	3004
2303	2303	3071	2303	2303	3071
2559	2303	3071	2460	2368	3135
2815	2303	3071	2614	2431	3197
3071	2303	3071	2765	2491	3256
3327	2303	3071	2914	2550	3313
3583	2303	3071	3060	2606	3369
3839	2303	3071	3205	2662	3422
4095	2303	3071	3348	2715	3475
0	2559	3071	305	1319	1867
256	2559	3071	825	1704	2253
512	2559	3071	1090	1861	2406
768	2559	3071	1315	1982	2524
1024	2559	3071	1519	2087	2624
1280	2559	3071	1710	2180	2714
1536	2559	3071	1891	2266	2795
1792	2559	3071	2066	2345	2870
2048	2559	3071	2235	2420	2941
2303	2559	3071	2399	2491	3007
2559	2559	3071	2559	2559	3071
2815	2559	3071	2716	2624	3132
3071	2559	3071	2870	2687	3190
3327	2559	3071	3022	2748	3247
3583	2559	3071	3172	2807	3302
3839	2559	3071	3319	2865	3355
4095	2559	3071	3465	2921	3406
0	2815	3071	335	1451	1821
256	2815	3071	877	1856	2202
512	2815	3071	1150	2019	2353
768	2815	3071	1381	2147	2470
1024	2815	3071	1591	2256	2569
1280	2815	3071	1787	2353	2657
1536	2815	3071	1973	2442	2738
1792	2815	3071	2151	2525	2812
2048	2815	3071	2324	2603	2882
2303	2815	3071	2491	2676	2948
2559	2815	3071	2655	2747	3011
2815	2815	3071	2815	2815	3071
3071	2815	3071	2972	2880	3129
3327	2815	3071	3127	2944	3185
3583	2815	3071	3279	3005	3239
3839	2815	3071	3429	3065	3292
4095	2815	3071	3578	3123	3343
0	3071	3071	365	1583	1778
256	3071	3071	928	2006	2154
512	3071	3071	1209	2177	2303
768	3071	3071	1447	2309	2419
1024	3071	3071	1661	2423	2517
1280	3071	3071	1862	2524	2604
1536	3071	3071	2052	2616	2684
1792	3071	3071	2234	2702	2757
2048	3071	3071	2410	2783	2827
2303	3071	3071	2581	2860	2892
2559	3071	3071	2748	2933	2954
2815	3071	3071	2911	3003	3014
3071	3071	3071	3071	3071	3071
3327	3071	3071	3228	3136	3126
3583	3071	3071	3383	3200	3180
3839	3071	3071	3536	3262	3232
4095	3071	3071	3687	3322	3283
0	3327	3071	396	1715	1737
256	3327	3071	978	2156	2109
512	3327	3071	1267	2333	2257
768	3327	3071	1510	2471	2371
1024	3327	3071	1730	2589	2468
1280	3327	3071	1935	2693	2554
1536	3327	3071	2129	2789	2633
1792	3327	3071	2315	2878	2706
2048	3327	3071	2494	2962	2774
2303	3327	3071	2668	3041	2839
2559	3327	3071	2838	3117	2900
2815	3327	3071	3004	3189	2959
3071	3327	3071	3167	3259	3016
3327	3327	3071	3327	3327	3071
3583	3327	3071	3485	3393	3124
3839	3327	3071	3640	3456	3176
4095	3327	3071	3793	3518	3226
0	3583	3071	426	1847	1699
256	3583	3071	1028	2305	2066
512	3583	3071	1324	2489	2212
768	3583	3071	1573	2631	2325
1024	3583	3071	1798	2753	2421
1280	3583	3071	2007	2862	2507
1536	3583	3071	2204	2961	2584
1792	3583	3071	2394	3053	2657
2048	3583	3071	2577	3139	2724
2303	3583	3071	2753	3221	2788
2559	3583	3071	2926	3299	2849
2815	3583	3071	3095	3374	2908
3071	3583	3071	3260	3446	2964
3327	3583	3071	3423	3515	3018
3583	3583	3071	3583	3583	3071
3839	3583	3071	3741	3649	3122
4095	3583	3071	3896	3713	3172
0	3839	3071	457	1979	1662
256	3839	3071	1077	2454	2025
512	3839	3071	1380	2644	2170
768	3839	3071	1635	2791	2282
1024	3839	3071	1864	2917	2377
1280	3839	3071	2077	3029	2461
1536	3839	3071	2278	3131	2538
1792	3839	3071	2471	3225	2610
2048	3839	3071	2657	3314	2677
2303	3839	3071	2837	3399	2740
2559	3839	3071	3012	3479	2801
2815	3839	3071	3184	3556	2859
3071	3839	3071	3352	3630	2915
3327	3839	3071	3517	3702	2968
3583	3839	3071	3679	3772	3020
3839	3839	3071	3839	3839	3071
4095	3839	3071	3997	3905	3120
0	4095	3071	487	2111	1627
256	4095	3071	1125	2602	1987
512	4095	3071	1435	2798	2130
768	4095	3071	1695	2950	2240
1024	4095	3071	1929	3079	2334
1280	4095	3071	2146	3194	2418
1536	4095	3071	2351	3300	2495
1792	4095	3071	2547	3397	2565
2048	4095	3071	2736	3489	2632
2303	4095	3071	2918	3575	2694
2559	4095	3071	3097	3658	2754
2815	4095	3071	3271	3737	2812
3071	4095	3071	3441	3813	2867
3327	4095	3071	3609	3887	2920
3583	4095	3071	3773	3958	2972
3839	4095	3071	3935	4028	3022
4095	4095	3071	4095	4095	3071
0	0	3327	0	0	3327
256	0	3327	89	13	3850
512	0	3327	179	26	4054
768	0	3327	268	40	4095
1024	0	3327	358	53	4095
1280	0	3327	447	66	4095
1536	0	3327	537	79	4095
1792	0	3327	626	93	4095
2048	0	3327	715	106	4095
2303	0	3327	805	119	4095
2559	0	3327	894	132	4095
2815	0	3327	983	145	4095
3071	0	3327	1073	159	4095
3327	0	3327	1162	172	4095
3583	0	3327	1252	185	4095
3839	0	3327	1341	198	4095
4095	0	3327	1431	211	4095
0	256	3327	30	132	2846
256	256	3327	256	256	3327
512	256	3327	403	313	3516
768	256	3327	538	361	3661
1024	256	3327	666	402	3784
1280	256	3327	790	441	3892
1536	256	3327	910	477	3991
1792	256	3327	1028	511	4083
2048	256	3327	1145	544	4095
2303	256	3327	1259	576	4095
2559	256	3327	1373	607	4095
2815	256	3327	1485	637	4095
3071	256	3327	1597	666	4095
3327	256	3327	1707	695	4095
3583	256	3327	1817	723	4095
3839	256	3327	1927	750	4095
4095	256	3327	2035	777	4095
0	512	3327	61	264	2678
256	512	3327	342	436	3144
512	512	3327	512	512	3327
768	512	3327	664	573	3468
1024	512	3327	807	627	3587
1280	512	3327	944	676	3693
1536	512	3327	1076	721	3789
1792	512	3327	1205	764	3878
2048	512	3327	1332	805	3961
2303	512	3327	1456	844	4039
2559	512	3327	1579	882	4095
2815	512	3327	1700	918	4095
3071	512	3327	1820	954	4095
3327	512	3327	1939	989	4095
3583	512	3327	2056	1023	4095
3839	512	3327	2173	1056	4095
4095	512	3327	2289	1089	4095
0	768	3327	91	396	2556
256	768	3327	415	606	3011
512	768	3327	603	696	3189
768	768	3327	768	768	3327
1024	768	3327	922	831	3444
1280	768	3327	1069	888	3547
1536	768	3327	1210	940	3641
1792	768	3327	1348	990	3728
2048	768	3327	1482	1037	3809
2303	768	3327	1614	1081	3886
2559	768	3327	1743	1125	3959
2815	768	3327	1871	1166	4029
3071	768	3327	1997	1207	4095
3327	768	3327	2122	1247	4095
3583	768	3327	2246	1285	4095
3839	768	3327	2368	1323	4095
4095	768	3327	2490	1360	4095
0	1024	3327	122	528	2457
256	1024	3327	482	770	2902
512	1024	3327	684	872	3078
768	1024	3327	861	954	3213
1024	1024	3327	1024	1024	3327
1280	1024	3327	1179	1088	3428
1536	1024	3327	1328	1146	3521
1792	1024	3327	1473	1201	3606
2048	1024	3327	1614	1254	3686
2303	1024	3327	1751	1303	3761
2559	1024	3327	1887	1351	3833
2815	1024	3327	2020	1397	3902
3071	1024	3327	2152	1442	3968
3327	1024	3327	2281	1485	4032
3583	1024	3327	2410	1528	4093
3839	1024	3327	2537	1569	4095
4095	1024	3327	2663	1609	4095
0	1280	3327	152	660	2372
256	1280	3327	545	931	2810
512	1280	3327	760	1044	2982
768	1280	3327	946	1133	3115
1024	1280	3327	1118	1210	3227
1280	1280	3327	1280	1280	3327
1536	1280	3327	1436	1344	3418
1792	1280	3327	1586	1404	3502
2048	1280	3327	1733	1461	3581
2303	1280	3327	1876	1515	3655
2559	1280	3327	2016	1567	3725
2815	1280	3327	2155	1617	3793
3071	1280	3327	2291	1665	3858
3327	1280	3327	2425	1712	3921
3583	1280	3327	2558	1758	3981
3839	1280	3327	2690	1802	4040
4095	1280	3327	2820	1846	4095
0	1536	3327	183	792	2298
256	1536	3327	605	1089	2728
512	1536	3327	831	1212	2898
768	1536	3327	1026	1309	3028
1024	1536	3327	1205	1392	3139
1280	1536	3327	1374	1467	3238
1536	1536	3327	1536	1536	3327
1792	1536	3327	1692	1600	3410
2048	1536	3327	1844	1661	3487
2303	1536	3327	1992	1719	3560
2559	1536	3327	2137	1775	3630
2815	1536	3327	2279	1828	3697
3071	1536	3327	2420	1880	3761
3327	1536	3327	2558	1930	3823
3583	1536	3327	2695	1979	3883
3839	1536	3327	2830	2027	3941
4095	1536	3327	2964	2073	3997
0	1792	3327	213	924	2231
256	1792	3327	662	1245	2655
512	1792	3327	899	1377	2822
768	1792	3327	1102	1481	2951
1024	1792	3327	1288	1570	3060
1280	1792	3327	1464	1650	3157
1536	1792	3327	1631	1723	3245
1792	1792	3327	1792	1792	3327
2048	1792	3327	1949	1857	3404
2303	1792	3327	2101	1918	3476
2559	1792	3327	2250	1977	3544
2815	1792	3327	2397	2034	3610
3071	1792	3327	2541	2089	3674
3327	1792	3327	2683	2142	3735
3583	1792	3327	2823	2193	3794
3839	1792	3327	2962	2244	3851
4095	1792	3327	3099	2293	3906
0	2048	3327	244	1056	2171
256	2048	3327	718	1399	2588
512	2048	3327	965	1540	2753
768	2048	3327	1176	1650	2880
1024	2048	3327	1368	1745	2988
1280	2048	3327	1549	1829	3084
1536	2048	3327	1721	1907	3171
1792	2048	3327	1887	1980	3251
2048	2048	3327	2048	2048	3327
2303	2048	3327	2204	2113	3398
2559	2048	3327	2358	2175	3466
2815	2048	3327	2508	2235	3531
3071	2048	3327	2656	2292	3594
3327	2048	3327	2801	2348	3654
3583	2048	3327	2945	2403	3712
3839	2048	3327	3087	2455	3769
4095	2048	3327	3227	2507	3824
0	2303	3327	274	1187	2115
256	2303	3327	772	1552	2527
512	2303	3327	1028	1701	2690
768	2303	3327	1246	1817	2815
1024	2303	3327	1444	1916	2922
1280	2303	3327	1630	2006	3016
1536	2303	3327	1808	2087	3102
1792	2303	3327	1978	2163	3182
2048	2303	3327	2143	2235	3257
2303	2303	3327	2303	2303	3327
2559	2303	3327	2460	2368	3394
2815	2303	3327	2614	2431	3459
3071	2303	3327	2765	2491	3520
3327	2303	3327	2914	2550	3580
3583	2303	3327	3060	2606	3638
3839	2303	3327	3205	2662	3694
4095	2303	3327	3348	2715	3748
0	2559	3327	305	1319	2063
256	2559	3327	825	1704	2470
512	2559	3327	1090	1861	2630
768	2559	3327	1315	1982	2754
1024	2559	3327	1519	2087	2860
1280	2559	3327	1710	2180	2953
1536	2559	3327	1891	2266	3038
1792	2559	3327	2066	2345	3117
2048	2559	3327	2235	2420	3191
2303	2559	3327	2399	2491	3261
2559	2559	3327	2559	2559	3327
2815	2559	3327	2716	2624	3391
3071	2559	3327	2870	2687	3452
3327	2559	3327	3022	2748	3511
3583	2559	3327	3172	2807	3568
3839	2559	3327	3319	2865	3623
4095	2559	3327	3465	2921	3677
0	2815	3327	335	1451	2015
256	2815	3327	877	1856	2416
512	2815	3327	1150	2019	2575
768	2815	3327	1381	2147	2698
1024	2815	3327	1591	2256	2802
1280	2815	3327	1787	2353	2894
1536	2815	3327	1973	2442	2978
1792	2815	3327	2151	2525	3056
2048	2815	3327	2324	2603	3129
2303	2815	3327	2491	2676	3198
2559	2815	3327	2655	2747	3264
2815	2815	3327	2815	2815	3327
3071	2815	3327	2972	2880	3388
3327	2815	3327	3127	2944	3446
3583	2815	3327	3279	3005	3502
3839	2815	3327	3429	3065	3557
4095	2815	3327	3578	3123	3611
0	3071	3327	365	1583	1969
256	3071	3327	928	2006	2366
512	3071	3327	1209	2177	2523
768	3071	3327	1447	2309	2644
1024	3071	3327	1661	2423	2747
1280	3071	3327	1862	2524	2839
1536	3071	3327	2052	2616	2922
1792	3071	3327	2234	2702	2999
2048	3071	3327	2410	2783	3071
2303	3071	3327	2581	2860	3140
2559	3071	3327	2748	2933	3205
2815	3071	3327	2911	3003	3267
3071	3071	3327	3071	3071	3327
3327	3071	3327	3228	3136	3385
3583	3071	3327	3383	3200	3441
3839	3071	3327	3536	3262	3495
4095	3071	3327	3687	3322	3548
0	3327	3327	396	1715	1926
256	3327	3327	978	2156	2318
512	3327	3327	1267	2333	2474
768	3327	3327	1510	2471	2594
1024	3327	3327	1730	2589	2696
1280	3327	3327	1935	2693	2786
1536	3327	3327	2129	2789	2869
1792	3327	3327	2315	2878	2945
2048	3327	3327	2494	2962	3017
2303	3327	3327	2668	3041	3084
2559	3327	3327	2838	3117	3149
2815	3327	3327	3004	3189	3210
3071	3327	3327	3167	3259	3270
3327	3327	3327	3327	3327	3327
3583	3327	3327	3485	3393	3382
3839	3327	3327	3640	3456	3436
4095	3327	3327	3793	3518	3489
0	3583	3327	426	1847	1885
256	3583	3327	1028	2305	2273
512	3583	3327	1324	2489	2427
768	3583	3327	1573	2631	2546
1024	3583	3327	1798	2753	2647
1280	3583	3327	2007	2862	2736
1536	3583	3327	2204	2961	2818
1792	3583	3327	2394	3053	2894
2048	3583	3327	2577	3139	2965
2303	3583	3327	2753	3221	3031
2559	3583	3327	2926	3299	3095
2815	3583	3327	3095	3374	3156
3071	3583	3327	3260	3446	3215
3327	3583	3327	3423	3515	3272
3583	3583	3327	3583	3583	3327
3839	3583	3327	3741	3649	3380
4095	3583	3327	3896	3713	3432
0	3839	3327	457	1979	1847
256	3839	3327	1077	2454	2230
512	3839	3327	1380	2644	2383
768	3839	3327	1635	2791	2500
1024	3839	3327	1864	2917	2600
1280	3839	3327	2077	3029	2689
1536	3839	3327	2278	3131	2770
1792	3839	3327	2471	3225	2845
2048	3839	3327	2657	3314	2915
2303	3839	3327	2837	3399	2981
2559	3839	3327	3012	3479	3045
2815	3839	3327	3184	3556	3105
3071	3839	3327	3352	3630	3163
3327	3839	3327	3517	3702	3220
3583	3839	3327	3679	3772	3274
3839	3839	3327	3839	3839	3327
4095	3839	3327	3997	3905	3378
0	4095	3327	487	2111	1810
256	4095	3327	1125	2602	2189
512	4095	3327	1435	2798	2340
768	4095	3327	1695	2950	2456
1024	4095	3327	1929	3079	2555
1280	4095	3327	2146	3194	2643
1536	4095	3327	2351	3300	2724
1792	4095	3327	2547	3397	2798
2048	4095	3327	2736	3489	2868
2303	4095	3327	2918	3575	2933
2559	4095	3327	3097	3658	2996
2815	4095	3327	3271	3737	3056
3071	4095	3327	3441	3813	3114
3327	4095	3327	3609	3887	3170
3583	4095	3327	3773	3958	3224
3839	4095	3327	3935	4028	3276
4095	4095	3327	4095	4095	3327
0	0	3583	0	0	3583
256	0	3583	89	13	4095
512	0	3583	179	26	4095
768	0	3583	268	40	4095
1024	0	3583	358	53	4095
1280	0	3583	447	66	4095
1536	0	3583	537	79	4095
1792	0	3583	626	93	4095
2048	0	3583	715	106	4095
2303	0	3583	805	119	4095
2559	0	3583	894	132	4095
2815	0	3583	983	145	4095
3071	0	3583	1073	159	4095
3327	0	3583	1162	172	4095
3583	0	3583	1252	185	4095
3839	0	3583	1341	198	4095
4095	0	3583	1431	211	4095
0	256	3583	30	132	3081
256	256	3583	256	256	3583
512	256	3583	403	313	3779
768	256	3583	538	361	3930
1024	256	3583	666	402	4058
1280	256	3583	790	441	4095
1536	256	3583	910	477	4095
1792	256	3583	1028	511	4095
2048	256	3583	1145	544	4095
2303	256	3583	1259	576	4095
2559	256	3583	1373	607	4095
2815	256	3583	1485	637	4095
3071	256	3583	1597	666	4095
3327	256	3583	1707	695	4095
3583	256	3583	1817	723	4095
3839	256	3583	1927	750	4095
4095	256	3583	2035	777	4095
0	512	3583	61	264	2906
256	512	3583	342	436	3392
512	512	3583	512	512	3583
768	512	3583	664	573	3730
1024	512	3583	807	627	3854
1280	512	3583	944	676	3963
1536	512	3583	1076	721	4063
1792	512	3583	1205	764	4095
2048	512	3583	1332	805	4095
2303	512	3583	1456	844	4095
2559	512	3583	1579	882	4095
2815	512	3583	1700	918	4095
3071	512	3583	1820	954	4095
3327	512	3583	1939	989	4095
3583	512	3583	2056	1023	4095
3839	512	3583	2173	1056	4095
4095	512	3583	2289	1089	4095
0	768	3583	91	396	2778
256	768	3583	415	606	3253
512	768	3583	603	696	3440
768	768	3583	768	768	3583
1024	768	3583	922	831	3704
1280	768	3583	1069	888	3812
1536	768	3583	1210	940	3910
1792	768	3583	1348	990	4000
2048	768	3583	1482	1037	4085
2303	768	3583	1614	1081	4095
2559	768	3583	1743	1125	4095
2815	768	3583	1871	1166	4095
3071	768	3583	1997	1207	4095
3327	768	3583	2122	1247	4095
3583	768	3583	2246	1285	4095
3839	768	3583	2368	1323	4095
4095	768	3583	2490	1360	4095
0	1024	3583	122	528	2674
256	1024	3583	482	770	3140
512	1024	3583	684	872	3323
768	1024	3583	861	954	3464
1024	1024	3583	1024	1024	3583
1280	1024	3583	1179	1088	3689
1536	1024	3583	1328	1146	3785
1792	1024	3583	1473	1201	3873
2048	1024	3583	1614	1254	3957
2303	1024	3583	1751	1303	4035
2559	1024	3583	1887	1351	4095
2815	1024	3583	2020	1397	4095
3071	1024	3583	2152	1442	4095
3327	1024	3583	2281	1485	4095
3583	1024	3583	2410	1528	4095
3839	1024	3583	2537	1569	4095
4095	1024	3583	2663	1609	4095
0	1280	3583	152	660	2586
256	1280	3583	545	931	3044
512	1280	3583	760	1044	3223
768	1280	3583	946	1133	3362
1024	1280	3583	1118	1210	3479
1280	1280	3583	1280	1280	3583
1536	1280	3583	1436	1344	3678
1792	1280	3583	1586	1404	3765
2048	1280	3583	1733	1461	3847
2303	1280	3583	1876	1515	3924
2559	1280	3583	2016	1567	3997
2815	1280	3583	2155	1617	4068
3071	1280	3583	2291	1665	4095
3327	1280	3583	2425	1712	4095
3583	1280	3583	2558	1758	4095
3839	1280	3583	2690	1802	4095
4095	1280	3583	2820	1846	4095
0	1536	3583	183	792	2508
256	1536	3583	605	1089	2958
512	1536	3583	831	1212	3135
768	1536	3583	1026	1309	3272
1024	1536	3583	1205	1392	3387
1280	1536	3583	1374	1467	3490
1536	1536	3583	1536	1536	3583
1792	1536	3583	1692	1600	3669
2048	1536	3583	1844	1661	3750
2303	1536	3583	1992	1719	3826
2559	1536	3583	2137	1775	3898
2815	1536	3583	2279	1828	3968
3071	1536	3583	2420	1880	4034
3327	1536	3583	2558	1930	4095
3583	1536	3583	2695	1979	4095
3839	1536	3583	2830	2027	4095
4095	1536	3583	2964	2073	4095
0	1792	3583	213	924	2438
256	1792	3583	662	1245	2882
512	1792	3583	899	1377	3056
768	1792	3583	1102	1481	3191
1024	1792	3583	1288	1570	3305
1280	1792	3583	1464	1650	3406
1536	1792	3583	1631	1723	3498
1792	1792	3583	1792	1792	3583
2048	1792	3583	1949	1857	3663
2303	1792	3583	2101	1918	3738
2559	1792	3583	2250	1977	3809
2815	1792	3583	2397	2034	3878
3071	1792	3583	2541	2089	3944
3327	1792	3583	2683	2142	4007
3583	1792	3583	2823	2193	4068
3839	1792	3583	2962	2244	4095
4095	1792	3583	3099	2293	4095
0	2048	3583	244	1056	2374
256	2048	3583	718	1399	2812
512	2048	3583	965	1540	2984
768	2048	3583	1176	1650	3117
1024	2048	3583	1368	1745	3230
1280	2048	3583	1549	1829	3329
1536	2048	3583	1721	1907	3420
1792	2048	3583	1887	1980	3504
2048	2048	3583	2048	2048	3583
2303	2048	3583	2204	2113	3657
2559	2048	3583	2358	2175	3728
2815	2048	3583	2508	2235	3796
3071	2048	3583	2656	2292	3861
3327	2048	3583	2801	2348	3923
3583	2048	3583	2945	2403	3984
3839	2048	3583	3087	2455	4043
4095	2048	3583	3227	2507	4095
0	2303	3583	274	1187	2316
256	2303	3583	772	1552	2748
512	2303	3583	1028	1701	2918
768	2303	3583	1246	1817	3049
1024	2303	3583	1444	1916	3160
1280	2303	3583	1630	2006	3259
1536	2303	3583	1808	2087	3349
1792	2303	3583	1978	2163	3432
2048	2303	3583	2143	2235	3510
2303	2303	3583	2303	2303	3583
2559	2303	3583	2460	2368	3653
2815	2303	3583	2614	2431	3720
3071	2303	3583	2765	2491	3784
3327	2303	3583	2914	2550	3846
3583	2303	3583	3060	2606	3906
3839	2303	3583	3205	2662	3964
4095	2303	3583	3348	2715	4021
0	2559	3583	305	1319	2261
256	2559	3583	825	1704	2688
512	2559	3583	1090	1861	2856
768	2559	3583	1315	1982	2986
1024	2559	3583	1519	2087	3096
1280	2559	3583	1710	2180	3193
1536	2559	3583	1891	2266	3282
1792	2559	3583	2066	2345	3364
2048	2559	3583	2235	2420	3441
2303	2559	3583	2399	2491	3514
2559	2559	3583	2559	2559	3583
2815	2559	3583	2716	2624	3649
3071	2559	3583	2870	2687	3713
3327	2559	3583	3022	2748	3774
3583	2559	3583	3172	2807	3834
3839	2559	3583	3319	2865	3891
4095	2559	3583	3465	2921	3947
0	2815	3583	335	1451	2210
256	2815	3583	877	1856	2632
512	2815	3583	1150	2019	2798
768	2815	3583	1381	2147	2926
1024	2815	3583	1591	2256	3035
1280	2815	3583	1787	2353	3132
1536	2815	3583	1973	2442	3220
1792	2815	3583	2151	2525	3301
2048	2815	3583	2324	2603	3377
2303	2815	3583	2491	2676	3449
2559	2815	3583	2655	2747	3517
2815	2815	3583	2815	2815	3583
3071	2815	3583	2972	2880	3646
3327	2815	3583	3127	2944	3707
3583	2815	3583	3279	3005	3766
3839	2815	3583	3429	3065	3823
4095	2815	3583	3578	3123	3878
0	3071	3583	365	1583	2162
256	3071	3583	928	2006	2579
512	3071	3583	1209	2177	2744
768	3071	3583	1447	2309	2870
1024	3071	3583	1661	2423	2978
1280	3071	3583	1862	2524	3074
1536	3071	3583	2052	2616	3161
1792	3071	3583	2234	2702	3241
2048	3071	3583	2410	2783	3317
2303	3071	3583	2581	2860	3388
2559	3071	3583	2748	2933	3456
2815	3071	3583	2911	3003	3521
3071	3071	3583	3071	3071	3583
3327	3071	3583	3228	3136	3643
3583	3071	3583	3383	3200	3701
3839	3071	3583	3536	3262	3758
4095	3071	3583	3687	3322	3813
0	3327	3583	396	1715	2117
256	3327	3583	978	2156	2529
512	3327	3583	1267	2333	2692
768	3327	3583	1510	2471	2818
1024	3327	3583	1730	2589	2924
1280	3327	3583	1935	2693	3019
1536	3327	3583	2129	2789	3105
1792	3327	3583	2315	2878	3185
2048	3327	3583	2494	2962	3260
2303	3327	3583	2668	3041	3330
2559	3327	3583	2838	3117	3397
2815	3327	3583	3004	3189	3462
3071	3327	3583	3167	3259	3523
3327	3327	3583	3327	3327	3583
3583	3327	3583	3485	3393	3641
3839	3327	3583	3640	3456	3697
4095	3327	3583	3793	3518	3751
0	3583	3583	426	1847	2074
256	3583	3583	1028	2305	2482
512	3583	3583	1324	2489	2643
768	3583	3583	1573	2631	2768
1024	3583	3583	1798	2753	2873
1280	3583	3583	2007	2862	2967
1536	3583	3583	2204	2961	3052
1792	3583	3583	2394	3053	3131
2048	3583	3583	2577	3139	3205
2303	3583	3583	2753	3221	3275
2559	3583	3583	2926	3299	3342
2815	3583	3583	3095	3374	3405
3071	3583	3583	3260	3446	3467
3327	3583	3583	3423	3515	3526
3583	3583	3583	3583	3583	3583
3839	3583	3583	3741	3649	3638
4095	3583	3583	3896	3713	3692
0	3839	3583	457	1979	2033
256	3839	3583	1077	2454	2437
512	3839	3583	1380	2644	2597
768	3839	3583	1635	2791	2720
1024	3839	3583	1864	2917	2824
1280	3839	3583	2077	3029	2917
1536	3839	3583	2278	3131	3002
1792	3839	3583	2471	3225	3080
2048	3839	3583	2657	3314	3153
2303	3839	3583	2837	3399	3223
2559	3839	3583	3012	3479	3289
2815	3839	3583	3184	3556	3352
3071	3839	3583	3352	3630	3413
3327	3839	3583	3517	3702	3471
3583	3839	3583	3679	3772	3528
3839	3839	3583	3839	3839	3583
4095	3839	3583	3997	3905	3637
0	4095	3583	487	2111	1995
256	4095	3583	1125	2602	2394
512	4095	3583	1435	2798	2552
768	4095	3583	1695	2950	2674
1024	4095	3583	1929	3079	2778
1280	4095	3583	2146	3194	2870
1536	4095	3583	2351	3300	2954
1792	4095	3583	2547	3397	3031
2048	4095	3583	2736	3489	3104
2303	4095	3583	2918	3575	3172
2559	4095	3583	3097	3658	3238
2815	4095	3583	3271	3737	3301
3071	4095	3583	3441	3813	3361
3327	4095	3583	3609	3887	3419
3583	4095	3583	3773	3958	3475
3839	4095	3583	3935	4028	3530
4095	4095	3583	4095	4095	3583
0	0	3839	0	0	3839
256	0	3839	89	13	4095
512	0	3839	179	26	4095
768	0	3839	268	40	4095
1024	0	3839	358	53	4095
1280	0	3839	447	66	4095
1536	0	3839	537	79	4095
1792	0	3839	626	93	4095
2048	0	3839	715	106	4095
2303	0	3839	805	119	4095
2559	0	3839	894	132	4095
2815	0	3839	983	145	4095
3071	0	3839	1073	159	4095
3327	0	3839	1162	172	4095
3583	0	3839	1252	185	4095
3839	0	3839	1341	198	4095
4095	0	3839	1431	211	4095
0	256	3839	30	132	3317
256	256	3839	256	256	3839
512	256	3839	403	313	4043
768	256	3839	538	361	4095
1024	256	3839	666	402	4095
1280	256	3839	790	441	4095
1536	256	3839	910	477	4095
1792	256	3839	1028	511	4095
2048	256	3839	1145	544	4095
2303	256	3839	1259	576	4095
2559	256	3839	1373	607	4095
2815	256	3839	1485	637	4095
3071	256	3839	1597	666	4095
3327	256	3839	1707	695	4095
3583	256	3839	1817	723	4095
3839	256	3839	1927	750	4095
4095	256	3839	2035	777	4095
0	512	3839	61	264	3134
256	512	3839	342	436	3641
512	512	3839	512	512	3839
768	512	3839	664	573	3991
1024	512	3839	807	627	4095
1280	512	3839	944	676	4095
1536	512	3839	1076	721	4095
1792	512	3839	1205	764	4095
2048	512	3839	1332	805	4095
2303	512	3839	1456	844	4095
2559	512	3839	1579	882	4095
2815	512	3839	1700	918	4095
3071	512	3839	1820	954	4095
3327	512	3839	1939	989	4095
3583	512	3839	2056	1023	4095
3839	512	3839	2173	1056	4095
4095	512	3839	2289	1089	4095
0	768	3839	91	396	3001
256	768	3839	415	606	3496
512	768	3839	603	696	3690
768	768	3839	768	768	3839
1024	768	3839	922	831	3965
1280	768	3839	1069	888	4077
1536	768	3839	1210	940	4095
1792	768	3839	1348	990	4095
2048	768	3839	1482	1037	4095
2303	768	3839	1614	1081	4095
2559	768	3839	1743	1125	4095
2815	768	3839	1871	1166	4095
3071	768	3839	1997	1207	4095
3327	768	3839	2122	1247	4095
3583	768	3839	2246	1285	4095
3839	768	3839	2368	1323	4095
4095	768	3839	2490	1360	4095
0	1024	3839	122	528	2893
256	1024	3839	482	770	3379
512	1024	3839	684	872	3569
768	1024	3839	861	954	3715
1024	1024	3839	1024	1024	3839
1280	1024	3839	1179	1088	3949
1536	1024	3839	1328	1146	4048
1792	1024	3839	1473	1201	4095
2048	1024	3839	1614	1254	4095
2303	1024	3839	1751	1303	4095
2559	1024	3839	1887	1351	4095
2815	1024	3839	2020	1397	4095
3071	1024	3839	2152	1442	4095
3327	1024	3839	2281	1485	4095
3583	1024	3839	2410	1528	4095
3839	1024	3839	2537	1569	4095
4095	1024	3839	2663	1609	4095
0	1280	3839	152	660	2801
256	1280	3839	545	931	3278
512	1280	3839	760	1044	3465
768	1280	3839	946	1133	3609
1024	1280	3839	1118	1210	3731
1280	1280	3839	1280	1280	3839
1536	1280	3839	1436	1344	3937
1792	1280	3839	1586	1404	4028
2048	1280	3839	1733	1461	4095
2303	1280	3839	1876	1515	4095
2559	1280	3839	2016	1567	4095
2815	1280	3839	2155	1617	4095
3071	1280	3839	2291	1665	4095
3327	1280	3839	2425	1712	4095
3583	1280	3839	2558	1758	4095
3839	1280	3839	2690	1802	4095
4095	1280	3839	2820	1846	4095
0	1536	3839	183	792	2719
256	1536	3839	605	1089	3189
512	1536	3839	831	1212	3374
768	1536	3839	1026	1309	3516
1024	1536	3839	1205	1392	3636
1280	1536	3839	1374	1467	3742
1536	1536	3839	1536	1536	3839
1792	1536	3839	1692	1600	3928
2048	1536	3839	1844	1661	4012
2303	1536	3839	1992	1719	4091
2559	1536	3839	2137	1775	4095
2815	1536	3839	2279	1828	4095
3071	1536	3839	2420	1880	4095
3327	1536	3839	2558	1930	4095
3583	1536	3839	2695	1979	4095
3839	1536	3839	2830	2027	4095
4095	1536	3839	2964	2073	4095
0	1792	3839	213	924	2646
256	1792	3839	662	1245	3109
512	1792	3839	899	1377	3291
768	1792	3839	1102	1481	3431
1024	1792	3839	1288	1570	3550
1280	1792	3839	1464	1650	3655
1536	1792	3839	1631	1723	3751
1792	1792	3839	1792	1792	3839
2048	1792	3839	1949	1857	3922
2303	1792	3839	2101	1918	4000
2559	1792	3839	2250	1977	4074
2815	1792	3839	2397	2034	4095
3071	1792	3839	2541	2089	4095
3327	1792	3839	2683	2142	4095
3583	1792	3839	2823	2193	4095
3839	1792	3839	2962	2244	4095
4095	1792	3839	3099	2293	4095
0	2048	3839	244	1056	2580
256	2048	3839	718	1399	3037
512	2048	3839	965	1540	3216
768	2048	3839	1176	1650	3355
1024	2048	3839	1368	1745	3472
1280	2048	3839	1549	1829	3575
1536	2048	3839	1721	1907	3670
1792	2048	3839	1887	1980	3757
2048	2048	3839	2048	2048	3839
2303	2048	3839	2204	2113	3916
2559	2048	3839	2358	2175	3989
2815	2048	3839	2508	2235	4060
3071	2048	3839	2656	2292	4095
3327	2048	3839	2801	2348	4095
3583	2048	3839	2945	2403	4095
3839	2048	3839	3087	2455	4095
4095	2048	3839	3227	2507	4095
0	2303	3839	274	1187	2518
256	2303	3839	772	1552	2970
512	2303	3839	1028	1701	3147
768	2303	3839	1246	1817	3284
1024	2303	3839	1444	1916	3400
1280	2303	3839	1630	2006	3502
1536	2303	3839	1808	2087	3596
1792	2303	3839	1978	2163	3682
2048	2303	3839	2143	2235	3763
2303	2303	3839	2303	2303	3839
2559	2303	3839	2460	2368	3912
2815	2303	3839	2614	2431	3981
3071	2303	3839	2765	2491	4048
3327	2303	3839	2914	2550	4095
3583	2303	3839	3060	2606	4095
3839	2303	3839	3205	2662	4095
4095	2303	3839	3348	2715	4095
0	2559	3839	305	1319	2461
256	2559	3839	825	1704	2907
512	2559	3839	1090	1861	3083
768	2559	3839	1315	1982	3218
1024	2559	3839	1519	2087	3332
1280	2559	3839	1710	2180	3434
1536	2559	3839	1891	2266	3526
1792	2559	3839	2066	2345	3612
2048	2559	3839	2235	2420	3692
2303	2559	3839	2399	2491	3767
2559	2559	3839	2559	2559	3839
2815	2559	3839	2716	2624	3908
3071	2559	3839	2870	2687	3974
3327	2559	3839	3022	2748	4038
3583	2559	3839	3172	2807	4095
3839	2559	3839	3319	2865	4095
4095	2559	3839	3465	2921	4095
0	2815	3839	335	1451	2408
256	2815	3839	877	1856	2849
512	2815	3839	1150	2019	3022
768	2815	3839	1381	2147	3156
1024	2815	3839	1591	2256	3269
1280	2815	3839	1787	2353	3370
1536	2815	3839	1973	2442	3461
1792	2815	3839	2151	2525	3546
2048	2815	3839	2324	2603	3625
2303	2815	3839	2491	2676	3700
2559	2815	3839	2655	2747	3771
2815	2815	3839	2815	2815	3839
3071	2815	3839	2972	2880	3904
3327	2815	3839	3127	2944	3968
3583	2815	3839	3279	3005	4029
3839	2815	3839	3429	3065	4088
4095	2815	3839	3578	3123	4095
0	3071	3839	365	1583	2358
256	3071	3839	928	2006	2794
512	3071	3839	1209	2177	2965
768	3071	3839	1447	2309	3098
1024	3071	3839	1661	2423	3210
1280	3071	3839	1862	2524	3309
1536	3071	3839	2052	2616	3400
1792	3071	3839	2234	2702	3484
2048	3071	3839	2410	2783	3562
2303	3071	3839	2581	2860	3636
2559	3071	3839	2748	2933	3707
2815	3071	3839	2911	3003	3774
3071	3071	3839	3071	3071	3839
3327	3071	3839	3228	3136	3901
3583	3071	3839	3383	3200	3962
3839	3071	3839	3536	3262	4021
4095	3071	3839	3687	3322	4078
0	3327	3839	396	1715	2310
256	3327	3839	978	2156	2742
512	3327	3839	1267	2333	2912
768	3327	3839	1510	2471	3043
1024	3327	3839	1730	2589	3154
1280	3327	3839	1935	2693	3252
1536	3327	3839	2129	2789	3342
1792	3327	3839	2315	2878	3425
2048	3327	3839	2494	2962	3503
2303	3327	3839	2668	3041	3576
2559	3327	3839	2838	3117	3646
2815	3327	3839	3004	3189	3713
3071	3327	3839	3167	3259	3777
3327	3327	3839	3327	3327	3839
3583	3327	3839	3485	3393	3899
3839	3327	3839	3640	3456	3957
4095	3327	3839	3793	3518	4013
0	3583	3839	426	1847	2265
256	3583	3839	1028	2305	2692
512	3583	3839	1324	2489	2861
768	3583	3839	1573	2631	2990
1024	3583	3839	1798	2753	3100
1280	3583	3839	2007	2862	3198
1536	3583	3839	2204	2961	3287
1792	3583	3839	2394	3053	3369
2048	3583	3839	2577	3139	3446
2303	3583	3839	2753	3221	3519
2559	3583	3839	2926	3299	3588
2815	3583	3839	3095	3374	3654
3071	3583	3839	3260	3446	3718
3327	3583	3839	3423	3515	3780
3583	3583	3839	3583	3583	3839
3839	3583	3839	3741	3649	3897
4095	3583	3839	3896	3713	3953
0	3839	3839	457	1979	2222
256	3839	3839	1077	2454	2645
512	3839	3839	1380	2644	2812
768	3839	3839	1635	2791	2941
1024	3839	3839	1864	2917	3050
1280	3839	3839	2077	3029	3146
1536	3839	3839	2278	3131	3235
1792	3839	3839	2471	3225	3316
2048	3839	3839	2657	3314	3392
2303	3839	3839	2837	3399	3464
2559	3839	3839	3012	3479	3533
2815	3839	3839	3184	3556	3599
3071	3839	3839	3352	3630	3662
3327	3839	3839	3517	3702	3723
3583	3839	3839	3679	3772	3782
3839	3839	3839	3839	3839	3839
4095	3839	3839	3997	3905	3895
0	4095	3839	487	2111	2182
256	4095	3839	1125	2602	2600
512	4095	3839	1435	2798	2766
768	4095	3839	1695	2950	2893
1024	4095	3839	1929	3079	3001
1280	4095	3839	2146	3194	3097
1536	4095	3839	2351	3300	3184
1792	4095	3839	2547	3397	3265
2048	4095	3839	2736	3489	3341
2303	4095	3839	2918	3575	3412
2559	4095	3839	3097	3658	3480
2815	4095	3839	3271	3737	3546
3071	4095	3839	3441	3813	3608
3327	4095	3839	3609	3887	3669
3583	4095	3839	3773	3958	3727
3839	4095	3839	3935	4028	3784
4095	4095	3839	4095	4095	3839
0	0	4095	0	0	4095
256	0	4095	89	13	4095
512	0	4095	179	26	4095
768	0	4095	268	40	4095
1024	0	4095	358	53	4095
1280	0	4095	447	66	4095
1536	0	4095	537	79	4095
1792	0	4095	626	93	4095
2048	0	4095	715	106	4095
2303	0	4095	805	119	4095
2559	0	4095	894	132	4095
2815	0	4095	983	145	4095
3071	0	4095	1073	159	4095
3327	0	4095	1162	172	4095
3583	0	4095	1252	185	4095
3839	0	4095	1341	198	4095
4095	0	4095	1431	211	4095
0	256	4095	30	132	3554
256	256	4095	256	256	4095
512	256	4095	403	313	4095
768	256	4095	538	361	4095
1024	256	4095	666	402	4095
1280	256	4095	790	441	4095
1536	256	4095	910	477	4095
1792	256	4095	1028	511	4095
2048	256	4095	1145	544	4095
2303	256	4095	1259	576	4095
2559	256	4095	1373	607	4095
2815	256	4095	1485	637	4095
3071	256	4095	1597	666	4095
3327	256	4095	1707	695	4095
3583	256	4095	1817	723	4095
3839	256	4095	1927	750	4095
4095	256	4095	2035	777	4095
0	512	4095	61	264	3364
256	512	4095	342	436	3890
512	512	4095	512	512	4095
768	512	4095	664	573	4095
1024	512	4095	807	627	4095
1280	512	4095	944	676	4095
1536	512	4095	1076	721	4095
1792	512	4095	1205	764	4095
2048	512	4095	1332	805	4095
2303	512	4095	1456	844	4095
2559	512	4095	1579	882	4095
2815	512	4095	1700	918	4095
3071	512	4095	1820	954	4095
3327	512	4095	1939	989	4095
3583	512	4095	2056	1023	4095
3839	512	4095	2173	1056	4095
4095	512	4095	2289	1089	4095
0	768	4095	91	396	3226
256	768	4095	415	606	3740
512	768	4095	603	696	3941
768	768	4095	768	768	4095
1024	768	4095	922	831	4095
1280	768	4095	1069	888	4095
1536	768	4095	1210	940	4095
1792	768	4095	1348	990	4095
2048	768	4095	1482	1037	4095
2303	768	4095	1614	1081	4095
2559	768	4095	1743	1125	4095
2815	768	4095	1871	1166	4095
3071	768	4095	1997	1207	4095
3327	768	4095	2122	1247	4095
3583	768	4095	2246	1285	4095
3839	768	4095	2368	1323	4095
4095	768	4095	2490	1360	4095
0	1024	4095	122	528	3113
256	1024	4095	482	770	3618
512	1024	4095	684	872	3815
768	1024	4095	861	954	3967
1024	1024	4095	1024	1024	4095
1280	1024	4095	1179	1088	4095
1536	1024	4095	1328	1146	4095
1792	1024	4095	1473	1201	4095
2048	1024	4095	1614	1254	4095
2303	1024	4095	1751	1303	4095
2559	1024	4095	1887	1351	4095
2815	1024	4095	2020	1397	4095
3071	1024	4095	2152	1442	4095
3327	1024	4095	2281	1485	4095
3583	1024	4095	2410	1528	4095
3839	1024	4095	2537	1569	4095
4095	1024	4095	2663	1609	4095
0	1280	4095	152	660	3017
256	1280	4095	545	931	3513
512	1280	4095	760	1044	3708
768	1280	4095	946	1133	3857
1024	1280	4095	1118	1210	3983
1280	1280	4095	1280	1280	4095
1536	1280	4095	1436	1344	4095
1792	1280	4095	1586	1404	4095
2048	1280	4095	1733	1461	4095
2303	1280	4095	1876	1515	4095
2559	1280	4095	2016	1567	4095
2815	1280	4095	2155	1617	4095
3071	1280	4095	2291	1665	4095
3327	1280	4095	2425	1712	4095
3583	1280	4095	2558	1758	4095
3839	1280	4095	2690	1802	4095
4095	1280	4095	2820	1846	4095
0	1536	4095	183	792	2932
256	1536	4095	605	1089	3421
512	1536	4095	831	1212	3613
768	1536	4095	1026	1309	3760
1024	1536	4095	1205	1392	3884
1280	1536	4095	1374	1467	3995
1536	1536	4095	1536	1536	4095
1792	1536	4095	1692	1600	4095
2048	1536	4095	1844	1661	4095
2303	1536	4095	1992	1719	4095
2559	1536	4095	2137	1775	4095
2815	1536	4095	2279	1828	4095
3071	1536	4095	2420	1880	4095
3327	1536	4095	2558	1930	4095
3583	1536	4095	2695	1979	4095
3839	1536	4095	2830	2027	4095
4095	1536	4095	2964	2073	4095
0	1792	4095	213	924	2856
256	1792	4095	662	1245	3338
512	1792	4095	899	1377	3527
768	1792	4095	1102	1481	3672
1024	1792	4095	1288	1570	3795
1280	1792	4095	1464	1650	3904
1536	1792	4095	1631	1723	4003
1792	1792	4095	1792	1792	4095
2048	1792	4095	1949	1857	4095
2303	1792	4095	2101	1918	4095
2559	1792	4095	2250	1977	4095
2815	1792	4095	2397	2034	4095
3071	1792	4095	2541	2089	4095
3327	1792	4095	2683	2142	4095
3583	1792	4095	2823	2193	4095
3839	1792	4095	2962	2244	4095
4095	1792	4095	3099	2293	4095
0	2048	4095	244	1056	2786
256	2048	4095	718	1399	3262
512	2048	4095	965	1540	3449
768	2048	4095	1176	1650	3593
1024	2048	4095	1368	1745	3714
1280	2048	4095	1549	1829	3822
1536	2048	4095	1721	1907	3920
1792	2048	4095	1887	1980	4010
2048	2048	4095	2048	2048	4095
2303	2048	4095	2204	2113	4095
2559	2048	4095	2358	2175	4095
2815	2048	4095	2508	2235	4095
3071	2048	4095	2656	2292	4095
3327	2048	4095	2801	2348	4095
3583	2048	4095	2945	2403	4095
3839	2048	4095	3087	2455	4095
4095	2048	4095	3227	2507	4095
0	2303	4095	274	1187	2722
256	2303	4095	772	1552	3193
512	2303	4095	1028	1701	3377
768	2303	4095	1246	1817	3519
1024	2303	4095	1444	1916	3639
1280	2303	4095	1630	2006	3746
1536	2303	4095	1808	2087	3843
1792	2303	4095	1978	2163	3932
2048	2303	4095	2143	2235	4016
2303	2303	4095	2303	2303	4095
2559	2303	4095	2460	2368	4095
2815	2303	4095	2614	2431	4095
3071	2303	4095	2765	2491	4095
3327	2303	4095	2914	2550	4095
3583	2303	4095	3060	2606	4095
3839	2303	4095	3205	2662	4095
4095	2303	4095	3348	2715	4095
0	2559	4095	305	1319	2663
256	2559	4095	825	1704	3128
512	2559	4095	1090	1861	3310
768	2559	4095	1315	1982	3451
1024	2559	4095	1519	2087	3570
1280	2559	4095	1710	2180	3675
1536	2559	4095	1891	2266	3771
1792	2559	4095	2066	2345	3859
2048	2559	4095	2235	2420	3942
2303	2559	4095	2399	2491	4020
2559	2559	4095	2559	2559	4095
2815	2559	4095	2716	2624	4095
3071	2559	4095	2870	2687	4095
3327	2559	4095	3022	2748	4095
3583	2559	4095	3172	2807	4095
3839	2559	4095	3319	2865	4095
4095	2559	4095	3465	2921	4095
0	2815	4095	335	1451	2607
256	2815	4095	877	1856	3067
512	2815	4095	1150	2019	3247
768	2815	4095	1381	2147	3386
1024	2815	4095	1591	2256	3504
1280	2815	4095	1787	2353	3609
1536	2815	4095	1973	2442	3703
1792	2815	4095	2151	2525	3791
2048	2815	4095	2324	2603	3873
2303	2815	4095	2491	2676	3951
2559	2815	4095	2655	2747	4024
2815	2815	4095	2815	2815	4095
3071	2815	4095	2972	2880	4095
3327	2815	4095	3127	2944	4095
3583	2815	4095	3279	3005	4095
3839	2815	4095	3429	3065	4095
4095	2815	4095	3578	3123	4095
0	3071	4095	365	1583	2555
256	3071	4095	928	2006	3010
512	3071	4095	1209	2177	3188
768	3071	4095	1447	2309	3326
1024	3071	4095	1661	2423	3443
1280	3071	4095	1862	2524	3546
1536	3071	4095	2052	2616	3640
1792	3071	4095	2234	2702	3727
2048	3071	4095	2410	2783	3808
2303	3071	4095	2581	2860	3885
2559	3071	4095	2748	2933	3958
2815	3071	4095	2911	3003	4028
3071	3071	4095	3071	3071	4095
3327	3071	4095	3228	3136	4095
3583	3071	4095	3383	3200	4095
3839	3071	4095	3536	3262	4095
4095	3071	4095	3687	3322	4095
0	3327	4095	396	1715	2505
256	3327	4095	978	2156	2955
512	3327	4095	1267	2333	3132
768	3327	4095	1510	2471	3269
1024	3327	4095	1730	2589	3384
1280	3327	4095	1935	2693	3487
1536	3327	4095	2129	2789	3580
1792	3327	4095	2315	2878	3666
2048	3327	4095	2494	2962	3747
2303	3327	4095	2668	3041	3822
2559	3327	4095	2838	3117	3895
2815	3327	4095	3004	3189	3964
3071	3327	4095	3167	3259	4031
3327	3327	4095	3327	3327	4095
3583	3327	4095	3485	3393	4095
3839	3327	4095	3640	3456	4095
4095	3327	4095	3793	3518	4095
0	3583	4095	426	1847	2458
256	3583	4095	1028	2305	2904
512	3583	4095	1324	2489	3079
768	3583	4095	1573	2631	3214
1024	3583	4095	1798	2753	3329
1280	3583	4095	2007	2862	3430
1536	3583	4095	2204	2961	3523
1792	3583	4095	2394	3053	3608
2048	3583	4095	2577	3139	3688
2303	3583	4095	2753	3221	3763
2559	3583	4095	2926	3299	3835
2815	3583	4095	3095	3374	3904
3071	3583	4095	3260	3446	3970
3327	3583	4095	3423	3515	4033
3583	3583	4095	3583	3583	4095
3839	3583	4095	3741	3649	4095
4095	3583	4095	3896	3713	4095
0	3839	4095	457	1979	2413
256	3839	4095	1077	2454	2855
512	3839	4095	1380	2644	3029
768	3839	4095	1635	2791	3162
1024	3839	4095	1864	2917	3276
1280	3839	4095	2077	3029	3376
1536	3839	4095	2278	3131	3468
1792	3839	4095	2471	3225	3553
2048	3839	4095	2657	3314	3632
2303	3839	4095	2837	3399	3707
2559	3839	4095	3012	3479	3778
2815	3839	4095	3184	3556	3846
3071	3839	4095	3352	3630	3912
3327	3839	4095	3517	3702	3975
3583	3839	4095	3679	3772	4036
3839	3839	4095	3839	3839	4095
4095	3839	4095	3997	3905	4095
0	4095	4095	487	2111	2371
256	4095	4095	1125	2602	2808
512	4095	4095	1435	2798	2980
768	4095	4095	1695	2950	3113
1024	4095	4095	1929	3079	3225
1280	4095	4095	2146	3194	3325
1536	4095	4095	2351	3300	3416
1792	4095	4095	2547	3397	3500
2048	4095	4095	2736	3489	3579
2303	4095	4095	2918	3575	3653
2559	4095	4095	3097	3658	3723
2815	4095	4095	3271	3737	3791
3071	4095	4095	3441	3813	3856
3327	4095	4095	3609	3887	3919
3583	4095	4095	3773	3958	3979
3839	4095	4095	3935	4028	4038
4095	4095	4095	4095	4095	4095
