0	0	0	4095	4095	4095
256	0	0	3578	3578	3578
512	0	0	3396	3396	3396
768	0	0	3263	3263	3263
1024	0	0	3155	3155	3155
1280	0	0	3062	3062	3062
1536	0	0	2980	2980	2980
1792	0	0	2907	2907	2907
2048	0	0	2840	2840	2840
2303	0	0	2778	2778	2778
2559	0	0	2721	2721	2721
2815	0	0	2667	2667	2667
3071	0	0	2616	2616	2616
3327	0	0	2568	2568	2568
3583	0	0	2523	2523	2523
3839	0	0	2479	2479	2479
4095	0	0	2438	2438	2438
0	256	0	2478	2478	2478
256	256	0	2088	2088	2088
512	256	0	1953	1953	1953
768	256	0	1855	1855	1855
1024	256	0	1775	1775	1775
1280	256	0	1708	1708	1708
1536	256	0	1649	1649	1649
1792	256	0	1596	1596	1596
2048	256	0	1548	1548	1548
2303	256	0	1503	1503	1503
2559	256	0	1462	1462	1462
2815	256	0	1424	1424	1424
3071	256	0	1388	1388	1388
3327	256	0	1354	1354	1354
3583	256	0	1322	1322	1322
3839	256	0	1292	1292	1292
4095	256	0	1263	1263	1263
0	512	0	1989	1989	1989
256	512	0	1645	1645	1645
512	512	0	1527	1527	1527
768	512	0	1441	1441	1441
1024	512	0	1372	1372	1372
1280	512	0	1313	1313	1313
1536	512	0	1262	1262	1262
1792	512	0	1216	1216	1216
2048	512	0	1175	1175	1175
2303	512	0	1137	1137	1137
2559	512	0	1102	1102	1102
2815	512	0	1069	1069	1069
3071	512	0	1038	1038	1038
3327	512	0	1009	1009	1009
3583	512	0	982	982	982
3839	512	0	956	956	956
4095	512	0	932	932	932
0	768	0	1661	1661	1661
256	768	0	1351	1351	1351
512	768	0	1244	1244	1244
768	768	0	1168	1168	1168
1024	768	0	1107	1107	1107
1280	768	0	1055	1055	1055
1536	768	0	1009	1009	1009
1792	768	0	969	969	969
2048	768	0	932	932	932
2303	768	0	899	899	899
2559	768	0	868	868	868
2815	768	0	839	839	839
3071	768	0	812	812	812
3327	768	0	787	787	787
3583	768	0	763	763	763
3839	768	0	741	741	741
4095	768	0	719	719	719
0	1024	0	1413	1413	1413
256	1024	0	1130	1130	1130
512	1024	0	1034	1034	1034
768	1024	0	965	965	965
1024	1024	0	910	910	910
1280	1024	0	863	863	863
1536	1024	0	822	822	822
1792	1024	0	786	786	786
2048	1024	0	754	754	754
2303	1024	0	724	724	724
2559	1024	0	696	696	696
2815	1024	0	671	671	671
3071	1024	0	647	647	647
3327	1024	0	625	625	625
3583	1024	0	604	604	604
3839	1024	0	584	584	584
4095	1024	0	565	565	565
0	1280	0	1215	1215	1215
256	1280	0	955	955	955
512	1280	0	868	868	868
768	1280	0	805	805	805
1024	1280	0	755	755	755
1280	1280	0	713	713	713
1536	1280	0	677	677	677
1792	1280	0	644	644	644
2048	1280	0	615	615	615
2303	1280	0	588	588	588
2559	1280	0	564	564	564
2815	1280	0	541	541	541
3071	1280	0	520	520	520
3327	1280	0	500	500	500
3583	1280	0	482	482	482
3839	1280	0	464	464	464
4095	1280	0	448	448	448
0	1536	0	1051	1051	1051
256	1536	0	812	812	812
512	1536	0	732	732	732
768	1536	0	675	675	675
1024	1536	0	630	630	630
1280	1536	0	592	592	592
1536	1536	0	559	559	559
1792	1536	0	530	530	530
2048	1536	0	503	503	503
2303	1536	0	480	480	480
2559	1536	0	458	458	458
2815	1536	0	437	437	437
3071	1536	0	419	419	419
3327	1536	0	401	401	401
3583	1536	0	385	385	385
3839	1536	0	369	369	369
4095	1536	0	355	355	355
0	1792	0	913	913	913
256	1792	0	693	693	693
512	1792	0	620	620	620
768	1792	0	568	568	568
1024	1792	0	527	527	527
1280	1792	0	492	492	492
1536	1792	0	462	462	462
1792	1792	0	436	436	436
2048	1792	0	412	412	412
2303	1792	0	391	391	391
2559	1792	0	371	371	371
2815	1792	0	353	353	353
3071	1792	0	337	337	337
3327	1792	0	321	321	321
3583	1792	0	307	307	307
3839	1792	0	293	293	293
4095	1792	0	280	280	280
0	2048	0	794	794	794
256	2048	0	591	591	591
512	2048	0	524	524	524
768	2048	0	477	477	477
1024	2048	0	440	440	440
1280	2048	0	409	409	409
1536	2048	0	382	382	382
1792	2048	0	358	358	358
2048	2048	0	337	337	337
2303	2048	0	318	318	318
2559	2048	0	300	300	300
2815	2048	0	284	284	284
3071	2048	0	269	269	269
3327	2048	0	256	256	256
3583	2048	0	243	243	243
3839	2048	0	231	231	231
4095	2048	0	220	220	220
0	2303	0	692	692	692
256	2303	0	505	505	505
512	2303	0	444	444	444
768	2303	0	401	401	401
1024	2303	0	367	367	367
1280	2303	0	338	338	338
1536	2303	0	314	314	314
1792	2303	0	293	293	293
2048	2303	0	274	274	274
2303	2303	0	257	257	257
2559	2303	0	241	241	241
2815	2303	0	227	227	227
3071	2303	0	214	214	214
3327	2303	0	202	202	202
3583	2303	0	191	191	191
3839	2303	0	180	180	180
4095	2303	0	170	170	170
0	2559	0	603	603	603
256	2559	0	430	430	430
512	2559	0	374	374	374
768	2559	0	335	335	335
1024	2559	0	304	304	304
1280	2559	0	279	279	279
1536	2559	0	257	257	257
1792	2559	0	238	238	238
2048	2559	0	221	221	221
2303	2559	0	206	206	206
2559	2559	0	192	192	192
2815	2559	0	180	180	180
3071	2559	0	168	168	168
3327	2559	0	158	158	158
3583	2559	0	148	148	148
3839	2559	0	139	139	139
4095	2559	0	130	130	130
0	2815	0	524	524	524
256	2815	0	365	365	365
512	2815	0	314	314	314
768	2815	0	278	278	278
1024	2815	0	251	251	251
1280	2815	0	228	228	228
1536	2815	0	208	208	208
1792	2815	0	191	191	191
2048	2815	0	177	177	177
2303	2815	0	163	163	163
2559	2815	0	151	151	151
2815	2815	0	140	140	140
3071	2815	0	130	130	130
3327	2815	0	121	121	121
3583	2815	0	112	112	112
3839	2815	0	105	105	105
4095	2815	0	97	97	97
0	3071	0	455	455	455
256	3071	0	309	309	309
512	3071	0	262	262	262
768	3071	0	230	230	230
1024	3071	0	205	205	205
1280	3071	0	185	185	185
1536	3071	0	167	167	167
1792	3071	0	152	152	152
2048	3071	0	139	139	139
2303	3071	0	128	128	128
2559	3071	0	117	117	117
2815	3071	0	107	107	107
3071	3071	0	99	99	99
3327	3071	0	91	91	91
3583	3071	0	84	84	84
3839	3071	0	77	77	77
4095	3071	0	71	71	71
0	3327	0	394	394	394
256	3327	0	259	259	259
512	3327	0	217	217	217
768	3327	0	188	188	188
1024	3327	0	166	166	166
1280	3327	0	148	148	148
1536	3327	0	133	133	133
1792	3327	0	120	120	120
2048	3327	0	108	108	108
2303	3327	0	98	98	98
2559	3327	0	89	89	89
2815	3327	0	81	81	81
3071	3327	0	73	73	73
3327	3327	0	67	67	67
3583	3327	0	61	61	61
3839	3327	0	55	55	55
4095	3327	0	50	50	50
0	3583	0	339	339	339
256	3583	0	217	217	217
512	3583	0	179	179	179
768	3583	0	153	153	153
1024	3583	0	133	133	133
1280	3583	0	117	117	117
1536	3583	0	104	104	104
1792	3583	0	92	92	92
2048	3583	0	82	82	82
2303	3583	0	73	73	73
2559	3583	0	66	66	66
2815	3583	0	59	59	59
3071	3583	0	53	53	53
3327	3583	0	47	47	47
3583	3583	0	42	42	42
3839	3583	0	38	38	38
4095	3583	0	33	33	33
0	3839	0	291	291	291
256	3839	0	179	179	179
512	3839	0	145	145	145
768	3839	0	122	122	122
1024	3839	0	105	105	105
1280	3839	0	91	91	91
1536	3839	0	79	79	79
1792	3839	0	69	69	69
2048	3839	0	61	61	61
2303	3839	0	53	53	53
2559	3839	0	47	47	47
2815	3839	0	41	41	41
3071	3839	0	36	36	36
3327	3839	0	32	32	32
3583	3839	0	28	28	28
3839	3839	0	24	24	24
4095	3839	0	21	21	21
0	4095	0	249	249	249
256	4095	0	147	147	147
512	4095	0	117	117	117
768	4095	0	96	96	96
1024	4095	0	81	81	81
1280	4095	0	69	69	69
1536	4095	0	59	59	59
1792	4095	0	51	51	51
2048	4095	0	44	44	44
2303	4095	0	37	37	37
2559	4095	0	32	32	32
2815	4095	0	28	28	28
3071	4095	0	23	23	23
3327	4095	0	20	20	20
3583	4095	0	17	17	17
3839	4095	0	14	14	14
4095	4095	0	12	12	12
0	0	256	3918	3918	3918
256	0	256	3413	3413	3413
512	0	256	3236	3236	3236
768	0	256	3107	3107	3107
1024	0	256	3001	3001	3001
1280	0	256	2911	2911	2911
1536	0	256	2832	2832	2832
1792	0	256	2761	2761	2761
2048	0	256	2695	2695	2695
2303	0	256	2636	2636	2636
2559	0	256	2580	2580	2580
2815	0	256	2527	2527	2527
3071	0	256	2478	2478	2478
3327	0	256	2432	2432	2432
3583	0	256	2387	2387	2387
3839	0	256	2345	2345	2345
4095	0	256	2305	2305	2305
0	256	256	2344	2344	2344
256	256	256	1966	1966	1966
512	256	256	1835	1835	1835
768	256	256	1741	1741	1741
1024	256	256	1664	1664	1664
1280	256	256	1599	1599	1599
1536	256	256	1542	1542	1542
1792	256	256	1491	1491	1491
2048	256	256	1444	1444	1444
2303	256	256	1402	1402	1402
2559	256	256	1362	1362	1362
2815	256	256	1325	1325	1325
3071	256	256	1291	1291	1291
3327	256	256	1258	1258	1258
3583	256	256	1228	1228	1228
3839	256	256	1198	1198	1198
4095	256	256	1170	1170	1170
0	512	256	1870	1870	1870
256	512	256	1538	1538	1538
512	512	256	1424	1424	1424
768	512	256	1342	1342	1342
1024	512	256	1275	1275	1275
1280	512	256	1219	1219	1219
1536	512	256	1170	1170	1170
1792	512	256	1126	1126	1126
2048	512	256	1086	1086	1086
2303	512	256	1050	1050	1050
2559	512	256	1016	1016	1016
2815	512	256	985	985	985
3071	512	256	955	955	955
3327	512	256	928	928	928
3583	512	256	902	902	902
3839	512	256	877	877	877
4095	512	256	854	854	854
0	768	256	1554	1554	1554
256	768	256	1255	1255	1255
512	768	256	1153	1153	1153
768	768	256	1080	1080	1080
1024	768	256	1021	1021	1021
1280	768	256	971	971	971
1536	768	256	928	928	928
1792	768	256	889	889	889
2048	768	256	854	854	854
2303	768	256	822	822	822
2559	768	256	793	793	793
2815	768	256	765	765	765
3071	768	256	740	740	740
3327	768	256	716	716	716
3583	768	256	693	693	693
3839	768	256	672	672	672
4095	768	256	652	652	652
0	1024	256	1315	1315	1315
256	1024	256	1043	1043	1043
512	1024	256	951	951	951
768	1024	256	886	886	886
1024	1024	256	833	833	833
1280	1024	256	788	788	788
1536	1024	256	750	750	750
1792	1024	256	715	715	715
2048	1024	256	684	684	684
2303	1024	256	656	656	656
2559	1024	256	630	630	630
2815	1024	256	606	606	606
3071	1024	256	584	584	584
3327	1024	256	562	562	562
3583	1024	256	543	543	543
3839	1024	256	524	524	524
4095	1024	256	506	506	506
0	1280	256	1125	1125	1125
256	1280	256	876	876	876
512	1280	256	793	793	793
768	1280	256	733	733	733
1024	1280	256	686	686	686
1280	1280	256	646	646	646
1536	1280	256	611	611	611
1792	1280	256	581	581	581
2048	1280	256	553	553	553
2303	1280	256	528	528	528
2559	1280	256	505	505	505
2815	1280	256	483	483	483
3071	1280	256	464	464	464
3327	1280	256	445	445	445
3583	1280	256	428	428	428
3839	1280	256	411	411	411
4095	1280	256	396	396	396
0	1536	256	968	968	968
256	1536	256	740	740	740
512	1536	256	664	664	664
768	1536	256	610	610	610
1024	1536	256	567	567	567
1280	1536	256	532	532	532
1536	1536	256	500	500	500
1792	1536	256	473	473	473
2048	1536	256	448	448	448
2303	1536	256	426	426	426
2559	1536	256	405	405	405
2815	1536	256	386	386	386
3071	1536	256	369	369	369
3327	1536	256	353	353	353
3583	1536	256	337	337	337
3839	1536	256	323	323	323
4095	1536	256	309	309	309
0	1792	256	836	836	836
256	1792	256	627	627	627
512	1792	256	558	558	558
768	1792	256	509	509	509
1024	1792	256	470	470	470
1280	1792	256	438	438	438
1536	1792	256	410	410	410
1792	1792	256	385	385	385
2048	1792	256	363	363	363
2303	1792	256	343	343	343
2559	1792	256	325	325	325
2815	1792	256	308	308	308
3071	1792	256	293	293	293
3327	1792	256	278	278	278
3583	1792	256	265	265	265
3839	1792	256	252	252	252
4095	1792	256	240	240	240
0	2048	256	723	723	723
256	2048	256	531	531	531
512	2048	256	468	468	468
768	2048	256	424	424	424
1024	2048	256	389	389	389
1280	2048	256	359	359	359
1536	2048	256	334	334	334
1792	2048	256	312	312	312
2048	2048	256	293	293	293
2303	2048	256	275	275	275
2559	2048	256	259	259	259
2815	2048	256	244	244	244
3071	2048	256	231	231	231
3327	2048	256	218	218	218
3583	2048	256	206	206	206
3839	2048	256	195	195	195
4095	2048	256	185	185	185
0	2303	256	626	626	626
256	2303	256	450	450	450
512	2303	256	392	392	392
768	2303	256	352	352	352
1024	2303	256	320	320	320
1280	2303	256	294	294	294
1536	2303	256	272	272	272
1792	2303	256	252	252	252
2048	2303	256	235	235	235
2303	2303	256	219	219	219
2559	2303	256	205	205	205
2815	2303	256	192	192	192
3071	2303	256	180	180	180
3327	2303	256	169	169	169
3583	2303	256	159	159	159
3839	2303	256	149	149	149
4095	2303	256	140	140	140
0	2559	256	542	542	542
256	2559	256	379	379	379
512	2559	256	327	327	327
768	2559	256	291	291	291
1024	2559	256	262	262	262
1280	2559	256	239	239	239
1536	2559	256	219	219	219
1792	2559	256	202	202	202
2048	2559	256	186	186	186
2303	2559	256	173	173	173
2559	2559	256	160	160	160
2815	2559	256	149	149	149
3071	2559	256	138	138	138
3327	2559	256	129	129	129
3583	2559	256	120	120	120
3839	2559	256	112	112	112
4095	2559	256	104	104	104
0	2815	256	468	468	468
256	2815	256	319	319	319
512	2815	256	272	272	272
768	2815	256	239	239	239
1024	2815	256	213	213	213
1280	2815	256	193	193	193
1536	2815	256	175	175	175
1792	2815	256	159	159	159
2048	2815	256	146	146	146
2303	2815	256	134	134	134
2559	2815	256	123	123	123
2815	2815	256	113	113	113
3071	2815	256	104	104	104
3327	2815	256	96	96	96
3583	2815	256	89	89	89
3839	2815	256	82	82	82
4095	2815	256	76	76	76
0	3071	256	403	403	403
256	3071	256	267	267	267
512	3071	256	224	224	224
768	3071	256	194	194	194
1024	3071	256	172	172	172
1280	3071	256	153	153	153
1536	3071	256	138	138	138
1792	3071	256	124	124	124
2048	3071	256	112	112	112
2303	3071	256	102	102	102
2559	3071	256	93	93	93
2815	3071	256	84	84	84
3071	3071	256	77	77	77
3327	3071	256	70	70	70
3583	3071	256	64	64	64
3839	3071	256	58	58	58
4095	3071	256	53	53	53
0	3327	256	345	345	345
256	3327	256	221	221	221
512	3327	256	183	183	183
768	3327	256	157	157	157
1024	3327	256	137	137	137
1280	3327	256	120	120	120
1536	3327	256	107	107	107
1792	3327	256	95	95	95
2048	3327	256	85	85	85
2303	3327	256	76	76	76
2559	3327	256	68	68	68
2815	3327	256	61	61	61
3071	3327	256	55	55	55
3327	3327	256	49	49	49
3583	3327	256	44	44	44
3839	3327	256	39	39	39
4095	3327	256	35	35	35
0	3583	256	295	295	295
256	3583	256	182	182	182
512	3583	256	148	148	148
768	3583	256	125	125	125
1024	3583	256	107	107	107
1280	3583	256	93	93	93
1536	3583	256	81	81	81
1792	3583	256	71	71	71
2048	3583	256	62	62	62
2303	3583	256	55	55	55
2559	3583	256	48	48	48
2815	3583	256	43	43	43
3071	3583	256	37	37	37
3327	3583	256	33	33	33
3583	3583	256	29	29	29
3839	3583	256	25	25	25
4095	3583	256	22	22	22
0	3839	256	251	251	251
256	3839	256	148	148	148
512	3839	256	118	118	118
768	3839	256	97	97	97
1024	3839	256	82	82	82
1280	3839	256	70	70	70
1536	3839	256	60	60	60
1792	3839	256	51	51	51
2048	3839	256	44	44	44
2303	3839	256	38	38	38
2559	3839	256	33	33	33
2815	3839	256	28	28	28
3071	3839	256	24	24	24
3327	3839	256	20	20	20
3583	3839	256	17	17	17
3839	3839	256	15	15	15
4095	3839	256	12	12	12
0	4095	256	212	212	212
256	4095	256	119	119	119
512	4095	256	92	92	92
768	4095	256	75	75	75
1024	4095	256	61	61	61
1280	4095	256	51	51	51
1536	4095	256	43	43	43
1792	4095	256	36	36	36
2048	4095	256	30	30	30
2303	4095	256	25	25	25
2559	4095	256	21	21	21
2815	4095	256	17	17	17
3071	4095	256	14	14	14
3327	4095	256	11	11	11
3583	4095	256	9	9	9
3839	4095	256	7	7	7
4095	4095	256	6	6	6
0	0	512	3854	3854	3854
256	0	512	3354	3354	3354
512	0	512	3178	3178	3178
768	0	512	3050	3050	3050
1024	0	512	2946	2946	2946
1280	0	512	2857	2857	2857
1536	0	512	2778	2778	2778
1792	0	512	2707	2707	2707
2048	0	512	2643	2643	2643
2303	0	512	2584	2584	2584
2559	0	512	2529	2529	2529
2815	0	512	2477	2477	2477
3071	0	512	2428	2428	2428
3327	0	512	2382	2382	2382
3583	0	512	2338	2338	2338
3839	0	512	2297	2297	2297
4095	0	512	2257	2257	2257
0	256	512	2295	2295	2295
256	256	512	1922	1922	1922
512	256	512	1793	1793	1793
768	256	512	1699	1699	1699
1024	256	512	1624	1624	1624
1280	256	512	1560	1560	1560
1536	256	512	1503	1503	1503
1792	256	512	1453	1453	1453
2048	256	512	1407	1407	1407
2303	256	512	1365	1365	1365
2559	256	512	1326	1326	1326
2815	256	512	1290	1290	1290
3071	256	512	1256	1256	1256
3327	256	512	1224	1224	1224
3583	256	512	1193	1193	1193
3839	256	512	1165	1165	1165
4095	256	512	1137	1137	1137
0	512	512	1827	1827	1827
256	512	512	1500	1500	1500
512	512	512	1387	1387	1387
768	512	512	1306	1306	1306
1024	512	512	1241	1241	1241
1280	512	512	1185	1185	1185
1536	512	512	1137	1137	1137
1792	512	512	1094	1094	1094
2048	512	512	1054	1054	1054
2303	512	512	1019	1019	1019
2559	512	512	985	985	985
2815	512	512	955	955	955
3071	512	512	926	926	926
3327	512	512	899	899	899
3583	512	512	873	873	873
3839	512	512	849	849	849
4095	512	512	826	826	826
0	768	512	1515	1515	1515
256	768	512	1220	1220	1220
512	768	512	1120	1120	1120
768	768	512	1048	1048	1048
1024	768	512	990	990	990
1280	768	512	941	941	941
1536	768	512	899	899	899
1792	768	512	861	861	861
2048	768	512	826	826	826
2303	768	512	795	795	795
2559	768	512	766	766	766
2815	768	512	739	739	739
3071	768	512	714	714	714
3327	768	512	691	691	691
3583	768	512	668	668	668
3839	768	512	647	647	647
4095	768	512	628	628	628
0	1024	512	1280	1280	1280
256	1024	512	1012	1012	1012
512	1024	512	922	922	922
768	1024	512	857	857	857
1024	1024	512	805	805	805
1280	1024	512	762	762	762
1536	1024	512	724	724	724
1792	1024	512	690	690	690
2048	1024	512	660	660	660
2303	1024	512	632	632	632
2559	1024	512	606	606	606
2815	1024	512	583	583	583
3071	1024	512	561	561	561
3327	1024	512	540	540	540
3583	1024	512	521	521	521
3839	1024	512	503	503	503
4095	1024	512	485	485	485
0	1280	512	1092	1092	1092
256	1280	512	848	848	848
512	1280	512	766	766	766
768	1280	512	708	708	708
1024	1280	512	661	661	661
1280	1280	512	622	622	622
1536	1280	512	588	588	588
1792	1280	512	558	558	558
2048	1280	512	531	531	531
2303	1280	512	507	507	507
2559	1280	512	484	484	484
2815	1280	512	463	463	463
3071	1280	512	444	444	444
3327	1280	512	426	426	426
3583	1280	512	409	409	409
3839	1280	512	393	393	393
4095	1280	512	378	378	378
0	1536	512	938	938	938
256	1536	512	714	714	714
512	1536	512	640	640	640
768	1536	512	587	587	587
1024	1536	512	545	545	545
1280	1536	512	510	510	510
1536	1536	512	480	480	480
1792	1536	512	453	453	453
2048	1536	512	429	429	429
2303	1536	512	407	407	407
2559	1536	512	387	387	387
2815	1536	512	368	368	368
3071	1536	512	351	351	351
3327	1536	512	335	335	335
3583	1536	512	320	320	320
3839	1536	512	307	307	307
4095	1536	512	293	293	293
0	1792	512	808	808	808
256	1792	512	603	603	603
512	1792	512	535	535	535
768	1792	512	488	488	488
1024	1792	512	450	450	450
1280	1792	512	418	418	418
1536	1792	512	391	391	391
1792	1792	512	367	367	367
2048	1792	512	345	345	345
2303	1792	512	326	326	326
2559	1792	512	308	308	308
2815	1792	512	292	292	292
3071	1792	512	277	277	277
3327	1792	512	263	263	263
3583	1792	512	250	250	250
3839	1792	512	238	238	238
4095	1792	512	227	227	227
0	2048	512	698	698	698
256	2048	512	509	509	509
512	2048	512	448	448	448
768	2048	512	405	405	405
1024	2048	512	370	370	370
1280	2048	512	342	342	342
1536	2048	512	318	318	318
1792	2048	512	296	296	296
2048	2048	512	277	277	277
2303	2048	512	260	260	260
2559	2048	512	244	244	244
2815	2048	512	230	230	230
3071	2048	512	217	217	217
3327	2048	512	205	205	205
3583	2048	512	193	193	193
3839	2048	512	183	183	183
4095	2048	512	173	173	173
0	2303	512	603	603	603
256	2303	512	430	430	430
512	2303	512	374	374	374
768	2303	512	335	335	335
1024	2303	512	304	304	304
1280	2303	512	279	279	279
1536	2303	512	257	257	257
1792	2303	512	238	238	238
2048	2303	512	221	221	221
2303	2303	512	206	206	206
2559	2303	512	192	192	192
2815	2303	512	180	180	180
3071	2303	512	168	168	168
3327	2303	512	158	158	158
3583	2303	512	148	148	148
3839	2303	512	139	139	139
4095	2303	512	130	130	130
0	2559	512	520	520	520
256	2559	512	361	361	361
512	2559	512	311	311	311
768	2559	512	275	275	275
1024	2559	512	248	248	248
1280	2559	512	225	225	225
1536	2559	512	206	206	206
1792	2559	512	189	189	189
2048	2559	512	174	174	174
2303	2559	512	161	161	161
2559	2559	512	149	149	149
2815	2559	512	138	138	138
3071	2559	512	128	128	128
3327	2559	512	119	119	119
3583	2559	512	111	111	111
3839	2559	512	103	103	103
4095	2559	512	96	96	96
0	2815	512	448	448	448
256	2815	512	303	303	303
512	2815	512	257	257	257
768	2815	512	225	225	225
1024	2815	512	200	200	200
1280	2815	512	180	180	180
1536	2815	512	163	163	163
1792	2815	512	148	148	148
2048	2815	512	135	135	135
2303	2815	512	124	124	124
2559	2815	512	114	114	114
2815	2815	512	104	104	104
3071	2815	512	96	96	96
3327	2815	512	88	88	88
3583	2815	512	81	81	81
3839	2815	512	74	74	74
4095	2815	512	68	68	68
0	3071	512	384	384	384
256	3071	512	252	252	252
512	3071	512	210	210	210
768	3071	512	182	182	182
1024	3071	512	160	160	160
1280	3071	512	142	142	142
1536	3071	512	128	128	128
1792	3071	512	115	115	115
2048	3071	512	103	103	103
2303	3071	512	93	93	93
2559	3071	512	85	85	85
2815	3071	512	77	77	77
3071	3071	512	70	70	70
3327	3071	512	63	63	63
3583	3071	512	57	57	57
3839	3071	512	52	52	52
4095	3071	512	47	47	47
0	3327	512	329	329	329
256	3327	512	208	208	208
512	3327	512	171	171	171
768	3327	512	146	146	146
1024	3327	512	126	126	126
1280	3327	512	111	111	111
1536	3327	512	98	98	98
1792	3327	512	87	87	87
2048	3327	512	77	77	77
2303	3327	512	69	69	69
2559	3327	512	61	61	61
2815	3327	512	55	55	55
3071	3327	512	49	49	49
3327	3327	512	43	43	43
3583	3327	512	39	39	39
3839	3327	512	34	34	34
4095	3327	512	30	30	30
0	3583	512	280	280	280
256	3583	512	170	170	170
512	3583	512	137	137	137
768	3583	512	115	115	115
1024	3583	512	98	98	98
1280	3583	512	85	85	85
1536	3583	512	73	73	73
1792	3583	512	64	64	64
2048	3583	512	56	56	56
2303	3583	512	49	49	49
2559	3583	512	43	43	43
2815	3583	512	37	37	37
3071	3583	512	32	32	32
3327	3583	512	28	28	28
3583	3583	512	24	24	24
3839	3583	512	21	21	21
4095	3583	512	18	18	18
0	3839	512	237	237	237
256	3839	512	138	138	138
512	3839	512	109	109	109
768	3839	512	89	89	89
1024	3839	512	74	74	74
1280	3839	512	63	63	63
1536	3839	512	53	53	53
1792	3839	512	46	46	46
2048	3839	512	39	39	39
2303	3839	512	33	33	33
2559	3839	512	28	28	28
2815	3839	512	24	24	24
3071	3839	512	20	20	20
3327	3839	512	17	17	17
3583	3839	512	14	14	14
3839	3839	512	12	12	12
4095	3839	512	10	10	10
0	4095	512	199	199	199
256	4095	512	110	110	110
512	4095	512	84	84	84
768	4095	512	67	67	67
1024	4095	512	55	55	55
1280	4095	512	45	45	45
1536	4095	512	37	37	37
1792	4095	512	31	31	31
2048	4095	512	26	26	26
2303	4095	512	21	21	21
2559	4095	512	17	17	17
2815	4095	512	14	14	14
3071	4095	512	11	11	11
3327	4095	512	9	9	9
3583	4095	512	7	7	7
3839	4095	512	5	5	5
4095	4095	512	4	4	4
0	0	768	3806	3806	3806
256	0	768	3309	3309	3309
512	0	768	3135	3135	3135
768	0	768	3008	3008	3008
1024	0	768	2905	2905	2905
1280	0	768	2816	2816	2816
1536	0	768	2738	2738	2738
1792	0	768	2668	2668	2668
2048	0	768	2604	2604	2604
2303	0	768	2545	2545	2545
2559	0	768	2491	2491	2491
2815	0	768	2439	2439	2439
3071	0	768	2391	2391	2391
3327	0	768	2345	2345	2345
3583	0	768	2302	2302	2302
3839	0	768	2261	2261	2261
4095	0	768	2221	2221	2221
0	256	768	2259	2259	2259
256	256	768	1889	1889	1889
512	256	768	1761	1761	1761
768	256	768	1669	1669	1669
1024	256	768	1594	1594	1594
1280	256	768	1530	1530	1530
1536	256	768	1475	1475	1475
1792	256	768	1425	1425	1425
2048	256	768	1379	1379	1379
2303	256	768	1338	1338	1338
2559	256	768	1299	1299	1299
2815	256	768	1264	1264	1264
3071	256	768	1230	1230	1230
3327	256	768	1198	1198	1198
3583	256	768	1168	1168	1168
3839	256	768	1140	1140	1140
4095	256	768	1113	1113	1113
0	512	768	1796	1796	1796
256	512	768	1471	1471	1471
512	512	768	1360	1360	1360
768	512	768	1280	1280	1280
1024	512	768	1215	1215	1215
1280	512	768	1160	1160	1160
1536	512	768	1112	1112	1112
1792	512	768	1070	1070	1070
2048	512	768	1031	1031	1031
2303	512	768	996	996	996
2559	512	768	963	963	963
2815	512	768	932	932	932
3071	512	768	904	904	904
3327	512	768	877	877	877
3583	512	768	852	852	852
3839	512	768	828	828	828
4095	512	768	805	805	805
0	768	768	1486	1486	1486
256	768	768	1195	1195	1195
512	768	768	1096	1096	1096
768	768	768	1025	1025	1025
1024	768	768	967	967	967
1280	768	768	919	919	919
1536	768	768	877	877	877
1792	768	768	840	840	840
2048	768	768	806	806	806
2303	768	768	775	775	775
2559	768	768	746	746	746
2815	768	768	720	720	720
3071	768	768	695	695	695
3327	768	768	672	672	672
3583	768	768	650	650	650
3839	768	768	629	629	629
4095	768	768	610	610	610
0	1024	768	1253	1253	1253
256	1024	768	989	989	989
512	1024	768	900	900	900
768	1024	768	836	836	836
1024	1024	768	785	785	785
1280	1024	768	742	742	742
1536	1024	768	705	705	705
1792	1024	768	671	671	671
2048	1024	768	641	641	641
2303	1024	768	614	614	614
2559	1024	768	589	589	589
2815	1024	768	566	566	566
3071	1024	768	544	544	544
3327	1024	768	524	524	524
3583	1024	768	505	505	505
3839	1024	768	487	487	487
4095	1024	768	470	470	470
0	1280	768	1068	1068	1068
256	1280	768	827	827	827
512	1280	768	746	746	746
768	1280	768	689	689	689
1024	1280	768	643	643	643
1280	1280	768	604	604	604
1536	1280	768	571	571	571
1792	1280	768	541	541	541
2048	1280	768	515	515	515
2303	1280	768	491	491	491
2559	1280	768	469	469	469
2815	1280	768	448	448	448
3071	1280	768	429	429	429
3327	1280	768	411	411	411
3583	1280	768	395	395	395
3839	1280	768	379	379	379
4095	1280	768	364	364	364
0	1536	768	916	916	916
256	1536	768	695	695	695
512	1536	768	622	622	622
768	1536	768	570	570	570
1024	1536	768	529	529	529
1280	1536	768	494	494	494
1536	1536	768	464	464	464
1792	1536	768	438	438	438
2048	1536	768	414	414	414
2303	1536	768	393	393	393
2559	1536	768	373	373	373
2815	1536	768	355	355	355
3071	1536	768	338	338	338
3327	1536	768	323	323	323
3583	1536	768	308	308	308
3839	1536	768	295	295	295
4095	1536	768	282	282	282
0	1792	768	788	788	788
256	1792	768	586	586	586
512	1792	768	519	519	519
768	1792	768	472	472	472
1024	1792	768	435	435	435
1280	1792	768	404	404	404
1536	1792	768	377	377	377
1792	1792	768	354	354	354
2048	1792	768	333	333	333
2303	1792	768	314	314	314
2559	1792	768	296	296	296
2815	1792	768	281	281	281
3071	1792	768	266	266	266
3327	1792	768	252	252	252
3583	1792	768	239	239	239
3839	1792	768	228	228	228
4095	1792	768	216	216	216
0	2048	768	679	679	679
256	2048	768	494	494	494
512	2048	768	433	433	433
768	2048	768	391	391	391
1024	2048	768	357	357	357
1280	2048	768	329	329	329
1536	2048	768	306	306	306
1792	2048	768	285	285	285
2048	2048	768	266	266	266
2303	2048	768	249	249	249
2559	2048	768	234	234	234
2815	2048	768	220	220	220
3071	2048	768	207	207	207
3327	2048	768	195	195	195
3583	2048	768	184	184	184
3839	2048	768	174	174	174
4095	2048	768	164	164	164
0	2303	768	585	585	585
256	2303	768	416	416	416
512	2303	768	361	361	361
768	2303	768	322	322	322
1024	2303	768	292	292	292
1280	2303	768	267	267	267
1536	2303	768	246	246	246
1792	2303	768	227	227	227
2048	2303	768	211	211	211
2303	2303	768	196	196	196
2559	2303	768	183	183	183
2815	2303	768	171	171	171
3071	2303	768	160	160	160
3327	2303	768	149	149	149
3583	2303	768	140	140	140
3839	2303	768	131	131	131
4095	2303	768	123	123	123
0	2559	768	504	504	504
256	2559	768	348	348	348
512	2559	768	299	299	299
768	2559	768	264	264	264
1024	2559	768	237	237	237
1280	2559	768	215	215	215
1536	2559	768	196	196	196
1792	2559	768	180	180	180
2048	2559	768	165	165	165
2303	2559	768	153	153	153
2559	2559	768	141	141	141
2815	2559	768	130	130	130
3071	2559	768	121	121	121
3327	2559	768	112	112	112
3583	2559	768	104	104	104
3839	2559	768	96	96	96
4095	2559	768	89	89	89
0	2815	768	433	433	433
256	2815	768	291	291	291
512	2815	768	246	246	246
768	2815	768	215	215	215
1024	2815	768	191	191	191
1280	2815	768	171	171	171
1536	2815	768	155	155	155
1792	2815	768	140	140	140
2048	2815	768	128	128	128
2303	2815	768	117	117	117
2559	2815	768	107	107	107
2815	2815	768	98	98	98
3071	2815	768	89	89	89
3327	2815	768	82	82	82
3583	2815	768	75	75	75
3839	2815	768	69	69	69
4095	2815	768	63	63	63
0	3071	768	371	371	371
256	3071	768	241	241	241
512	3071	768	201	201	201
768	3071	768	173	173	173
1024	3071	768	152	152	152
1280	3071	768	135	135	135
1536	3071	768	120	120	120
1792	3071	768	108	108	108
2048	3071	768	97	97	97
2303	3071	768	87	87	87
2559	3071	768	79	79	79
2815	3071	768	71	71	71
3071	3071	768	64	64	64
3327	3071	768	58	58	58
3583	3071	768	52	52	52
3839	3071	768	47	47	47
4095	3071	768	43	43	43
0	3327	768	316	316	316
256	3327	768	198	198	198
512	3327	768	162	162	162
768	3327	768	138	138	138
1024	3327	768	119	119	119
1280	3327	768	104	104	104
1536	3327	768	92	92	92
1792	3327	768	81	81	81
2048	3327	768	72	72	72
2303	3327	768	64	64	64
2559	3327	768	56	56	56
2815	3327	768	50	50	50
3071	3327	768	44	44	44
3327	3327	768	39	39	39
3583	3327	768	35	35	35
3839	3327	768	31	31	31
4095	3327	768	27	27	27
0	3583	768	268	268	268
256	3583	768	162	162	162
512	3583	768	130	130	130
768	3583	768	108	108	108
1024	3583	768	92	92	92
1280	3583	768	79	79	79
1536	3583	768	68	68	68
1792	3583	768	59	59	59
2048	3583	768	51	51	51
2303	3583	768	45	45	45
2559	3583	768	39	39	39
2815	3583	768	34	34	34
3071	3583	768	29	29	29
3327	3583	768	25	25	25
3583	3583	768	22	22	22
3839	3583	768	18	18	18
4095	3583	768	16	16	16
0	3839	768	226	226	226
256	3839	768	130	130	130
512	3839	768	102	102	102
768	3839	768	83	83	83
1024	3839	768	69	69	69
1280	3839	768	58	58	58
1536	3839	768	49	49	49
1792	3839	768	41	41	41
2048	3839	768	35	35	35
2303	3839	768	30	30	30
2559	3839	768	25	25	25
2815	3839	768	21	21	21
3071	3839	768	18	18	18
3327	3839	768	15	15	15
3583	3839	768	12	12	12
3839	3839	768	10	10	10
4095	3839	768	8	8	8
0	4095	768	189	189	189
256	4095	768	103	103	103
512	4095	768	78	78	78
768	4095	768	62	62	62
1024	4095	768	50	50	50
1280	4095	768	41	41	41
1536	4095	768	34	34	34
1792	4095	768	28	28	28
2048	4095	768	23	23	23
2303	4095	768	18	18	18
2559	4095	768	15	15	15
2815	4095	768	12	12	12
3071	4095	768	9	9	9
3327	4095	768	7	7	7
3583	4095	768	6	6	6
3839	4095	768	4	4	4
4095	4095	768	3	3	3
0	0	1024	3767	3767	3767
256	0	1024	3273	3273	3273
512	0	1024	3100	3100	3100
768	0	1024	2973	2973	2973
1024	0	1024	2871	2871	2871
1280	0	1024	2783	2783	2783
1536	0	1024	2705	2705	2705
1792	0	1024	2636	2636	2636
2048	0	1024	2572	2572	2572
2303	0	1024	2514	2514	2514
2559	0	1024	2459	2459	2459
2815	0	1024	2408	2408	2408
3071	0	1024	2360	2360	2360
3327	0	1024	2315	2315	2315
3583	0	1024	2272	2272	2272
3839	0	1024	2231	2231	2231
4095	0	1024	2192	2192	2192
0	256	1024	2229	2229	2229
256	256	1024	1862	1862	1862
512	256	1024	1735	1735	1735
768	256	1024	1644	1644	1644
1024	256	1024	1570	1570	1570
1280	256	1024	1506	1506	1506
1536	256	1024	1451	1451	1451
1792	256	1024	1402	1402	1402
2048	256	1024	1357	1357	1357
2303	256	1024	1316	1316	1316
2559	256	1024	1278	1278	1278
2815	256	1024	1242	1242	1242
3071	256	1024	1209	1209	1209
3327	256	1024	1177	1177	1177
3583	256	1024	1148	1148	1148
3839	256	1024	1119	1119	1119
4095	256	1024	1093	1093	1093
0	512	1024	1769	1769	1769
256	512	1024	1448	1448	1448
512	512	1024	1337	1337	1337
768	512	1024	1258	1258	1258
1024	512	1024	1194	1194	1194
1280	512	1024	1140	1140	1140
1536	512	1024	1092	1092	1092
1792	512	1024	1050	1050	1050
2048	512	1024	1012	1012	1012
2303	512	1024	977	977	977
2559	512	1024	944	944	944
2815	512	1024	914	914	914
3071	512	1024	886	886	886
3327	512	1024	859	859	859
3583	512	1024	834	834	834
3839	512	1024	811	811	811
4095	512	1024	788	788	788
0	768	1024	1463	1463	1463
256	768	1024	1174	1174	1174
512	768	1024	1076	1076	1076
768	768	1024	1005	1005	1005
1024	768	1024	949	949	949
1280	768	1024	901	901	901
1536	768	1024	859	859	859
1792	768	1024	822	822	822
2048	768	1024	789	789	789
2303	768	1024	758	758	758
2559	768	1024	730	730	730
2815	768	1024	704	704	704
3071	768	1024	680	680	680
3327	768	1024	657	657	657
3583	768	1024	635	635	635
3839	768	1024	615	615	615
4095	768	1024	595	595	595
0	1024	1024	1232	1232	1232
256	1024	1024	970	970	970
512	1024	1024	882	882	882
768	1024	1024	819	819	819
1024	1024	1024	768	768	768
1280	1024	1024	726	726	726
1536	1024	1024	689	689	689
1792	1024	1024	656	656	656
2048	1024	1024	627	627	627
2303	1024	1024	600	600	600
2559	1024	1024	575	575	575
2815	1024	1024	552	552	552
3071	1024	1024	531	531	531
3327	1024	1024	511	511	511
3583	1024	1024	492	492	492
3839	1024	1024	474	474	474
4095	1024	1024	457	457	457
0	1280	1024	1048	1048	1048
256	1280	1024	810	810	810
512	1280	1024	730	730	730
768	1280	1024	673	673	673
1024	1280	1024	628	628	628
1280	1280	1024	590	590	590
1536	1280	1024	557	557	557
1792	1280	1024	528	528	528
2048	1280	1024	502	502	502
2303	1280	1024	478	478	478
2559	1280	1024	456	456	456
2815	1280	1024	436	436	436
3071	1280	1024	417	417	417
3327	1280	1024	400	400	400
3583	1280	1024	383	383	383
3839	1280	1024	368	368	368
4095	1280	1024	353	353	353
0	1536	1024	898	898	898
256	1536	1024	680	680	680
512	1536	1024	607	607	607
768	1536	1024	556	556	556
1024	1536	1024	515	515	515
1280	1536	1024	481	481	481
1536	1536	1024	452	452	452
1792	1536	1024	426	426	426
2048	1536	1024	403	403	403
2303	1536	1024	382	382	382
2559	1536	1024	362	362	362
2815	1536	1024	344	344	344
3071	1536	1024	328	328	328
3327	1536	1024	313	313	313
3583	1536	1024	298	298	298
3839	1536	1024	285	285	285
4095	1536	1024	272	272	272
0	1792	1024	771	771	771
256	1792	1024	572	572	572
512	1792	1024	506	506	506
768	1792	1024	460	460	460
1024	1792	1024	423	423	423
1280	1792	1024	392	392	392
1536	1792	1024	366	366	366
1792	1792	1024	343	343	343
2048	1792	1024	322	322	322
2303	1792	1024	304	304	304
2559	1792	1024	287	287	287
2815	1792	1024	271	271	271
3071	1792	1024	257	257	257
3327	1792	1024	243	243	243
3583	1792	1024	231	231	231
3839	1792	1024	219	219	219
4095	1792	1024	208	208	208
0	2048	1024	664	664	664
256	2048	1024	481	481	481
512	2048	1024	421	421	421
768	2048	1024	379	379	379
1024	2048	1024	346	346	346
1280	2048	1024	319	319	319
1536	2048	1024	296	296	296
1792	2048	1024	275	275	275
2048	2048	1024	257	257	257
2303	2048	1024	240	240	240
2559	2048	1024	225	225	225
2815	2048	1024	212	212	212
3071	2048	1024	199	199	199
3327	2048	1024	187	187	187
3583	2048	1024	177	177	177
3839	2048	1024	167	167	167
4095	2048	1024	157	157	157
0	2303	1024	571	571	571
256	2303	1024	404	404	404
512	2303	1024	350	350	350
768	2303	1024	312	312	312
1024	2303	1024	283	283	283
1280	2303	1024	258	258	258
1536	2303	1024	237	237	237
1792	2303	1024	219	219	219
2048	2303	1024	203	203	203
2303	2303	1024	189	189	189
2559	2303	1024	175	175	175
2815	2303	1024	164	164	164
3071	2303	1024	153	153	153
3327	2303	1024	143	143	143
3583	2303	1024	133	133	133
3839	2303	1024	125	125	125
4095	2303	1024	117	117	117
0	2559	1024	491	491	491
256	2559	1024	338	338	338
512	2559	1024	289	289	289
768	2559	1024	255	255	255
1024	2559	1024	229	229	229
1280	2559	1024	207	207	207
1536	2559	1024	189	189	189
1792	2559	1024	172	172	172
2048	2559	1024	158	158	158
2303	2559	1024	146	146	146
2559	2559	1024	134	134	134
2815	2559	1024	124	124	124
3071	2559	1024	115	115	115
3327	2559	1024	106	106	106
3583	2559	1024	98	98	98
3839	2559	1024	91	91	91
4095	2559	1024	84	84	84
0	2815	1024	421	421	421
256	2815	1024	281	281	281
512	2815	1024	237	237	237
768	2815	1024	207	207	207
1024	2815	1024	183	183	183
1280	2815	1024	164	164	164
1536	2815	1024	148	148	148
1792	2815	1024	134	134	134
2048	2815	1024	122	122	122
2303	2815	1024	111	111	111
2559	2815	1024	101	101	101
2815	2815	1024	92	92	92
3071	2815	1024	84	84	84
3327	2815	1024	77	77	77
3583	2815	1024	71	71	71
3839	2815	1024	65	65	65
4095	2815	1024	59	59	59
0	3071	1024	360	360	360
256	3071	1024	232	232	232
512	3071	1024	193	193	193
768	3071	1024	166	166	166
1024	3071	1024	145	145	145
1280	3071	1024	128	128	128
1536	3071	1024	114	114	114
1792	3071	1024	102	102	102
2048	3071	1024	92	92	92
2303	3071	1024	82	82	82
2559	3071	1024	74	74	74
2815	3071	1024	67	67	67
3071	3071	1024	60	60	60
3327	3071	1024	54	54	54
3583	3071	1024	49	49	49
3839	3071	1024	44	44	44
4095	3071	1024	39	39	39
0	3327	1024	306	306	306
256	3327	1024	191	191	191
512	3327	1024	155	155	155
768	3327	1024	131	131	131
1024	3327	1024	113	113	113
1280	3327	1024	99	99	99
1536	3327	1024	86	86	86
1792	3327	1024	76	76	76
2048	3327	1024	67	67	67
2303	3327	1024	59	59	59
2559	3327	1024	52	52	52
2815	3327	1024	46	46	46
3071	3327	1024	41	41	41
3327	3327	1024	36	36	36
3583	3327	1024	32	32	32
3839	3327	1024	28	28	28
4095	3327	1024	24	24	24
0	3583	1024	259	259	259
256	3583	1024	155	155	155
512	3583	1024	123	123	123
768	3583	1024	102	102	102
1024	3583	1024	87	87	87
1280	3583	1024	74	74	74
1536	3583	1024	64	64	64
1792	3583	1024	55	55	55
2048	3583	1024	47	47	47
2303	3583	1024	41	41	41
2559	3583	1024	36	36	36
2815	3583	1024	31	31	31
3071	3583	1024	26	26	26
3327	3583	1024	23	23	23
3583	3583	1024	19	19	19
3839	3583	1024	16	16	16
4095	3583	1024	14	14	14
0	3839	1024	218	218	218
256	3839	1024	124	124	124
512	3839	1024	96	96	96
768	3839	1024	78	78	78
1024	3839	1024	65	65	65
1280	3839	1024	54	54	54
1536	3839	1024	45	45	45
1792	3839	1024	38	38	38
2048	3839	1024	32	32	32
2303	3839	1024	27	27	27
2559	3839	1024	23	23	23
2815	3839	1024	19	19	19
3071	3839	1024	16	16	16
3327	3839	1024	13	13	13
3583	3839	1024	10	10	10
3839	3839	1024	8	8	8
4095	3839	1024	7	7	7
0	4095	1024	182	182	182
256	4095	1024	98	98	98
512	4095	1024	74	74	74
768	4095	1024	58	58	58
1024	4095	1024	47	47	47
1280	4095	1024	38	38	38
1536	4095	1024	31	31	31
1792	4095	1024	25	25	25
2048	4095	1024	20	20	20
2303	4095	1024	16	16	16
2559	4095	1024	13	13	13
2815	4095	1024	10	10	10
3071	4095	1024	8	8	8
3327	4095	1024	6	6	6
3583	4095	1024	4	4	4
3839	4095	1024	3	3	3
4095	4095	1024	2	2	2
0	0	1280	3732	3732	3732
256	0	1280	3241	3241	3241
512	0	1280	3069	3069	3069
768	0	1280	2943	2943	2943
1024	0	1280	2841	2841	2841
1280	0	1280	2754	2754	2754
1536	0	1280	2677	2677	2677
1792	0	1280	2607	2607	2607
2048	0	1280	2544	2544	2544
2303	0	1280	2486	2486	2486
2559	0	1280	2432	2432	2432
2815	0	1280	2382	2382	2382
3071	0	1280	2334	2334	2334
3327	0	1280	2289	2289	2289
3583	0	1280	2246	2246	2246
3839	0	1280	2205	2205	2205
4095	0	1280	2167	2167	2167
0	256	1280	2204	2204	2204
256	256	1280	1839	1839	1839
512	256	1280	1713	1713	1713
768	256	1280	1622	1622	1622
1024	256	1280	1548	1548	1548
1280	256	1280	1486	1486	1486
1536	256	1280	1431	1431	1431
1792	256	1280	1382	1382	1382
2048	256	1280	1337	1337	1337
2303	256	1280	1297	1297	1297
2559	256	1280	1259	1259	1259
2815	256	1280	1223	1223	1223
3071	256	1280	1190	1190	1190
3327	256	1280	1159	1159	1159
3583	256	1280	1130	1130	1130
3839	256	1280	1102	1102	1102
4095	256	1280	1075	1075	1075
0	512	1280	1747	1747	1747
256	512	1280	1427	1427	1427
512	512	1280	1318	1318	1318
768	512	1280	1239	1239	1239
1024	512	1280	1176	1176	1176
1280	512	1280	1122	1122	1122
1536	512	1280	1075	1075	1075
1792	512	1280	1033	1033	1033
2048	512	1280	995	995	995
2303	512	1280	960	960	960
2559	512	1280	928	928	928
2815	512	1280	898	898	898
3071	512	1280	870	870	870
3327	512	1280	844	844	844
3583	512	1280	819	819	819
3839	512	1280	796	796	796
4095	512	1280	774	774	774
0	768	1280	1442	1442	1442
256	768	1280	1156	1156	1156
512	768	1280	1059	1059	1059
768	768	1280	989	989	989
1024	768	1280	933	933	933
1280	768	1280	885	885	885
1536	768	1280	844	844	844
1792	768	1280	807	807	807
2048	768	1280	774	774	774
2303	768	1280	744	744	744
2559	768	1280	716	716	716
2815	768	1280	690	690	690
3071	768	1280	666	666	666
3327	768	1280	644	644	644
3583	768	1280	622	622	622
3839	768	1280	602	602	602
4095	768	1280	583	583	583
0	1024	1280	1213	1213	1213
256	1024	1280	954	954	954
512	1024	1280	867	867	867
768	1024	1280	804	804	804
1024	1024	1280	754	754	754
1280	1024	1280	712	712	712
1536	1024	1280	675	675	675
1792	1024	1280	643	643	643
2048	1024	1280	614	614	614
2303	1024	1280	587	587	587
2559	1024	1280	563	563	563
2815	1024	1280	540	540	540
3071	1024	1280	519	519	519
3327	1024	1280	499	499	499
3583	1024	1280	481	481	481
3839	1024	1280	463	463	463
4095	1024	1280	447	447	447
0	1280	1280	1031	1031	1031
256	1280	1280	795	795	795
512	1280	1280	716	716	716
768	1280	1280	660	660	660
1024	1280	1280	615	615	615
1280	1280	1280	578	578	578
1536	1280	1280	545	545	545
1792	1280	1280	516	516	516
2048	1280	1280	490	490	490
2303	1280	1280	467	467	467
2559	1280	1280	445	445	445
2815	1280	1280	425	425	425
3071	1280	1280	407	407	407
3327	1280	1280	390	390	390
3583	1280	1280	373	373	373
3839	1280	1280	358	358	358
4095	1280	1280	344	344	344
0	1536	1280	882	882	882
256	1536	1280	666	666	666
512	1536	1280	595	595	595
768	1536	1280	544	544	544
1024	1536	1280	504	504	504
1280	1536	1280	470	470	470
1536	1536	1280	441	441	441
1792	1536	1280	415	415	415
2048	1536	1280	392	392	392
2303	1536	1280	372	372	372
2559	1536	1280	353	353	353
2815	1536	1280	335	335	335
3071	1536	1280	319	319	319
3327	1536	1280	304	304	304
3583	1536	1280	290	290	290
3839	1536	1280	277	277	277
4095	1536	1280	264	264	264
0	1792	1280	757	757	757
256	1792	1280	560	560	560
512	1792	1280	495	495	495
768	1792	1280	449	449	449
1024	1792	1280	413	413	413
1280	1792	1280	383	383	383
1536	1792	1280	357	357	357
1792	1792	1280	334	334	334
2048	1792	1280	313	313	313
2303	1792	1280	295	295	295
2559	1792	1280	278	278	278
2815	1792	1280	263	263	263
3071	1792	1280	249	249	249
3327	1792	1280	236	236	236
3583	1792	1280	223	223	223
3839	1792	1280	212	212	212
4095	1792	1280	201	201	201
0	2048	1280	650	650	650
256	2048	1280	470	470	470
512	2048	1280	411	411	411
768	2048	1280	370	370	370
1024	2048	1280	337	337	337
1280	2048	1280	310	310	310
1536	2048	1280	287	287	287
1792	2048	1280	267	267	267
2048	2048	1280	249	249	249
2303	2048	1280	233	233	233
2559	2048	1280	218	218	218
2815	2048	1280	205	205	205
3071	2048	1280	192	192	192
3327	2048	1280	181	181	181
3583	2048	1280	170	170	170
3839	2048	1280	160	160	160
4095	2048	1280	151	151	151
0	2303	1280	559	559	559
256	2303	1280	394	394	394
512	2303	1280	340	340	340
768	2303	1280	303	303	303
1024	2303	1280	274	274	274
1280	2303	1280	250	250	250
1536	2303	1280	230	230	230
1792	2303	1280	212	212	212
2048	2303	1280	196	196	196
2303	2303	1280	182	182	182
2559	2303	1280	169	169	169
2815	2303	1280	157	157	157
3071	2303	1280	147	147	147
3327	2303	1280	137	137	137
3583	2303	1280	128	128	128
3839	2303	1280	119	119	119
4095	2303	1280	112	112	112
0	2559	1280	480	480	480
256	2559	1280	329	329	329
512	2559	1280	281	281	281
768	2559	1280	247	247	247
1024	2559	1280	221	221	221
1280	2559	1280	200	200	200
1536	2559	1280	182	182	182
1792	2559	1280	166	166	166
2048	2559	1280	152	152	152
2303	2559	1280	140	140	140
2559	2559	1280	129	129	129
2815	2559	1280	119	119	119
3071	2559	1280	110	110	110
3327	2559	1280	101	101	101
3583	2559	1280	94	94	94
3839	2559	1280	87	87	87
4095	2559	1280	80	80	80
0	2815	1280	411	411	411
256	2815	1280	273	273	273
512	2815	1280	230	230	230
768	2815	1280	200	200	200
1024	2815	1280	177	177	177
1280	2815	1280	158	158	158
1536	2815	1280	142	142	142
1792	2815	1280	128	128	128
2048	2815	1280	116	116	116
2303	2815	1280	106	106	106
2559	2815	1280	96	96	96
2815	2815	1280	88	88	88
3071	2815	1280	80	80	80
3327	2815	1280	73	73	73
3583	2815	1280	67	67	67
3839	2815	1280	61	61	61
4095	2815	1280	55	55	55
0	3071	1280	350	350	350
256	3071	1280	225	225	225
512	3071	1280	186	186	186
768	3071	1280	160	160	160
1024	3071	1280	139	139	139
1280	3071	1280	123	123	123
1536	3071	1280	109	109	109
1792	3071	1280	97	97	97
2048	3071	1280	87	87	87
2303	3071	1280	78	78	78
2559	3071	1280	70	70	70
2815	3071	1280	63	63	63
3071	3071	1280	57	57	57
3327	3071	1280	51	51	51
3583	3071	1280	46	46	46
3839	3071	1280	41	41	41
4095	3071	1280	37	37	37
0	3327	1280	297	297	297
256	3327	1280	184	184	184
512	3327	1280	149	149	149
768	3327	1280	126	126	126
1024	3327	1280	108	108	108
1280	3327	1280	94	94	94
1536	3327	1280	82	82	82
1792	3327	1280	72	72	72
2048	3327	1280	63	63	63
2303	3327	1280	56	56	56
2559	3327	1280	49	49	49
2815	3327	1280	43	43	43
3071	3327	1280	38	38	38
3327	3327	1280	33	33	33
3583	3327	1280	29	29	29
3839	3327	1280	26	26	26
4095	3327	1280	22	22	22
0	3583	1280	251	251	251
256	3583	1280	149	149	149
512	3583	1280	118	118	118
768	3583	1280	98	98	98
1024	3583	1280	82	82	82
1280	3583	1280	70	70	70
1536	3583	1280	60	60	60
1792	3583	1280	52	52	52
2048	3583	1280	44	44	44
2303	3583	1280	38	38	38
2559	3583	1280	33	33	33
2815	3583	1280	28	28	28
3071	3583	1280	24	24	24
3327	3583	1280	21	21	21
3583	3583	1280	17	17	17
3839	3583	1280	15	15	15
4095	3583	1280	12	12	12
0	3839	1280	211	211	211
256	3839	1280	119	119	119
512	3839	1280	92	92	92
768	3839	1280	74	74	74
1024	3839	1280	61	61	61
1280	3839	1280	51	51	51
1536	3839	1280	42	42	42
1792	3839	1280	35	35	35
2048	3839	1280	30	30	30
2303	3839	1280	25	25	25
2559	3839	1280	20	20	20
2815	3839	1280	17	17	17
3071	3839	1280	14	14	14
3327	3839	1280	11	11	11
3583	3839	1280	9	9	9
3839	3839	1280	7	7	7
4095	3839	1280	6	6	6
0	4095	1280	175	175	175
256	4095	1280	93	93	93
512	4095	1280	70	70	70
768	4095	1280	55	55	55
1024	4095	1280	44	44	44
1280	4095	1280	35	35	35
1536	4095	1280	28	28	28
1792	4095	1280	23	23	23
2048	4095	1280	18	18	18
2303	4095	1280	15	15	15
2559	4095	1280	11	11	11
2815	4095	1280	9	9	9
3071	4095	1280	7	7	7
3327	4095	1280	5	5	5
3583	4095	1280	4	4	4
3839	4095	1280	3	3	3
4095	4095	1280	2	2	2
0	0	1536	3702	3702	3702
256	0	1536	3213	3213	3213
512	0	1536	3042	3042	3042
768	0	1536	2916	2916	2916
1024	0	1536	2815	2815	2815
1280	0	1536	2728	2728	2728
1536	0	1536	2651	2651	2651
1792	0	1536	2582	2582	2582
2048	0	1536	2520	2520	2520
2303	0	1536	2462	2462	2462
2559	0	1536	2408	2408	2408
2815	0	1536	2358	2358	2358
3071	0	1536	2310	2310	2310
3327	0	1536	2266	2266	2266
3583	0	1536	2223	2223	2223
3839	0	1536	2183	2183	2183
4095	0	1536	2144	2144	2144
0	256	1536	2181	2181	2181
256	256	1536	1818	1818	1818
512	256	1536	1693	1693	1693
768	256	1536	1603	1603	1603
1024	256	1536	1530	1530	1530
1280	256	1536	1467	1467	1467
1536	256	1536	1413	1413	1413
1792	256	1536	1364	1364	1364
2048	256	1536	1320	1320	1320
2303	256	1536	1279	1279	1279
2559	256	1536	1242	1242	1242
2815	256	1536	1207	1207	1207
3071	256	1536	1174	1174	1174
3327	256	1536	1143	1143	1143
3583	256	1536	1114	1114	1114
3839	256	1536	1086	1086	1086
4095	256	1536	1060	1060	1060
0	512	1536	1727	1727	1727
256	512	1536	1409	1409	1409
512	512	1536	1301	1301	1301
768	512	1536	1222	1222	1222
1024	512	1536	1159	1159	1159
1280	512	1536	1106	1106	1106
1536	512	1536	1059	1059	1059
1792	512	1536	1018	1018	1018
2048	512	1536	980	980	980
2303	512	1536	946	946	946
2559	512	1536	914	914	914
2815	512	1536	884	884	884
3071	512	1536	857	857	857
3327	512	1536	831	831	831
3583	512	1536	806	806	806
3839	512	1536	783	783	783
4095	512	1536	761	761	761
0	768	1536	1424	1424	1424
256	768	1536	1140	1140	1140
512	768	1536	1043	1043	1043
768	768	1536	974	974	974
1024	768	1536	918	918	918
1280	768	1536	871	871	871
1536	768	1536	831	831	831
1792	768	1536	794	794	794
2048	768	1536	761	761	761
2303	768	1536	731	731	731
2559	768	1536	704	704	704
2815	768	1536	678	678	678
3071	768	1536	654	654	654
3327	768	1536	632	632	632
3583	768	1536	611	611	611
3839	768	1536	591	591	591
4095	768	1536	572	572	572
0	1024	1536	1197	1197	1197
256	1024	1536	940	940	940
512	1024	1536	853	853	853
768	1024	1536	791	791	791
1024	1024	1536	741	741	741
1280	1024	1536	700	700	700
1536	1024	1536	663	663	663
1792	1024	1536	631	631	631
2048	1024	1536	602	602	602
2303	1024	1536	576	576	576
2559	1024	1536	552	552	552
2815	1024	1536	529	529	529
3071	1024	1536	509	509	509
3327	1024	1536	489	489	489
3583	1024	1536	471	471	471
3839	1024	1536	453	453	453
4095	1024	1536	437	437	437
0	1280	1536	1016	1016	1016
256	1280	1536	782	782	782
512	1280	1536	704	704	704
768	1280	1536	648	648	648
1024	1280	1536	604	604	604
1280	1280	1536	567	567	567
1536	1280	1536	534	534	534
1792	1280	1536	506	506	506
2048	1280	1536	480	480	480
2303	1280	1536	457	457	457
2559	1280	1536	436	436	436
2815	1280	1536	416	416	416
3071	1280	1536	398	398	398
3327	1280	1536	381	381	381
3583	1280	1536	365	365	365
3839	1280	1536	350	350	350
4095	1280	1536	336	336	336
0	1536	1536	868	868	868
256	1536	1536	655	655	655
512	1536	1536	584	584	584
768	1536	1536	534	534	534
1024	1536	1536	494	494	494
1280	1536	1536	460	460	460
1536	1536	1536	432	432	432
1792	1536	1536	406	406	406
2048	1536	1536	384	384	384
2303	1536	1536	363	363	363
2559	1536	1536	344	344	344
2815	1536	1536	327	327	327
3071	1536	1536	311	311	311
3327	1536	1536	296	296	296
3583	1536	1536	282	282	282
3839	1536	1536	269	269	269
4095	1536	1536	257	257	257
0	1792	1536	744	744	744
256	1792	1536	549	549	549
512	1792	1536	485	485	485
768	1792	1536	439	439	439
1024	1792	1536	404	404	404
1280	1792	1536	374	374	374
1536	1792	1536	348	348	348
1792	1792	1536	326	326	326
2048	1792	1536	306	306	306
2303	1792	1536	288	288	288
2559	1792	1536	271	271	271
2815	1792	1536	256	256	256
3071	1792	1536	242	242	242
3327	1792	1536	229	229	229
3583	1792	1536	217	217	217
3839	1792	1536	206	206	206
4095	1792	1536	195	195	195
0	2048	1536	639	639	639
256	2048	1536	460	460	460
512	2048	1536	402	402	402
768	2048	1536	361	361	361
1024	2048	1536	329	329	329
1280	2048	1536	302	302	302
1536	2048	1536	280	280	280
1792	2048	1536	260	260	260
2048	2048	1536	242	242	242
2303	2048	1536	226	226	226
2559	2048	1536	212	212	212
2815	2048	1536	198	198	198
3071	2048	1536	186	186	186
3327	2048	1536	175	175	175
3583	2048	1536	165	165	165
3839	2048	1536	155	155	155
4095	2048	1536	146	146	146
0	2303	1536	548	548	548
256	2303	1536	385	385	385
512	2303	1536	332	332	332
768	2303	1536	296	296	296
1024	2303	1536	267	267	267
1280	2303	1536	243	243	243
1536	2303	1536	223	223	223
1792	2303	1536	206	206	206
2048	2303	1536	190	190	190
2303	2303	1536	176	176	176
2559	2303	1536	164	164	164
2815	2303	1536	152	152	152
3071	2303	1536	142	142	142
3327	2303	1536	132	132	132
3583	2303	1536	123	123	123
3839	2303	1536	115	115	115
4095	2303	1536	107	107	107
0	2559	1536	470	470	470
256	2559	1536	321	321	321
512	2559	1536	273	273	273
768	2559	1536	240	240	240
1024	2559	1536	215	215	215
1280	2559	1536	194	194	194
1536	2559	1536	176	176	176
1792	2559	1536	161	161	161
2048	2559	1536	147	147	147
2303	2559	1536	135	135	135
2559	2559	1536	124	124	124
2815	2559	1536	114	114	114
3071	2559	1536	105	105	105
3327	2559	1536	97	97	97
3583	2559	1536	90	90	90
3839	2559	1536	83	83	83
4095	2559	1536	76	76	76
0	2815	1536	401	401	401
256	2815	1536	266	266	266
512	2815	1536	223	223	223
768	2815	1536	194	194	194
1024	2815	1536	171	171	171
1280	2815	1536	153	153	153
1536	2815	1536	137	137	137
1792	2815	1536	124	124	124
2048	2815	1536	112	112	112
2303	2815	1536	102	102	102
2559	2815	1536	92	92	92
2815	2815	1536	84	84	84
3071	2815	1536	76	76	76
3327	2815	1536	70	70	70
3583	2815	1536	63	63	63
3839	2815	1536	58	58	58
4095	2815	1536	52	52	52
0	3071	1536	342	342	342
256	3071	1536	218	218	218
512	3071	1536	180	180	180
768	3071	1536	154	154	154
1024	3071	1536	134	134	134
1280	3071	1536	118	118	118
1536	3071	1536	105	105	105
1792	3071	1536	93	93	93
2048	3071	1536	83	83	83
2303	3071	1536	74	74	74
2559	3071	1536	67	67	67
2815	3071	1536	60	60	60
3071	3071	1536	53	53	53
3327	3071	1536	48	48	48
3583	3071	1536	43	43	43
3839	3071	1536	38	38	38
4095	3071	1536	34	34	34
0	3327	1536	290	290	290
256	3327	1536	178	178	178
512	3327	1536	144	144	144
768	3327	1536	121	121	121
1024	3327	1536	104	104	104
1280	3327	1536	90	90	90
1536	3327	1536	78	78	78
1792	3327	1536	69	69	69
2048	3327	1536	60	60	60
2303	3327	1536	53	53	53
2559	3327	1536	46	46	46
2815	3327	1536	41	41	41
3071	3327	1536	36	36	36
3327	3327	1536	31	31	31
3583	3327	1536	27	27	27
3839	3327	1536	24	24	24
4095	3327	1536	21	21	21
0	3583	1536	244	244	244
256	3583	1536	144	144	144
512	3583	1536	114	114	114
768	3583	1536	94	94	94
1024	3583	1536	79	79	79
1280	3583	1536	67	67	67
1536	3583	1536	57	57	57
1792	3583	1536	49	49	49
2048	3583	1536	42	42	42
2303	3583	1536	36	36	36
2559	3583	1536	31	31	31
2815	3583	1536	26	26	26
3071	3583	1536	22	22	22
3327	3583	1536	19	19	19
3583	3583	1536	16	16	16
3839	3583	1536	13	13	13
4095	3583	1536	11	11	11
0	3839	1536	204	204	204
256	3839	1536	114	114	114
512	3839	1536	88	88	88
768	3839	1536	71	71	71
1024	3839	1536	58	58	58
1280	3839	1536	48	48	48
1536	3839	1536	40	40	40
1792	3839	1536	33	33	33
2048	3839	1536	27	27	27
2303	3839	1536	23	23	23
2559	3839	1536	19	19	19
2815	3839	1536	15	15	15
3071	3839	1536	12	12	12
3327	3839	1536	10	10	10
3583	3839	1536	8	8	8
3839	3839	1536	6	6	6
4095	3839	1536	5	5	5
0	4095	1536	170	170	170
256	4095	1536	89	89	89
512	4095	1536	66	66	66
768	4095	1536	52	52	52
1024	4095	1536	41	41	41
1280	4095	1536	33	33	33
1536	4095	1536	26	26	26
1792	4095	1536	21	21	21
2048	4095	1536	17	17	17
2303	4095	1536	13	13	13
2559	4095	1536	10	10	10
2815	4095	1536	8	8	8
3071	4095	1536	6	6	6
3327	4095	1536	4	4	4
3583	4095	1536	3	3	3
3839	4095	1536	2	2	2
4095	4095	1536	1	1	1
0	0	1792	3674	3674	3674
256	0	1792	3187	3187	3187
512	0	1792	3017	3017	3017
768	0	1792	2892	2892	2892
1024	0	1792	2791	2791	2791
1280	0	1792	2704	2704	2704
1536	0	1792	2628	2628	2628
1792	0	1792	2560	2560	2560
2048	0	1792	2497	2497	2497
2303	0	1792	2440	2440	2440
2559	0	1792	2386	2386	2386
2815	0	1792	2336	2336	2336
3071	0	1792	2289	2289	2289
3327	0	1792	2244	2244	2244
3583	0	1792	2202	2202	2202
3839	0	1792	2162	2162	2162
4095	0	1792	2123	2123	2123
0	256	1792	2160	2160	2160
256	256	1792	1800	1800	1800
512	256	1792	1675	1675	1675
768	256	1792	1585	1585	1585
1024	256	1792	1512	1512	1512
1280	256	1792	1451	1451	1451
1536	256	1792	1397	1397	1397
1792	256	1792	1348	1348	1348
2048	256	1792	1304	1304	1304
2303	256	1792	1264	1264	1264
2559	256	1792	1227	1227	1227
2815	256	1792	1192	1192	1192
3071	256	1792	1159	1159	1159
3327	256	1792	1129	1129	1129
3583	256	1792	1100	1100	1100
3839	256	1792	1072	1072	1072
4095	256	1792	1046	1046	1046
0	512	1792	1708	1708	1708
256	512	1792	1393	1393	1393
512	512	1792	1285	1285	1285
768	512	1792	1207	1207	1207
1024	512	1792	1145	1145	1145
1280	512	1792	1092	1092	1092
1536	512	1792	1045	1045	1045
1792	512	1792	1004	1004	1004
2048	512	1792	967	967	967
2303	512	1792	933	933	933
2559	512	1792	901	901	901
2815	512	1792	872	872	872
3071	512	1792	844	844	844
3327	512	1792	818	818	818
3583	512	1792	794	794	794
3839	512	1792	771	771	771
4095	512	1792	749	749	749
0	768	1792	1408	1408	1408
256	768	1792	1125	1125	1125
512	768	1792	1029	1029	1029
768	768	1792	961	961	961
1024	768	1792	906	906	906
1280	768	1792	859	859	859
1536	768	1792	818	818	818
1792	768	1792	782	782	782
2048	768	1792	750	750	750
2303	768	1792	720	720	720
2559	768	1792	693	693	693
2815	768	1792	667	667	667
3071	768	1792	644	644	644
3327	768	1792	621	621	621
3583	768	1792	600	600	600
3839	768	1792	581	581	581
4095	768	1792	562	562	562
0	1024	1792	1182	1182	1182
256	1024	1792	927	927	927
512	1024	1792	840	840	840
768	1024	1792	779	779	779
1024	1024	1792	730	730	730
1280	1024	1792	689	689	689
1536	1024	1792	653	653	653
1792	1024	1792	621	621	621
2048	1024	1792	592	592	592
2303	1024	1792	566	566	566
2559	1024	1792	542	542	542
2815	1024	1792	520	520	520
3071	1024	1792	499	499	499
3327	1024	1792	480	480	480
3583	1024	1792	462	462	462
3839	1024	1792	445	445	445
4095	1024	1792	429	429	429
0	1280	1792	1003	1003	1003
256	1280	1792	770	770	770
512	1280	1792	693	693	693
768	1280	1792	638	638	638
1024	1280	1792	594	594	594
1280	1280	1792	557	557	557
1536	1280	1792	525	525	525
1792	1280	1792	497	497	497
2048	1280	1792	471	471	471
2303	1280	1792	448	448	448
2559	1280	1792	427	427	427
2815	1280	1792	408	408	408
3071	1280	1792	390	390	390
3327	1280	1792	373	373	373
3583	1280	1792	357	357	357
3839	1280	1792	342	342	342
4095	1280	1792	328	328	328
0	1536	1792	856	856	856
256	1536	1792	644	644	644
512	1536	1792	574	574	574
768	1536	1792	524	524	524
1024	1536	1792	485	485	485
1280	1536	1792	452	452	452
1536	1536	1792	423	423	423
1792	1536	1792	398	398	398
2048	1536	1792	376	376	376
2303	1536	1792	355	355	355
2559	1536	1792	337	337	337
2815	1536	1792	320	320	320
3071	1536	1792	304	304	304
3327	1536	1792	289	289	289
3583	1536	1792	275	275	275
3839	1536	1792	263	263	263
4095	1536	1792	251	251	251
0	1792	1792	733	733	733
256	1792	1792	539	539	539
512	1792	1792	475	475	475
768	1792	1792	431	431	431
1024	1792	1792	395	395	395
1280	1792	1792	366	366	366
1536	1792	1792	341	341	341
1792	1792	1792	318	318	318
2048	1792	1792	299	299	299
2303	1792	1792	281	281	281
2559	1792	1792	264	264	264
2815	1792	1792	249	249	249
3071	1792	1792	236	236	236
3327	1792	1792	223	223	223
3583	1792	1792	211	211	211
3839	1792	1792	200	200	200
4095	1792	1792	190	190	190
0	2048	1792	628	628	628
256	2048	1792	451	451	451
512	2048	1792	394	394	394
768	2048	1792	353	353	353
1024	2048	1792	322	322	322
1280	2048	1792	295	295	295
1536	2048	1792	273	273	273
1792	2048	1792	253	253	253
2048	2048	1792	236	236	236
2303	2048	1792	220	220	220
2559	2048	1792	206	206	206
2815	2048	1792	193	193	193
3071	2048	1792	181	181	181
3327	2048	1792	170	170	170
3583	2048	1792	160	160	160
3839	2048	1792	150	150	150
4095	2048	1792	141	141	141
0	2303	1792	538	538	538
256	2303	1792	377	377	377
512	2303	1792	325	325	325
768	2303	1792	289	289	289
1024	2303	1792	260	260	260
1280	2303	1792	237	237	237
1536	2303	1792	217	217	217
1792	2303	1792	200	200	200
2048	2303	1792	185	185	185
2303	2303	1792	171	171	171
2559	2303	1792	158	158	158
2815	2303	1792	147	147	147
3071	2303	1792	137	137	137
3327	2303	1792	127	127	127
3583	2303	1792	119	119	119
3839	2303	1792	111	111	111
4095	2303	1792	103	103	103
0	2559	1792	461	461	461
256	2559	1792	313	313	313
512	2559	1792	267	267	267
768	2559	1792	234	234	234
1024	2559	1792	209	209	209
1280	2559	1792	188	188	188
1536	2559	1792	171	171	171
1792	2559	1792	156	156	156
2048	2559	1792	142	142	142
2303	2559	1792	131	131	131
2559	2559	1792	120	120	120
2815	2559	1792	110	110	110
3071	2559	1792	101	101	101
3327	2559	1792	93	93	93
3583	2559	1792	86	86	86
3839	2559	1792	79	79	79
4095	2559	1792	73	73	73
0	2815	1792	393	393	393
256	2815	1792	259	259	259
512	2815	1792	217	217	217
768	2815	1792	188	188	188
1024	2815	1792	166	166	166
1280	2815	1792	148	148	148
1536	2815	1792	132	132	132
1792	2815	1792	119	119	119
2048	2815	1792	108	108	108
2303	2815	1792	98	98	98
2559	2815	1792	89	89	89
2815	2815	1792	80	80	80
3071	2815	1792	73	73	73
3327	2815	1792	66	66	66
3583	2815	1792	60	60	60
3839	2815	1792	55	55	55
4095	2815	1792	50	50	50
0	3071	1792	334	334	334
256	3071	1792	213	213	213
512	3071	1792	175	175	175
768	3071	1792	149	149	149
1024	3071	1792	130	130	130
1280	3071	1792	114	114	114
1536	3071	1792	101	101	101
1792	3071	1792	90	90	90
2048	3071	1792	80	80	80
2303	3071	1792	71	71	71
2559	3071	1792	64	64	64
2815	3071	1792	57	57	57
3071	3071	1792	51	51	51
3327	3071	1792	45	45	45
3583	3071	1792	40	40	40
3839	3071	1792	36	36	36
4095	3071	1792	32	32	32
0	3327	1792	283	283	283
256	3327	1792	173	173	173
512	3327	1792	139	139	139
768	3327	1792	117	117	117
1024	3327	1792	100	100	100
1280	3327	1792	86	86	86
1536	3327	1792	75	75	75
1792	3327	1792	65	65	65
2048	3327	1792	57	57	57
2303	3327	1792	50	50	50
2559	3327	1792	44	44	44
2815	3327	1792	38	38	38
3071	3327	1792	34	34	34
3327	3327	1792	29	29	29
3583	3327	1792	25	25	25
3839	3327	1792	22	22	22
4095	3327	1792	19	19	19
0	3583	1792	238	238	238
256	3583	1792	139	139	139
512	3583	1792	109	109	109
768	3583	1792	90	90	90
1024	3583	1792	75	75	75
1280	3583	1792	64	64	64
1536	3583	1792	54	54	54
1792	3583	1792	46	46	46
2048	3583	1792	39	39	39
2303	3583	1792	34	34	34
2559	3583	1792	29	29	29
2815	3583	1792	24	24	24
3071	3583	1792	21	21	21
3327	3583	1792	17	17	17
3583	3583	1792	14	14	14
3839	3583	1792	12	12	12
4095	3583	1792	10	10	10
0	3839	1792	199	199	199
256	3839	1792	110	110	110
512	3839	1792	84	84	84
768	3839	1792	67	67	67
1024	3839	1792	55	55	55
1280	3839	1792	45	45	45
1536	3839	1792	37	37	37
1792	3839	1792	31	31	31
2048	3839	1792	26	26	26
2303	3839	1792	21	21	21
2559	3839	1792	17	17	17
2815	3839	1792	14	14	14
3071	3839	1792	11	11	11
3327	3839	1792	9	9	9
3583	3839	1792	7	7	7
3839	3839	1792	5	5	5
4095	3839	1792	4	4	4
0	4095	1792	164	164	164
256	4095	1792	86	86	86
512	4095	1792	63	63	63
768	4095	1792	49	49	49
1024	4095	1792	39	39	39
1280	4095	1792	31	31	31
1536	4095	1792	24	24	24
1792	4095	1792	19	19	19
2048	4095	1792	15	15	15
2303	4095	1792	12	12	12
2559	4095	1792	9	9	9
2815	4095	1792	7	7	7
3071	4095	1792	5	5	5
3327	4095	1792	4	4	4
3583	4095	1792	2	2	2
3839	4095	1792	2	2	2
4095	4095	1792	1	1	1
0	0	2048	3649	3649	3649
256	0	2048	3164	3164	3164
512	0	2048	2994	2994	2994
768	0	2048	2870	2870	2870
1024	0	2048	2769	2769	2769
1280	0	2048	2683	2683	2683
1536	0	2048	2607	2607	2607
1792	0	2048	2539	2539	2539
2048	0	2048	2477	2477	2477
2303	0	2048	2419	2419	2419
2559	0	2048	2366	2366	2366
2815	0	2048	2316	2316	2316
3071	0	2048	2269	2269	2269
3327	0	2048	2225	2225	2225
3583	0	2048	2183	2183	2183
3839	0	2048	2143	2143	2143
4095	0	2048	2105	2105	2105
0	256	2048	2141	2141	2141
256	256	2048	1782	1782	1782
512	256	2048	1659	1659	1659
768	256	2048	1569	1569	1569
1024	256	2048	1497	1497	1497
1280	256	2048	1435	1435	1435
1536	256	2048	1382	1382	1382
1792	256	2048	1333	1333	1333
2048	256	2048	1290	1290	1290
2303	256	2048	1250	1250	1250
2559	256	2048	1213	1213	1213
2815	256	2048	1178	1178	1178
3071	256	2048	1146	1146	1146
3327	256	2048	1115	1115	1115
3583	256	2048	1086	1086	1086
3839	256	2048	1059	1059	1059
4095	256	2048	1033	1033	1033
0	512	2048	1692	1692	1692
256	512	2048	1378	1378	1378
512	512	2048	1271	1271	1271
768	512	2048	1193	1193	1193
1024	512	2048	1131	1131	1131
1280	512	2048	1079	1079	1079
1536	512	2048	1033	1033	1033
1792	512	2048	992	992	992
2048	512	2048	954	954	954
2303	512	2048	921	921	921
2559	512	2048	889	889	889
2815	512	2048	860	860	860
3071	512	2048	833	833	833
3327	512	2048	807	807	807
3583	512	2048	783	783	783
3839	512	2048	760	760	760
4095	512	2048	739	739	739
0	768	2048	1393	1393	1393
256	768	2048	1112	1112	1112
512	768	2048	1017	1017	1017
768	768	2048	948	948	948
1024	768	2048	894	894	894
1280	768	2048	847	847	847
1536	768	2048	807	807	807
1792	768	2048	771	771	771
2048	768	2048	739	739	739
2303	768	2048	710	710	710
2559	768	2048	682	682	682
2815	768	2048	657	657	657
3071	768	2048	634	634	634
3327	768	2048	612	612	612
3583	768	2048	591	591	591
3839	768	2048	571	571	571
4095	768	2048	553	553	553
0	1024	2048	1168	1168	1168
256	1024	2048	915	915	915
512	1024	2048	829	829	829
768	1024	2048	768	768	768
1024	1024	2048	719	719	719
1280	1024	2048	678	678	678
1536	1024	2048	643	643	643
1792	1024	2048	611	611	611
2048	1024	2048	583	583	583
2303	1024	2048	557	557	557
2559	1024	2048	533	533	533
2815	1024	2048	511	511	511
3071	1024	2048	491	491	491
3327	1024	2048	472	472	472
3583	1024	2048	454	454	454
3839	1024	2048	437	437	437
4095	1024	2048	421	421	421
0	1280	2048	990	990	990
256	1280	2048	760	760	760
512	1280	2048	683	683	683
768	1280	2048	628	628	628
1024	1280	2048	584	584	584
1280	1280	2048	548	548	548
1536	1280	2048	516	516	516
1792	1280	2048	488	488	488
2048	1280	2048	463	463	463
2303	1280	2048	440	440	440
2559	1280	2048	419	419	419
2815	1280	2048	400	400	400
3071	1280	2048	382	382	382
3327	1280	2048	366	366	366
3583	1280	2048	350	350	350
3839	1280	2048	335	335	335
4095	1280	2048	321	321	321
0	1536	2048	844	844	844
256	1536	2048	634	634	634
512	1536	2048	564	564	564
768	1536	2048	515	515	515
1024	1536	2048	476	476	476
1280	1536	2048	443	443	443
1536	1536	2048	415	415	415
1792	1536	2048	390	390	390
2048	1536	2048	368	368	368
2303	1536	2048	348	348	348
2559	1536	2048	330	330	330
2815	1536	2048	313	313	313
3071	1536	2048	297	297	297
3327	1536	2048	283	283	283
3583	1536	2048	269	269	269
3839	1536	2048	257	257	257
4095	1536	2048	245	245	245
0	1792	2048	722	722	722
256	1792	2048	530	530	530
512	1792	2048	467	467	467
768	1792	2048	423	423	423
1024	1792	2048	388	388	388
1280	1792	2048	359	359	359
1536	1792	2048	334	334	334
1792	1792	2048	312	312	312
2048	1792	2048	292	292	292
2303	1792	2048	274	274	274
2559	1792	2048	258	258	258
2815	1792	2048	244	244	244
3071	1792	2048	230	230	230
3327	1792	2048	217	217	217
3583	1792	2048	206	206	206
3839	1792	2048	195	195	195
4095	1792	2048	185	185	185
0	2048	2048	618	618	618
256	2048	2048	443	443	443
512	2048	2048	386	386	386
768	2048	2048	346	346	346
1024	2048	2048	315	315	315
1280	2048	2048	289	289	289
1536	2048	2048	267	267	267
1792	2048	2048	247	247	247
2048	2048	2048	230	230	230
2303	2048	2048	215	215	215
2559	2048	2048	201	201	201
2815	2048	2048	188	188	188
3071	2048	2048	176	176	176
3327	2048	2048	165	165	165
3583	2048	2048	155	155	155
3839	2048	2048	146	146	146
4095	2048	2048	137	137	137
0	2303	2048	530	530	530
256	2303	2048	370	370	370
512	2303	2048	318	318	318
768	2303	2048	282	282	282
1024	2303	2048	254	254	254
1280	2303	2048	231	231	231
1536	2303	2048	212	212	212
1792	2303	2048	195	195	195
2048	2303	2048	180	180	180
2303	2303	2048	166	166	166
2559	2303	2048	154	154	154
2815	2303	2048	143	143	143
3071	2303	2048	133	133	133
3327	2303	2048	123	123	123
3583	2303	2048	115	115	115
3839	2303	2048	107	107	107
4095	2303	2048	100	100	100
0	2559	2048	453	453	453
256	2559	2048	307	307	307
512	2559	2048	260	260	260
768	2559	2048	228	228	228
1024	2559	2048	204	204	204
1280	2559	2048	183	183	183
1536	2559	2048	166	166	166
1792	2559	2048	151	151	151
2048	2559	2048	138	138	138
2303	2559	2048	126	126	126
2559	2559	2048	116	116	116
2815	2559	2048	106	106	106
3071	2559	2048	98	98	98
3327	2559	2048	90	90	90
3583	2559	2048	83	83	83
3839	2559	2048	76	76	76
4095	2559	2048	70	70	70
0	2815	2048	386	386	386
256	2815	2048	253	253	253
512	2815	2048	212	212	212
768	2815	2048	183	183	183
1024	2815	2048	161	161	161
1280	2815	2048	143	143	143
1536	2815	2048	128	128	128
1792	2815	2048	115	115	115
2048	2815	2048	104	104	104
2303	2815	2048	94	94	94
2559	2815	2048	85	85	85
2815	2815	2048	77	77	77
3071	2815	2048	70	70	70
3327	2815	2048	64	64	64
3583	2815	2048	58	58	58
3839	2815	2048	52	52	52
4095	2815	2048	47	47	47
0	3071	2048	327	327	327
256	3071	2048	207	207	207
512	3071	2048	170	170	170
768	3071	2048	145	145	145
1024	3071	2048	126	126	126
1280	3071	2048	110	110	110
1536	3071	2048	97	97	97
1792	3071	2048	86	86	86
2048	3071	2048	77	77	77
2303	3071	2048	68	68	68
2559	3071	2048	61	61	61
2815	3071	2048	54	54	54
3071	3071	2048	48	48	48
3327	3071	2048	43	43	43
3583	3071	2048	38	38	38
3839	3071	2048	34	34	34
4095	3071	2048	30	30	30
0	3327	2048	277	277	277
256	3327	2048	168	168	168
512	3327	2048	135	135	135
768	3327	2048	113	113	113
1024	3327	2048	96	96	96
1280	3327	2048	83	83	83
1536	3327	2048	72	72	72
1792	3327	2048	63	63	63
2048	3327	2048	55	55	55
2303	3327	2048	48	48	48
2559	3327	2048	42	42	42
2815	3327	2048	36	36	36
3071	3327	2048	32	32	32
3327	3327	2048	27	27	27
3583	3327	2048	24	24	24
3839	3327	2048	20	20	20
4095	3327	2048	18	18	18
0	3583	2048	232	232	232
256	3583	2048	135	135	135
512	3583	2048	106	106	106
768	3583	2048	86	86	86
1024	3583	2048	72	72	72
1280	3583	2048	61	61	61
1536	3583	2048	52	52	52
1792	3583	2048	44	44	44
2048	3583	2048	37	37	37
2303	3583	2048	32	32	32
2559	3583	2048	27	27	27
2815	3583	2048	23	23	23
3071	3583	2048	19	19	19
3327	3583	2048	16	16	16
3583	3583	2048	13	13	13
3839	3583	2048	11	11	11
4095	3583	2048	9	9	9
0	3839	2048	194	194	194
256	3839	2048	106	106	106
512	3839	2048	81	81	81
768	3839	2048	65	65	65
1024	3839	2048	52	52	52
1280	3839	2048	43	43	43
1536	3839	2048	35	35	35
1792	3839	2048	29	29	29
2048	3839	2048	24	24	24
2303	3839	2048	20	20	20
2559	3839	2048	16	16	16
2815	3839	2048	13	13	13
3071	3839	2048	10	10	10
3327	3839	2048	8	8	8
3583	3839	2048	6	6	6
3839	3839	2048	5	5	5
4095	3839	2048	3	3	3
0	4095	2048	160	160	160
256	4095	2048	82	82	82
512	4095	2048	61	61	61
768	4095	2048	47	47	47
1024	4095	2048	37	37	37
1280	4095	2048	29	29	29
1536	4095	2048	23	23	23
1792	4095	2048	18	18	18
2048	4095	2048	14	14	14
2303	4095	2048	11	11	11
2559	4095	2048	8	8	8
2815	4095	2048	6	6	6
3071	4095	2048	4	4	4
3327	4095	2048	3	3	3
3583	4095	2048	2	2	2
3839	4095	2048	1	1	1
4095	4095	2048	1	1	1
0	0	2303	3625	3625	3625
256	0	2303	3142	3142	3142
512	0	2303	2973	2973	2973
768	0	2303	2849	2849	2849
1024	0	2303	2749	2749	2749
1280	0	2303	2663	2663	2663
1536	0	2303	2587	2587	2587
1792	0	2303	2519	2519	2519
2048	0	2303	2457	2457	2457
2303	0	2303	2401	2401	2401
2559	0	2303	2347	2347	2347
2815	0	2303	2298	2298	2298
3071	0	2303	2251	2251	2251
3327	0	2303	2207	2207	2207
3583	0	2303	2165	2165	2165
3839	0	2303	2125	2125	2125
4095	0	2303	2087	2087	2087
0	256	2303	2123	2123	2123
256	256	2303	1766	1766	1766
512	256	2303	1643	1643	1643
768	256	2303	1554	1554	1554
1024	256	2303	1482	1482	1482
1280	256	2303	1421	1421	1421
1536	256	2303	1368	1368	1368
1792	256	2303	1320	1320	1320
2048	256	2303	1276	1276	1276
2303	256	2303	1237	1237	1237
2559	256	2303	1200	1200	1200
2815	256	2303	1165	1165	1165
3071	256	2303	1133	1133	1133
3327	256	2303	1103	1103	1103
3583	256	2303	1074	1074	1074
3839	256	2303	1047	1047	1047
4095	256	2303	1021	1021	1021
0	512	2303	1676	1676	1676
256	512	2303	1364	1364	1364
512	512	2303	1257	1257	1257
768	512	2303	1181	1181	1181
1024	512	2303	1119	1119	1119
1280	512	2303	1066	1066	1066
1536	512	2303	1021	1021	1021
1792	512	2303	980	980	980
2048	512	2303	943	943	943
2303	512	2303	909	909	909
2559	512	2303	878	878	878
2815	512	2303	849	849	849
3071	512	2303	822	822	822
3327	512	2303	797	797	797
3583	512	2303	773	773	773
3839	512	2303	750	750	750
4095	512	2303	729	729	729
0	768	2303	1379	1379	1379
256	768	2303	1100	1100	1100
512	768	2303	1005	1005	1005
768	768	2303	937	937	937
1024	768	2303	883	883	883
1280	768	2303	837	837	837
1536	768	2303	797	797	797
1792	768	2303	761	761	761
2048	768	2303	729	729	729
2303	768	2303	700	700	700
2559	768	2303	673	673	673
2815	768	2303	648	648	648
3071	768	2303	625	625	625
3327	768	2303	603	603	603
3583	768	2303	582	582	582
3839	768	2303	563	563	563
4095	768	2303	544	544	544
0	1024	2303	1156	1156	1156
256	1024	2303	903	903	903
512	1024	2303	819	819	819
768	1024	2303	758	758	758
1024	1024	2303	710	710	710
1280	1024	2303	669	669	669
1536	1024	2303	634	634	634
1792	1024	2303	602	602	602
2048	1024	2303	574	574	574
2303	1024	2303	548	548	548
2559	1024	2303	525	525	525
2815	1024	2303	503	503	503
3071	1024	2303	483	483	483
3327	1024	2303	464	464	464
3583	1024	2303	446	446	446
3839	1024	2303	429	429	429
4095	1024	2303	413	413	413
0	1280	2303	979	979	979
256	1280	2303	750	750	750
512	1280	2303	673	673	673
768	1280	2303	619	619	619
1024	1280	2303	576	576	576
1280	1280	2303	539	539	539
1536	1280	2303	508	508	508
1792	1280	2303	480	480	480
2048	1280	2303	455	455	455
2303	1280	2303	433	433	433
2559	1280	2303	412	412	412
2815	1280	2303	393	393	393
3071	1280	2303	375	375	375
3327	1280	2303	359	359	359
3583	1280	2303	343	343	343
3839	1280	2303	329	329	329
4095	1280	2303	315	315	315
0	1536	2303	834	834	834
256	1536	2303	625	625	625
512	1536	2303	556	556	556
768	1536	2303	507	507	507
1024	1536	2303	468	468	468
1280	1536	2303	436	436	436
1536	1536	2303	408	408	408
1792	1536	2303	384	384	384
2048	1536	2303	362	362	362
2303	1536	2303	342	342	342
2559	1536	2303	324	324	324
2815	1536	2303	307	307	307
3071	1536	2303	291	291	291
3327	1536	2303	277	277	277
3583	1536	2303	264	264	264
3839	1536	2303	251	251	251
4095	1536	2303	239	239	239
0	1792	2303	712	712	712
256	1792	2303	522	522	522
512	1792	2303	459	459	459
768	1792	2303	416	416	416
1024	1792	2303	381	381	381
1280	1792	2303	352	352	352
1536	1792	2303	327	327	327
1792	1792	2303	306	306	306
2048	1792	2303	286	286	286
2303	1792	2303	269	269	269
2559	1792	2303	253	253	253
2815	1792	2303	238	238	238
3071	1792	2303	225	225	225
3327	1792	2303	212	212	212
3583	1792	2303	201	201	201
3839	1792	2303	190	190	190
4095	1792	2303	180	180	180
0	2048	2303	609	609	609
256	2048	2303	436	436	436
512	2048	2303	379	379	379
768	2048	2303	340	340	340
1024	2048	2303	309	309	309
1280	2048	2303	283	283	283
1536	2048	2303	261	261	261
1792	2048	2303	242	242	242
2048	2048	2303	225	225	225
2303	2048	2303	210	210	210
2559	2048	2303	196	196	196
2815	2048	2303	183	183	183
3071	2048	2303	171	171	171
3327	2048	2303	161	161	161
3583	2048	2303	151	151	151
3839	2048	2303	142	142	142
4095	2048	2303	133	133	133
0	2303	2303	521	521	521
256	2303	2303	363	363	363
512	2303	2303	312	312	312
768	2303	2303	277	277	277
1024	2303	2303	249	249	249
1280	2303	2303	226	226	226
1536	2303	2303	207	207	207
1792	2303	2303	190	190	190
2048	2303	2303	175	175	175
2303	2303	2303	162	162	162
2559	2303	2303	150	150	150
2815	2303	2303	139	139	139
3071	2303	2303	129	129	129
3327	2303	2303	120	120	120
3583	2303	2303	111	111	111
3839	2303	2303	104	104	104
4095	2303	2303	96	96	96
0	2559	2303	445	445	445
256	2559	2303	301	301	301
512	2559	2303	255	255	255
768	2559	2303	223	223	223
1024	2559	2303	199	199	199
1280	2559	2303	179	179	179
1536	2559	2303	162	162	162
1792	2559	2303	147	147	147
2048	2559	2303	134	134	134
2303	2559	2303	123	123	123
2559	2559	2303	112	112	112
2815	2559	2303	103	103	103
3071	2559	2303	95	95	95
3327	2559	2303	87	87	87
3583	2559	2303	80	80	80
3839	2559	2303	73	73	73
4095	2559	2303	67	67	67
0	2815	2303	379	379	379
256	2815	2303	248	248	248
512	2815	2303	207	207	207
768	2815	2303	179	179	179
1024	2815	2303	157	157	157
1280	2815	2303	139	139	139
1536	2815	2303	125	125	125
1792	2815	2303	112	112	112
2048	2815	2303	101	101	101
2303	2815	2303	91	91	91
2559	2815	2303	82	82	82
2815	2815	2303	74	74	74
3071	2815	2303	67	67	67
3327	2815	2303	61	61	61
3583	2815	2303	55	55	55
3839	2815	2303	50	50	50
4095	2815	2303	45	45	45
0	3071	2303	321	321	321
256	3071	2303	202	202	202
512	3071	2303	166	166	166
768	3071	2303	141	141	141
1024	3071	2303	122	122	122
1280	3071	2303	107	107	107
1536	3071	2303	94	94	94
1792	3071	2303	83	83	83
2048	3071	2303	74	74	74
2303	3071	2303	66	66	66
2559	3071	2303	58	58	58
2815	3071	2303	52	52	52
3071	3071	2303	46	46	46
3327	3071	2303	41	41	41
3583	3071	2303	36	36	36
3839	3071	2303	32	32	32
4095	3071	2303	28	28	28
0	3327	2303	271	271	271
256	3327	2303	164	164	164
512	3327	2303	131	131	131
768	3327	2303	110	110	110
1024	3327	2303	93	93	93
1280	3327	2303	80	80	80
1536	3327	2303	69	69	69
1792	3327	2303	60	60	60
2048	3327	2303	52	52	52
2303	3327	2303	45	45	45
2559	3327	2303	40	40	40
2815	3327	2303	34	34	34
3071	3327	2303	30	30	30
3327	3327	2303	26	26	26
3583	3327	2303	22	22	22
3839	3327	2303	19	19	19
4095	3327	2303	16	16	16
0	3583	2303	227	227	227
256	3583	2303	131	131	131
512	3583	2303	102	102	102
768	3583	2303	83	83	83
1024	3583	2303	69	69	69
1280	3583	2303	58	58	58
1536	3583	2303	49	49	49
1792	3583	2303	42	42	42
2048	3583	2303	35	35	35
2303	3583	2303	30	30	30
2559	3583	2303	25	25	25
2815	3583	2303	21	21	21
3071	3583	2303	18	18	18
3327	3583	2303	15	15	15
3583	3583	2303	12	12	12
3839	3583	2303	10	10	10
4095	3583	2303	8	8	8
0	3839	2303	189	189	189
256	3839	2303	103	103	103
512	3839	2303	78	78	78
768	3839	2303	62	62	62
1024	3839	2303	50	50	50
1280	3839	2303	41	41	41
1536	3839	2303	33	33	33
1792	3839	2303	27	27	27
2048	3839	2303	22	22	22
2303	3839	2303	18	18	18
2559	3839	2303	15	15	15
2815	3839	2303	12	12	12
3071	3839	2303	9	9	9
3327	3839	2303	7	7	7
3583	3839	2303	5	5	5
3839	3839	2303	4	4	4
4095	3839	2303	3	3	3
0	4095	2303	156	156	156
256	4095	2303	79	79	79
512	4095	2303	58	58	58
768	4095	2303	44	44	44
1024	4095	2303	35	35	35
1280	4095	2303	27	27	27
1536	4095	2303	21	21	21
1792	4095	2303	17	17	17
2048	4095	2303	13	13	13
2303	4095	2303	10	10	10
2559	4095	2303	7	7	7
2815	4095	2303	5	5	5
3071	4095	2303	4	4	4
3327	4095	2303	3	3	3
3583	4095	2303	2	2	2
3839	4095	2303	1	1	1
4095	4095	2303	0	0	0
0	0	2559	3603	3603	3603
256	0	2559	3121	3121	3121
512	0	2559	2953	2953	2953
768	0	2559	2830	2830	2830
1024	0	2559	2730	2730	2730
1280	0	2559	2644	2644	2644
1536	0	2559	2569	2569	2569
1792	0	2559	2501	2501	2501
2048	0	2559	2439	2439	2439
2303	0	2559	2383	2383	2383
2559	0	2559	2330	2330	2330
2815	0	2559	2280	2280	2280
3071	0	2559	2234	2234	2234
3327	0	2559	2190	2190	2190
3583	0	2559	2148	2148	2148
3839	0	2559	2108	2108	2108
4095	0	2559	2071	2071	2071
0	256	2559	2107	2107	2107
256	256	2559	1751	1751	1751
512	256	2559	1629	1629	1629
768	256	2559	1540	1540	1540
1024	256	2559	1469	1469	1469
1280	256	2559	1408	1408	1408
1536	256	2559	1355	1355	1355
1792	256	2559	1307	1307	1307
2048	256	2559	1264	1264	1264
2303	256	2559	1224	1224	1224
2559	256	2559	1188	1188	1188
2815	256	2559	1153	1153	1153
3071	256	2559	1121	1121	1121
3327	256	2559	1091	1091	1091
3583	256	2559	1063	1063	1063
3839	256	2559	1036	1036	1036
4095	256	2559	1010	1010	1010
0	512	2559	1662	1662	1662
256	512	2559	1351	1351	1351
512	512	2559	1245	1245	1245
768	512	2559	1168	1168	1168
1024	512	2559	1107	1107	1107
1280	512	2559	1055	1055	1055
1536	512	2559	1010	1010	1010
1792	512	2559	969	969	969
2048	512	2559	932	932	932
2303	512	2559	899	899	899
2559	512	2559	868	868	868
2815	512	2559	839	839	839
3071	512	2559	812	812	812
3327	512	2559	787	787	787
3583	512	2559	763	763	763
3839	512	2559	741	741	741
4095	512	2559	719	719	719
0	768	2559	1365	1365	1365
256	768	2559	1088	1088	1088
512	768	2559	994	994	994
768	768	2559	926	926	926
1024	768	2559	872	872	872
1280	768	2559	827	827	827
1536	768	2559	787	787	787
1792	768	2559	752	752	752
2048	768	2559	720	720	720
2303	768	2559	691	691	691
2559	768	2559	664	664	664
2815	768	2559	639	639	639
3071	768	2559	616	616	616
3327	768	2559	594	594	594
3583	768	2559	574	574	574
3839	768	2559	555	555	555
4095	768	2559	537	537	537
0	1024	2559	1144	1144	1144
256	1024	2559	893	893	893
512	1024	2559	809	809	809
768	1024	2559	749	749	749
1024	1024	2559	701	701	701
1280	1024	2559	660	660	660
1536	1024	2559	625	625	625
1792	1024	2559	594	594	594
2048	1024	2559	566	566	566
2303	1024	2559	541	541	541
2559	1024	2559	517	517	517
2815	1024	2559	496	496	496
3071	1024	2559	475	475	475
3327	1024	2559	457	457	457
3583	1024	2559	439	439	439
3839	1024	2559	422	422	422
4095	1024	2559	407	407	407
0	1280	2559	968	968	968
256	1280	2559	740	740	740
512	1280	2559	664	664	664
768	1280	2559	610	610	610
1024	1280	2559	567	567	567
1280	1280	2559	531	531	531
1536	1280	2559	500	500	500
1792	1280	2559	473	473	473
2048	1280	2559	448	448	448
2303	1280	2559	426	426	426
2559	1280	2559	405	405	405
2815	1280	2559	386	386	386
3071	1280	2559	369	369	369
3327	1280	2559	353	353	353
3583	1280	2559	337	337	337
3839	1280	2559	323	323	323
4095	1280	2559	309	309	309
0	1536	2559	824	824	824
256	1536	2559	616	616	616
512	1536	2559	548	548	548
768	1536	2559	499	499	499
1024	1536	2559	461	461	461
1280	1536	2559	429	429	429
1536	1536	2559	401	401	401
1792	1536	2559	377	377	377
2048	1536	2559	355	355	355
2303	1536	2559	336	336	336
2559	1536	2559	318	318	318
2815	1536	2559	301	301	301
3071	1536	2559	286	286	286
3327	1536	2559	272	272	272
3583	1536	2559	258	258	258
3839	1536	2559	246	246	246
4095	1536	2559	234	234	234
0	1792	2559	703	703	703
256	1792	2559	514	514	514
512	1792	2559	452	452	452
768	1792	2559	409	409	409
1024	1792	2559	374	374	374
1280	1792	2559	346	346	346
1536	1792	2559	321	321	321
1792	1792	2559	300	300	300
2048	1792	2559	281	281	281
2303	1792	2559	263	263	263
2559	1792	2559	248	248	248
2815	1792	2559	233	233	233
3071	1792	2559	220	220	220
3327	1792	2559	208	208	208
3583	1792	2559	196	196	196
3839	1792	2559	186	186	186
4095	1792	2559	176	176	176
0	2048	2559	601	601	601
256	2048	2559	429	429	429
512	2048	2559	373	373	373
768	2048	2559	334	334	334
1024	2048	2559	303	303	303
1280	2048	2559	278	278	278
1536	2048	2559	256	256	256
1792	2048	2559	237	237	237
2048	2048	2559	220	220	220
2303	2048	2559	205	205	205
2559	2048	2559	191	191	191
2815	2048	2559	179	179	179
3071	2048	2559	167	167	167
3327	2048	2559	157	157	157
3583	2048	2559	147	147	147
3839	2048	2559	138	138	138
4095	2048	2559	129	129	129
0	2303	2559	514	514	514
256	2303	2559	356	356	356
512	2303	2559	306	306	306
768	2303	2559	271	271	271
1024	2303	2559	244	244	244
1280	2303	2559	221	221	221
1536	2303	2559	202	202	202
1792	2303	2559	185	185	185
2048	2303	2559	171	171	171
2303	2303	2559	158	158	158
2559	2303	2559	146	146	146
2815	2303	2559	135	135	135
3071	2303	2559	125	125	125
3327	2303	2559	116	116	116
3583	2303	2559	108	108	108
3839	2303	2559	100	100	100
4095	2303	2559	93	93	93
0	2559	2559	438	438	438
256	2559	2559	295	295	295
512	2559	2559	250	250	250
768	2559	2559	218	218	218
1024	2559	2559	194	194	194
1280	2559	2559	174	174	174
1536	2559	2559	158	158	158
1792	2559	2559	143	143	143
2048	2559	2559	130	130	130
2303	2559	2559	119	119	119
2559	2559	2559	109	109	109
2815	2559	2559	100	100	100
3071	2559	2559	92	92	92
3327	2559	2559	84	84	84
3583	2559	2559	77	77	77
3839	2559	2559	71	71	71
4095	2559	2559	65	65	65
0	2815	2559	372	372	372
256	2815	2559	242	242	242
512	2815	2559	202	202	202
768	2815	2559	174	174	174
1024	2815	2559	153	153	153
1280	2815	2559	136	136	136
1536	2815	2559	121	121	121
1792	2815	2559	109	109	109
2048	2815	2559	98	98	98
2303	2815	2559	88	88	88
2559	2815	2559	79	79	79
2815	2815	2559	72	72	72
3071	2815	2559	65	65	65
3327	2815	2559	59	59	59
3583	2815	2559	53	53	53
3839	2815	2559	48	48	48
4095	2815	2559	43	43	43
0	3071	2559	315	315	315
256	3071	2559	198	198	198
512	3071	2559	162	162	162
768	3071	2559	137	137	137
1024	3071	2559	119	119	119
1280	3071	2559	104	104	104
1536	3071	2559	91	91	91
1792	3071	2559	80	80	80
2048	3071	2559	71	71	71
2303	3071	2559	63	63	63
2559	3071	2559	56	56	56
2815	3071	2559	50	50	50
3071	3071	2559	44	44	44
3327	3071	2559	39	39	39
3583	3071	2559	35	35	35
3839	3071	2559	30	30	30
4095	3071	2559	27	27	27
0	3327	2559	265	265	265
256	3327	2559	160	160	160
512	3327	2559	128	128	128
768	3327	2559	106	106	106
1024	3327	2559	90	90	90
1280	3327	2559	77	77	77
1536	3327	2559	67	67	67
1792	3327	2559	58	58	58
2048	3327	2559	50	50	50
2303	3327	2559	43	43	43
2559	3327	2559	38	38	38
2815	3327	2559	33	33	33
3071	3327	2559	28	28	28
3327	3327	2559	24	24	24
3583	3327	2559	21	21	21
3839	3327	2559	18	18	18
4095	3327	2559	15	15	15
0	3583	2559	222	222	222
256	3583	2559	127	127	127
512	3583	2559	99	99	99
768	3583	2559	81	81	81
1024	3583	2559	67	67	67
1280	3583	2559	56	56	56
1536	3583	2559	47	47	47
1792	3583	2559	40	40	40
2048	3583	2559	34	34	34
2303	3583	2559	28	28	28
2559	3583	2559	24	24	24
2815	3583	2559	20	20	20
3071	3583	2559	17	17	17
3327	3583	2559	14	14	14
3583	3583	2559	11	11	11
3839	3583	2559	9	9	9
4095	3583	2559	7	7	7
0	3839	2559	184	184	184
256	3839	2559	100	100	100
512	3839	2559	75	75	75
768	3839	2559	60	60	60
1024	3839	2559	48	48	48
1280	3839	2559	39	39	39
1536	3839	2559	32	32	32
1792	3839	2559	26	26	26
2048	3839	2559	21	21	21
2303	3839	2559	17	17	17
2559	3839	2559	14	14	14
2815	3839	2559	11	11	11
3071	3839	2559	8	8	8
3327	3839	2559	6	6	6
3583	3839	2559	5	5	5
3839	3839	2559	4	4	4
4095	3839	2559	2	2	2
0	4095	2559	152	152	152
256	4095	2559	77	77	77
512	4095	2559	56	56	56
768	4095	2559	42	42	42
1024	4095	2559	33	33	33
1280	4095	2559	26	26	26
1536	4095	2559	20	20	20
1792	4095	2559	15	15	15
2048	4095	2559	12	12	12
2303	4095	2559	9	9	9
2559	4095	2559	7	7	7
2815	4095	2559	5	5	5
3071	4095	2559	3	3	3
3327	4095	2559	2	2	2
3583	4095	2559	1	1	1
3839	4095	2559	1	1	1
4095	4095	2559	0	0	0
0	0	2815	3582	3582	3582
256	0	2815	3102	3102	3102
512	0	2815	2934	2934	2934
768	0	2815	2811	2811	2811
1024	0	2815	2712	2712	2712
1280	0	2815	2626	2626	2626
1536	0	2815	2551	2551	2551
1792	0	2815	2484	2484	2484
2048	0	2815	2422	2422	2422
2303	0	2815	2366	2366	2366
2559	0	2815	2313	2313	2313
2815	0	2815	2264	2264	2264
3071	0	2815	2218	2218	2218
3327	0	2815	2174	2174	2174
3583	0	2815	2132	2132	2132
3839	0	2815	2093	2093	2093
4095	0	2815	2055	2055	2055
0	256	2815	2091	2091	2091
256	256	2815	1737	1737	1737
512	256	2815	1615	1615	1615
768	256	2815	1527	1527	1527
1024	256	2815	1456	1456	1456
1280	256	2815	1395	1395	1395
1536	256	2815	1342	1342	1342
1792	256	2815	1295	1295	1295
2048	256	2815	1252	1252	1252
2303	256	2815	1213	1213	1213
2559	256	2815	1176	1176	1176
2815	256	2815	1142	1142	1142
3071	256	2815	1110	1110	1110
3327	256	2815	1080	1080	1080
3583	256	2815	1052	1052	1052
3839	256	2815	1025	1025	1025
4095	256	2815	1000	1000	1000
0	512	2815	1648	1648	1648
256	512	2815	1339	1339	1339
512	512	2815	1233	1233	1233
768	512	2815	1157	1157	1157
1024	512	2815	1096	1096	1096
1280	512	2815	1044	1044	1044
1536	512	2815	999	999	999
1792	512	2815	959	959	959
2048	512	2815	922	922	922
2303	512	2815	889	889	889
2559	512	2815	858	858	858
2815	512	2815	830	830	830
3071	512	2815	803	803	803
3327	512	2815	778	778	778
3583	512	2815	754	754	754
3839	512	2815	732	732	732
4095	512	2815	711	711	711
0	768	2815	1353	1353	1353
256	768	2815	1077	1077	1077
512	768	2815	983	983	983
768	768	2815	916	916	916
1024	768	2815	863	863	863
1280	768	2815	817	817	817
1536	768	2815	778	778	778
1792	768	2815	743	743	743
2048	768	2815	711	711	711
2303	768	2815	682	682	682
2559	768	2815	656	656	656
2815	768	2815	631	631	631
3071	768	2815	608	608	608
3327	768	2815	587	587	587
3583	768	2815	566	566	566
3839	768	2815	547	547	547
4095	768	2815	529	529	529
0	1024	2815	1132	1132	1132
256	1024	2815	883	883	883
512	1024	2815	799	799	799
768	1024	2815	740	740	740
1024	1024	2815	692	692	692
1280	1024	2815	652	652	652
1536	1024	2815	617	617	617
1792	1024	2815	586	586	586
2048	1024	2815	558	558	558
2303	1024	2815	533	533	533
2559	1024	2815	510	510	510
2815	1024	2815	488	488	488
3071	1024	2815	468	468	468
3327	1024	2815	450	450	450
3583	1024	2815	432	432	432
3839	1024	2815	416	416	416
4095	1024	2815	400	400	400
0	1280	2815	958	958	958
256	1280	2815	731	731	731
512	1280	2815	656	656	656
768	1280	2815	602	602	602
1024	1280	2815	560	560	560
1280	1280	2815	524	524	524
1536	1280	2815	493	493	493
1792	1280	2815	466	466	466
2048	1280	2815	441	441	441
2303	1280	2815	419	419	419
2559	1280	2815	399	399	399
2815	1280	2815	380	380	380
3071	1280	2815	363	363	363
3327	1280	2815	347	347	347
3583	1280	2815	331	331	331
3839	1280	2815	317	317	317
4095	1280	2815	304	304	304
0	1536	2815	814	814	814
256	1536	2815	608	608	608
512	1536	2815	540	540	540
768	1536	2815	492	492	492
1024	1536	2815	454	454	454
1280	1536	2815	422	422	422
1536	1536	2815	395	395	395
1792	1536	2815	371	371	371
2048	1536	2815	349	349	349
2303	1536	2815	330	330	330
2559	1536	2815	312	312	312
2815	1536	2815	296	296	296
3071	1536	2815	281	281	281
3327	1536	2815	266	266	266
3583	1536	2815	253	253	253
3839	1536	2815	241	241	241
4095	1536	2815	230	230	230
0	1792	2815	695	695	695
256	1792	2815	507	507	507
512	1792	2815	445	445	445
768	1792	2815	402	402	402
1024	1792	2815	368	368	368
1280	1792	2815	340	340	340
1536	1792	2815	316	316	316
1792	1792	2815	294	294	294
2048	1792	2815	275	275	275
2303	1792	2815	258	258	258
2559	1792	2815	243	243	243
2815	1792	2815	229	229	229
3071	1792	2815	215	215	215
3327	1792	2815	203	203	203
3583	1792	2815	192	192	192
3839	1792	2815	181	181	181
4095	1792	2815	172	172	172
0	2048	2815	593	593	593
256	2048	2815	422	422	422
512	2048	2815	367	367	367
768	2048	2815	328	328	328
1024	2048	2815	297	297	297
1280	2048	2815	272	272	272
1536	2048	2815	251	251	251
1792	2048	2815	232	232	232
2048	2048	2815	215	215	215
2303	2048	2815	201	201	201
2559	2048	2815	187	187	187
2815	2048	2815	175	175	175
3071	2048	2815	163	163	163
3327	2048	2815	153	153	153
3583	2048	2815	143	143	143
3839	2048	2815	134	134	134
4095	2048	2815	126	126	126
0	2303	2815	506	506	506
256	2303	2815	350	350	350
512	2303	2815	301	301	301
768	2303	2815	266	266	266
1024	2303	2815	239	239	239
1280	2303	2815	217	217	217
1536	2303	2815	198	198	198
1792	2303	2815	181	181	181
2048	2303	2815	167	167	167
2303	2303	2815	154	154	154
2559	2303	2815	142	142	142
2815	2303	2815	132	132	132
3071	2303	2815	122	122	122
3327	2303	2815	113	113	113
3583	2303	2815	105	105	105
3839	2303	2815	97	97	97
4095	2303	2815	90	90	90
0	2559	2815	431	431	431
256	2559	2815	290	290	290
512	2559	2815	245	245	245
768	2559	2815	214	214	214
1024	2559	2815	190	190	190
1280	2559	2815	170	170	170
1536	2559	2815	154	154	154
1792	2559	2815	140	140	140
2048	2559	2815	127	127	127
2303	2559	2815	116	116	116
2559	2559	2815	106	106	106
2815	2559	2815	97	97	97
3071	2559	2815	89	89	89
3327	2559	2815	81	81	81
3583	2559	2815	75	75	75
3839	2559	2815	68	68	68
4095	2559	2815	63	63	63
0	2815	2815	366	366	366
256	2815	2815	238	238	238
512	2815	2815	198	198	198
768	2815	2815	170	170	170
1024	2815	2815	149	149	149
1280	2815	2815	132	132	132
1536	2815	2815	118	118	118
1792	2815	2815	105	105	105
2048	2815	2815	95	95	95
2303	2815	2815	85	85	85
2559	2815	2815	77	77	77
2815	2815	2815	69	69	69
3071	2815	2815	63	63	63
3327	2815	2815	56	56	56
3583	2815	2815	51	51	51
3839	2815	2815	46	46	46
4095	2815	2815	41	41	41
0	3071	2815	310	310	310
256	3071	2815	193	193	193
512	3071	2815	158	158	158
768	3071	2815	134	134	134
1024	3071	2815	115	115	115
1280	3071	2815	101	101	101
1536	3071	2815	88	88	88
1792	3071	2815	78	78	78
2048	3071	2815	69	69	69
2303	3071	2815	61	61	61
2559	3071	2815	54	54	54
2815	3071	2815	48	48	48
3071	3071	2815	42	42	42
3327	3071	2815	37	37	37
3583	3071	2815	33	33	33
3839	3071	2815	29	29	29
4095	3071	2815	25	25	25
0	3327	2815	260	260	260
256	3327	2815	156	156	156
512	3327	2815	124	124	124
768	3327	2815	103	103	103
1024	3327	2815	87	87	87
1280	3327	2815	75	75	75
1536	3327	2815	64	64	64
1792	3327	2815	56	56	56
2048	3327	2815	48	48	48
2303	3327	2815	42	42	42
2559	3327	2815	36	36	36
2815	3327	2815	31	31	31
3071	3327	2815	27	27	27
3327	3327	2815	23	23	23
3583	3327	2815	20	20	20
3839	3327	2815	17	17	17
4095	3327	2815	14	14	14
0	3583	2815	218	218	218
256	3583	2815	124	124	124
512	3583	2815	96	96	96
768	3583	2815	78	78	78
1024	3583	2815	64	64	64
1280	3583	2815	54	54	54
1536	3583	2815	45	45	45
1792	3583	2815	38	38	38
2048	3583	2815	32	32	32
2303	3583	2815	27	27	27
2559	3583	2815	22	22	22
2815	3583	2815	19	19	19
3071	3583	2815	15	15	15
3327	3583	2815	13	13	13
3583	3583	2815	10	10	10
3839	3583	2815	8	8	8
4095	3583	2815	6	6	6
0	3839	2815	180	180	180
256	3839	2815	97	97	97
512	3839	2815	73	73	73
768	3839	2815	57	57	57
1024	3839	2815	46	46	46
1280	3839	2815	37	37	37
1536	3839	2815	30	30	30
1792	3839	2815	24	24	24
2048	3839	2815	20	20	20
2303	3839	2815	16	16	16
2559	3839	2815	13	13	13
2815	3839	2815	10	10	10
3071	3839	2815	8	8	8
3327	3839	2815	6	6	6
3583	3839	2815	4	4	4
3839	3839	2815	3	3	3
4095	3839	2815	2	2	2
0	4095	2815	148	148	148
256	4095	2815	74	74	74
512	4095	2815	54	54	54
768	4095	2815	41	41	41
1024	4095	2815	31	31	31
1280	4095	2815	24	24	24
1536	4095	2815	19	19	19
1792	4095	2815	14	14	14
2048	4095	2815	11	11	11
2303	4095	2815	8	8	8
2559	4095	2815	6	6	6
2815	4095	2815	4	4	4
3071	4095	2815	3	3	3
3327	4095	2815	2	2	2
3583	4095	2815	1	1	1
3839	4095	2815	1	1	1
4095	4095	2815	0	0	0
0	0	3071	3562	3562	3562
256	0	3071	3084	3084	3084
512	0	3071	2916	2916	2916
768	0	3071	2794	2794	2794
1024	0	3071	2694	2694	2694
1280	0	3071	2610	2610	2610
1536	0	3071	2535	2535	2535
1792	0	3071	2468	2468	2468
2048	0	3071	2406	2406	2406
2303	0	3071	2350	2350	2350
2559	0	3071	2298	2298	2298
2815	0	3071	2249	2249	2249
3071	0	3071	2202	2202	2202
3327	0	3071	2159	2159	2159
3583	0	3071	2117	2117	2117
3839	0	3071	2078	2078	2078
4095	0	3071	2040	2040	2040
0	256	3071	2076	2076	2076
256	256	3071	1724	1724	1724
512	256	3071	1602	1602	1602
768	256	3071	1514	1514	1514
1024	256	3071	1444	1444	1444
1280	256	3071	1383	1383	1383
1536	256	3071	1331	1331	1331
1792	256	3071	1283	1283	1283
2048	256	3071	1241	1241	1241
2303	256	3071	1202	1202	1202
2559	256	3071	1165	1165	1165
2815	256	3071	1131	1131	1131
3071	256	3071	1100	1100	1100
3327	256	3071	1070	1070	1070
3583	256	3071	1042	1042	1042
3839	256	3071	1015	1015	1015
4095	256	3071	990	990	990
0	512	3071	1635	1635	1635
256	512	3071	1327	1327	1327
512	512	3071	1222	1222	1222
768	512	3071	1146	1146	1146
1024	512	3071	1086	1086	1086
1280	512	3071	1034	1034	1034
1536	512	3071	989	989	989
1792	512	3071	949	949	949
2048	512	3071	913	913	913
2303	512	3071	880	880	880
2559	512	3071	849	849	849
2815	512	3071	821	821	821
3071	512	3071	794	794	794
3327	512	3071	769	769	769
3583	512	3071	746	746	746
3839	512	3071	724	724	724
4095	512	3071	703	703	703
0	768	3071	1341	1341	1341
256	768	3071	1067	1067	1067
512	768	3071	974	974	974
768	768	3071	907	907	907
1024	768	3071	854	854	854
1280	768	3071	809	809	809
1536	768	3071	769	769	769
1792	768	3071	734	734	734
2048	768	3071	703	703	703
2303	768	3071	674	674	674
2559	768	3071	648	648	648
2815	768	3071	623	623	623
3071	768	3071	601	601	601
3327	768	3071	579	579	579
3583	768	3071	559	559	559
3839	768	3071	540	540	540
4095	768	3071	522	522	522
0	1024	3071	1122	1122	1122
256	1024	3071	874	874	874
512	1024	3071	791	791	791
768	1024	3071	731	731	731
1024	1024	3071	684	684	684
1280	1024	3071	644	644	644
1536	1024	3071	609	609	609
1792	1024	3071	579	579	579
2048	1024	3071	551	551	551
2303	1024	3071	526	526	526
2559	1024	3071	503	503	503
2815	1024	3071	482	482	482
3071	1024	3071	462	462	462
3327	1024	3071	443	443	443
3583	1024	3071	426	426	426
3839	1024	3071	410	410	410
4095	1024	3071	394	394	394
0	1280	3071	948	948	948
256	1280	3071	723	723	723
512	1280	3071	648	648	648
768	1280	3071	595	595	595
1024	1280	3071	553	553	553
1280	1280	3071	517	517	517
1536	1280	3071	486	486	486
1792	1280	3071	459	459	459
2048	1280	3071	435	435	435
2303	1280	3071	413	413	413
2559	1280	3071	393	393	393
2815	1280	3071	374	374	374
3071	1280	3071	357	357	357
3327	1280	3071	341	341	341
3583	1280	3071	326	326	326
3839	1280	3071	312	312	312
4095	1280	3071	299	299	299
0	1536	3071	805	805	805
256	1536	3071	601	601	601
512	1536	3071	533	533	533
768	1536	3071	486	486	486
1024	1536	3071	448	448	448
1280	1536	3071	416	416	416
1536	1536	3071	389	389	389
1792	1536	3071	365	365	365
2048	1536	3071	344	344	344
2303	1536	3071	324	324	324
2559	1536	3071	307	307	307
2815	1536	3071	291	291	291
3071	1536	3071	276	276	276
3327	1536	3071	262	262	262
3583	1536	3071	249	249	249
3839	1536	3071	237	237	237
4095	1536	3071	225	225	225
0	1792	3071	686	686	686
256	1792	3071	500	500	500
512	1792	3071	439	439	439
768	1792	3071	396	396	396
1024	1792	3071	363	363	363
1280	1792	3071	335	335	335
1536	1792	3071	310	310	310
1792	1792	3071	289	289	289
2048	1792	3071	270	270	270
2303	1792	3071	254	254	254
2559	1792	3071	238	238	238
2815	1792	3071	224	224	224
3071	1792	3071	211	211	211
3327	1792	3071	199	199	199
3583	1792	3071	188	188	188
3839	1792	3071	178	178	178
4095	1792	3071	168	168	168
0	2048	3071	586	586	586
256	2048	3071	416	416	416
512	2048	3071	361	361	361
768	2048	3071	322	322	322
1024	2048	3071	292	292	292
1280	2048	3071	267	267	267
1536	2048	3071	246	246	246
1792	2048	3071	228	228	228
2048	2048	3071	211	211	211
2303	2048	3071	196	196	196
2559	2048	3071	183	183	183
2815	2048	3071	171	171	171
3071	2048	3071	160	160	160
3327	2048	3071	149	149	149
3583	2048	3071	140	140	140
3839	2048	3071	131	131	131
4095	2048	3071	123	123	123
0	2303	3071	500	500	500
256	2303	3071	345	345	345
512	2303	3071	295	295	295
768	2303	3071	261	261	261
1024	2303	3071	234	234	234
1280	2303	3071	212	212	212
1536	2303	3071	194	194	194
1792	2303	3071	177	177	177
2048	2303	3071	163	163	163
2303	2303	3071	150	150	150
2559	2303	3071	139	139	139
2815	2303	3071	128	128	128
3071	2303	3071	119	119	119
3327	2303	3071	110	110	110
3583	2303	3071	102	102	102
3839	2303	3071	95	95	95
4095	2303	3071	88	88	88
0	2559	3071	425	425	425
256	2559	3071	285	285	285
512	2559	3071	240	240	240
768	2559	3071	210	210	210
1024	2559	3071	186	186	186
1280	2559	3071	167	167	167
1536	2559	3071	150	150	150
1792	2559	3071	136	136	136
2048	2559	3071	124	124	124
2303	2559	3071	113	113	113
2559	2559	3071	103	103	103
2815	2559	3071	94	94	94
3071	2559	3071	86	86	86
3327	2559	3071	79	79	79
3583	2559	3071	72	72	72
3839	2559	3071	66	66	66
4095	2559	3071	60	60	60
0	2815	3071	361	361	361
256	2815	3071	233	233	233
512	2815	3071	194	194	194
768	2815	3071	166	166	166
1024	2815	3071	146	146	146
1280	2815	3071	129	129	129
1536	2815	3071	115	115	115
1792	2815	3071	103	103	103
2048	2815	3071	92	92	92
2303	2815	3071	83	83	83
2559	2815	3071	74	74	74
2815	2815	3071	67	67	67
3071	2815	3071	60	60	60
3327	2815	3071	54	54	54
3583	2815	3071	49	49	49
3839	2815	3071	44	44	44
4095	2815	3071	40	40	40
0	3071	3071	304	304	304
256	3071	3071	189	189	189
512	3071	3071	154	154	154
768	3071	3071	130	130	130
1024	3071	3071	112	112	112
1280	3071	3071	98	98	98
1536	3071	3071	86	86	86
1792	3071	3071	75	75	75
2048	3071	3071	66	66	66
2303	3071	3071	59	59	59
2559	3071	3071	52	52	52
2815	3071	3071	46	46	46
3071	3071	3071	40	40	40
3327	3071	3071	36	36	36
3583	3071	3071	31	31	31
3839	3071	3071	28	28	28
4095	3071	3071	24	24	24
0	3327	3071	256	256	256
256	3327	3071	152	152	152
512	3327	3071	121	121	121
768	3327	3071	100	100	100
1024	3327	3071	85	85	85
1280	3327	3071	72	72	72
1536	3327	3071	62	62	62
1792	3327	3071	53	53	53
2048	3327	3071	46	46	46
2303	3327	3071	40	40	40
2559	3327	3071	34	34	34
2815	3327	3071	30	30	30
3071	3327	3071	25	25	25
3327	3327	3071	22	22	22
3583	3327	3071	18	18	18
3839	3327	3071	16	16	16
4095	3327	3071	13	13	13
0	3583	3071	213	213	213
256	3583	3071	121	121	121
512	3583	3071	93	93	93
768	3583	3071	76	76	76
1024	3583	3071	62	62	62
1280	3583	3071	52	52	52
1536	3583	3071	43	43	43
1792	3583	3071	36	36	36
2048	3583	3071	30	30	30
2303	3583	3071	25	25	25
2559	3583	3071	21	21	21
2815	3583	3071	18	18	18
3071	3583	3071	14	14	14
3327	3583	3071	12	12	12
3583	3583	3071	9	9	9
3839	3583	3071	8	8	8
4095	3583	3071	6	6	6
0	3839	3071	176	176	176
256	3839	3071	94	94	94
512	3839	3071	70	70	70
768	3839	3071	55	55	55
1024	3839	3071	44	44	44
1280	3839	3071	36	36	36
1536	3839	3071	29	29	29
1792	3839	3071	23	23	23
2048	3839	3071	19	19	19
2303	3839	3071	15	15	15
2559	3839	3071	12	12	12
2815	3839	3071	9	9	9
3071	3839	3071	7	7	7
3327	3839	3071	5	5	5
3583	3839	3071	4	4	4
3839	3839	3071	3	3	3
4095	3839	3071	2	2	2
0	4095	3071	144	144	144
256	4095	3071	72	72	72
512	4095	3071	52	52	52
768	4095	3071	39	39	39
1024	4095	3071	30	30	30
1280	4095	3071	23	23	23
1536	4095	3071	18	18	18
1792	4095	3071	13	13	13
2048	4095	3071	10	10	10
2303	4095	3071	7	7	7
2559	4095	3071	5	5	5
2815	4095	3071	4	4	4
3071	4095	3071	2	2	2
3327	4095	3071	2	2	2
3583	4095	3071	1	1	1
3839	4095	3071	0	0	0
4095	4095	3071	0	0	0
0	0	3327	3543	3543	3543
256	0	3327	3066	3066	3066
512	0	3327	2899	2899	2899
768	0	3327	2777	2777	2777
1024	0	3327	2678	2678	2678
1280	0	3327	2594	2594	2594
1536	0	3327	2519	2519	2519
1792	0	3327	2452	2452	2452
2048	0	3327	2391	2391	2391
2303	0	3327	2335	2335	2335
2559	0	3327	2283	2283	2283
2815	0	3327	2234	2234	2234
3071	0	3327	2188	2188	2188
3327	0	3327	2144	2144	2144
3583	0	3327	2103	2103	2103
3839	0	3327	2064	2064	2064
4095	0	3327	2026	2026	2026
0	256	3327	2062	2062	2062
256	256	3327	1711	1711	1711
512	256	3327	1590	1590	1590
768	256	3327	1502	1502	1502
1024	256	3327	1432	1432	1432
1280	256	3327	1372	1372	1372
1536	256	3327	1319	1319	1319
1792	256	3327	1273	1273	1273
2048	256	3327	1230	1230	1230
2303	256	3327	1191	1191	1191
2559	256	3327	1155	1155	1155
2815	256	3327	1121	1121	1121
3071	256	3327	1090	1090	1090
3327	256	3327	1060	1060	1060
3583	256	3327	1032	1032	1032
3839	256	3327	1005	1005	1005
4095	256	3327	980	980	980
0	512	3327	1622	1622	1622
256	512	3327	1316	1316	1316
512	512	3327	1211	1211	1211
768	512	3327	1136	1136	1136
1024	512	3327	1076	1076	1076
1280	512	3327	1025	1025	1025
1536	512	3327	980	980	980
1792	512	3327	940	940	940
2048	512	3327	904	904	904
2303	512	3327	871	871	871
2559	512	3327	841	841	841
2815	512	3327	812	812	812
3071	512	3327	786	786	786
3327	512	3327	761	761	761
3583	512	3327	738	738	738
3839	512	3327	716	716	716
4095	512	3327	695	695	695
0	768	3327	1330	1330	1330
256	768	3327	1057	1057	1057
512	768	3327	964	964	964
768	768	3327	898	898	898
1024	768	3327	845	845	845
1280	768	3327	800	800	800
1536	768	3327	761	761	761
1792	768	3327	726	726	726
2048	768	3327	695	695	695
2303	768	3327	667	667	667
2559	768	3327	640	640	640
2815	768	3327	616	616	616
3071	768	3327	593	593	593
3327	768	3327	572	572	572
3583	768	3327	552	552	552
3839	768	3327	533	533	533
4095	768	3327	516	516	516
0	1024	3327	1112	1112	1112
256	1024	3327	865	865	865
512	1024	3327	782	782	782
768	1024	3327	723	723	723
1024	1024	3327	676	676	676
1280	1024	3327	637	637	637
1536	1024	3327	602	602	602
1792	1024	3327	572	572	572
2048	1024	3327	544	544	544
2303	1024	3327	519	519	519
2559	1024	3327	497	497	497
2815	1024	3327	475	475	475
3071	1024	3327	456	456	456
3327	1024	3327	437	437	437
3583	1024	3327	420	420	420
3839	1024	3327	404	404	404
4095	1024	3327	389	389	389
0	1280	3327	939	939	939
256	1280	3327	715	715	715
512	1280	3327	641	641	641
768	1280	3327	588	588	588
1024	1280	3327	546	546	546
1280	1280	3327	511	511	511
1536	1280	3327	480	480	480
1792	1280	3327	453	453	453
2048	1280	3327	429	429	429
2303	1280	3327	407	407	407
2559	1280	3327	387	387	387
2815	1280	3327	369	369	369
3071	1280	3327	352	352	352
3327	1280	3327	336	336	336
3583	1280	3327	321	321	321
3839	1280	3327	307	307	307
4095	1280	3327	294	294	294
0	1536	3327	797	797	797
256	1536	3327	594	594	594
512	1536	3327	527	527	527
768	1536	3327	479	479	479
1024	1536	3327	442	442	442
1280	1536	3327	410	410	410
1536	1536	3327	383	383	383
1792	1536	3327	360	360	360
2048	1536	3327	338	338	338
2303	1536	3327	319	319	319
2559	1536	3327	302	302	302
2815	1536	3327	286	286	286
3071	1536	3327	271	271	271
3327	1536	3327	257	257	257
3583	1536	3327	244	244	244
3839	1536	3327	232	232	232
4095	1536	3327	221	221	221
0	1792	3327	679	679	679
256	1792	3327	494	494	494
512	1792	3327	433	433	433
768	1792	3327	391	391	391
1024	1792	3327	357	357	357
1280	1792	3327	329	329	329
1536	1792	3327	305	305	305
1792	1792	3327	284	284	284
2048	1792	3327	266	266	266
2303	1792	3327	249	249	249
2559	1792	3327	234	234	234
2815	1792	3327	220	220	220
3071	1792	3327	207	207	207
3327	1792	3327	195	195	195
3583	1792	3327	184	184	184
3839	1792	3327	174	174	174
4095	1792	3327	164	164	164
0	2048	3327	579	579	579
256	2048	3327	410	410	410
512	2048	3327	355	355	355
768	2048	3327	317	317	317
1024	2048	3327	288	288	288
1280	2048	3327	263	263	263
1536	2048	3327	242	242	242
1792	2048	3327	223	223	223
2048	2048	3327	207	207	207
2303	2048	3327	193	193	193
2559	2048	3327	179	179	179
2815	2048	3327	167	167	167
3071	2048	3327	156	156	156
3327	2048	3327	146	146	146
3583	2048	3327	137	137	137
3839	2048	3327	128	128	128
4095	2048	3327	120	120	120
0	2303	3327	493	493	493
256	2303	3327	340	340	340
512	2303	3327	291	291	291
768	2303	3327	257	257	257
1024	2303	3327	230	230	230
1280	2303	3327	208	208	208
1536	2303	3327	190	190	190
1792	2303	3327	174	174	174
2048	2303	3327	160	160	160
2303	2303	3327	147	147	147
2559	2303	3327	136	136	136
2815	2303	3327	125	125	125
3071	2303	3327	116	116	116
3327	2303	3327	107	107	107
3583	2303	3327	99	99	99
3839	2303	3327	92	92	92
4095	2303	3327	85	85	85
0	2559	3327	419	419	419
256	2559	3327	280	280	280
512	2559	3327	236	236	236
768	2559	3327	206	206	206
1024	2559	3327	182	182	182
1280	2559	3327	163	163	163
1536	2559	3327	147	147	147
1792	2559	3327	133	133	133
2048	2559	3327	121	121	121
2303	2559	3327	110	110	110
2559	2559	3327	100	100	100
2815	2559	3327	92	92	92
3071	2559	3327	84	84	84
3327	2559	3327	76	76	76
3583	2559	3327	70	70	70
3839	2559	3327	64	64	64
4095	2559	3327	58	58	58
0	2815	3327	355	355	355
256	2815	3327	229	229	229
512	2815	3327	190	190	190
768	2815	3327	163	163	163
1024	2815	3327	142	142	142
1280	2815	3327	126	126	126
1536	2815	3327	112	112	112
1792	2815	3327	100	100	100
2048	2815	3327	89	89	89
2303	2815	3327	80	80	80
2559	2815	3327	72	72	72
2815	2815	3327	65	65	65
3071	2815	3327	58	58	58
3327	2815	3327	52	52	52
3583	2815	3327	47	47	47
3839	2815	3327	42	42	42
4095	2815	3327	38	38	38
0	3071	3327	300	300	300
256	3071	3327	186	186	186
512	3071	3327	151	151	151
768	3071	3327	127	127	127
1024	3071	3327	109	109	109
1280	3071	3327	95	95	95
1536	3071	3327	83	83	83
1792	3071	3327	73	73	73
2048	3071	3327	64	64	64
2303	3071	3327	57	57	57
2559	3071	3327	50	50	50
2815	3071	3327	44	44	44
3071	3071	3327	39	39	39
3327	3071	3327	34	34	34
3583	3071	3327	30	30	30
3839	3071	3327	26	26	26
4095	3071	3327	23	23	23
0	3327	3327	251	251	251
256	3327	3327	149	149	149
512	3327	3327	118	118	118
768	3327	3327	98	98	98
1024	3327	3327	82	82	82
1280	3327	3327	70	70	70
1536	3327	3327	60	60	60
1792	3327	3327	52	52	52
2048	3327	3327	44	44	44
2303	3327	3327	38	38	38
2559	3327	3327	33	33	33
2815	3327	3327	28	28	28
3071	3327	3327	24	24	24
3327	3327	3327	21	21	21
3583	3327	3327	17	17	17
3839	3327	3327	15	15	15
4095	3327	3327	12	12	12
0	3583	3327	209	209	209
256	3583	3327	118	118	118
512	3583	3327	91	91	91
768	3583	3327	73	73	73
1024	3583	3327	60	60	60
1280	3583	3327	50	50	50
1536	3583	3327	42	42	42
1792	3583	3327	35	35	35
2048	3583	3327	29	29	29
2303	3583	3327	24	24	24
2559	3583	3327	20	20	20
2815	3583	3327	17	17	17
3071	3583	3327	14	14	14
3327	3583	3327	11	11	11
3583	3583	3327	9	9	9
3839	3583	3327	7	7	7
4095	3583	3327	5	5	5
0	3839	3327	173	173	173
256	3839	3327	91	91	91
512	3839	3327	68	68	68
768	3839	3327	53	53	53
1024	3839	3327	42	42	42
1280	3839	3327	34	34	34
1536	3839	3327	27	27	27
1792	3839	3327	22	22	22
2048	3839	3327	18	18	18
2303	3839	3327	14	14	14
2559	3839	3327	11	11	11
2815	3839	3327	8	8	8
3071	3839	3327	6	6	6
3327	3839	3327	5	5	5
3583	3839	3327	3	3	3
3839	3839	3327	2	2	2
4095	3839	3327	1	1	1
0	4095	3327	141	141	141
256	4095	3327	69	69	69
512	4095	3327	50	50	50
768	4095	3327	37	37	37
1024	4095	3327	28	28	28
1280	4095	3327	22	22	22
1536	4095	3327	17	17	17
1792	4095	3327	13	13	13
2048	4095	3327	9	9	9
2303	4095	3327	7	7	7
2559	4095	3327	5	5	5
2815	4095	3327	3	3	3
3071	4095	3327	2	2	2
3327	4095	3327	1	1	1
3583	4095	3327	1	1	1
3839	4095	3327	0	0	0
4095	4095	3327	0	0	0
0	0	3583	3525	3525	3525
256	0	3583	3049	3049	3049
512	0	3583	2883	2883	2883
768	0	3583	2761	2761	2761
1024	0	3583	2663	2663	2663
1280	0	3583	2578	2578	2578
1536	0	3583	2504	2504	2504
1792	0	3583	2437	2437	2437
2048	0	3583	2376	2376	2376
2303	0	3583	2321	2321	2321
2559	0	3583	2268	2268	2268
2815	0	3583	2220	2220	2220
3071	0	3583	2174	2174	2174
3327	0	3583	2131	2131	2131
3583	0	3583	2089	2089	2089
3839	0	3583	2050	2050	2050
4095	0	3583	2013	2013	2013
0	256	3583	2049	2049	2049
256	256	3583	1699	1699	1699
512	256	3583	1578	1578	1578
768	256	3583	1491	1491	1491
1024	256	3583	1421	1421	1421
1280	256	3583	1361	1361	1361
1536	256	3583	1309	1309	1309
1792	256	3583	1262	1262	1262
2048	256	3583	1220	1220	1220
2303	256	3583	1181	1181	1181
2559	256	3583	1145	1145	1145
2815	256	3583	1112	1112	1112
3071	256	3583	1080	1080	1080
3327	256	3583	1051	1051	1051
3583	256	3583	1023	1023	1023
3839	256	3583	996	996	996
4095	256	3583	971	971	971
0	512	3583	1611	1611	1611
256	512	3583	1305	1305	1305
512	512	3583	1201	1201	1201
768	512	3583	1126	1126	1126
1024	512	3583	1066	1066	1066
1280	512	3583	1015	1015	1015
1536	512	3583	971	971	971
1792	512	3583	931	931	931
2048	512	3583	895	895	895
2303	512	3583	863	863	863
2559	512	3583	832	832	832
2815	512	3583	804	804	804
3071	512	3583	778	778	778
3327	512	3583	753	753	753
3583	512	3583	730	730	730
3839	512	3583	708	708	708
4095	512	3583	687	687	687
0	768	3583	1320	1320	1320
256	768	3583	1048	1048	1048
512	768	3583	955	955	955
768	768	3583	889	889	889
1024	768	3583	837	837	837
1280	768	3583	792	792	792
1536	768	3583	753	753	753
1792	768	3583	719	719	719
2048	768	3583	688	688	688
2303	768	3583	659	659	659
2559	768	3583	633	633	633
2815	768	3583	609	609	609
3071	768	3583	587	587	587
3327	768	3583	565	565	565
3583	768	3583	546	546	546
3839	768	3583	527	527	527
4095	768	3583	509	509	509
0	1024	3583	1102	1102	1102
256	1024	3583	857	857	857
512	1024	3583	774	774	774
768	1024	3583	716	716	716
1024	1024	3583	669	669	669
1280	1024	3583	629	629	629
1536	1024	3583	595	595	595
1792	1024	3583	565	565	565
2048	1024	3583	538	538	538
2303	1024	3583	513	513	513
2559	1024	3583	490	490	490
2815	1024	3583	469	469	469
3071	1024	3583	450	450	450
3327	1024	3583	432	432	432
3583	1024	3583	414	414	414
3839	1024	3583	398	398	398
4095	1024	3583	383	383	383
0	1280	3583	930	930	930
256	1280	3583	707	707	707
512	1280	3583	633	633	633
768	1280	3583	581	581	581
1024	1280	3583	539	539	539
1280	1280	3583	504	504	504
1536	1280	3583	474	474	474
1792	1280	3583	447	447	447
2048	1280	3583	423	423	423
2303	1280	3583	402	402	402
2559	1280	3583	382	382	382
2815	1280	3583	364	364	364
3071	1280	3583	347	347	347
3327	1280	3583	331	331	331
3583	1280	3583	316	316	316
3839	1280	3583	302	302	302
4095	1280	3583	289	289	289
0	1536	3583	789	789	789
256	1536	3583	587	587	587
512	1536	3583	520	520	520
768	1536	3583	473	473	473
1024	1536	3583	436	436	436
1280	1536	3583	405	405	405
1536	1536	3583	378	378	378
1792	1536	3583	354	354	354
2048	1536	3583	333	333	333
2303	1536	3583	314	314	314
2559	1536	3583	297	297	297
2815	1536	3583	281	281	281
3071	1536	3583	266	266	266
3327	1536	3583	253	253	253
3583	1536	3583	240	240	240
3839	1536	3583	228	228	228
4095	1536	3583	217	217	217
0	1792	3583	671	671	671
256	1792	3583	487	487	487
512	1792	3583	427	427	427
768	1792	3583	385	385	385
1024	1792	3583	352	352	352
1280	1792	3583	324	324	324
1536	1792	3583	301	301	301
1792	1792	3583	280	280	280
2048	1792	3583	261	261	261
2303	1792	3583	245	245	245
2559	1792	3583	230	230	230
2815	1792	3583	216	216	216
3071	1792	3583	203	203	203
3327	1792	3583	191	191	191
3583	1792	3583	181	181	181
3839	1792	3583	170	170	170
4095	1792	3583	161	161	161
0	2048	3583	572	572	572
256	2048	3583	404	404	404
512	2048	3583	350	350	350
768	2048	3583	312	312	312
1024	2048	3583	283	283	283
1280	2048	3583	259	259	259
1536	2048	3583	238	238	238
1792	2048	3583	219	219	219
2048	2048	3583	203	203	203
2303	2048	3583	189	189	189
2559	2048	3583	176	176	176
2815	2048	3583	164	164	164
3071	2048	3583	153	153	153
3327	2048	3583	143	143	143
3583	2048	3583	134	134	134
3839	2048	3583	125	125	125
4095	2048	3583	117	117	117
0	2303	3583	487	487	487
256	2303	3583	335	335	335
512	2303	3583	286	286	286
768	2303	3583	252	252	252
1024	2303	3583	226	226	226
1280	2303	3583	204	204	204
1536	2303	3583	186	186	186
1792	2303	3583	170	170	170
2048	2303	3583	156	156	156
2303	2303	3583	144	144	144
2559	2303	3583	133	133	133
2815	2303	3583	122	122	122
3071	2303	3583	113	113	113
3327	2303	3583	105	105	105
3583	2303	3583	97	97	97
3839	2303	3583	90	90	90
4095	2303	3583	83	83	83
0	2559	3583	413	413	413
256	2559	3583	275	275	275
512	2559	3583	232	232	232
768	2559	3583	202	202	202
1024	2559	3583	179	179	179
1280	2559	3583	160	160	160
1536	2559	3583	144	144	144
1792	2559	3583	130	130	130
2048	2559	3583	118	118	118
2303	2559	3583	107	107	107
2559	2559	3583	98	98	98
2815	2559	3583	89	89	89
3071	2559	3583	81	81	81
3327	2559	3583	74	74	74
3583	2559	3583	68	68	68
3839	2559	3583	62	62	62
4095	2559	3583	56	56	56
0	2815	3583	350	350	350
256	2815	3583	225	225	225
512	2815	3583	186	186	186
768	2815	3583	160	160	160
1024	2815	3583	139	139	139
1280	2815	3583	123	123	123
1536	2815	3583	109	109	109
1792	2815	3583	97	97	97
2048	2815	3583	87	87	87
2303	2815	3583	78	78	78
2559	2815	3583	70	70	70
2815	2815	3583	63	63	63
3071	2815	3583	56	56	56
3327	2815	3583	51	51	51
3583	2815	3583	45	45	45
3839	2815	3583	41	41	41
4095	2815	3583	36	36	36
0	3071	3583	295	295	295
256	3071	3583	182	182	182
512	3071	3583	148	148	148
768	3071	3583	124	124	124
1024	3071	3583	107	107	107
1280	3071	3583	93	93	93
1536	3071	3583	81	81	81
1792	3071	3583	71	71	71
2048	3071	3583	62	62	62
2303	3071	3583	55	55	55
2559	3071	3583	48	48	48
2815	3071	3583	42	42	42
3071	3071	3583	37	37	37
3327	3071	3583	33	33	33
3583	3071	3583	29	29	29
3839	3071	3583	25	25	25
4095	3071	3583	22	22	22
0	3327	3583	247	247	247
256	3327	3583	146	146	146
512	3327	3583	115	115	115
768	3327	3583	95	95	95
1024	3327	3583	80	80	80
1280	3327	3583	68	68	68
1536	3327	3583	58	58	58
1792	3327	3583	50	50	50
2048	3327	3583	43	43	43
2303	3327	3583	37	37	37
2559	3327	3583	31	31	31
2815	3327	3583	27	27	27
3071	3327	3583	23	23	23
3327	3327	3583	19	19	19
3583	3327	3583	16	16	16
3839	3327	3583	14	14	14
4095	3327	3583	11	11	11
0	3583	3583	205	205	205
256	3583	3583	115	115	115
512	3583	3583	88	88	88
768	3583	3583	71	71	71
1024	3583	3583	58	58	58
1280	3583	3583	48	48	48
1536	3583	3583	40	40	40
1792	3583	3583	33	33	33
2048	3583	3583	28	28	28
2303	3583	3583	23	23	23
2559	3583	3583	19	19	19
2815	3583	3583	16	16	16
3071	3583	3583	13	13	13
3327	3583	3583	10	10	10
3583	3583	3583	8	8	8
3839	3583	3583	6	6	6
4095	3583	3583	5	5	5
0	3839	3583	169	169	169
256	3839	3583	89	89	89
512	3839	3583	66	66	66
768	3839	3583	51	51	51
1024	3839	3583	41	41	41
1280	3839	3583	33	33	33
1536	3839	3583	26	26	26
1792	3839	3583	21	21	21
2048	3839	3583	17	17	17
2303	3839	3583	13	13	13
2559	3839	3583	10	10	10
2815	3839	3583	8	8	8
3071	3839	3583	6	6	6
3327	3839	3583	4	4	4
3583	3839	3583	3	3	3
3839	3839	3583	2	2	2
4095	3839	3583	1	1	1
0	4095	3583	138	138	138
256	4095	3583	67	67	67
512	4095	3583	48	48	48
768	4095	3583	36	36	36
1024	4095	3583	27	27	27
1280	4095	3583	21	21	21
1536	4095	3583	16	16	16
1792	4095	3583	12	12	12
2048	4095	3583	9	9	9
2303	4095	3583	6	6	6
2559	4095	3583	4	4	4
2815	4095	3583	3	3	3
3071	4095	3583	2	2	2
3327	4095	3583	1	1	1
3583	4095	3583	0	0	0
3839	4095	3583	0	0	0
4095	4095	3583	0	0	0
0	0	3839	3507	3507	3507
256	0	3839	3033	3033	3033
512	0	3839	2867	2867	2867
768	0	3839	2746	2746	2746
1024	0	3839	2648	2648	2648
1280	0	3839	2564	2564	2564
1536	0	3839	2490	2490	2490
1792	0	3839	2423	2423	2423
2048	0	3839	2362	2362	2362
2303	0	3839	2307	2307	2307
2559	0	3839	2255	2255	2255
2815	0	3839	2206	2206	2206
3071	0	3839	2160	2160	2160
3327	0	3839	2117	2117	2117
3583	0	3839	2076	2076	2076
3839	0	3839	2037	2037	2037
4095	0	3839	2000	2000	2000
0	256	3839	2036	2036	2036
256	256	3839	1687	1687	1687
512	256	3839	1567	1567	1567
768	256	3839	1480	1480	1480
1024	256	3839	1410	1410	1410
1280	256	3839	1351	1351	1351
1536	256	3839	1299	1299	1299
1792	256	3839	1252	1252	1252
2048	256	3839	1210	1210	1210
2303	256	3839	1171	1171	1171
2559	256	3839	1136	1136	1136
2815	256	3839	1102	1102	1102
3071	256	3839	1071	1071	1071
3327	256	3839	1042	1042	1042
3583	256	3839	1014	1014	1014
3839	256	3839	988	988	988
4095	256	3839	963	963	963
0	512	3839	1599	1599	1599
256	512	3839	1295	1295	1295
512	512	3839	1192	1192	1192
768	512	3839	1117	1117	1117
1024	512	3839	1057	1057	1057
1280	512	3839	1006	1006	1006
1536	512	3839	962	962	962
1792	512	3839	923	923	923
2048	512	3839	887	887	887
2303	512	3839	855	855	855
2559	512	3839	824	824	824
2815	512	3839	796	796	796
3071	512	3839	770	770	770
3327	512	3839	746	746	746
3583	512	3839	723	723	723
3839	512	3839	701	701	701
4095	512	3839	680	680	680
0	768	3839	1309	1309	1309
256	768	3839	1039	1039	1039
512	768	3839	947	947	947
768	768	3839	881	881	881
1024	768	3839	829	829	829
1280	768	3839	784	784	784
1536	768	3839	746	746	746
1792	768	3839	711	711	711
2048	768	3839	681	681	681
2303	768	3839	652	652	652
2559	768	3839	626	626	626
2815	768	3839	602	602	602
3071	768	3839	580	580	580
3327	768	3839	559	559	559
3583	768	3839	539	539	539
3839	768	3839	521	521	521
4095	768	3839	503	503	503
0	1024	3839	1093	1093	1093
256	1024	3839	849	849	849
512	1024	3839	767	767	767
768	1024	3839	708	708	708
1024	1024	3839	662	662	662
1280	1024	3839	623	623	623
1536	1024	3839	589	589	589
1792	1024	3839	559	559	559
2048	1024	3839	532	532	532
2303	1024	3839	507	507	507
2559	1024	3839	484	484	484
2815	1024	3839	464	464	464
3071	1024	3839	444	444	444
3327	1024	3839	426	426	426
3583	1024	3839	409	409	409
3839	1024	3839	393	393	393
4095	1024	3839	378	378	378
0	1280	3839	921	921	921
256	1280	3839	700	700	700
512	1280	3839	627	627	627
768	1280	3839	574	574	574
1024	1280	3839	533	533	533
1280	1280	3839	498	498	498
1536	1280	3839	468	468	468
1792	1280	3839	442	442	442
2048	1280	3839	418	418	418
2303	1280	3839	396	396	396
2559	1280	3839	377	377	377
2815	1280	3839	359	359	359
3071	1280	3839	342	342	342
3327	1280	3839	326	326	326
3583	1280	3839	311	311	311
3839	1280	3839	298	298	298
4095	1280	3839	285	285	285
0	1536	3839	781	781	781
256	1536	3839	580	580	580
512	1536	3839	514	514	514
768	1536	3839	467	467	467
1024	1536	3839	430	430	430
1280	1536	3839	399	399	399
1536	1536	3839	373	373	373
1792	1536	3839	350	350	350
2048	1536	3839	329	329	329
2303	1536	3839	310	310	310
2559	1536	3839	293	293	293
2815	1536	3839	277	277	277
3071	1536	3839	262	262	262
3327	1536	3839	249	249	249
3583	1536	3839	236	236	236
3839	1536	3839	224	224	224
4095	1536	3839	213	213	213
0	1792	3839	664	664	664
256	1792	3839	481	481	481
512	1792	3839	422	422	422
768	1792	3839	380	380	380
1024	1792	3839	347	347	347
1280	1792	3839	320	320	320
1536	1792	3839	296	296	296
1792	1792	3839	276	276	276
2048	1792	3839	257	257	257
2303	1792	3839	241	241	241
2559	1792	3839	226	226	226
2815	1792	3839	212	212	212
3071	1792	3839	200	200	200
3327	1792	3839	188	188	188
3583	1792	3839	177	177	177
3839	1792	3839	167	167	167
4095	1792	3839	158	158	158
0	2048	3839	565	565	565
256	2048	3839	399	399	399
512	2048	3839	345	345	345
768	2048	3839	308	308	308
1024	2048	3839	279	279	279
1280	2048	3839	254	254	254
1536	2048	3839	234	234	234
1792	2048	3839	216	216	216
2048	2048	3839	200	200	200
2303	2048	3839	185	185	185
2559	2048	3839	172	172	172
2815	2048	3839	161	161	161
3071	2048	3839	150	150	150
3327	2048	3839	140	140	140
3583	2048	3839	131	131	131
3839	2048	3839	122	122	122
4095	2048	3839	114	114	114
0	2303	3839	481	481	481
256	2303	3839	330	330	330
512	2303	3839	282	282	282
768	2303	3839	248	248	248
1024	2303	3839	222	222	222
1280	2303	3839	201	201	201
1536	2303	3839	183	183	183
1792	2303	3839	167	167	167
2048	2303	3839	153	153	153
2303	2303	3839	141	141	141
2559	2303	3839	130	130	130
2815	2303	3839	120	120	120
3071	2303	3839	110	110	110
3327	2303	3839	102	102	102
3583	2303	3839	94	94	94
3839	2303	3839	87	87	87
4095	2303	3839	81	81	81
0	2559	3839	408	408	408
256	2559	3839	271	271	271
512	2559	3839	228	228	228
768	2559	3839	198	198	198
1024	2559	3839	175	175	175
1280	2559	3839	157	157	157
1536	2559	3839	141	141	141
1792	2559	3839	127	127	127
2048	2559	3839	115	115	115
2303	2559	3839	105	105	105
2559	2559	3839	95	95	95
2815	2559	3839	87	87	87
3071	2559	3839	79	79	79
3327	2559	3839	72	72	72
3583	2559	3839	66	66	66
3839	2559	3839	60	60	60
4095	2559	3839	55	55	55
0	2815	3839	345	345	345
256	2815	3839	221	221	221
512	2815	3839	183	183	183
768	2815	3839	156	156	156
1024	2815	3839	136	136	136
1280	2815	3839	120	120	120
1536	2815	3839	106	106	106
1792	2815	3839	95	95	95
2048	2815	3839	85	85	85
2303	2815	3839	76	76	76
2559	2815	3839	68	68	68
2815	2815	3839	61	61	61
3071	2815	3839	55	55	55
3327	2815	3839	49	49	49
3583	2815	3839	44	44	44
3839	2815	3839	39	39	39
4095	2815	3839	35	35	35
0	3071	3839	290	290	290
256	3071	3839	179	179	179
512	3071	3839	144	144	144
768	3071	3839	122	122	122
1024	3071	3839	104	104	104
1280	3071	3839	90	90	90
1536	3071	3839	79	79	79
1792	3071	3839	69	69	69
2048	3071	3839	60	60	60
2303	3071	3839	53	53	53
2559	3071	3839	47	47	47
2815	3071	3839	41	41	41
3071	3071	3839	36	36	36
3327	3071	3839	31	31	31
3583	3071	3839	27	27	27
3839	3071	3839	24	24	24
4095	3071	3839	21	21	21
0	3327	3839	243	243	243
256	3327	3839	143	143	143
512	3327	3839	113	113	113
768	3327	3839	93	93	93
1024	3327	3839	78	78	78
1280	3327	3839	66	66	66
1536	3327	3839	56	56	56
1792	3327	3839	48	48	48
2048	3327	3839	41	41	41
2303	3327	3839	35	35	35
2559	3327	3839	30	30	30
2815	3327	3839	26	26	26
3071	3327	3839	22	22	22
3327	3327	3839	18	18	18
3583	3327	3839	15	15	15
3839	3327	3839	13	13	13
4095	3327	3839	11	11	11
0	3583	3839	202	202	202
256	3583	3839	112	112	112
512	3583	3839	86	86	86
768	3583	3839	69	69	69
1024	3583	3839	56	56	56
1280	3583	3839	47	47	47
1536	3583	3839	39	39	39
1792	3583	3839	32	32	32
2048	3583	3839	27	27	27
2303	3583	3839	22	22	22
2559	3583	3839	18	18	18
2815	3583	3839	15	15	15
3071	3583	3839	12	12	12
3327	3583	3839	9	9	9
3583	3583	3839	7	7	7
3839	3583	3839	6	6	6
4095	3583	3839	4	4	4
0	3839	3839	166	166	166
256	3839	3839	87	87	87
512	3839	3839	64	64	64
768	3839	3839	50	50	50
1024	3839	3839	39	39	39
1280	3839	3839	31	31	31
1536	3839	3839	25	25	25
1792	3839	3839	20	20	20
2048	3839	3839	16	16	16
2303	3839	3839	12	12	12
2559	3839	3839	9	9	9
2815	3839	3839	7	7	7
3071	3839	3839	5	5	5
3327	3839	3839	4	4	4
3583	3839	3839	3	3	3
3839	3839	3839	2	2	2
4095	3839	3839	1	1	1
0	4095	3839	135	135	135
256	4095	3839	65	65	65
512	4095	3839	46	46	46
768	4095	3839	34	34	34
1024	4095	3839	26	26	26
1280	4095	3839	20	20	20
1536	4095	3839	15	15	15
1792	4095	3839	11	11	11
2048	4095	3839	8	8	8
2303	4095	3839	6	6	6
2559	4095	3839	4	4	4
2815	4095	3839	3	3	3
3071	4095	3839	2	2	2
3327	4095	3839	1	1	1
3583	4095	3839	0	0	0
3839	4095	3839	0	0	0
4095	4095	3839	0	0	0
0	0	4095	3491	3491	3491
256	0	4095	3018	3018	3018
512	0	4095	2852	2852	2852
768	0	4095	2731	2731	2731
1024	0	4095	2633	2633	2633
1280	0	4095	2549	2549	2549
1536	0	4095	2476	2476	2476
1792	0	4095	2409	2409	2409
2048	0	4095	2349	2349	2349
2303	0	4095	2293	2293	2293
2559	0	4095	2242	2242	2242
2815	0	4095	2193	2193	2193
3071	0	4095	2148	2148	2148
3327	0	4095	2105	2105	2105
3583	0	4095	2064	2064	2064
3839	0	4095	2025	2025	2025
4095	0	4095	1988	1988	1988
0	256	4095	2023	2023	2023
256	256	4095	1676	1676	1676
512	256	4095	1556	1556	1556
768	256	4095	1470	1470	1470
1024	256	4095	1400	1400	1400
1280	256	4095	1341	1341	1341
1536	256	4095	1289	1289	1289
1792	256	4095	1243	1243	1243
2048	256	4095	1201	1201	1201
2303	256	4095	1162	1162	1162
2559	256	4095	1127	1127	1127
2815	256	4095	1093	1093	1093
3071	256	4095	1062	1062	1062
3327	256	4095	1033	1033	1033
3583	256	4095	1005	1005	1005
3839	256	4095	979	979	979
4095	256	4095	954	954	954
0	512	4095	1588	1588	1588
256	512	4095	1286	1286	1286
512	512	4095	1182	1182	1182
768	512	4095	1108	1108	1108
1024	512	4095	1048	1048	1048
1280	512	4095	998	998	998
1536	512	4095	954	954	954
1792	512	4095	915	915	915
2048	512	4095	879	879	879
2303	512	4095	847	847	847
2559	512	4095	817	817	817
2815	512	4095	789	789	789
3071	512	4095	763	763	763
3327	512	4095	739	739	739
3583	512	4095	716	716	716
3839	512	4095	694	694	694
4095	512	4095	673	673	673
0	768	4095	1300	1300	1300
256	768	4095	1030	1030	1030
512	768	4095	939	939	939
768	768	4095	873	873	873
1024	768	4095	821	821	821
1280	768	4095	777	777	777
1536	768	4095	739	739	739
1792	768	4095	704	704	704
2048	768	4095	674	674	674
2303	768	4095	646	646	646
2559	768	4095	620	620	620
2815	768	4095	596	596	596
3071	768	4095	574	574	574
3327	768	4095	553	553	553
3583	768	4095	533	533	533
3839	768	4095	515	515	515
4095	768	4095	497	497	497
0	1024	4095	1084	1084	1084
256	1024	4095	841	841	841
512	1024	4095	759	759	759
768	1024	4095	701	701	701
1024	1024	4095	655	655	655
1280	1024	4095	616	616	616
1536	1024	4095	582	582	582
1792	1024	4095	552	552	552
2048	1024	4095	526	526	526
2303	1024	4095	501	501	501
2559	1024	4095	479	479	479
2815	1024	4095	458	458	458
3071	1024	4095	439	439	439
3327	1024	4095	421	421	421
3583	1024	4095	404	404	404
3839	1024	4095	388	388	388
4095	1024	4095	373	373	373
0	1280	4095	913	913	913
256	1280	4095	693	693	693
512	1280	4095	620	620	620
768	1280	4095	568	568	568
1024	1280	4095	527	527	527
1280	1280	4095	492	492	492
1536	1280	4095	463	463	463
1792	1280	4095	436	436	436
2048	1280	4095	413	413	413
2303	1280	4095	391	391	391
2559	1280	4095	372	372	372
2815	1280	4095	354	354	354
3071	1280	4095	337	337	337
3327	1280	4095	321	321	321
3583	1280	4095	307	307	307
3839	1280	4095	293	293	293
4095	1280	4095	280	280	280
0	1536	4095	774	774	774
256	1536	4095	574	574	574
512	1536	4095	508	508	508
768	1536	4095	462	462	462
1024	1536	4095	425	425	425
1280	1536	4095	394	394	394
1536	1536	4095	368	368	368
1792	1536	4095	345	345	345
2048	1536	4095	324	324	324
2303	1536	4095	305	305	305
2559	1536	4095	288	288	288
2815	1536	4095	273	273	273
3071	1536	4095	258	258	258
3327	1536	4095	245	245	245
3583	1536	4095	232	232	232
3839	1536	4095	221	221	221
4095	1536	4095	210	210	210
0	1792	4095	658	658	658
256	1792	4095	476	476	476
512	1792	4095	417	417	417
768	1792	4095	375	375	375
1024	1792	4095	342	342	342
1280	1792	4095	315	315	315
1536	1792	4095	292	292	292
1792	1792	4095	271	271	271
2048	1792	4095	253	253	253
2303	1792	4095	237	237	237
2559	1792	4095	222	222	222
2815	1792	4095	209	209	209
3071	1792	4095	196	196	196
3327	1792	4095	185	185	185
3583	1792	4095	174	174	174
3839	1792	4095	164	164	164
4095	1792	4095	155	155	155
0	2048	4095	559	559	559
256	2048	4095	394	394	394
512	2048	4095	341	341	341
768	2048	4095	303	303	303
1024	2048	4095	274	274	274
1280	2048	4095	250	250	250
1536	2048	4095	230	230	230
1792	2048	4095	212	212	212
2048	2048	4095	196	196	196
2303	2048	4095	182	182	182
2559	2048	4095	169	169	169
2815	2048	4095	158	158	158
3071	2048	4095	147	147	147
3327	2048	4095	137	137	137
3583	2048	4095	128	128	128
3839	2048	4095	120	120	120
4095	2048	4095	112	112	112
0	2303	4095	475	475	475
256	2303	4095	325	325	325
512	2303	4095	277	277	277
768	2303	4095	244	244	244
1024	2303	4095	218	218	218
1280	2303	4095	197	197	197
1536	2303	4095	179	179	179
1792	2303	4095	164	164	164
2048	2303	4095	150	150	150
2303	2303	4095	138	138	138
2559	2303	4095	127	127	127
2815	2303	4095	117	117	117
3071	2303	4095	108	108	108
3327	2303	4095	100	100	100
3583	2303	4095	92	92	92
3839	2303	4095	85	85	85
4095	2303	4095	79	79	79
0	2559	4095	403	403	403
256	2559	4095	267	267	267
512	2559	4095	224	224	224
768	2559	4095	195	195	195
1024	2559	4095	172	172	172
1280	2559	4095	153	153	153
1536	2559	4095	138	138	138
1792	2559	4095	124	124	124
2048	2559	4095	113	113	113
2303	2559	4095	102	102	102
2559	2559	4095	93	93	93
2815	2559	4095	85	85	85
3071	2559	4095	77	77	77
3327	2559	4095	70	70	70
3583	2559	4095	64	64	64
3839	2559	4095	58	58	58
4095	2559	4095	53	53	53
0	2815	4095	340	340	340
256	2815	4095	217	217	217
512	2815	4095	179	179	179
768	2815	4095	153	153	153
1024	2815	4095	133	133	133
1280	2815	4095	117	117	117
1536	2815	4095	104	104	104
1792	2815	4095	92	92	92
2048	2815	4095	83	83	83
2303	2815	4095	74	74	74
2559	2815	4095	66	66	66
2815	2815	4095	59	59	59
3071	2815	4095	53	53	53
3327	2815	4095	47	47	47
3583	2815	4095	42	42	42
3839	2815	4095	38	38	38
4095	2815	4095	34	34	34
0	3071	4095	286	286	286
256	3071	4095	175	175	175
512	3071	4095	142	142	142
768	3071	4095	119	119	119
1024	3071	4095	102	102	102
1280	3071	4095	88	88	88
1536	3071	4095	77	77	77
1792	3071	4095	67	67	67
2048	3071	4095	59	59	59
2303	3071	4095	51	51	51
2559	3071	4095	45	45	45
2815	3071	4095	39	39	39
3071	3071	4095	34	34	34
3327	3071	4095	30	30	30
3583	3071	4095	26	26	26
3839	3071	4095	23	23	23
4095	3071	4095	20	20	20
0	3327	4095	239	239	239
256	3327	4095	140	140	140
512	3327	4095	110	110	110
768	3327	4095	90	90	90
1024	3327	4095	76	76	76
1280	3327	4095	64	64	64
1536	3327	4095	54	54	54
1792	3327	4095	47	47	47
2048	3327	4095	40	40	40
2303	3327	4095	34	34	34
2559	3327	4095	29	29	29
2815	3327	4095	25	25	25
3071	3327	4095	21	21	21
3327	3327	4095	18	18	18
3583	3327	4095	15	15	15
3839	3327	4095	12	12	12
4095	3327	4095	10	10	10
0	3583	4095	198	198	198
256	3583	4095	110	110	110
512	3583	4095	84	84	84
768	3583	4095	67	67	67
1024	3583	4095	55	55	55
1280	3583	4095	45	45	45
1536	3583	4095	37	37	37
1792	3583	4095	31	31	31
2048	3583	4095	25	25	25
2303	3583	4095	21	21	21
2559	3583	4095	17	17	17
2815	3583	4095	14	14	14
3071	3583	4095	11	11	11
3327	3583	4095	9	9	9
3583	3583	4095	7	7	7
3839	3583	4095	5	5	5
4095	3583	4095	4	4	4
0	3839	4095	163	163	163
256	3839	4095	84	84	84
512	3839	4095	62	62	62
768	3839	4095	48	48	48
1024	3839	4095	38	38	38
1280	3839	4095	30	30	30
1536	3839	4095	24	24	24
1792	3839	4095	19	19	19
2048	3839	4095	15	15	15
2303	3839	4095	11	11	11
2559	3839	4095	9	9	9
2815	3839	4095	7	7	7
3071	3839	4095	5	5	5
3327	3839	4095	3	3	3
3583	3839	4095	2	2	2
3839	3839	4095	1	1	1
4095	3839	4095	1	1	1
0	4095	4095	132	132	132
256	4095	4095	63	63	63
512	4095	4095	45	45	45
768	4095	4095	33	33	33
1024	4095	4095	25	25	25
1280	4095	4095	19	19	19
1536	4095	4095	14	14	14
1792	4095	4095	10	10	10
2048	4095	4095	7	7	7
2303	4095	4095	5	5	5
2559	4095	4095	4	4	4
2815	4095	4095	2	2	2
3071	4095	4095	1	1	1
3327	4095	4095	1	1	1
3583	4095	4095	0	0	0
3839	4095	4095	0	0	0
4095	4095	4095	0	0	0
