0	0	0	4095	4095	4095
256	0	0	4095	2717	2717
512	0	0	4095	2284	2284
768	0	0	4095	1986	1986
1024	0	0	4095	1756	1756
1280	0	0	4095	1568	1568
1536	0	0	4095	1409	1409
1792	0	0	4095	1273	1273
2048	0	0	4095	1153	1153
2303	0	0	4095	1047	1047
2559	0	0	4095	953	953
2815	0	0	4095	868	868
3071	0	0	4095	791	791
3327	0	0	4095	721	721
3583	0	0	4095	657	657
3839	0	0	4095	599	599
4095	0	0	4095	545	545
0	256	0	1687	3673	1687
256	256	0	2382	2382	884
512	256	0	2672	1980	656
768	256	0	2902	1705	510
1024	256	0	3101	1494	403
1280	256	0	3279	1322	322
1536	256	0	3444	1178	257
1792	256	0	3598	1055	205
2048	256	0	3744	947	162
2303	256	0	3883	852	127
2559	256	0	4017	768	98
2815	256	0	4095	692	75
3071	256	0	4095	624	56
3327	256	0	4095	563	40
3583	256	0	4095	508	28
3839	256	0	4095	457	18
4095	256	0	4095	411	11
0	512	0	1079	3523	1079
256	512	0	1635	2264	474
512	512	0	1873	1873	316
768	512	0	2063	1607	220
1024	512	0	2228	1402	155
1280	512	0	2378	1237	108
1536	512	0	2516	1098	74
1792	512	0	2647	979	49
2048	512	0	2770	876	30
2303	512	0	2888	785	17
2559	512	0	3002	705	9
2815	512	0	3112	633	3
3071	512	0	3219	568	1
3327	512	0	3322	510	0
3583	512	0	3423	458	0
3839	512	0	3522	410	0
4095	512	0	3619	367	0
0	768	0	718	3413	718
256	768	0	1174	2177	255
512	768	0	1374	1795	147
768	768	0	1535	1535	86
1024	768	0	1676	1336	49
1280	768	0	1805	1175	26
1536	768	0	1924	1040	11
1792	768	0	2037	925	4
2048	768	0	2144	825	0
2303	768	0	2247	737	0
2559	768	0	2346	659	0
2815	768	0	2443	590	0
3071	768	0	2536	528	0
3327	768	0	2627	472	0
3583	768	0	2716	422	0
3839	768	0	2803	376	0
4095	768	0	2889	335	0
0	1024	0	479	3323	479
256	1024	0	854	2107	128
512	1024	0	1023	1732	57
768	1024	0	1161	1477	24
1024	1024	0	1283	1283	8
1280	1024	0	1394	1125	1
1536	1024	0	1498	993	0
1792	1024	0	1596	881	0
2048	1024	0	1690	784	0
2303	1024	0	1781	698	0
2559	1024	0	1868	623	0
2815	1024	0	1953	556	0
3071	1024	0	2036	496	0
3327	1024	0	2117	442	0
3583	1024	0	2196	393	0
3839	1024	0	2274	350	0
4095	1024	0	2350	310	0
0	1280	0	312	3246	312
256	1280	0	620	2047	54
512	1280	0	763	1678	15
768	1280	0	881	1428	2
1024	1280	0	986	1237	0
1280	1280	0	1082	1082	0
1536	1280	0	1173	954	0
1792	1280	0	1260	844	0
2048	1280	0	1342	749	0
2303	1280	0	1422	666	0
2559	1280	0	1500	592	0
2815	1280	0	1576	527	0
3071	1280	0	1649	469	0
3327	1280	0	1721	417	0
3583	1280	0	1792	370	0
3839	1280	0	1862	327	0
4095	1280	0	1930	289	0
0	1536	0	195	3178	195
256	1536	0	444	1994	16
512	1536	0	565	1631	1
768	1536	0	665	1384	0
1024	1536	0	756	1197	0
1280	1536	0	840	1045	0
1536	1536	0	919	919	0
1792	1536	0	995	811	0
2048	1536	0	1068	718	0
2303	1536	0	1138	637	0
2559	1536	0	1207	565	0
2815	1536	0	1274	502	0
3071	1536	0	1340	445	0
3327	1536	0	1404	394	0
3583	1536	0	1468	349	0
3839	1536	0	1530	308	0
4095	1536	0	1592	271	0
0	1792	0	114	3116	114
256	1792	0	311	1946	1
512	1792	0	412	1588	0
768	1792	0	497	1345	0
1024	1792	0	574	1160	0
1280	1792	0	647	1012	0
1536	1792	0	716	888	0
1792	1792	0	782	782	0
2048	1792	0	846	691	0
2303	1792	0	909	612	0
2559	1792	0	970	541	0
2815	1792	0	1029	479	0
3071	1792	0	1088	424	0
3327	1792	0	1146	375	0
3583	1792	0	1202	331	0
3839	1792	0	1259	291	0
4095	1792	0	1314	255	0
0	2048	0	60	3060	60
256	2048	0	211	1903	0
512	2048	0	293	1549	0
768	2048	0	365	1310	0
1024	2048	0	431	1128	0
1280	2048	0	493	981	0
1536	2048	0	552	859	0
1792	2048	0	610	756	0
2048	2048	0	666	666	0
2303	2048	0	721	588	0
2559	2048	0	775	520	0
2815	2048	0	828	459	0
3071	2048	0	880	405	0
3327	2048	0	932	357	0
3583	2048	0	982	314	0
3839	2048	0	1033	276	0
4095	2048	0	1083	241	0
0	2303	0	25	3008	25
256	2303	0	136	1862	0
512	2303	0	202	1513	0
768	2303	0	261	1277	0
1024	2303	0	316	1097	0
1280	2303	0	369	953	0
1536	2303	0	420	833	0
1792	2303	0	470	731	0
2048	2303	0	519	644	0
2303	2303	0	567	567	0
2559	2303	0	615	500	0
2815	2303	0	661	441	0
3071	2303	0	708	388	0
3327	2303	0	753	341	0
3583	2303	0	799	299	0
3839	2303	0	844	262	0
4095	2303	0	888	228	0
0	2559	0	7	2959	7
256	2559	0	81	1825	0
512	2559	0	133	1479	0
768	2559	0	181	1246	0
1024	2559	0	226	1069	0
1280	2559	0	271	927	0
1536	2559	0	314	809	0
1792	2559	0	357	709	0
2048	2559	0	399	623	0
2303	2559	0	441	548	0
2559	2559	0	482	482	0
2815	2559	0	523	424	0
3071	2559	0	564	372	0
3327	2559	0	604	326	0
3583	2559	0	644	286	0
3839	2559	0	685	249	0
4095	2559	0	724	216	0
0	2815	0	0	2913	0
256	2815	0	43	1790	0
512	2815	0	82	1448	0
768	2815	0	119	1218	0
1024	2815	0	156	1043	0
1280	2815	0	192	903	0
1536	2815	0	229	787	0
1792	2815	0	265	688	0
2048	2815	0	301	603	0
2303	2815	0	337	530	0
2559	2815	0	372	465	0
2815	2815	0	408	408	0
3071	2815	0	444	358	0
3327	2815	0	479	313	0
3583	2815	0	515	273	0
3839	2815	0	550	237	0
4095	2815	0	586	205	0
0	3071	0	0	2870	0
256	3071	0	19	1757	0
512	3071	0	45	1419	0
768	3071	0	73	1191	0
1024	3071	0	102	1019	0
1280	3071	0	131	880	0
1536	3071	0	161	766	0
1792	3071	0	191	669	0
2048	3071	0	221	585	0
2303	3071	0	252	513	0
2559	3071	0	282	449	0
2815	3071	0	313	393	0
3071	3071	0	344	344	0
3327	3071	0	375	300	0
3583	3071	0	406	261	0
3839	3071	0	438	226	0
4095	3071	0	469	195	0
0	3327	0	0	2829	0
256	3327	0	5	1726	0
512	3327	0	21	1391	0
768	3327	0	40	1166	0
1024	3327	0	62	996	0
1280	3327	0	84	859	0
1536	3327	0	108	746	0
1792	3327	0	132	650	0
2048	3327	0	157	568	0
2303	3327	0	183	497	0
2559	3327	0	209	435	0
2815	3327	0	235	380	0
3071	3327	0	261	331	0
3327	3327	0	288	288	0
3583	3327	0	315	250	0
3839	3327	0	343	216	0
4095	3327	0	370	186	0
0	3583	0	0	2790	0
256	3583	0	0	1696	0
512	3583	0	7	1365	0
768	3583	0	18	1142	0
1024	3583	0	33	974	0
1280	3583	0	50	839	0
1536	3583	0	68	727	0
1792	3583	0	87	633	0
2048	3583	0	107	552	0
2303	3583	0	128	482	0
2559	3583	0	149	421	0
2815	3583	0	171	367	0
3071	3583	0	194	319	0
3327	3583	0	217	277	0
3583	3583	0	240	240	0
3839	3583	0	263	207	0
4095	3583	0	287	177	0
0	3839	0	0	2753	0
256	3839	0	0	1668	0
512	3839	0	1	1340	0
768	3839	0	6	1119	0
1024	3839	0	14	953	0
1280	3839	0	26	820	0
1536	3839	0	39	709	0
1792	3839	0	53	616	0
2048	3839	0	68	537	0
2303	3839	0	85	468	0
2559	3839	0	102	407	0
2815	3839	0	120	355	0
3071	3839	0	139	308	0
3327	3839	0	158	267	0
3583	3839	0	178	230	0
3839	3839	0	198	198	0
4095	3839	0	218	169	0
0	4095	0	0	2718	0
256	4095	0	0	1641	0
512	4095	0	0	1316	0
768	4095	0	1	1098	0
1024	4095	0	4	933	0
1280	4095	0	10	801	0
1536	4095	0	19	692	0
1792	4095	0	29	601	0
2048	4095	0	40	522	0
2303	4095	0	52	454	0
2559	4095	0	66	395	0
2815	4095	0	80	343	0
3071	4095	0	95	297	0
3327	4095	0	111	257	0
3583	4095	0	127	221	0
3839	4095	0	144	189	0
4095	4095	0	161	161	0
0	0	256	3530	3530	4095
256	0	256	4095	2269	4095
512	0	256	4095	1878	3963
768	0	256	4095	1611	3557
1024	0	256	4095	1407	3239
1280	0	256	4095	1241	2974
1536	0	256	4095	1102	2748
1792	0	256	4095	983	2550
2048	0	256	4095	879	2374
2303	0	256	4095	788	2216
2559	0	256	4095	708	2072
2815	0	256	4095	635	1941
3071	0	256	4095	571	1821
3327	0	256	4095	512	1710
3583	0	256	4095	460	1607
3839	0	256	4095	412	1512
4095	0	256	4095	369	1422
0	256	256	1346	3142	3142
256	256	256	1966	1966	1966
512	256	256	2229	1606	1606
768	256	256	2437	1362	1362
1024	256	256	2618	1176	1176
1280	256	256	2781	1026	1026
1536	256	256	2932	901	901
1792	256	256	3073	794	794
2048	256	256	3207	702	702
2303	256	256	3335	622	622
2559	256	256	3458	551	551
2815	256	256	3577	489	489
3071	256	256	3692	433	433
3327	256	256	3803	383	383
3583	256	256	3912	338	338
3839	256	256	4018	298	298
4095	256	256	4095	262	262
0	512	256	815	3005	2263
256	512	256	1300	1860	1300
512	512	256	1511	1511	1015
768	512	256	1680	1275	827
1024	512	256	1828	1096	687
1280	512	256	1963	951	576
1536	512	256	2088	832	486
1792	512	256	2206	730	411
2048	512	256	2318	642	347
2303	512	256	2425	566	293
2559	512	256	2528	499	247
2815	512	256	2628	440	207
3071	512	256	2726	387	173
3327	512	256	2820	340	143
3583	512	256	2913	298	117
3839	512	256	3003	261	95
4095	512	256	3092	227	76
0	768	256	510	2904	1706
256	768	256	897	1783	897
512	768	256	1071	1442	668
768	768	256	1212	1212	520
1024	768	256	1336	1038	412
1280	768	256	1450	898	329
1536	768	256	1556	782	264
1792	768	256	1657	684	211
2048	768	256	1753	599	167
2303	768	256	1845	526	132
2559	768	256	1935	462	103
2815	768	256	2021	405	78
3071	768	256	2106	355	59
3327	768	256	2188	310	43
3583	768	256	2268	270	30
3839	768	256	2348	235	20
4095	768	256	2425	203	12
0	1024	256	315	2822	1308
256	1024	256	624	1720	624
512	1024	256	768	1386	438
768	1024	256	886	1161	322
1024	1024	256	991	991	241
1280	1024	256	1088	855	180
1536	1024	256	1179	742	134
1792	1024	256	1266	647	98
2048	1024	256	1349	565	70
2303	1024	256	1429	494	49
2559	1024	256	1507	432	32
2815	1024	256	1582	377	20
3071	1024	256	1656	329	11
3327	1024	256	1729	286	5
3583	1024	256	1800	248	2
3839	1024	256	1869	214	0
4095	1024	256	1938	184	0
0	1280	256	186	2751	1008
256	1280	256	429	1666	429
512	1280	256	547	1338	280
768	1280	256	647	1118	191
1024	1280	256	736	951	131
1280	1280	256	818	818	89
1536	1280	256	896	708	58
1792	1280	256	971	615	36
2048	1280	256	1043	536	21
2303	1280	256	1113	467	11
2559	1280	256	1181	407	4
2815	1280	256	1247	354	1
3071	1280	256	1312	307	0
3327	1280	256	1376	266	0
3583	1280	256	1439	230	0
3839	1280	256	1501	197	0
4095	1280	256	1562	169	0
0	1536	256	101	2689	775
256	1536	256	288	1619	288
512	1536	256	384	1296	171
768	1536	256	466	1080	105
1024	1536	256	541	917	63
1280	1536	256	612	786	36
1536	1536	256	679	679	18
1792	1536	256	743	588	8
2048	1536	256	805	510	2
2303	1536	256	866	443	0
2559	1536	256	926	385	0
2815	1536	256	984	334	0
3071	1536	256	1041	289	0
3327	1536	256	1097	249	0
3583	1536	256	1153	214	0
3839	1536	256	1208	183	0
4095	1536	256	1262	155	0
0	1792	256	47	2632	591
256	1792	256	185	1576	185
512	1792	256	262	1258	96
768	1792	256	330	1046	50
1024	1792	256	392	885	23
1280	1792	256	451	758	9
1536	1792	256	508	652	2
1792	1792	256	564	564	0
2048	1792	256	617	488	0
2303	1792	256	670	422	0
2559	1792	256	722	366	0
2815	1792	256	773	316	0
3071	1792	256	823	272	0
3327	1792	256	873	234	0
3583	1792	256	922	200	0
3839	1792	256	970	170	0
4095	1792	256	1018	144	0
0	2048	256	16	2581	445
256	2048	256	112	1537	112
512	2048	256	172	1224	47
768	2048	256	226	1015	18
1024	2048	256	277	857	4
1280	2048	256	326	732	0
1536	2048	256	374	628	0
1792	2048	256	421	541	0
2048	2048	256	467	467	0
2303	2048	256	513	404	0
2559	2048	256	558	348	0
2815	2048	256	602	300	0
3071	2048	256	646	257	0
3327	2048	256	690	220	0
3583	2048	256	733	187	0
3839	2048	256	776	158	0
4095	2048	256	818	133	0
0	2303	256	2	2533	328
256	2303	256	61	1501	61
512	2303	256	105	1192	18
768	2303	256	148	986	3
1024	2303	256	189	831	0
1280	2303	256	229	708	0
1536	2303	256	269	606	0
1792	2303	256	309	521	0
2048	2303	256	348	449	0
2303	2303	256	386	386	0
2559	2303	256	425	332	0
2815	2303	256	463	285	0
3071	2303	256	501	244	0
3327	2303	256	540	208	0
3583	2303	256	577	176	0
3839	2303	256	615	148	0
4095	2303	256	653	124	0
0	2559	256	0	2489	236
256	2559	256	28	1468	28
512	2559	256	59	1163	3
768	2559	256	90	960	0
1024	2559	256	122	807	0
1280	2559	256	155	686	0
1536	2559	256	187	586	0
1792	2559	256	220	503	0
2048	2559	256	252	432	0
2303	2559	256	285	371	0
2559	2559	256	318	318	0
2815	2559	256	351	272	0
3071	2559	256	384	232	0
3327	2559	256	416	197	0
3583	2559	256	449	166	0
3839	2559	256	482	139	0
4095	2559	256	515	115	0
0	2815	256	0	2448	164
256	2815	256	9	1437	9
512	2815	256	28	1136	0
768	2815	256	50	935	0
1024	2815	256	74	785	0
1280	2815	256	99	665	0
1536	2815	256	124	567	0
1792	2815	256	150	485	0
2048	2815	256	177	416	0
2303	2815	256	204	356	0
2559	2815	256	232	304	0
2815	2815	256	259	259	0
3071	2815	256	287	220	0
3327	2815	256	316	186	0
3583	2815	256	344	156	0
3839	2815	256	373	130	0
4095	2815	256	402	108	0
0	3071	256	0	2408	108
256	3071	256	1	1408	1
512	3071	256	10	1110	0
768	3071	256	23	912	0
1024	3071	256	39	764	0
1280	3071	256	58	646	0
1536	3071	256	77	550	0
1792	3071	256	98	469	0
2048	3071	256	119	401	0
2303	3071	256	141	342	0
2559	3071	256	163	292	0
2815	3071	256	186	248	0
3071	3071	256	210	210	0
3327	3071	256	234	177	0
3583	3071	256	258	148	0
3839	3071	256	283	123	0
4095	3071	256	307	101	0
0	3327	256	0	2371	67
256	3327	256	0	1380	0
512	3327	256	1	1086	0
768	3327	256	8	890	0
1024	3327	256	17	744	0
1280	3327	256	29	628	0
1536	3327	256	43	533	0
1792	3327	256	58	454	0
2048	3327	256	75	387	0
2303	3327	256	92	330	0
2559	3327	256	110	280	0
2815	3327	256	129	237	0
3071	3327	256	148	200	0
3327	3327	256	168	168	0
3583	3327	256	188	140	0
3839	3327	256	209	115	0
4095	3327	256	230	94	0
0	3583	256	0	2336	37
256	3583	256	0	1354	0
512	3583	256	0	1063	0
768	3583	256	1	870	0
1024	3583	256	5	725	0
1280	3583	256	12	611	0
1536	3583	256	20	518	0
1792	3583	256	31	440	0
2048	3583	256	43	374	0
2303	3583	256	56	318	0
2559	3583	256	69	269	0
2815	3583	256	84	227	0
3071	3583	256	100	191	0
3327	3583	256	116	160	0
3583	3583	256	132	132	0
3839	3583	256	150	109	0
4095	3583	256	167	88	0
0	3839	256	0	2302	17
256	3839	256	0	1329	0
512	3839	256	0	1041	0
768	3839	256	0	850	0
1024	3839	256	0	707	0
1280	3839	256	2	595	0
1536	3839	256	7	503	0
1792	3839	256	13	426	0
2048	3839	256	21	362	0
2303	3839	256	30	306	0
2559	3839	256	40	259	0
2815	3839	256	51	218	0
3071	3839	256	63	183	0
3327	3839	256	75	152	0
3583	3839	256	89	125	0
3839	3839	256	102	102	0
4095	3839	256	117	83	0
0	4095	256	0	2270	5
256	4095	256	0	1305	0
512	4095	256	0	1020	0
768	4095	256	0	831	0
1024	4095	256	0	691	0
1280	4095	256	0	580	0
1536	4095	256	1	489	0
1792	4095	256	3	414	0
2048	4095	256	7	350	0
2303	4095	256	13	296	0
2559	4095	256	19	249	0
2815	4095	256	27	209	0
3071	4095	256	36	175	0
3327	4095	256	45	145	0
3583	4095	256	55	119	0
3839	4095	256	66	97	0
4095	4095	256	78	78	0
0	0	512	3333	3333	4095
256	0	512	4095	2114	4095
512	0	512	4095	1739	4095
768	0	512	4095	1483	4095
1024	0	512	4095	1288	3914
1280	0	512	4095	1130	3621
1536	0	512	4095	998	3368
1792	0	512	4095	886	3147
2048	0	512	4095	788	2949
2303	0	512	4095	702	2771
2559	0	512	4095	627	2608
2815	0	512	4095	559	2460
3071	0	512	4095	499	2323
3327	0	512	4095	445	2196
3583	0	512	4095	396	2077
3839	0	512	4095	352	1967
4095	0	512	4095	313	1864
0	256	512	1230	2957	3807
256	256	512	1823	1823	2488
512	256	512	2076	1478	2076
768	256	512	2276	1245	1793
1024	256	512	2451	1068	1576
1280	256	512	2608	926	1399
1536	256	512	2754	808	1251
1792	256	512	2890	708	1123
2048	256	512	3020	622	1011
2303	256	512	3144	547	913
2559	256	512	3263	481	825
2815	256	512	3378	423	747
3071	256	512	3489	372	676
3327	256	512	3597	326	612
3583	256	512	3703	285	554
3839	256	512	3806	248	501
4095	256	512	3907	216	453
0	512	512	728	2824	2824
256	512	512	1186	1721	1721
512	512	512	1387	1387	1387
768	512	512	1549	1163	1163
1024	512	512	1691	992	992
1280	512	512	1820	856	856
1536	512	512	1940	743	743
1792	512	512	2053	648	648
2048	512	512	2161	566	566
2303	512	512	2264	495	495
2559	512	512	2364	433	433
2815	512	512	2461	378	378
3071	512	512	2554	330	330
3327	512	512	2646	287	287
3583	512	512	2735	249	249
3839	512	512	2823	215	215
4095	512	512	2908	185	185
0	768	512	443	2726	2191
256	768	512	805	1647	1247
512	768	512	969	1321	969
768	768	512	1103	1103	786
1024	768	512	1221	938	650
1280	768	512	1330	806	542
1536	768	512	1431	697	455
1792	768	512	1527	605	383
2048	768	512	1619	526	322
2303	768	512	1707	458	270
2559	768	512	1793	398	226
2815	768	512	1876	346	188
3071	768	512	1957	300	155
3327	768	512	2036	259	127
3583	768	512	2114	223	103
3839	768	512	2190	191	83
4095	768	512	2265	163	65
0	1024	512	264	2647	1731
256	1024	512	549	1587	915
512	1024	512	683	1268	683
768	1024	512	794	1055	533
1024	1024	512	894	894	424
1280	1024	512	985	765	340
1536	1024	512	1072	659	273
1792	1024	512	1154	570	219
2048	1024	512	1233	494	175
2303	1024	512	1309	428	138
2559	1024	512	1383	371	108
2815	1024	512	1456	320	83
3071	1024	512	1526	276	63
3327	1024	512	1596	238	46
3583	1024	512	1664	203	33
3839	1024	512	1730	173	22
4095	1024	512	1796	147	14
0	1280	512	148	2579	1379
256	1280	512	368	1536	671
512	1280	512	477	1223	477
768	1280	512	570	1013	356
1024	1280	512	653	856	269
1280	1280	512	731	731	204
1536	1280	512	804	627	155
1792	1280	512	875	541	116
2048	1280	512	943	467	85
2303	1280	512	1009	403	61
2559	1280	512	1073	347	42
2815	1280	512	1137	299	28
3071	1280	512	1198	257	17
3327	1280	512	1259	220	10
3583	1280	512	1319	187	4
3839	1280	512	1378	158	1
4095	1280	512	1436	133	0
0	1536	512	74	2519	1099
256	1536	512	239	1490	487
512	1536	512	327	1183	327
768	1536	512	403	977	229
1024	1536	512	472	823	162
1280	1536	512	537	700	114
1536	1536	512	600	600	79
1792	1536	512	660	515	52
2048	1536	512	719	443	33
2303	1536	512	776	381	20
2559	1536	512	832	327	10
2815	1536	512	887	281	4
3071	1536	512	941	240	1
3327	1536	512	994	204	0
3583	1536	512	1047	173	0
3839	1536	512	1099	145	0
4095	1536	512	1150	121	0
0	1792	512	30	2464	874
256	1792	512	147	1450	347
512	1792	512	216	1147	216
768	1792	512	277	945	140
1024	1792	512	334	794	90
1280	1792	512	389	674	56
1536	1792	512	441	575	33
1792	1792	512	492	492	17
2048	1792	512	543	422	8
2303	1792	512	592	362	2
2559	1792	512	640	310	0
2815	1792	512	688	264	0
3071	1792	512	735	225	0
3327	1792	512	782	190	0
3583	1792	512	828	160	0
3839	1792	512	874	134	0
4095	1792	512	919	111	0
0	2048	512	7	2415	691
256	2048	512	83	1412	240
512	2048	512	135	1114	135
768	2048	512	183	916	78
1024	2048	512	229	767	43
1280	2048	512	274	649	21
1536	2048	512	318	553	9
1792	2048	512	361	472	2
2048	2048	512	403	403	0
2303	2048	512	445	345	0
2559	2048	512	487	294	0
2815	2048	512	528	250	0
3071	2048	512	569	212	0
3327	2048	512	610	178	0
3583	2048	512	650	149	0
3839	2048	512	691	124	0
4095	2048	512	731	102	0
0	2303	512	0	2369	541
256	2303	512	41	1378	159
512	2303	512	78	1084	78
768	2303	512	115	889	37
1024	2303	512	151	743	15
1280	2303	512	187	627	4
1536	2303	512	222	532	0
1792	2303	512	258	453	0
2048	2303	512	293	386	0
2303	2303	512	329	329	0
2559	2303	512	364	279	0
2815	2303	512	400	237	0
3071	2303	512	435	200	0
3327	2303	512	470	167	0
3583	2303	512	505	139	0
3839	2303	512	540	115	0
4095	2303	512	576	94	0
0	2559	512	0	2326	418
256	2559	512	15	1347	99
512	2559	512	39	1056	39
768	2559	512	65	864	13
1024	2559	512	93	720	3
1280	2559	512	121	606	0
1536	2559	512	149	513	0
1792	2559	512	178	436	0
2048	2559	512	207	370	0
2303	2559	512	237	314	0
2559	2559	512	266	266	0
2815	2559	512	296	225	0
3071	2559	512	326	189	0
3327	2559	512	356	157	0
3583	2559	512	387	130	0
3839	2559	512	417	107	0
4095	2559	512	448	87	0
0	2815	512	0	2286	317
256	2815	512	3	1317	56
512	2815	512	16	1030	16
768	2815	512	32	841	2
1024	2815	512	52	699	0
1280	2815	512	72	587	0
1536	2815	512	94	496	0
1792	2815	512	117	420	0
2048	2815	512	140	356	0
2303	2815	512	164	301	0
2559	2815	512	189	254	0
2815	2815	512	214	214	0
3071	2815	512	239	179	0
3327	2815	512	264	148	0
3583	2815	512	290	122	0
3839	2815	512	316	100	0
4095	2815	512	343	80	0
0	3071	512	0	2248	235
256	3071	512	0	1289	27
512	3071	512	3	1006	3
768	3071	512	12	819	0
1024	3071	512	24	679	0
1280	3071	512	38	569	0
1536	3071	512	54	480	0
1792	3071	512	71	405	0
2048	3071	512	90	342	0
2303	3071	512	109	289	0
2559	3071	512	128	243	0
2815	3071	512	148	203	0
3071	3071	512	169	169	0
3327	3071	512	191	140	0
3583	3071	512	212	115	0
3839	3071	512	234	93	0
4095	3071	512	257	74	0
0	3327	512	0	2213	169
256	3327	512	0	1263	10
512	3327	512	0	983	0
768	3327	512	2	798	0
1024	3327	512	8	661	0
1280	3327	512	17	552	0
1536	3327	512	27	464	0
1792	3327	512	39	391	0
2048	3327	512	52	330	0
2303	3327	512	67	277	0
2559	3327	512	82	232	0
2815	3327	512	98	194	0
3071	3327	512	115	161	0
3327	3327	512	132	132	0
3583	3327	512	150	108	0
3839	3327	512	168	87	0
4095	3327	512	187	69	0
0	3583	512	0	2179	116
256	3583	512	0	1238	2
512	3583	512	0	961	0
768	3583	512	0	779	0
1024	3583	512	1	643	0
1280	3583	512	5	537	0
1536	3583	512	10	450	0
1792	3583	512	18	378	0
2048	3583	512	27	318	0
2303	3583	512	37	266	0
2559	3583	512	48	222	0
2815	3583	512	60	185	0
3071	3583	512	73	153	0
3327	3583	512	87	125	0
3583	3583	512	101	101	0
3839	3583	512	116	81	0
4095	3583	512	132	64	0
0	3839	512	0	2146	76
256	3839	512	0	1214	0
512	3839	512	0	940	0
768	3839	512	0	760	0
1024	3839	512	0	627	0
1280	3839	512	0	522	0
1536	3839	512	2	436	0
1792	3839	512	5	366	0
2048	3839	512	10	306	0
2303	3839	512	17	256	0
2559	3839	512	24	213	0
2815	3839	512	33	176	0
3071	3839	512	43	145	0
3327	3839	512	53	118	0
3583	3839	512	64	95	0
3839	3839	512	76	76	0
4095	3839	512	88	59	0
0	4095	512	0	2115	45
256	4095	512	0	1191	0
512	4095	512	0	921	0
768	4095	512	0	743	0
1024	4095	512	0	611	0
1280	4095	512	0	507	0
1536	4095	512	0	423	0
1792	4095	512	0	354	0
2048	4095	512	2	296	0
2303	4095	512	5	246	0
2559	4095	512	10	204	0
2815	4095	512	15	169	0
3071	4095	512	21	138	0
3327	4095	512	29	112	0
3583	4095	512	37	90	0
3839	4095	512	45	71	0
4095	4095	512	55	55	0
0	0	768	3189	3189	4095
256	0	768	4095	2002	4095
512	0	768	4095	1638	4095
768	0	768	4095	1391	4095
1024	0	768	4095	1203	4095
1280	0	768	4095	1051	4095
1536	0	768	4095	924	3878
1792	0	768	4095	816	3639
2048	0	768	4095	723	3424
2303	0	768	4095	642	3231
2559	0	768	4095	570	3054
2815	0	768	4095	506	2892
3071	0	768	4095	449	2742
3327	0	768	4095	398	2603
3583	0	768	4095	352	2473
3839	0	768	4095	311	2351
4095	0	768	4095	274	2238
0	256	768	1147	2822	4095
256	256	768	1720	1720	2923
512	256	768	1965	1386	2471
768	256	768	2160	1162	2160
1024	256	768	2329	991	1919
1280	256	768	2482	855	1721
1536	256	768	2624	742	1554
1792	256	768	2757	647	1410
2048	256	768	2884	565	1283
2303	256	768	3004	494	1171
2559	256	768	3121	432	1070
2815	256	768	3233	377	980
3071	256	768	3342	329	897
3327	256	768	3447	286	822
3583	256	768	3550	248	754
3839	256	768	3651	214	691
4095	256	768	3750	184	633
0	512	768	666	2692	3289
256	512	768	1105	1621	2080
512	512	768	1299	1299	1708
768	512	768	1455	1082	1455
1024	512	768	1592	919	1262
1280	512	768	1717	788	1106
1536	512	768	1833	680	975
1792	512	768	1943	590	864
2048	512	768	2048	512	768
2303	512	768	2148	445	684
2559	512	768	2245	386	609
2815	512	768	2339	335	543
3071	512	768	2430	290	484
3327	512	768	2519	250	430
3583	512	768	2606	215	383
3839	512	768	2691	184	340
4095	512	768	2775	156	301
0	768	768	396	2598	2598
256	768	768	739	1550	1550
512	768	768	896	1235	1235
768	768	768	1025	1025	1025
1024	768	768	1138	866	866
1280	768	768	1243	740	740
1536	768	768	1341	636	636
1792	768	768	1433	549	549
2048	768	768	1522	474	474
2303	768	768	1608	410	410
2559	768	768	1691	354	354
2815	768	768	1771	305	305
3071	768	768	1850	262	262
3327	768	768	1927	224	224
3583	768	768	2002	191	191
3839	768	768	2076	162	162
4095	768	768	2148	137	137
0	1024	768	229	2520	2091
256	1024	768	496	1491	1173
512	1024	768	623	1184	905
768	1024	768	729	978	729
1024	1024	768	824	824	598
1280	1024	768	912	701	496
1536	1024	768	995	600	413
1792	1024	768	1074	516	345
2048	1024	768	1150	444	287
2303	1024	768	1223	382	239
2559	1024	768	1295	328	198
2815	1024	768	1365	281	163
3071	1024	768	1433	240	133
3327	1024	768	1500	204	107
3583	1024	768	1566	173	85
3839	1024	768	1630	145	67
4095	1024	768	1694	121	51
0	1280	768	123	2454	1698
256	1280	768	326	1442	892
512	1280	768	428	1140	663
768	1280	768	516	939	516
1024	1280	768	595	788	408
1280	1280	768	668	668	326
1536	1280	768	739	570	261
1792	1280	768	806	488	208
2048	1280	768	871	418	165
2303	1280	768	935	358	130
2559	1280	768	996	306	101
2815	1280	768	1057	261	77
3071	1280	768	1117	222	57
3327	1280	768	1175	188	42
3583	1280	768	1233	158	29
3839	1280	768	1289	132	19
4095	1280	768	1346	109	12
0	1536	768	57	2395	1384
256	1536	768	206	1398	674
512	1536	768	287	1101	480
768	1536	768	358	904	358
1024	1536	768	423	757	271
1280	1536	768	485	640	206
1536	1536	768	544	544	156
1792	1536	768	601	464	117
2048	1536	768	657	396	86
2303	1536	768	711	338	62
2559	1536	768	765	288	43
2815	1536	768	817	244	29
3071	1536	768	869	207	18
3327	1536	768	920	174	10
3583	1536	768	971	145	5
3839	1536	768	1021	120	2
4095	1536	768	1070	98	0
0	1792	768	20	2343	1127
256	1792	768	122	1359	505
512	1792	768	185	1067	341
768	1792	768	241	873	241
1024	1792	768	294	729	172
1280	1792	768	345	614	122
1536	1792	768	394	521	85
1792	1792	768	443	443	58
2048	1792	768	490	376	37
2303	1792	768	536	320	23
2559	1792	768	582	271	12
2815	1792	768	628	229	6
3071	1792	768	673	193	2
3327	1792	768	717	161	0
3583	1792	768	761	134	0
3839	1792	768	805	110	0
4095	1792	768	849	89	0
0	2048	768	3	2294	915
256	2048	768	65	1323	371
512	2048	768	111	1036	235
768	2048	768	155	845	155
1024	2048	768	197	703	102
1280	2048	768	238	591	65
1536	2048	768	279	499	40
1792	2048	768	319	423	23
2048	2048	768	359	359	11
2303	2048	768	398	304	4
2559	2048	768	437	257	1
2815	2048	768	476	216	0
3071	2048	768	515	181	0
3327	2048	768	554	150	0
3583	2048	768	592	124	0
3839	2048	768	630	101	0
4095	2048	768	669	81	0
0	2303	768	0	2250	738
256	2303	768	29	1290	267
512	2303	768	61	1007	155
768	2303	768	93	820	93
1024	2303	768	125	680	54
1280	2303	768	158	570	29
1536	2303	768	190	480	14
1792	2303	768	223	406	5
2048	2303	768	256	343	1
2303	2303	768	289	289	0
2559	2303	768	322	243	0
2815	2303	768	355	204	0
3071	2303	768	388	170	0
3327	2303	768	421	140	0
3583	2303	768	455	115	0
3839	2303	768	488	93	0
4095	2303	768	521	74	0
0	2559	768	0	2208	591
256	2559	768	9	1259	185
512	2559	768	28	980	96
768	2559	768	50	796	50
1024	2559	768	73	658	23
1280	2559	768	98	550	9
1536	2559	768	124	462	2
1792	2559	768	150	389	0
2048	2559	768	176	328	0
2303	2559	768	204	276	0
2559	2559	768	231	231	0
2815	2559	768	259	193	0
3071	2559	768	287	160	0
3327	2559	768	315	131	0
3583	2559	768	343	107	0
3839	2559	768	372	86	0
4095	2559	768	401	68	0
0	2815	768	0	2169	468
256	2815	768	1	1231	122
512	2815	768	9	955	54
768	2815	768	22	773	22
1024	2815	768	38	638	7
1280	2815	768	55	532	1
1536	2815	768	75	446	0
1792	2815	768	95	374	0
2048	2815	768	116	314	0
2303	2815	768	137	263	0
2559	2815	768	160	220	0
2815	2815	768	182	182	0
3071	2815	768	206	150	0
3327	2815	768	229	123	0
3583	2815	768	253	99	0
3839	2815	768	277	79	0
4095	2815	768	302	62	0
0	3071	768	0	2133	365
256	3071	768	0	1204	76
512	3071	768	1	932	26
768	3071	768	6	753	6
1024	3071	768	15	620	0
1280	3071	768	27	515	0
1536	3071	768	40	431	0
1792	3071	768	55	360	0
2048	3071	768	71	302	0
2303	3071	768	87	252	0
2559	3071	768	105	209	0
2815	3071	768	123	173	0
3071	3071	768	142	142	0
3327	3071	768	161	115	0
3583	3071	768	181	93	0
3839	3071	768	202	73	0
4095	3071	768	222	57	0
0	3327	768	0	2098	279
256	3327	768	0	1178	42
512	3327	768	0	910	9
768	3327	768	0	733	0
1024	3327	768	4	602	0
1280	3327	768	10	499	0
1536	3327	768	18	416	0
1792	3327	768	27	347	0
2048	3327	768	38	290	0
2303	3327	768	51	241	0
2559	3327	768	64	200	0
2815	3327	768	78	164	0
3071	3327	768	93	134	0
3327	3327	768	108	108	0
3583	3327	768	124	86	0
3839	3327	768	141	68	0
4095	3327	768	158	52	0
0	3583	768	0	2065	209
256	3583	768	0	1154	20
512	3583	768	0	889	1
768	3583	768	0	714	0
1024	3583	768	0	585	0
1280	3583	768	1	484	0
1536	3583	768	5	402	0
1792	3583	768	10	335	0
2048	3583	768	17	279	0
2303	3583	768	25	231	0
2559	3583	768	35	190	0
2815	3583	768	45	156	0
3071	3583	768	56	127	0
3327	3583	768	68	102	0
3583	3583	768	81	81	0
3839	3583	768	94	63	0
4095	3583	768	108	48	0
0	3839	768	0	2033	152
256	3839	768	0	1131	7
512	3839	768	0	869	0
768	3839	768	0	697	0
1024	3839	768	0	570	0
1280	3839	768	0	470	0
1536	3839	768	0	390	0
1792	3839	768	2	323	0
2048	3839	768	5	268	0
2303	3839	768	10	221	0
2559	3839	768	16	182	0
2815	3839	768	22	148	0
3071	3839	768	30	120	0
3327	3839	768	39	96	0
3583	3839	768	48	75	0
3839	3839	768	58	58	0
4095	3839	768	69	44	0
0	4095	768	0	2003	106
256	4095	768	0	1110	1
512	4095	768	0	850	0
768	4095	768	0	680	0
1024	4095	768	0	555	0
1280	4095	768	0	457	0
1536	4095	768	0	377	0
1792	4095	768	0	312	0
2048	4095	768	0	258	0
2303	4095	768	2	213	0
2559	4095	768	5	174	0
2815	4095	768	8	141	0
3071	4095	768	13	114	0
3327	4095	768	19	90	0
3583	4095	768	25	71	0
3839	4095	768	32	54	0
4095	4095	768	40	40	0
0	0	1024	3072	3072	4095
256	0	1024	4014	1912	4095
512	0	1024	4095	1557	4095
768	0	1024	4095	1317	4095
1024	0	1024	4095	1135	4095
1280	0	1024	4095	988	4095
1536	0	1024	4095	865	4095
1792	0	1024	4095	761	4077
2048	0	1024	4095	672	3849
2303	0	1024	4095	593	3642
2559	0	1024	4095	525	3453
2815	0	1024	4095	464	3280
3071	0	1024	4095	409	3119
3327	0	1024	4095	361	2969
3583	0	1024	4095	318	2830
3839	0	1024	4095	279	2699
4095	0	1024	4095	244	2576
0	256	1024	1080	2713	4095
256	256	1024	1637	1637	3313
512	256	1024	1875	1312	2828
768	256	1024	2065	1095	2492
1024	256	1024	2231	930	2231
1280	256	1024	2381	799	2016
1536	256	1024	2519	690	1834
1792	256	1024	2649	599	1676
2048	256	1024	2773	520	1536
2303	256	1024	2891	452	1412
2559	256	1024	3005	393	1300
2815	256	1024	3115	341	1199
3071	256	1024	3222	296	1107
3327	256	1024	3325	255	1023
3583	256	1024	3426	220	945
3839	256	1024	3525	188	874
4095	256	1024	3622	160	808
0	512	1024	616	2586	3704
256	512	1024	1040	1541	2406
512	512	1024	1227	1227	2001
768	512	1024	1379	1018	1725
1024	512	1024	1512	860	1512
1280	512	1024	1634	734	1340
1536	512	1024	1747	631	1195
1792	512	1024	1854	544	1070
2048	512	1024	1956	469	961
2303	512	1024	2054	405	866
2559	512	1024	2149	350	781
2815	512	1024	2240	301	705
3071	512	1024	2330	259	636
3327	512	1024	2417	221	574
3583	512	1024	2502	189	518
3839	512	1024	2585	160	467
4095	512	1024	2667	134	421
0	768	1024	359	2493	2964
256	768	1024	687	1471	1829
512	768	1024	838	1166	1483
768	768	1024	962	962	1250
1024	768	1024	1072	809	1072
1280	768	1024	1173	688	930
1536	768	1024	1268	588	812
1792	768	1024	1358	504	711
2048	768	1024	1445	433	625
2303	768	1024	1528	372	550
2559	768	1024	1608	319	484
2815	768	1024	1687	273	426
3071	768	1024	1763	233	374
3327	768	1024	1838	198	328
3583	768	1024	1911	167	287
3839	768	1024	1983	140	250
4095	768	1024	2054	116	218
0	1024	1024	202	2418	2418
256	1024	1024	454	1415	1415
512	1024	1024	576	1116	1116
768	1024	1024	677	917	917
1024	1024	1024	769	769	769
1280	1024	1024	853	651	651
1536	1024	1024	933	554	554
1792	1024	1024	1010	473	473
2048	1024	1024	1083	404	404
2303	1024	1024	1154	346	346
2559	1024	1024	1224	295	295
2815	1024	1024	1291	251	251
3071	1024	1024	1358	212	212
3327	1024	1024	1423	179	179
3583	1024	1024	1487	150	150
3839	1024	1024	1549	124	124
4095	1024	1024	1611	102	102
0	1280	1024	104	2353	1991
256	1280	1024	293	1366	1101
512	1280	1024	390	1074	842
768	1280	1024	473	879	673
1024	1280	1024	548	734	548
1280	1280	1024	619	619	451
1536	1280	1024	687	525	372
1792	1280	1024	751	447	308
2048	1280	1024	814	380	254
2303	1280	1024	875	323	209
2559	1280	1024	935	274	171
2815	1280	1024	994	232	138
3071	1280	1024	1051	195	111
3327	1280	1024	1108	164	88
3583	1280	1024	1163	136	69
3839	1280	1024	1219	112	52
4095	1280	1024	1273	91	39
0	1536	1024	45	2296	1646
256	1536	1024	180	1324	855
512	1536	1024	256	1036	632
768	1536	1024	323	846	489
1024	1536	1024	385	704	385
1280	1536	1024	444	592	305
1536	1536	1024	500	500	243
1792	1536	1024	555	424	192
2048	1536	1024	608	359	151
2303	1536	1024	660	304	117
2559	1536	1024	712	257	90
2815	1536	1024	762	216	68
3071	1536	1024	812	181	50
3327	1536	1024	862	150	35
3583	1536	1024	910	124	24
3839	1536	1024	958	101	15
4095	1536	1024	1006	82	9
0	1792	1024	13	2244	1363
256	1792	1024	103	1286	661
512	1792	1024	161	1003	469
768	1792	1024	213	816	348
1024	1792	1024	263	677	263
1280	1792	1024	311	567	199
1536	1792	1024	358	478	150
1792	1792	1024	403	403	112
2048	1792	1024	448	341	82
2303	1792	1024	493	287	58
2559	1792	1024	537	241	40
2815	1792	1024	580	202	26
3071	1792	1024	623	168	16
3327	1792	1024	666	139	9
3583	1792	1024	708	114	4
3839	1792	1024	751	92	1
4095	1792	1024	792	73	0
0	2048	1024	1	2197	1127
256	2048	1024	52	1251	505
512	2048	1024	93	973	341
768	2048	1024	133	789	241
1024	2048	1024	172	653	172
1280	2048	1024	210	545	122
1536	2048	1024	249	458	85
1792	2048	1024	286	385	58
2048	2048	1024	324	324	37
2303	2048	1024	361	272	23
2559	2048	1024	398	228	12
2815	2048	1024	436	190	6
3071	2048	1024	472	157	2
3327	2048	1024	509	129	0
3583	2048	1024	546	105	0
3839	2048	1024	583	84	0
4095	2048	1024	619	66	0
0	2303	1024	0	2153	928
256	2303	1024	21	1219	379
512	2303	1024	48	945	241
768	2303	1024	76	764	160
1024	2303	1024	106	630	106
1280	2303	1024	136	525	68
1536	2303	1024	166	439	42
1792	2303	1024	196	368	24
2048	2303	1024	227	309	12
2303	2303	1024	258	258	5
2559	2303	1024	289	215	1
2815	2303	1024	321	178	0
3071	2303	1024	352	147	0
3327	2303	1024	383	120	0
3583	2303	1024	415	96	0
3839	2303	1024	447	77	0
4095	2303	1024	478	60	0
0	2559	1024	0	2113	760
256	2559	1024	5	1189	279
512	2559	1024	20	919	164
768	2559	1024	38	741	100
1024	2559	1024	59	610	59
1280	2559	1024	81	506	33
1536	2559	1024	104	422	16
1792	2559	1024	128	353	6
2048	2559	1024	153	295	1
2303	2559	1024	178	246	0
2559	2559	1024	204	204	0
2815	2559	1024	230	168	0
3071	2559	1024	256	137	0
3327	2559	1024	282	111	0
3583	2559	1024	309	89	0
3839	2559	1024	336	70	0
4095	2559	1024	363	54	0
0	2815	1024	0	2075	618
256	2815	1024	0	1162	199
512	2815	1024	5	895	106
768	2815	1024	15	720	57
1024	2815	1024	28	590	28
1280	2815	1024	43	489	12
1536	2815	1024	60	407	3
1792	2815	1024	78	339	0
2048	2815	1024	97	282	0
2303	2815	1024	117	234	0
2559	2815	1024	137	193	0
2815	2815	1024	159	159	0
3071	2815	1024	180	129	0
3327	2815	1024	202	104	0
3583	2815	1024	225	82	0
3839	2815	1024	247	64	0
4095	2815	1024	270	49	0
0	3071	1024	0	2039	497
256	3071	1024	0	1136	137
512	3071	1024	0	873	63
768	3071	1024	3	700	28
1024	3071	1024	10	572	10
1280	3071	1024	19	473	2
1536	3071	1024	30	392	0
1792	3071	1024	43	325	0
2048	3071	1024	57	270	0
2303	3071	1024	72	223	0
2559	3071	1024	87	183	0
2815	3071	1024	104	150	0
3071	3071	1024	121	121	0
3327	3071	1024	139	97	0
3583	3071	1024	157	76	0
3839	3071	1024	176	59	0
4095	3071	1024	196	45	0
0	3327	1024	0	2005	395
256	3327	1024	0	1111	89
512	3327	1024	0	851	33
768	3327	1024	0	681	10
1024	3327	1024	1	555	1
1280	3327	1024	5	457	0
1536	3327	1024	11	378	0
1792	3327	1024	19	313	0
2048	3327	1024	29	259	0
2303	3327	1024	39	213	0
2559	3327	1024	51	174	0
2815	3327	1024	63	142	0
3071	3327	1024	77	114	0
3327	3327	1024	91	91	0
3583	3327	1024	105	71	0
3839	3327	1024	120	54	0
4095	3327	1024	136	41	0
0	3583	1024	0	1973	309
256	3583	1024	0	1088	53
512	3583	1024	0	831	14
768	3583	1024	0	663	2
1024	3583	1024	0	540	0
1280	3583	1024	0	443	0
1536	3583	1024	2	365	0
1792	3583	1024	6	301	0
2048	3583	1024	11	248	0
2303	3583	1024	18	204	0
2559	3583	1024	26	166	0
2815	3583	1024	34	134	0
3071	3583	1024	44	107	0
3327	3583	1024	55	85	0
3583	3583	1024	66	66	0
3839	3583	1024	78	50	0
4095	3583	1024	90	37	0
0	3839	1024	0	1942	237
256	3839	1024	0	1066	28
512	3839	1024	0	812	4
768	3839	1024	0	646	0
1024	3839	1024	0	524	0
1280	3839	1024	0	430	0
1536	3839	1024	0	353	0
1792	3839	1024	0	290	0
2048	3839	1024	2	238	0
2303	3839	1024	5	195	0
2559	3839	1024	10	158	0
2815	3839	1024	15	127	0
3071	3839	1024	22	101	0
3327	3839	1024	29	79	0
3583	3839	1024	37	61	0
3839	3839	1024	46	46	0
4095	3839	1024	55	33	0
0	4095	1024	0	1913	177
256	4095	1024	0	1044	12
512	4095	1024	0	794	0
768	4095	1024	0	630	0
1024	4095	1024	0	510	0
1280	4095	1024	0	417	0
1536	4095	1024	0	342	0
1792	4095	1024	0	280	0
2048	4095	1024	0	229	0
2303	4095	1024	0	187	0
2559	4095	1024	2	151	0
2815	4095	1024	4	121	0
3071	4095	1024	8	95	0
3327	4095	1024	12	74	0
3583	4095	1024	18	57	0
3839	4095	1024	24	42	0
4095	4095	1024	30	30	0
0	0	1280	2972	2972	4095
256	0	1280	3898	1835	4095
512	0	1280	4095	1489	4095
768	0	1280	4095	1255	4095
1024	0	1280	4095	1077	4095
1280	0	1280	4095	934	4095
1536	0	1280	4095	816	4095
1792	0	1280	4095	715	4095
2048	0	1280	4095	628	4095
2303	0	1280	4095	553	4022
2559	0	1280	4095	487	3823
2815	0	1280	4095	428	3639
3071	0	1280	4095	377	3469
3327	0	1280	4095	330	3310
3583	0	1280	4095	289	3162
3839	0	1280	4095	252	3023
4095	0	1280	4095	219	2892
0	256	1280	1024	2620	4095
256	256	1280	1566	1566	3674
512	256	1280	1799	1250	3160
768	256	1280	1985	1038	2803
1024	256	1280	2147	878	2524
1280	256	1280	2294	751	2294
1536	256	1280	2430	646	2098
1792	256	1280	2557	558	1927
2048	256	1280	2679	483	1777
2303	256	1280	2795	418	1642
2559	256	1280	2907	361	1521
2815	256	1280	3015	312	1410
3071	256	1280	3119	268	1310
3327	256	1280	3221	230	1217
3583	256	1280	3320	197	1132
3839	256	1280	3418	167	1053
4095	256	1280	3513	141	980
0	512	1280	575	2495	4087
256	512	1280	985	1473	2711
512	512	1280	1167	1167	2278
768	512	1280	1315	963	1981
1024	512	1280	1445	810	1751
1280	512	1280	1563	689	1563
1536	512	1280	1674	589	1405
1792	512	1280	1779	505	1269
2048	512	1280	1878	434	1149
2303	512	1280	1974	373	1044
2559	512	1280	2067	320	949
2815	512	1280	2156	274	864
3071	512	1280	2244	233	788
3327	512	1280	2329	198	718
3583	512	1280	2412	167	654
3839	512	1280	2494	140	596
4095	512	1280	2574	117	543
0	768	1280	329	2404	3305
256	768	1280	643	1405	2093
512	768	1280	790	1107	1719
768	768	1280	910	910	1465
1024	768	1280	1016	762	1271
1280	768	1280	1115	644	1115
1536	768	1280	1207	548	984
1792	768	1280	1295	468	872
2048	768	1280	1379	399	775
2303	768	1280	1460	341	690
2559	768	1280	1538	291	615
2815	768	1280	1615	247	549
3071	768	1280	1690	209	489
3327	768	1280	1763	176	436
3583	768	1280	1835	147	388
3839	768	1280	1905	122	344
4095	768	1280	1974	100	305
0	1024	1280	180	2330	2723
256	1024	1280	419	1349	1645
512	1024	1280	536	1059	1319
768	1024	1280	634	866	1101
1024	1024	1280	722	722	936
1280	1024	1280	804	608	804
1536	1024	1280	882	515	695
1792	1024	1280	956	438	603
2048	1024	1280	1027	372	524
2303	1024	1280	1096	316	456
2559	1024	1280	1164	268	397
2815	1024	1280	1230	226	345
3071	1024	1280	1294	190	299
3327	1024	1280	1357	158	258
3583	1024	1280	1420	131	223
3839	1024	1280	1481	108	191
4095	1024	1280	1541	87	163
0	1280	1280	88	2267	2267
256	1280	1280	265	1302	1302
512	1280	1280	358	1018	1018
768	1280	1280	437	829	829
1024	1280	1280	510	689	689
1280	1280	1280	578	578	578
1536	1280	1280	643	487	487
1792	1280	1280	705	412	412
2048	1280	1280	766	349	349
2303	1280	1280	825	295	295
2559	1280	1280	883	248	248
2815	1280	1280	940	208	208
3071	1280	1280	996	174	174
3327	1280	1280	1051	144	144
3583	1280	1280	1105	118	118
3839	1280	1280	1159	96	96
4095	1280	1280	1212	77	77
0	1536	1280	35	2211	1896
256	1536	1280	160	1261	1032
512	1536	1280	231	982	783
768	1536	1280	294	797	621
1024	1536	1280	353	660	502
1280	1536	1280	409	551	409
1536	1536	1280	463	463	335
1792	1536	1280	516	390	274
2048	1536	1280	567	329	224
2303	1536	1280	618	276	182
2559	1536	1280	667	232	147
2815	1536	1280	716	193	117
3071	1536	1280	764	160	92
3327	1536	1280	812	132	71
3583	1536	1280	859	107	54
3839	1536	1280	906	86	40
4095	1536	1280	952	68	29
0	1792	1280	9	2160	1589
256	1792	1280	88	1224	815
512	1792	1280	141	949	598
768	1792	1280	190	768	459
1024	1792	1280	237	634	359
1280	1792	1280	283	528	283
1536	1792	1280	327	442	223
1792	1792	1280	371	371	174
2048	1792	1280	414	311	136
2303	1792	1280	456	260	104
2559	1792	1280	499	217	78
2815	1792	1280	540	180	58
3071	1792	1280	582	148	41
3327	1792	1280	623	121	28
3583	1792	1280	664	98	18
3839	1792	1280	705	78	11
4095	1792	1280	745	61	6
0	2048	1280	0	2114	1331
256	2048	1280	42	1190	639
512	2048	1280	79	920	451
768	2048	1280	116	742	333
1024	2048	1280	152	610	250
1280	2048	1280	188	507	188
1536	2048	1280	224	423	140
1792	2048	1280	259	353	104
2048	2048	1280	295	295	75
2303	2048	1280	331	246	53
2559	2048	1280	366	204	35
2815	2048	1280	402	168	23
3071	2048	1280	437	138	13
3327	2048	1280	472	112	7
3583	2048	1280	508	89	3
3839	2048	1280	543	70	1
4095	2048	1280	578	54	0
0	2303	1280	0	2071	1113
256	2303	1280	15	1159	496
512	2303	1280	38	893	334
768	2303	1280	64	718	235
1024	2303	1280	90	589	167
1280	2303	1280	118	487	118
1536	2303	1280	146	405	82
1792	2303	1280	175	337	55
2048	2303	1280	204	281	35
2303	2303	1280	233	233	21
2559	2303	1280	262	192	11
2815	2303	1280	292	158	5
3071	2303	1280	322	128	1
3327	2303	1280	352	103	0
3583	2303	1280	382	82	0
3839	2303	1280	412	64	0
4095	2303	1280	442	49	0
0	2559	1280	0	2032	926
256	2559	1280	2	1130	378
512	2559	1280	14	868	241
768	2559	1280	30	696	159
1024	2559	1280	48	569	105
1280	2559	1280	68	469	68
1536	2559	1280	89	389	42
1792	2559	1280	111	323	24
2048	2559	1280	134	267	12
2303	2559	1280	158	221	5
2559	2559	1280	181	181	1
2815	2559	1280	206	148	0
3071	2559	1280	231	120	0
3327	2559	1280	256	96	0
3583	2559	1280	281	75	0
3839	2559	1280	307	58	0
4095	2559	1280	333	44	0
0	2815	1280	0	1994	767
256	2815	1280	0	1103	283
512	2815	1280	2	844	168
768	2815	1280	10	675	102
1024	2815	1280	21	550	61
1280	2815	1280	34	453	34
1536	2815	1280	49	374	17
1792	2815	1280	65	309	7
2048	2815	1280	83	255	2
2303	2815	1280	101	210	0
2559	2815	1280	120	172	0
2815	2815	1280	139	139	0
3071	2815	1280	159	112	0
3327	2815	1280	180	89	0
3583	2815	1280	201	69	0
3839	2815	1280	223	53	0
4095	2815	1280	244	39	0
0	3071	1280	0	1959	631
256	3071	1280	0	1078	206
512	3071	1280	0	823	111
768	3071	1280	1	656	60
1024	3071	1280	6	533	30
1280	3071	1280	13	437	13
1536	3071	1280	23	360	4
1792	3071	1280	34	297	0
2048	3071	1280	46	244	0
2303	3071	1280	59	200	0
2559	3071	1280	74	163	0
2815	3071	1280	89	131	0
3071	3071	1280	105	105	0
3327	3071	1280	121	82	0
3583	3071	1280	138	64	0
3839	3071	1280	156	48	0
4095	3071	1280	174	35	0
0	3327	1280	0	1926	514
256	3327	1280	0	1054	145
512	3327	1280	0	802	69
768	3327	1280	0	638	31
1024	3327	1280	0	517	12
1280	3327	1280	3	422	3
1536	3327	1280	7	347	0
1792	3327	1280	14	285	0
2048	3327	1280	21	233	0
2303	3327	1280	30	190	0
2559	3327	1280	41	154	0
2815	3327	1280	52	124	0
3071	3327	1280	64	98	0
3327	3327	1280	77	77	0
3583	3327	1280	90	59	0
3839	3327	1280	104	44	0
4095	3327	1280	118	32	0
0	3583	1280	0	1895	414
256	3583	1280	0	1031	97
512	3583	1280	0	783	38
768	3583	1280	0	620	13
1024	3583	1280	0	501	2
1280	3583	1280	0	409	0
1536	3583	1280	1	335	0
1792	3583	1280	3	274	0
2048	3583	1280	7	223	0
2303	3583	1280	12	181	0
2559	3583	1280	19	146	0
2815	3583	1280	26	117	0
3071	3583	1280	35	92	0
3327	3583	1280	44	71	0
3583	3583	1280	54	54	0
3839	3583	1280	65	40	0
4095	3583	1280	76	28	0
0	3839	1280	0	1865	328
256	3839	1280	0	1010	61
512	3839	1280	0	764	18
768	3839	1280	0	604	3
1024	3839	1280	0	487	0
1280	3839	1280	0	396	0
1536	3839	1280	0	323	0
1792	3839	1280	0	263	0
2048	3839	1280	1	214	0
2303	3839	1280	3	173	0
2559	3839	1280	6	139	0
2815	3839	1280	10	110	0
3071	3839	1280	15	86	0
3327	3839	1280	22	66	0
3583	3839	1280	29	50	0
3839	3839	1280	36	36	0
4095	3839	1280	45	25	0
0	4095	1280	0	1836	256
256	4095	1280	0	989	34
512	4095	1280	0	746	6
768	4095	1280	0	589	0
1024	4095	1280	0	473	0
1280	4095	1280	0	384	0
1536	4095	1280	0	312	0
1792	4095	1280	0	254	0
2048	4095	1280	0	205	0
2303	4095	1280	0	165	0
2559	4095	1280	1	132	0
2815	4095	1280	2	104	0
3071	4095	1280	5	81	0
3327	4095	1280	8	62	0
3583	4095	1280	12	46	0
3839	4095	1280	17	33	0
4095	4095	1280	23	23	0
0	0	1536	2884	2884	4095
256	0	1536	3796	1768	4095
512	0	1536	4095	1428	4095
768	0	1536	4095	1200	4095
1024	0	1536	4095	1027	4095
1280	0	1536	4095	888	4095
1536	0	1536	4095	773	4095
1792	0	1536	4095	675	4095
2048	0	1536	4095	591	4095
2303	0	1536	4095	518	4095
2559	0	1536	4095	454	4095
2815	0	1536	4095	398	3979
3071	0	1536	4095	348	3800
3327	0	1536	4095	304	3633
3583	0	1536	4095	265	3477
3839	0	1536	4095	230	3331
4095	0	1536	4095	199	3193
0	256	1536	975	2538	4095
256	256	1536	1505	1505	4015
512	256	1536	1733	1195	3475
768	256	1536	1915	989	3098
1024	256	1536	2074	834	2803
1280	256	1536	2218	710	2559
1536	256	1536	2351	608	2351
1792	256	1536	2477	523	2169
2048	256	1536	2596	450	2009
2303	256	1536	2710	388	1864
2559	256	1536	2820	334	1734
2815	256	1536	2926	286	1615
3071	256	1536	3029	245	1507
3327	256	1536	3129	209	1407
3583	256	1536	3227	177	1314
3839	256	1536	3323	149	1229
4095	256	1536	3416	125	1149
0	512	1536	540	2415	4095
256	512	1536	937	1413	3001
512	512	1536	1115	1115	2542
768	512	1536	1259	916	2226
1024	512	1536	1386	767	1981
1280	512	1536	1502	650	1780
1536	512	1536	1610	553	1610
1792	512	1536	1712	472	1463
2048	512	1536	1810	404	1334
2303	512	1536	1904	345	1219
2559	512	1536	1995	294	1116
2815	512	1536	2083	250	1023
3071	512	1536	2169	212	939
3327	512	1536	2252	178	862
3583	512	1536	2334	149	791
3839	512	1536	2414	124	727
4095	512	1536	2493	102	667
0	768	1536	303	2326	3627
256	768	1536	606	1346	2345
512	768	1536	747	1056	1947
768	768	1536	864	864	1675
1024	768	1536	968	720	1466
1280	768	1536	1063	606	1296
1536	768	1536	1153	513	1153
1792	768	1536	1239	436	1031
2048	768	1536	1321	370	925
2303	768	1536	1400	314	831
2559	768	1536	1477	266	748
2815	768	1536	1552	225	674
3071	768	1536	1625	189	607
3327	768	1536	1697	157	547
3583	768	1536	1767	130	492
3839	768	1536	1836	107	442
4095	768	1536	1904	87	397
0	1024	1536	161	2253	3014
256	1024	1536	389	1293	1867
512	1024	1536	502	1009	1517
768	1024	1536	596	822	1281
1024	1024	1536	682	682	1101
1280	1024	1536	761	572	957
1536	1024	1536	836	482	836
1792	1024	1536	909	407	734
2048	1024	1536	978	344	647
2303	1024	1536	1045	290	570
2559	1024	1536	1111	244	503
2815	1024	1536	1175	205	443
3071	1024	1536	1238	170	390
3327	1024	1536	1300	141	343
3583	1024	1536	1361	116	301
3839	1024	1536	1421	94	263
4095	1024	1536	1480	75	230
0	1280	1536	76	2191	2530
256	1280	1536	242	1247	1499
512	1280	1536	331	969	1190
768	1280	1536	407	786	984
1024	1280	1536	477	650	830
1280	1280	1536	542	542	706
1536	1280	1536	605	455	605
1792	1280	1536	666	383	520
2048	1280	1536	724	322	448
2303	1280	1536	782	270	385
2559	1280	1536	838	226	331
2815	1280	1536	893	188	284
3071	1280	1536	948	155	243
3327	1280	1536	1001	127	207
3583	1280	1536	1054	103	175
3839	1280	1536	1106	83	148
4095	1280	1536	1158	65	123
0	1536	1536	28	2136	2136
256	1536	1536	142	1206	1206
512	1536	1536	210	934	934
768	1536	1536	270	754	754
1024	1536	1536	326	621	621
1280	1536	1536	380	517	517
1536	1536	1536	432	432	432
1792	1536	1536	482	362	362
2048	1536	1536	532	303	303
2303	1536	1536	581	253	253
2559	1536	1536	629	210	210
2815	1536	1536	676	174	174
3071	1536	1536	723	143	143
3327	1536	1536	769	116	116
3583	1536	1536	815	93	93
3839	1536	1536	860	74	74
4095	1536	1536	905	58	58
0	1792	1536	5	2086	1807
256	1792	1536	75	1170	969
512	1792	1536	125	902	729
768	1792	1536	171	726	573
1024	1792	1536	215	596	460
1280	1792	1536	259	494	371
1536	1792	1536	301	411	301
1792	1792	1536	343	343	244
2048	1792	1536	384	286	197
2303	1792	1536	425	237	158
2559	1792	1536	466	196	125
2815	1792	1536	506	161	98
3071	1792	1536	546	132	76
3327	1792	1536	586	106	57
3583	1792	1536	625	84	42
3839	1792	1536	665	66	30
4095	1792	1536	704	51	20
0	2048	1536	0	2041	1530
256	2048	1536	33	1137	774
512	2048	1536	67	874	564
768	2048	1536	101	701	430
1024	2048	1536	135	573	333
1280	2048	1536	169	473	260
1536	2048	1536	203	393	203
1792	2048	1536	237	326	157
2048	2048	1536	271	271	121
2303	2048	1536	305	224	91
2559	2048	1536	338	184	67
2815	2048	1536	372	150	49
3071	2048	1536	406	122	34
3327	2048	1536	440	97	22
3583	2048	1536	474	77	14
3839	2048	1536	508	59	7
4095	2048	1536	542	45	3
0	2303	1536	0	1999	1294
256	2303	1536	10	1107	614
512	2303	1536	30	847	430
768	2303	1536	53	678	316
1024	2303	1536	78	553	235
1280	2303	1536	103	455	175
1536	2303	1536	130	376	130
1792	2303	1536	156	311	94
2048	2303	1536	184	257	67
2303	2303	1536	211	211	46
2559	2303	1536	239	173	30
2815	2303	1536	268	140	19
3071	2303	1536	296	113	10
3327	2303	1536	325	89	5
3583	2303	1536	354	70	2
3839	2303	1536	383	53	0
4095	2303	1536	412	40	0
0	2559	1536	0	1960	1091
256	2559	1536	1	1079	481
512	2559	1536	9	823	322
768	2559	1536	23	656	226
1024	2559	1536	39	533	159
1280	2559	1536	57	437	112
1536	2559	1536	77	360	77
1792	2559	1536	97	297	51
2048	2559	1536	118	244	32
2303	2559	1536	140	200	19
2559	2559	1536	163	163	10
2815	2559	1536	186	131	4
3071	2559	1536	209	105	1
3327	2559	1536	233	82	0
3583	2559	1536	257	64	0
3839	2559	1536	282	48	0
4095	2559	1536	306	35	0
0	2815	1536	0	1924	916
256	2815	1536	0	1052	372
512	2815	1536	1	801	236
768	2815	1536	6	636	155
1024	2815	1536	15	515	102
1280	2815	1536	27	421	66
1536	2815	1536	40	346	40
1792	2815	1536	55	284	23
2048	2815	1536	71	233	11
2303	2815	1536	87	190	4
2559	2815	1536	105	153	1
2815	2815	1536	123	123	0
3071	2815	1536	142	98	0
3327	2815	1536	161	76	0
3583	2815	1536	181	58	0
3839	2815	1536	202	43	0
4095	2815	1536	222	31	0
0	3071	1536	0	1889	765
256	3071	1536	0	1028	282
512	3071	1536	0	779	167
768	3071	1536	0	618	101
1024	3071	1536	3	499	60
1280	3071	1536	9	407	34
1536	3071	1536	17	332	17
1792	3071	1536	26	272	7
2048	3071	1536	37	222	2
2303	3071	1536	49	180	0
2559	3071	1536	62	145	0
2815	3071	1536	76	116	0
3071	3071	1536	91	91	0
3327	3071	1536	106	70	0
3583	3071	1536	122	53	0
3839	3071	1536	139	39	0
4095	3071	1536	156	28	0
0	3327	1536	0	1857	634
256	3327	1536	0	1004	208
512	3327	1536	0	759	113
768	3327	1536	0	600	61
1024	3327	1536	0	483	31
1280	3327	1536	1	393	14
1536	3327	1536	4	320	4
1792	3327	1536	9	261	0
2048	3327	1536	16	212	0
2303	3327	1536	24	171	0
2559	3327	1536	33	137	0
2815	3327	1536	43	109	0
3071	3327	1536	53	85	0
3327	3327	1536	65	65	0
3583	3327	1536	77	49	0
3839	3327	1536	90	35	0
4095	3327	1536	104	25	0
0	3583	1536	0	1826	522
256	3583	1536	0	982	149
512	3583	1536	0	740	71
768	3583	1536	0	583	33
1024	3583	1536	0	468	13
1280	3583	1536	0	379	3
1536	3583	1536	0	308	0
1792	3583	1536	1	250	0
2048	3583	1536	4	202	0
2303	3583	1536	8	163	0
2559	3583	1536	14	130	0
2815	3583	1536	20	102	0
3071	3583	1536	27	79	0
3327	3583	1536	36	60	0
3583	3583	1536	45	45	0
3839	3583	1536	54	32	0
4095	3583	1536	65	22	0
0	3839	1536	0	1797	424
256	3839	1536	0	961	102
512	3839	1536	0	722	41
768	3839	1536	0	568	14
1024	3839	1536	0	454	3
1280	3839	1536	0	367	0
1536	3839	1536	0	297	0
1792	3839	1536	0	240	0
2048	3839	1536	0	194	0
2303	3839	1536	1	155	0
2559	3839	1536	3	123	0
2815	3839	1536	7	96	0
3071	3839	1536	11	74	0
3327	3839	1536	16	56	0
3583	3839	1536	22	41	0
3839	3839	1536	29	29	0
4095	3839	1536	36	19	0
0	4095	1536	0	1769	341
256	4095	1536	0	941	66
512	4095	1536	0	705	20
768	4095	1536	0	553	4
1024	4095	1536	0	441	0
1280	4095	1536	0	355	0
1536	4095	1536	0	287	0
1792	4095	1536	0	231	0
2048	4095	1536	0	185	0
2303	4095	1536	0	148	0
2559	4095	1536	0	116	0
2815	4095	1536	1	90	0
3071	4095	1536	2	69	0
3327	4095	1536	5	51	0
3583	4095	1536	8	37	0
3839	4095	1536	12	26	0
4095	4095	1536	17	17	0
0	0	1792	2805	2805	4095
256	0	1792	3705	1707	4095
512	0	1792	4072	1375	4095
768	0	1792	4095	1151	4095
1024	0	1792	4095	982	4095
1280	0	1792	4095	846	4095
1536	0	1792	4095	734	4095
1792	0	1792	4095	640	4095
2048	0	1792	4095	558	4095
2303	0	1792	4095	488	4095
2559	0	1792	4095	426	4095
2815	0	1792	4095	372	4095
3071	0	1792	4095	324	4095
3327	0	1792	4095	281	3942
3583	0	1792	4095	244	3779
3839	0	1792	4095	210	3626
4095	0	1792	4095	181	3481
0	256	1792	932	2464	4095
256	256	1792	1449	1449	4095
512	256	1792	1673	1147	3776
768	256	1792	1852	945	3382
1024	256	1792	2008	794	3072
1280	256	1792	2149	673	2815
1536	256	1792	2280	575	2596
1792	256	1792	2404	492	2404
2048	256	1792	2521	422	2234
2303	256	1792	2634	362	2081
2559	256	1792	2742	310	1942
2815	256	1792	2846	264	1816
3071	256	1792	2948	225	1700
3327	256	1792	3047	190	1593
3583	256	1792	3143	160	1494
3839	256	1792	3237	134	1402
4095	256	1792	3330	111	1317
0	512	1792	508	2344	4095
256	512	1792	894	1360	3280
512	512	1792	1068	1068	2798
768	512	1792	1209	874	2464
1024	512	1792	1333	729	2204
1280	512	1792	1447	615	1991
1536	512	1792	1553	521	1810
1792	512	1792	1653	443	1653
2048	512	1792	1749	377	1515
2303	512	1792	1841	320	1391
2559	512	1792	1930	272	1281
2815	512	1792	2017	230	1180
3071	512	1792	2101	193	1089
3327	512	1792	2183	161	1005
3583	512	1792	2264	134	929
3839	512	1792	2343	110	858
4095	512	1792	2420	90	793
0	768	1792	280	2256	3936
256	768	1792	572	1295	2590
512	768	1792	710	1011	2168
768	768	1792	823	823	1879
1024	768	1792	924	683	1656
1280	768	1792	1018	573	1474
1536	768	1792	1106	483	1321
1792	768	1792	1189	408	1189
2048	768	1792	1270	345	1074
2303	768	1792	1347	291	972
2559	768	1792	1423	245	882
2815	768	1792	1496	205	800
3071	768	1792	1568	171	727
3327	768	1792	1638	142	660
3583	768	1792	1707	116	599
3839	768	1792	1775	94	544
4095	768	1792	1841	75	493
0	1024	1792	145	2184	3294
256	1024	1792	363	1242	2084
512	1024	1792	472	965	1711
768	1024	1792	563	782	1458
1024	1024	1792	646	646	1265
1280	1024	1792	723	539	1109
1536	1024	1792	797	452	978
1792	1024	1792	867	380	867
2048	1024	1792	934	320	770
2303	1024	1792	1000	268	686
2559	1024	1792	1064	224	611
2815	1024	1792	1127	186	545
3071	1024	1792	1189	154	485
3327	1024	1792	1249	126	432
3583	1024	1792	1309	102	384
3839	1024	1792	1368	82	341
4095	1024	1792	1425	64	302
0	1280	1792	65	2123	2785
256	1280	1792	222	1197	1692
512	1280	1792	307	926	1361
768	1280	1792	380	747	1139
1024	1280	1792	447	615	970
1280	1280	1792	511	511	836
1536	1280	1792	572	427	724
1792	1280	1792	630	357	630
2048	1280	1792	688	298	550
2303	1280	1792	743	249	480
2559	1280	1792	798	207	419
2815	1280	1792	852	171	365
3071	1280	1792	905	140	318
3327	1280	1792	957	113	276
3583	1280	1792	1009	91	238
3839	1280	1792	1060	72	205
4095	1280	1792	1110	56	176
0	1536	1792	22	2069	2368
256	1536	1792	127	1157	1378
512	1536	1792	191	891	1084
768	1536	1792	248	717	889
1024	1536	1792	302	587	742
1280	1536	1792	354	486	627
1536	1536	1792	404	404	532
1792	1536	1792	453	336	453
2048	1536	1792	501	280	386
2303	1536	1792	548	232	329
2559	1536	1792	595	192	279
2815	1536	1792	640	157	237
3071	1536	1792	686	128	199
3327	1536	1792	731	103	167
3583	1536	1792	775	81	139
3839	1536	1792	820	64	115
4095	1536	1792	864	49	94
0	1792	1792	3	2020	2020
256	1792	1792	65	1122	1122
512	1792	1792	111	861	861
768	1792	1792	154	689	689
1024	1792	1792	197	563	563
1280	1792	1792	238	464	464
1536	1792	1792	278	384	384
1792	1792	1792	319	319	319
2048	1792	1792	358	264	264
2303	1792	1792	398	218	218
2559	1792	1792	437	178	178
2815	1792	1792	476	145	145
3071	1792	1792	514	117	117
3327	1792	1792	553	93	93
3583	1792	1792	591	73	73
3839	1792	1792	630	56	56
4095	1792	1792	668	42	42
0	2048	1792	0	1976	1725
256	2048	1792	27	1090	910
512	2048	1792	57	833	679
768	2048	1792	89	665	530
1024	2048	1792	120	541	421
1280	2048	1792	152	444	337
1536	2048	1792	184	366	271
1792	2048	1792	217	302	217
2048	2048	1792	249	249	173
2303	2048	1792	282	204	136
2559	2048	1792	314	167	107
2815	2048	1792	347	135	82
3071	2048	1792	380	108	62
3327	2048	1792	412	85	45
3583	2048	1792	445	66	32
3839	2048	1792	478	50	22
4095	2048	1792	511	37	14
0	2303	1792	0	1935	1472
256	2303	1792	7	1060	734
512	2303	1792	24	807	530
768	2303	1792	45	642	401
1024	2303	1792	67	521	308
1280	2303	1792	91	426	238
1536	2303	1792	115	350	184
1792	2303	1792	141	288	141
2048	2303	1792	166	236	106
2303	2303	1792	193	193	79
2559	2303	1792	219	156	57
2815	2303	1792	246	126	40
3071	2303	1792	273	100	27
3327	2303	1792	301	78	17
3583	2303	1792	329	60	9
3839	2303	1792	357	45	5
4095	2303	1792	385	33	2
0	2559	1792	0	1896	1254
256	2559	1792	0	1033	588
512	2559	1792	6	784	408
768	2559	1792	18	621	297
1024	2559	1792	32	502	219
1280	2559	1792	48	410	162
1536	2559	1792	66	335	118
1792	2559	1792	85	274	85
2048	2559	1792	105	224	59
2303	2559	1792	125	182	40
2559	2559	1792	147	147	25
2815	2559	1792	168	117	15
3071	2559	1792	191	92	8
3327	2559	1792	213	71	3
3583	2559	1792	236	54	1
3839	2559	1792	260	40	0
4095	2559	1792	284	29	0
0	2815	1792	0	1861	1064
256	2815	1792	0	1007	465
512	2815	1792	0	762	309
768	2815	1792	4	602	214
1024	2815	1792	11	485	150
1280	2815	1792	21	394	104
1536	2815	1792	33	321	71
1792	2815	1792	46	262	46
2048	2815	1792	60	213	28
2303	2815	1792	76	172	16
2559	2815	1792	92	138	8
2815	2815	1792	109	109	3
3071	2815	1792	127	85	0
3327	2815	1792	145	66	0
3583	2815	1792	164	49	0
3839	2815	1792	183	36	0
4095	2815	1792	203	25	0
0	3071	1792	0	1827	900
256	3071	1792	0	983	362
512	3071	1792	0	741	228
768	3071	1792	0	584	149
1024	3071	1792	2	469	97
1280	3071	1792	6	380	62
1536	3071	1792	12	309	37
1792	3071	1792	21	250	21
2048	3071	1792	30	203	10
2303	3071	1792	41	163	3
2559	3071	1792	53	130	1
2815	3071	1792	66	102	0
3071	3071	1792	79	79	0
3327	3071	1792	94	60	0
3583	3071	1792	108	45	0
3839	3071	1792	124	32	0
4095	3071	1792	140	22	0
0	3327	1792	0	1795	757
256	3327	1792	0	960	277
512	3327	1792	0	721	163
768	3327	1792	0	567	99
1024	3327	1792	0	454	58
1280	3327	1792	0	366	32
1536	3327	1792	2	296	16
1792	3327	1792	6	240	6
2048	3327	1792	12	193	1
2303	3327	1792	18	154	0
2559	3327	1792	26	122	0
2815	3327	1792	35	96	0
3071	3327	1792	45	74	0
3327	3327	1792	55	55	0
3583	3327	1792	67	41	0
3839	3327	1792	79	29	0
4095	3327	1792	91	19	0
0	3583	1792	0	1765	632
256	3583	1792	0	939	207
512	3583	1792	0	703	112
768	3583	1792	0	551	61
1024	3583	1792	0	439	31
1280	3583	1792	0	354	13
1536	3583	1792	0	285	4
1792	3583	1792	0	230	0
2048	3583	1792	2	184	0
2303	3583	1792	5	147	0
2559	3583	1792	10	115	0
2815	3583	1792	15	90	0
3071	3583	1792	21	68	0
3327	3583	1792	29	51	0
3583	3583	1792	37	37	0
3839	3583	1792	46	25	0
4095	3583	1792	55	17	0
0	3839	1792	0	1736	524
256	3839	1792	0	918	150
512	3839	1792	0	686	72
768	3839	1792	0	535	33
1024	3839	1792	0	426	13
1280	3839	1792	0	342	3
1536	3839	1792	0	275	0
1792	3839	1792	0	220	0
2048	3839	1792	0	176	0
2303	3839	1792	0	139	0
2559	3839	1792	2	109	0
2815	3839	1792	4	84	0
3071	3839	1792	7	64	0
3327	3839	1792	12	47	0
3583	3839	1792	17	33	0
3839	3839	1792	23	23	0
4095	3839	1792	29	15	0
0	4095	1792	0	1708	429
256	4095	1792	0	899	104
512	4095	1792	0	669	43
768	4095	1792	0	521	15
1024	4095	1792	0	413	3
1280	4095	1792	0	330	0
1536	4095	1792	0	265	0
1792	4095	1792	0	211	0
2048	4095	1792	0	168	0
2303	4095	1792	0	132	0
2559	4095	1792	0	103	0
2815	4095	1792	0	79	0
3071	4095	1792	1	59	0
3327	4095	1792	3	43	0
3583	4095	1792	5	30	0
3839	4095	1792	9	20	0
4095	4095	1792	13	13	0
0	0	2048	2733	2733	4095
256	0	2048	3621	1653	4095
512	0	2048	3984	1326	4095
768	0	2048	4095	1107	4095
1024	0	2048	4095	942	4095
1280	0	2048	4095	809	4095
1536	0	2048	4095	700	4095
1792	0	2048	4095	608	4095
2048	0	2048	4095	529	4095
2303	0	2048	4095	460	4095
2559	0	2048	4095	400	4095
2815	0	2048	4095	348	4095
3071	0	2048	4095	302	4095
3327	0	2048	4095	261	4095
3583	0	2048	4095	225	4070
3839	0	2048	4095	193	3910
4095	0	2048	4095	165	3760
0	256	2048	893	2397	4095
256	256	2048	1399	1399	4095
512	256	2048	1619	1103	4068
768	256	2048	1794	905	3656
1024	256	2048	1948	758	3333
1280	256	2048	2087	641	3064
1536	256	2048	2216	545	2834
1792	256	2048	2338	465	2633
2048	256	2048	2453	397	2453
2303	256	2048	2564	339	2292
2559	256	2048	2671	288	2146
2815	256	2048	2774	245	2013
3071	256	2048	2874	207	1890
3327	256	2048	2971	174	1777
3583	256	2048	3067	145	1671
3839	256	2048	3160	120	1574
4095	256	2048	3251	99	1482
0	512	2048	480	2279	4095
256	512	2048	856	1311	3550
512	512	2048	1026	1026	3046
768	512	2048	1163	836	2695
1024	512	2048	1285	695	2423
1280	512	2048	1397	584	2198
1536	512	2048	1501	493	2006
1792	512	2048	1599	417	1840
2048	512	2048	1693	353	1693
2303	512	2048	1784	299	1562
2559	512	2048	1872	252	1444
2815	512	2048	1957	212	1337
3071	512	2048	2040	177	1239
3327	512	2048	2121	147	1149
3583	512	2048	2200	121	1067
3839	512	2048	2278	98	990
4095	512	2048	2354	79	920
0	768	2048	260	2192	4095
256	768	2048	542	1247	2828
512	768	2048	676	970	2384
768	768	2048	786	786	2079
1024	768	2048	885	650	1843
1280	768	2048	977	543	1650
1536	768	2048	1063	456	1487
1792	768	2048	1144	383	1347
2048	768	2048	1223	322	1223
2303	768	2048	1299	271	1114
2559	768	2048	1373	226	1016
2815	768	2048	1445	188	928
3071	768	2048	1515	156	848
3327	768	2048	1584	128	775
3583	768	2048	1652	104	709
3839	768	2048	1719	83	648
4095	768	2048	1784	66	592
0	1024	2048	131	2122	3564
256	1024	2048	340	1196	2296
512	1024	2048	445	925	1902
768	1024	2048	534	746	1633
1024	1024	2048	614	614	1427
1280	1024	2048	689	510	1260
1536	1024	2048	761	426	1120
1792	1024	2048	829	356	1000
2048	1024	2048	895	298	895
2303	1024	2048	959	248	803
2559	1024	2048	1022	206	722
2815	1024	2048	1084	170	649
3071	1024	2048	1144	139	583
3327	1024	2048	1203	113	524
3583	1024	2048	1262	91	471
3839	1024	2048	1319	72	423
4095	1024	2048	1376	56	379
0	1280	2048	56	2061	3032
256	1280	2048	204	1152	1881
512	1280	2048	286	887	1530
768	1280	2048	356	712	1292
1024	1280	2048	421	584	1112
1280	1280	2048	483	483	966
1536	1280	2048	542	401	845
1792	1280	2048	599	334	743
2048	1280	2048	654	277	654
2303	1280	2048	709	230	577
2559	1280	2048	762	190	509
2815	1280	2048	815	155	449
3071	1280	2048	866	126	396
3327	1280	2048	917	101	349
3583	1280	2048	968	80	306
3839	1280	2048	1017	62	268
4095	1280	2048	1067	48	234
0	1536	2048	17	2008	2595
256	1536	2048	114	1113	1548
512	1536	2048	175	853	1233
768	1536	2048	230	683	1023
1024	1536	2048	281	557	865
1280	1536	2048	331	459	739
1536	1536	2048	379	379	635
1792	1536	2048	427	314	548
2048	1536	2048	473	260	473
2303	1536	2048	519	214	409
2559	1536	2048	564	175	353
2815	1536	2048	609	142	304
3071	1536	2048	653	115	261
3327	1536	2048	696	91	224
3583	1536	2048	740	71	191
3839	1536	2048	783	55	162
4095	1536	2048	826	41	136
0	1792	2048	2	1960	2228
256	1792	2048	56	1078	1274
512	1792	2048	99	823	993
768	1792	2048	140	656	807
1024	1792	2048	180	533	669
1280	1792	2048	219	437	560
1536	1792	2048	258	360	471
1792	1792	2048	297	297	397
2048	1792	2048	335	244	335
2303	1792	2048	373	200	282
2559	1792	2048	411	163	237
2815	1792	2048	449	131	198
3071	1792	2048	486	105	164
3327	1792	2048	524	82	136
3583	1792	2048	561	64	111
3839	1792	2048	598	48	89
4095	1792	2048	635	35	71
0	2048	2048	0	1916	1916
256	2048	2048	21	1047	1047
512	2048	2048	49	796	796
768	2048	2048	78	632	632
1024	2048	2048	108	512	512
1280	2048	2048	138	418	418
1536	2048	2048	168	343	343
1792	2048	2048	199	281	281
2048	2048	2048	230	230	230
2303	2048	2048	261	188	188
2559	2048	2048	293	152	152
2815	2048	2048	324	121	121
3071	2048	2048	356	96	96
3327	2048	2048	387	75	75
3583	2048	2048	419	57	57
3839	2048	2048	451	43	43
4095	2048	2048	483	31	31
0	2303	2048	0	1876	1648
256	2303	2048	4	1018	856
512	2303	2048	19	771	633
768	2303	2048	37	610	490
1024	2303	2048	58	492	386
1280	2303	2048	80	401	306
1536	2303	2048	103	327	243
1792	2303	2048	127	267	192
2048	2303	2048	151	218	151
2303	2303	2048	176	176	118
2559	2303	2048	202	142	90
2815	2303	2048	227	113	68
3071	2303	2048	254	88	50
3327	2303	2048	280	68	35
3583	2303	2048	307	51	24
3839	2303	2048	334	38	15
4095	2303	2048	361	27	9
0	2559	2048	0	1838	1415
256	2559	2048	0	991	696
512	2559	2048	4	748	498
768	2559	2048	13	590	373
1024	2559	2048	26	474	284
1280	2559	2048	41	385	217
1536	2559	2048	57	313	166
1792	2559	2048	75	254	125
2048	2559	2048	93	206	93
2303	2559	2048	113	166	68
2559	2559	2048	133	133	48
2815	2559	2048	153	105	32
3071	2559	2048	174	81	21
3327	2559	2048	196	62	12
3583	2559	2048	218	46	6
3839	2559	2048	240	33	2
4095	2559	2048	263	23	1
0	2815	2048	0	1803	1213
256	2815	2048	0	966	561
512	2815	2048	0	726	386
768	2815	2048	2	571	279
1024	2815	2048	8	458	204
1280	2815	2048	16	370	149
1536	2815	2048	27	300	107
1792	2815	2048	39	243	76
2048	2815	2048	52	196	52
2303	2815	2048	66	157	34
2559	2815	2048	81	124	21
2815	2815	2048	97	97	11
3071	2815	2048	114	75	5
3327	2815	2048	131	57	2
3583	2815	2048	149	42	0
3839	2815	2048	167	29	0
4095	2815	2048	186	20	0
0	3071	2048	0	1770	1036
256	3071	2048	0	942	446
512	3071	2048	0	706	294
768	3071	2048	0	553	203
1024	3071	2048	1	442	140
1280	3071	2048	4	356	96
1536	3071	2048	9	287	64
1792	3071	2048	16	232	41
2048	3071	2048	24	186	24
2303	3071	2048	34	148	13
2559	3071	2048	45	117	6
2815	3071	2048	57	91	2
3071	3071	2048	69	69	0
3327	3071	2048	83	52	0
3583	3071	2048	96	37	0
3839	3071	2048	111	26	0
4095	3071	2048	126	17	0
0	3327	2048	0	1739	881
256	3327	2048	0	920	350
512	3327	2048	0	687	219
768	3327	2048	0	537	142
1024	3327	2048	0	427	92
1280	3327	2048	0	343	57
1536	3327	2048	1	276	34
1792	3327	2048	4	221	18
2048	3327	2048	8	177	8
2303	3327	2048	14	140	3
2559	3327	2048	21	110	0
2815	3327	2048	29	85	0
3071	3327	2048	38	64	0
3327	3327	2048	47	47	0
3583	3327	2048	58	34	0
3839	3327	2048	69	23	0
4095	3327	2048	80	15	0
0	3583	2048	0	1709	745
256	3583	2048	0	899	270
512	3583	2048	0	669	158
768	3583	2048	0	521	95
1024	3583	2048	0	413	55
1280	3583	2048	0	331	30
1536	3583	2048	0	265	14
1792	3583	2048	0	212	5
2048	3583	2048	1	168	1
2303	3583	2048	3	133	0
2559	3583	2048	7	103	0
2815	3583	2048	11	79	0
3071	3583	2048	17	59	0
3327	3583	2048	23	43	0
3583	3583	2048	30	30	0
3839	3583	2048	38	20	0
4095	3583	2048	47	13	0
0	3839	2048	0	1680	626
256	3839	2048	0	879	204
512	3839	2048	0	652	109
768	3839	2048	0	506	59
1024	3839	2048	0	400	30
1280	3839	2048	0	319	13
1536	3839	2048	0	255	4
1792	3839	2048	0	203	0
2048	3839	2048	0	160	0
2303	3839	2048	0	126	0
2559	3839	2048	1	97	0
2815	3839	2048	2	74	0
3071	3839	2048	5	55	0
3327	3839	2048	8	39	0
3583	3839	2048	13	27	0
3839	3839	2048	18	18	0
4095	3839	2048	24	11	0
0	4095	2048	0	1653	521
256	4095	2048	0	860	149
512	4095	2048	0	636	71
768	4095	2048	0	492	33
1024	4095	2048	0	388	13
1280	4095	2048	0	308	3
1536	4095	2048	0	245	0
1792	4095	2048	0	194	0
2048	4095	2048	0	153	0
2303	4095	2048	0	119	0
2559	4095	2048	0	91	0
2815	4095	2048	0	69	0
3071	4095	2048	0	51	0
3327	4095	2048	1	36	0
3583	4095	2048	3	24	0
3839	4095	2048	6	16	0
4095	4095	2048	9	9	0
0	0	2303	2667	2667	4095
256	0	2303	3543	1602	4095
512	0	2303	3903	1282	4095
768	0	2303	4095	1067	4095
1024	0	2303	4095	905	4095
1280	0	2303	4095	775	4095
1536	0	2303	4095	669	4095
1792	0	2303	4095	579	4095
2048	0	2303	4095	502	4095
2303	0	2303	4095	435	4095
2559	0	2303	4095	377	4095
2815	0	2303	4095	327	4095
3071	0	2303	4095	282	4095
3327	0	2303	4095	243	4095
3583	0	2303	4095	208	4095
3839	0	2303	4095	178	4095
4095	0	2303	4095	151	4030
0	256	2303	857	2335	4095
256	256	2303	1353	1353	4095
512	256	2303	1569	1062	4095
768	256	2303	1742	869	3923
1024	256	2303	1893	725	3586
1280	256	2303	2030	611	3307
1536	256	2303	2157	518	3067
1792	256	2303	2277	440	2856
2048	256	2303	2391	374	2669
2303	256	2303	2500	318	2500
2559	256	2303	2605	269	2347
2815	256	2303	2707	227	2207
3071	256	2303	2806	191	2077
3327	256	2303	2902	160	1958
3583	256	2303	2996	132	1847
3839	256	2303	3088	109	1744
4095	256	2303	3178	88	1647
0	512	2303	455	2219	4095
256	512	2303	821	1267	3812
512	512	2303	987	987	3287
768	512	2303	1122	802	2922
1024	512	2303	1241	664	2637
1280	512	2303	1351	555	2401
1536	512	2303	1453	467	2200
1792	512	2303	1550	393	2025
2048	512	2303	1642	332	1870
2303	512	2303	1732	279	1732
2559	512	2303	1818	234	1606
2815	512	2303	1902	195	1493
3071	512	2303	1983	162	1389
3327	512	2303	2063	133	1293
3583	512	2303	2141	109	1205
3839	512	2303	2218	88	1123
4095	512	2303	2293	70	1048
0	768	2303	242	2133	4095
256	768	2303	515	1204	3060
512	768	2303	645	932	2597
768	768	2303	753	753	2277
1024	768	2303	850	620	2028
1280	768	2303	939	516	1825
1536	768	2303	1023	431	1652
1792	768	2303	1103	361	1503
2048	768	2303	1181	302	1372
2303	768	2303	1255	252	1255
2559	768	2303	1328	210	1151
2815	768	2303	1398	173	1056
3071	768	2303	1468	142	970
3327	768	2303	1535	116	892
3583	768	2303	1602	93	820
3839	768	2303	1667	74	754
4095	768	2303	1732	57	694
0	1024	2303	119	2064	3827
256	1024	2303	319	1154	2504
512	1024	2303	420	888	2090
768	1024	2303	507	714	1807
1024	1024	2303	585	585	1589
1280	1024	2303	658	484	1411
1536	1024	2303	728	402	1262
1792	1024	2303	795	335	1133
2048	1024	2303	859	278	1021
2303	1024	2303	922	231	922
2559	1024	2303	984	190	834
2815	1024	2303	1044	156	755
3071	1024	2303	1103	127	684
3327	1024	2303	1161	102	619
3583	1024	2303	1218	81	561
3839	1024	2303	1275	63	508
4095	1024	2303	1330	48	459
0	1280	2303	49	2005	3274
256	1280	2303	189	1111	2068
512	1280	2303	266	851	1697
768	1280	2303	334	681	1445
1024	1280	2303	397	555	1253
1280	1280	2303	457	457	1097
1536	1280	2303	514	378	968
1792	1280	2303	570	313	857
2048	1280	2303	624	259	761
2303	1280	2303	677	213	677
2559	1280	2303	729	174	603
2815	1280	2303	780	142	537
3071	1280	2303	831	114	478
3327	1280	2303	881	90	425
3583	1280	2303	930	71	378
3839	1280	2303	979	54	335
4095	1280	2303	1027	41	297
0	1536	2303	13	1952	2817
256	1536	2303	103	1073	1716
512	1536	2303	160	818	1383
768	1536	2303	213	652	1159
1024	1536	2303	262	529	989
1280	1536	2303	310	434	853
1536	1536	2303	357	357	740
1792	1536	2303	403	294	645
2048	1536	2303	448	242	563
2303	1536	2303	492	198	492
2559	1536	2303	536	161	430
2815	1536	2303	579	129	376
3071	1536	2303	623	103	327
3327	1536	2303	665	81	285
3583	1536	2303	708	63	247
3839	1536	2303	750	47	213
4095	1536	2303	792	35	183
0	1792	2303	1	1905	2433
256	1792	2303	48	1039	1426
512	1792	2303	88	789	1126
768	1792	2303	127	626	927
1024	1792	2303	165	506	777
1280	1792	2303	203	413	658
1536	1792	2303	240	338	561
1792	1792	2303	277	277	479
2048	1792	2303	314	227	410
2303	1792	2303	351	184	351
2559	1792	2303	388	149	300
2815	1792	2303	424	119	255
3071	1792	2303	461	94	217
3327	1792	2303	497	73	183
3583	1792	2303	533	55	153
3839	1792	2303	569	41	128
4095	1792	2303	605	29	105
0	2048	2303	0	1862	2105
256	2048	2303	17	1008	1184
512	2048	2303	42	762	914
768	2048	2303	69	603	737
1024	2048	2303	97	485	606
1280	2048	2303	125	395	503
1536	2048	2303	154	322	419
1792	2048	2303	184	262	350
2048	2048	2303	213	213	292
2303	2048	2303	243	172	243
2559	2048	2303	273	138	202
2815	2048	2303	304	110	166
3071	2048	2303	334	86	136
3327	2048	2303	365	66	110
3583	2048	2303	395	49	88
3839	2048	2303	426	36	69
4095	2048	2303	457	25	53
0	2303	2303	0	1822	1822
256	2303	2303	3	979	979
512	2303	2303	15	738	738
768	2303	2303	31	581	581
1024	2303	2303	50	466	466
1280	2303	2303	71	378	378
1536	2303	2303	92	307	307
1792	2303	2303	115	249	249
2048	2303	2303	138	201	201
2303	2303	2303	162	162	162
2559	2303	2303	186	129	129
2815	2303	2303	211	101	101
3071	2303	2303	236	78	78
3327	2303	2303	261	59	59
3583	2303	2303	287	44	44
3839	2303	2303	313	31	31
4095	2303	2303	339	22	22
0	2559	2303	0	1785	1576
256	2559	2303	0	953	806
512	2559	2303	2	715	591
768	2559	2303	10	561	453
1024	2559	2303	21	449	353
1280	2559	2303	34	362	278
1536	2559	2303	49	293	218
1792	2559	2303	66	236	171
2048	2559	2303	83	190	132
2303	2559	2303	101	152	101
2559	2559	2303	120	120	76
2815	2559	2303	140	94	56
3071	2559	2303	160	72	40
3327	2559	2303	181	54	27
3583	2559	2303	202	39	17
3839	2559	2303	223	28	10
4095	2559	2303	245	18	5
0	2815	2303	0	1750	1361
256	2815	2303	0	929	659
512	2815	2303	0	694	467
768	2815	2303	1	543	347
1024	2815	2303	5	433	262
1280	2815	2303	13	348	198
1536	2815	2303	22	280	149
1792	2815	2303	32	225	111
2048	2815	2303	45	180	81
2303	2815	2303	58	143	58
2559	2815	2303	72	112	40
2815	2815	2303	87	87	26
3071	2815	2303	103	66	16
3327	2815	2303	119	49	8
3583	2815	2303	136	35	4
3839	2815	2303	153	24	1
4095	2815	2303	171	16	0
0	3071	2303	0	1718	1172
256	3071	2303	0	905	534
512	3071	2303	0	675	365
768	3071	2303	0	526	261
1024	3071	2303	0	418	188
1280	3071	2303	2	334	136
1536	3071	2303	6	268	97
1792	3071	2303	12	215	67
2048	3071	2303	20	171	45
2303	3071	2303	28	135	28
2559	3071	2303	38	105	17
2815	3071	2303	49	81	8
3071	3071	2303	61	61	3
3327	3071	2303	73	44	1
3583	3071	2303	86	31	0
3839	3071	2303	100	21	0
4095	3071	2303	114	13	0
0	3327	2303	0	1687	1005
256	3327	2303	0	884	427
512	3327	2303	0	656	279
768	3327	2303	0	510	190
1024	3327	2303	0	403	130
1280	3327	2303	0	322	88
1536	3327	2303	0	257	58
1792	3327	2303	2	205	36
2048	3327	2303	6	162	21
2303	3327	2303	10	127	10
2559	3327	2303	16	98	4
2815	3327	2303	23	75	1
3071	3327	2303	31	56	0
3327	3327	2303	40	40	0
3583	3327	2303	50	28	0
3839	3327	2303	60	18	0
4095	3327	2303	71	11	0
0	3583	2303	0	1658	859
256	3583	2303	0	863	337
512	3583	2303	0	639	209
768	3583	2303	0	495	134
1024	3583	2303	0	390	85
1280	3583	2303	0	310	53
1536	3583	2303	0	246	30
1792	3583	2303	0	195	16
2048	3583	2303	0	154	7
2303	3583	2303	2	120	2
2559	3583	2303	4	92	0
2815	3583	2303	8	70	0
3071	3583	2303	13	51	0
3327	3583	2303	18	36	0
3583	3583	2303	25	25	0
3839	3583	2303	32	16	0
4095	3583	2303	40	9	0
0	3839	2303	0	1630	730
256	3839	2303	0	844	262
512	3839	2303	0	622	152
768	3839	2303	0	480	90
1024	3839	2303	0	377	52
1280	3839	2303	0	299	28
1536	3839	2303	0	237	13
1792	3839	2303	0	187	4
2048	3839	2303	0	146	1
2303	3839	2303	0	113	0
2559	3839	2303	0	87	0
2815	3839	2303	1	65	0
3071	3839	2303	3	47	0
3327	3839	2303	6	33	0
3583	3839	2303	9	22	0
3839	3839	2303	14	14	0
4095	3839	2303	19	8	0
0	4095	2303	0	1603	616
256	4095	2303	0	825	199
512	4095	2303	0	607	106
768	4095	2303	0	467	56
1024	4095	2303	0	365	28
1280	4095	2303	0	288	11
1536	4095	2303	0	227	3
1792	4095	2303	0	179	0
2048	4095	2303	0	139	0
2303	4095	2303	0	107	0
2559	4095	2303	0	81	0
2815	4095	2303	0	60	0
3071	4095	2303	0	43	0
3327	4095	2303	1	30	0
3583	4095	2303	2	20	0
3839	4095	2303	4	12	0
4095	4095	2303	6	6	0
0	0	2559	2606	2606	4095
256	0	2559	3472	1556	4095
512	0	2559	3827	1240	4095
768	0	2559	4095	1030	4095
1024	0	2559	4095	871	4095
1280	0	2559	4095	744	4095
1536	0	2559	4095	640	4095
1792	0	2559	4095	552	4095
2048	0	2559	4095	477	4095
2303	0	2559	4095	413	4095
2559	0	2559	4095	356	4095
2815	0	2559	4095	307	4095
3071	0	2559	4095	264	4095
3327	0	2559	4095	227	4095
3583	0	2559	4095	193	4095
3839	0	2559	4095	164	4095
4095	0	2559	4095	138	4095
0	256	2559	824	2278	4095
256	256	2559	1311	1311	4095
512	256	2559	1523	1025	4095
768	256	2559	1693	836	4095
1024	256	2559	1842	695	3835
1280	256	2559	1977	583	3544
1536	256	2559	2102	493	3295
1792	256	2559	2221	417	3076
2048	256	2559	2333	353	2881
2303	256	2559	2441	298	2705
2559	256	2559	2545	252	2545
2815	256	2559	2645	211	2398
3071	256	2559	2743	177	2263
3327	256	2559	2838	147	2137
3583	256	2559	2930	121	2021
3839	256	2559	3021	98	1912
4095	256	2559	3110	79	1811
0	512	2559	432	2163	4095
256	512	2559	789	1226	4069
512	512	2559	951	951	3524
768	512	2559	1084	770	3144
1024	512	2559	1201	635	2847
1280	512	2559	1308	529	2601
1536	512	2559	1409	443	2391
1792	512	2559	1504	372	2208
2048	512	2559	1595	312	2045
2303	512	2559	1683	261	1900
2559	512	2559	1768	218	1768
2815	512	2559	1850	181	1648
3071	512	2559	1931	149	1538
3327	512	2559	2010	122	1437
3583	512	2559	2086	98	1344
3839	512	2559	2162	78	1257
4095	512	2559	2236	61	1176
0	768	2559	225	2079	4095
256	768	2559	490	1165	3288
512	768	2559	617	898	2805
768	768	2559	722	722	2471
1024	768	2559	817	592	2211
1280	768	2559	904	491	1997
1536	768	2559	987	408	1816
1792	768	2559	1065	340	1659
2048	768	2559	1141	283	1520
2303	768	2559	1214	235	1397
2559	768	2559	1286	194	1286
2815	768	2559	1355	160	1185
3071	768	2559	1423	130	1094
3327	768	2559	1490	105	1010
3583	768	2559	1555	83	933
3839	768	2559	1620	65	862
4095	768	2559	1683	50	797
0	1024	2559	108	2010	4085
256	1024	2559	300	1115	2708
512	1024	2559	398	855	2276
768	1024	2559	482	684	1979
1024	1024	2559	558	558	1749
1280	1024	2559	630	460	1562
1536	1024	2559	698	380	1404
1792	1024	2559	763	315	1267
2048	1024	2559	826	261	1148
2303	1024	2559	888	215	1042
2559	1024	2559	948	176	948
2815	1024	2559	1007	143	863
3071	1024	2559	1065	115	786
3327	1024	2559	1122	92	717
3583	1024	2559	1178	72	653
3839	1024	2559	1234	55	595
4095	1024	2559	1288	41	542
0	1280	2559	42	1952	3510
256	1280	2559	174	1073	2253
512	1280	2559	249	818	1863
768	1280	2559	315	652	1598
1024	1280	2559	376	529	1394
1280	1280	2559	434	434	1229
1536	1280	2559	490	357	1091
1792	1280	2559	544	294	973
2048	1280	2559	596	242	870
2303	1280	2559	648	198	779
2559	1280	2559	699	161	699
2815	1280	2559	749	129	627
3071	1280	2559	799	103	563
3327	1280	2559	847	81	505
3583	1280	2559	896	62	453
3839	1280	2559	943	47	406
4095	1280	2559	991	35	363
0	1536	2559	10	1900	3035
256	1536	2559	92	1035	1884
512	1536	2559	147	786	1532
768	1536	2559	197	623	1294
1024	1536	2559	245	504	1113
1280	1536	2559	291	411	968
1536	1536	2559	337	337	847
1792	1536	2559	381	276	744
2048	1536	2559	425	225	656
2303	1536	2559	468	183	578
2559	1536	2559	511	148	511
2815	1536	2559	553	118	451
3071	1536	2559	595	93	397
3327	1536	2559	637	72	350
3583	1536	2559	678	55	307
3839	1536	2559	719	41	269
4095	1536	2559	760	29	235
0	1792	2559	0	1854	2635
256	1792	2559	42	1002	1578
512	1792	2559	79	757	1260
768	1792	2559	116	598	1047
1024	1792	2559	152	482	887
1280	1792	2559	188	391	759
1536	1792	2559	224	319	653
1792	1792	2559	260	260	565
2048	1792	2559	295	211	489
2303	1792	2559	331	170	423
2559	1792	2559	366	136	366
2815	1792	2559	402	108	317
3071	1792	2559	437	84	273
3327	1792	2559	472	64	234
3583	1792	2559	508	48	200
3839	1792	2559	543	35	170
4095	1792	2559	578	24	144
0	2048	2559	0	1811	2292
256	2048	2559	13	972	1321
512	2048	2559	36	731	1034
768	2048	2559	61	575	844
1024	2048	2559	87	461	702
1280	2048	2559	114	373	590
1536	2048	2559	141	303	498
1792	2048	2559	170	245	422
2048	2048	2559	198	198	358
2303	2048	2559	227	159	303
2559	2048	2559	256	126	256
2815	2048	2559	285	99	215
3071	2048	2559	314	76	180
3327	2048	2559	344	58	150
3583	2048	2559	374	43	123
3839	2048	2559	404	30	101
4095	2048	2559	434	21	81
0	2303	2559	0	1772	1995
256	2303	2559	1	944	1103
512	2303	2559	11	708	845
768	2303	2559	26	555	675
1024	2303	2559	43	443	550
1280	2303	2559	62	357	453
1536	2303	2559	83	288	374
1792	2303	2559	104	232	309
2048	2303	2559	126	186	255
2303	2303	2559	149	149	210
2559	2303	2559	172	117	172
2815	2303	2559	195	91	139
3071	2303	2559	220	70	112
3327	2303	2559	244	52	89
3583	2303	2559	269	38	69
3839	2303	2559	294	26	53
4095	2303	2559	319	17	39
0	2559	2559	0	1736	1736
256	2559	2559	0	918	918
512	2559	2559	1	686	686
768	2559	2559	7	535	535
1024	2559	2559	17	426	426
1280	2559	2559	29	342	342
1536	2559	2559	43	275	275
1792	2559	2559	58	220	220
2048	2559	2559	74	176	176
2303	2559	2559	91	139	139
2559	2559	2559	109	109	109
2815	2559	2559	128	84	84
3071	2559	2559	147	63	63
3327	2559	2559	167	47	47
3583	2559	2559	187	33	33
3839	2559	2559	207	23	23
4095	2559	2559	228	15	15
0	2815	2559	0	1702	1508
256	2815	2559	0	894	760
512	2815	2559	0	665	551
768	2815	2559	0	517	419
1024	2815	2559	4	410	324
1280	2815	2559	9	328	252
1536	2815	2559	17	262	196
1792	2815	2559	27	209	151
2048	2815	2559	38	166	115
2303	2815	2559	50	131	86
2559	2815	2559	64	102	64
2815	2815	2559	78	78	45
3071	2815	2559	92	58	31
3327	2815	2559	108	42	20
3583	2815	2559	124	29	12
3839	2815	2559	140	20	6
4095	2815	2559	158	12	3
0	3071	2559	0	1669	1308
256	3071	2559	0	871	624
512	3071	2559	0	646	438
768	3071	2559	0	501	322
1024	3071	2559	0	395	241
1280	3071	2559	1	315	180
1536	3071	2559	4	251	134
1792	3071	2559	9	199	98
2048	3071	2559	16	157	70
2303	3071	2559	23	123	49
2559	3071	2559	32	95	32
2815	3071	2559	42	72	20
3071	3071	2559	53	53	11
3327	3071	2559	65	38	5
3583	3071	2559	77	26	2
3839	3071	2559	90	17	0
4095	3071	2559	103	10	0
0	3327	2559	0	1639	1131
256	3327	2559	0	850	508
512	3327	2559	0	628	343
768	3327	2559	0	485	243
1024	3327	2559	0	382	174
1280	3327	2559	0	302	124
1536	3327	2559	0	240	86
1792	3327	2559	1	190	59
2048	3327	2559	4	149	38
2303	3327	2559	8	116	23
2559	3327	2559	13	88	13
2815	3327	2559	19	66	6
3071	3327	2559	26	48	2
3327	3327	2559	34	34	0
3583	3327	2559	43	23	0
3839	3327	2559	53	14	0
4095	3327	2559	63	8	0
0	3583	2559	0	1610	975
256	3583	2559	0	830	408
512	3583	2559	0	611	264
768	3583	2559	0	470	178
1024	3583	2559	0	369	120
1280	3583	2559	0	291	80
1536	3583	2559	0	230	51
1792	3583	2559	0	181	31
2048	3583	2559	0	141	17
2303	3583	2559	1	109	8
2559	3583	2559	3	83	3
2815	3583	2559	6	61	0
3071	3583	2559	10	44	0
3327	3583	2559	15	31	0
3583	3583	2559	20	20	0
3839	3583	2559	27	12	0
4095	3583	2559	34	7	0
0	3839	2559	0	1583	836
256	3839	2559	0	811	324
512	3839	2559	0	595	198
768	3839	2559	0	456	126
1024	3839	2559	0	356	79
1280	3839	2559	0	280	48
1536	3839	2559	0	220	27
1792	3839	2559	0	173	13
2048	3839	2559	0	134	5
2303	3839	2559	0	103	1
2559	3839	2559	0	77	0
2815	3839	2559	0	57	0
3071	3839	2559	2	41	0
3327	3839	2559	4	28	0
3583	3839	2559	7	18	0
3839	3839	2559	11	11	0
4095	3839	2559	15	5	0
0	4095	2559	0	1557	713
256	4095	2559	0	793	252
512	4095	2559	0	579	145
768	4095	2559	0	443	85
1024	4095	2559	0	345	48
1280	4095	2559	0	270	25
1536	4095	2559	0	212	11
1792	4095	2559	0	165	3
2048	4095	2559	0	127	0
2303	4095	2559	0	97	0
2559	4095	2559	0	72	0
2815	4095	2559	0	53	0
3071	4095	2559	0	37	0
3327	4095	2559	0	25	0
3583	4095	2559	1	16	0
3839	4095	2559	2	9	0
4095	4095	2559	4	4	0
0	0	2815	2548	2548	4095
256	0	2815	3404	1512	4095
512	0	2815	3756	1202	4095
768	0	2815	4031	995	4095
1024	0	2815	4095	839	4095
1280	0	2815	4095	715	4095
1536	0	2815	4095	613	4095
1792	0	2815	4095	528	4095
2048	0	2815	4095	455	4095
2303	0	2815	4095	392	4095
2559	0	2815	4095	337	4095
2815	0	2815	4095	290	4095
3071	0	2815	4095	248	4095
3327	0	2815	4095	212	4095
3583	0	2815	4095	180	4095
3839	0	2815	4095	151	4095
4095	0	2815	4095	127	4095
0	256	2815	793	2225	4095
256	256	2815	1272	1272	4095
512	256	2815	1480	991	4095
768	256	2815	1648	805	4095
1024	256	2815	1794	667	4078
1280	256	2815	1927	558	3778
1536	256	2815	2051	470	3519
1792	256	2815	2168	396	3292
2048	256	2815	2279	334	3089
2303	256	2815	2385	281	2906
2559	256	2815	2488	236	2740
2815	256	2815	2587	197	2587
3071	256	2815	2683	164	2446
3327	256	2815	2777	135	2315
3583	256	2815	2869	110	2194
3839	256	2815	2959	89	2080
4095	256	2815	3047	70	1973
0	512	2815	410	2111	4095
256	512	2815	759	1188	4095
512	512	2815	918	918	3757
768	512	2815	1048	740	3363
1024	512	2815	1163	609	3054
1280	512	2815	1269	505	2799
1536	512	2815	1368	422	2580
1792	512	2815	1462	352	2389
2048	512	2815	1551	294	2219
2303	512	2815	1638	245	2067
2559	512	2815	1721	203	1929
2815	512	2815	1803	168	1803
3071	512	2815	1882	137	1687
3327	512	2815	1960	111	1581
3583	512	2815	2036	89	1482
3839	512	2815	2110	70	1391
4095	512	2815	2183	54	1306
0	768	2815	210	2028	4095
256	768	2815	467	1128	3512
512	768	2815	591	866	3011
768	768	2815	694	694	2663
1024	768	2815	786	567	2392
1280	768	2815	872	468	2169
1536	768	2815	953	387	1979
1792	768	2815	1030	321	1814
2048	768	2815	1105	266	1668
2303	768	2815	1177	220	1538
2559	768	2815	1247	181	1421
2815	768	2815	1315	147	1315
3071	768	2815	1382	119	1218
3327	768	2815	1447	95	1129
3583	768	2815	1512	75	1047
3839	768	2815	1575	58	972
4095	768	2815	1638	43	902
0	1024	2815	98	1961	4095
256	1024	2815	282	1079	2910
512	1024	2815	378	823	2460
768	1024	2815	459	657	2149
1024	1024	2815	533	533	1909
1280	1024	2815	603	438	1712
1536	1024	2815	670	360	1546
1792	1024	2815	734	297	1402
2048	1024	2815	796	244	1276
2303	1024	2815	856	200	1164
2559	1024	2815	915	163	1063
2815	1024	2815	973	131	973
3071	1024	2815	1030	105	891
3327	1024	2815	1086	83	816
3583	1024	2815	1141	64	748
3839	1024	2815	1195	48	685
4095	1024	2815	1249	35	628
0	1280	2815	36	1903	3742
256	1280	2815	161	1037	2436
512	1280	2815	233	788	2029
768	1280	2815	297	625	1750
1024	1280	2815	356	505	1536
1280	1280	2815	412	412	1362
1536	1280	2815	467	338	1215
1792	1280	2815	519	277	1089
2048	1280	2815	571	226	980
2303	1280	2815	621	184	883
2559	1280	2815	671	148	797
2815	1280	2815	720	118	720
3071	1280	2815	768	93	651
3327	1280	2815	816	73	588
3583	1280	2815	864	55	531
3839	1280	2815	911	41	479
4095	1280	2815	957	29	432
0	1536	2815	7	1852	3250
256	1536	2815	83	1001	2050
512	1536	2815	135	756	1681
768	1536	2815	183	597	1430
1024	1536	2815	230	481	1239
1280	1536	2815	274	390	1084
1536	1536	2815	318	318	956
1792	1536	2815	361	259	846
2048	1536	2815	404	210	751
2303	1536	2815	445	170	667
2559	1536	2815	487	136	594
2815	1536	2815	528	107	528
3071	1536	2815	569	84	470
3327	1536	2815	610	64	418
3583	1536	2815	650	48	371
3839	1536	2815	691	35	328
4095	1536	2815	731	24	290
0	1792	2815	0	1806	2834
256	1792	2815	36	968	1729
512	1792	2815	71	728	1394
768	1792	2815	105	573	1169
1024	1792	2815	140	459	998
1280	1792	2815	174	371	861
1536	1792	2815	209	301	748
1792	1792	2815	243	243	652
2048	1792	2815	278	196	570
2303	1792	2815	312	157	499
2559	1792	2815	347	125	436
2815	1792	2815	381	98	381
3071	1792	2815	416	76	333
3327	1792	2815	450	57	290
3583	1792	2815	484	42	251
3839	1792	2815	519	30	217
4095	1792	2815	553	20	187
0	2048	2815	0	1764	2476
256	2048	2815	10	938	1459
512	2048	2815	30	703	1155
768	2048	2815	53	550	952
1024	2048	2815	78	439	800
1280	2048	2815	104	353	679
1536	2048	2815	130	285	580
1792	2048	2815	157	230	497
2048	2048	2815	184	184	427
2303	2048	2815	212	146	366
2559	2048	2815	240	115	314
2815	2048	2815	268	90	268
3071	2048	2815	297	68	228
3327	2048	2815	325	51	193
3583	2048	2815	354	37	163
3839	2048	2815	383	25	136
4095	2048	2815	412	17	113
0	2303	2815	0	1726	2166
256	2303	2815	1	911	1228
512	2303	2815	9	679	953
768	2303	2815	22	530	772
1024	2303	2815	37	421	637
1280	2303	2815	55	337	531
1536	2303	2815	74	271	445
1792	2303	2815	94	217	373
2048	2303	2815	115	173	313
2303	2303	2815	137	137	262
2559	2303	2815	159	107	219
2815	2303	2815	182	82	182
3071	2303	2815	205	62	150
3327	2303	2815	228	45	122
3583	2303	2815	252	32	99
3839	2303	2815	276	22	79
4095	2303	2815	301	14	62
0	2559	2815	0	1690	1895
256	2559	2815	0	886	1031
512	2559	2815	0	658	783
768	2559	2815	5	511	621
1024	2559	2815	13	405	501
1280	2559	2815	24	323	409
1536	2559	2815	37	258	335
1792	2559	2815	51	206	274
2048	2559	2815	66	163	223
2303	2559	2815	82	128	181
2559	2559	2815	99	99	146
2815	2559	2815	117	75	117
3071	2559	2815	135	56	92
3327	2559	2815	154	41	71
3583	2559	2815	173	28	54
3839	2559	2815	193	19	40
4095	2559	2815	213	11	28
0	2815	2815	0	1656	1656
256	2815	2815	0	862	862
512	2815	2815	0	638	638
768	2815	2815	0	494	494
1024	2815	2815	2	389	389
1280	2815	2815	7	309	309
1536	2815	2815	14	246	246
1792	2815	2815	23	195	195
2048	2815	2815	33	154	154
2303	2815	2815	44	120	120
2559	2815	2815	56	92	92
2815	2815	2815	69	69	69
3071	2815	2815	83	51	51
3327	2815	2815	98	36	36
3583	2815	2815	113	25	25
3839	2815	2815	129	16	16
4095	2815	2815	145	9	9
0	3071	2815	0	1624	1445
256	3071	2815	0	840	716
512	3071	2815	0	619	515
768	3071	2815	0	477	388
1024	3071	2815	0	375	297
1280	3071	2815	0	297	228
1536	3071	2815	3	235	175
1792	3071	2815	7	185	133
2048	3071	2815	12	145	100
2303	3071	2815	19	112	74
2559	3071	2815	27	85	53
2815	3071	2815	36	64	36
3071	3071	2815	46	46	24
3327	3071	2815	57	32	14
3583	3071	2815	69	22	8
3839	3071	2815	81	13	3
4095	3071	2815	94	7	1
0	3327	2815	0	1594	1258
256	3327	2815	0	819	590
512	3327	2815	0	601	411
768	3327	2815	0	462	299
1024	3327	2815	0	362	221
1280	3327	2815	0	285	163
1536	3327	2815	0	224	120
1792	3327	2815	0	176	86
2048	3327	2815	2	137	60
2303	3327	2815	5	105	41
2559	3327	2815	10	80	26
2815	3327	2815	15	59	15
3071	3327	2815	22	42	8
3327	3327	2815	29	29	3
3583	3327	2815	37	19	1
3839	3327	2815	46	11	0
4095	3327	2815	55	6	0
0	3583	2815	0	1566	1092
256	3583	2815	0	799	482
512	3583	2815	0	585	323
768	3583	2815	0	448	226
1024	3583	2815	0	349	160
1280	3583	2815	0	274	112
1536	3583	2815	0	215	77
1792	3583	2815	0	168	51
2048	3583	2815	0	130	32
2303	3583	2815	0	99	19
2559	3583	2815	2	74	10
2815	3583	2815	4	54	4
3071	3583	2815	7	38	1
3327	3583	2815	11	26	0
3583	3583	2815	16	16	0
3839	3583	2815	22	9	0
4095	3583	2815	29	5	0
0	3839	2815	0	1539	944
256	3839	2815	0	781	389
512	3839	2815	0	569	249
768	3839	2815	0	434	166
1024	3839	2815	0	337	111
1280	3839	2815	0	263	72
1536	3839	2815	0	206	45
1792	3839	2815	0	160	27
2048	3839	2815	0	123	14
2303	3839	2815	0	93	6
2559	3839	2815	0	69	2
2815	3839	2815	0	50	0
3071	3839	2815	1	35	0
3327	3839	2815	2	23	0
3583	3839	2815	5	14	0
3839	3839	2815	8	8	0
4095	3839	2815	12	4	0
0	4095	2815	0	1513	813
256	4095	2815	0	763	310
512	4095	2815	0	554	188
768	4095	2815	0	421	118
1024	4095	2815	0	326	73
1280	4095	2815	0	254	43
1536	4095	2815	0	197	23
1792	4095	2815	0	152	11
2048	4095	2815	0	116	4
2303	4095	2815	0	87	1
2559	4095	2815	0	64	0
2815	4095	2815	0	46	0
3071	4095	2815	0	32	0
3327	4095	2815	0	21	0
3583	4095	2815	0	12	0
3839	4095	2815	1	6	0
4095	4095	2815	3	3	0
0	0	3071	2494	2494	4095
256	0	3071	3341	1472	4095
512	0	3071	3689	1166	4095
768	0	3071	3962	963	4095
1024	0	3071	4095	810	4095
1280	0	3071	4095	688	4095
1536	0	3071	4095	588	4095
1792	0	3071	4095	505	4095
2048	0	3071	4095	434	4095
2303	0	3071	4095	372	4095
2559	0	3071	4095	319	4095
2815	0	3071	4095	273	4095
3071	0	3071	4095	233	4095
3327	0	3071	4095	198	4095
3583	0	3071	4095	167	4095
3839	0	3071	4095	140	4095
4095	0	3071	4095	116	4095
0	256	3071	765	2175	4095
256	256	3071	1235	1235	4095
512	256	3071	1440	959	4095
768	256	3071	1605	776	4095
1024	256	3071	1750	641	4095
1280	256	3071	1881	535	4007
1536	256	3071	2003	448	3740
1792	256	3071	2118	376	3505
2048	256	3071	2228	316	3296
2303	256	3071	2333	265	3106
2559	256	3071	2434	221	2933
2815	256	3071	2532	184	2774
3071	256	3071	2628	152	2628
3327	256	3071	2721	124	2492
3583	256	3071	2811	100	2365
3839	256	3071	2900	80	2247
4095	256	3071	2987	63	2135
0	512	3071	390	2062	4095
256	512	3071	731	1153	4095
512	512	3071	887	887	3986
768	512	3071	1015	713	3579
1024	512	3071	1128	584	3259
1280	512	3071	1232	483	2994
1536	512	3071	1329	401	2767
1792	512	3071	1422	334	2568
2048	512	3071	1510	278	2391
2303	512	3071	1595	230	2233
2559	512	3071	1678	190	2089
2815	512	3071	1758	155	1957
3071	512	3071	1836	126	1836
3327	512	3071	1913	101	1725
3583	512	3071	1988	80	1621
3839	512	3071	2061	63	1525
4095	512	3071	2134	48	1435
0	768	3071	197	1980	4095
256	768	3071	446	1093	3733
512	768	3071	567	836	3214
768	768	3071	667	667	2854
1024	768	3071	758	543	2572
1280	768	3071	842	446	2339
1536	768	3071	921	368	2141
1792	768	3071	997	304	1969
2048	768	3071	1070	251	1817
2303	768	3071	1141	206	1680
2559	768	3071	1210	168	1557
2815	768	3071	1277	136	1445
3071	768	3071	1343	109	1343
3327	768	3071	1408	86	1249
3583	768	3071	1471	67	1163
3839	768	3071	1534	51	1083
4095	768	3071	1595	38	1009
0	1024	3071	89	1914	4095
256	1024	3071	266	1045	3110
512	1024	3071	359	794	2642
768	1024	3071	438	631	2319
1024	1024	3071	511	511	2068
1280	1024	3071	579	417	1862
1536	1024	3071	644	342	1688
1792	1024	3071	706	280	1537
2048	1024	3071	767	229	1404
2303	1024	3071	826	187	1286
2559	1024	3071	884	151	1180
2815	1024	3071	941	121	1084
3071	1024	3071	997	96	997
3327	1024	3071	1052	74	917
3583	1024	3071	1106	57	844
3839	1024	3071	1160	42	777
4095	1024	3071	1213	30	716
0	1280	3071	31	1857	3970
256	1280	3071	149	1004	2617
512	1280	3071	219	759	2193
768	1280	3071	280	600	1902
1024	1280	3071	338	483	1678
1280	1280	3071	392	392	1494
1536	1280	3071	445	320	1340
1792	1280	3071	497	261	1207
2048	1280	3071	547	212	1091
2303	1280	3071	596	171	989
2559	1280	3071	645	137	897
2815	1280	3071	693	108	815
3071	1280	3071	740	85	740
3327	1280	3071	787	65	673
3583	1280	3071	834	49	612
3839	1280	3071	880	35	556
4095	1280	3071	925	25	505
0	1536	3071	5	1806	3462
256	1536	3071	75	968	2215
512	1536	3071	125	728	1829
768	1536	3071	171	573	1567
1024	1536	3071	215	459	1365
1280	1536	3071	258	371	1202
1536	1536	3071	301	301	1066
1792	1536	3071	343	244	949
2048	1536	3071	384	197	847
2303	1536	3071	425	157	758
2559	1536	3071	465	125	679
2815	1536	3071	506	98	609
3071	1536	3071	546	76	546
3327	1536	3071	585	57	489
3583	1536	3071	625	42	437
3839	1536	3071	664	30	391
4095	1536	3071	704	20	349
0	1792	3071	0	1761	3030
256	1792	3071	31	936	1880
512	1792	3071	63	701	1529
768	1792	3071	96	549	1291
1024	1792	3071	129	438	1111
1280	1792	3071	162	352	965
1536	1792	3071	195	284	845
1792	1792	3071	229	229	742
2048	1792	3071	262	183	654
2303	1792	3071	295	146	576
2559	1792	3071	329	115	509
2815	1792	3071	362	89	449
3071	1792	3071	396	68	396
3327	1792	3071	429	50	348
3583	1792	3071	463	36	306
3839	1792	3071	496	25	268
4095	1792	3071	530	16	234
0	2048	3071	0	1720	2659
256	2048	3071	8	907	1596
512	2048	3071	26	676	1276
768	2048	3071	47	527	1062
1024	2048	3071	70	419	900
1280	2048	3071	94	335	771
1536	2048	3071	119	269	665
1792	2048	3071	145	215	575
2048	2048	3071	171	171	499
2303	2048	3071	198	135	432
2559	2048	3071	225	106	375
2815	2048	3071	252	81	324
3071	2048	3071	280	61	280
3327	2048	3071	308	45	241
3583	2048	3071	336	32	206
3839	2048	3071	364	21	176
4095	2048	3071	392	13	149
0	2303	3071	0	1682	2336
256	2303	3071	0	880	1354
512	2303	3071	6	653	1063
768	2303	3071	18	507	870
1024	2303	3071	32	401	725
1280	2303	3071	49	320	611
1536	2303	3071	66	255	518
1792	2303	3071	85	203	440
2048	2303	3071	105	161	374
2303	2303	3071	126	126	318
2559	2303	3071	147	97	269
2815	2303	3071	169	74	228
3071	2303	3071	191	55	191
3327	2303	3071	214	40	160
3583	2303	3071	237	27	132
3839	2303	3071	261	18	109
4095	2303	3071	284	11	88
0	2559	3071	0	1646	2053
256	2559	3071	0	855	1146
512	2559	3071	0	632	882
768	2559	3071	3	489	708
1024	2559	3071	10	385	580
1280	2559	3071	20	305	479
1536	2559	3071	31	243	398
1792	2559	3071	44	192	331
2048	2559	3071	59	151	275
2303	2559	3071	74	117	227
2559	2559	3071	90	90	187
2815	2559	3071	107	68	153
3071	2559	3071	124	50	124
3327	2559	3071	142	35	100
3583	2559	3071	161	24	79
3839	2559	3071	180	15	61
4095	2559	3071	200	9	47
0	2815	3071	0	1613	1803
256	2815	3071	0	832	966
512	2815	3071	0	613	727
768	2815	3071	0	472	571
1024	2815	3071	1	370	458
1280	2815	3071	5	292	370
1536	2815	3071	11	231	300
1792	2815	3071	19	182	243
2048	2815	3071	28	142	196
2303	2815	3071	38	110	157
2559	2815	3071	50	83	124
2815	2815	3071	62	62	97
3071	2815	3071	75	45	75
3327	2815	3071	89	31	57
3583	2815	3071	103	21	42
3839	2815	3071	119	13	29
4095	2815	3071	134	7	20
0	3071	3071	0	1582	1582
256	3071	3071	0	811	811
512	3071	3071	0	594	594
768	3071	3071	0	456	456
1024	3071	3071	0	356	356
1280	3071	3071	0	280	280
1536	3071	3071	2	220	220
1792	3071	3071	5	172	172
2048	3071	3071	10	134	134
2303	3071	3071	16	103	103
2559	3071	3071	23	77	77
2815	3071	3071	31	57	57
3071	3071	3071	40	40	40
3327	3071	3071	50	28	28
3583	3071	3071	61	18	18
3839	3071	3071	73	10	10
4095	3071	3071	85	5	5
0	3327	3071	0	1553	1385
256	3327	3071	0	790	676
512	3327	3071	0	577	481
768	3327	3071	0	441	359
1024	3327	3071	0	343	272
1280	3327	3071	0	269	207
1536	3327	3071	0	210	157
1792	3327	3071	0	164	117
2048	3327	3071	1	126	86
2303	3327	3071	4	96	62
2559	3327	3071	7	72	43
2815	3327	3071	12	52	29
3071	3327	3071	18	37	18
3327	3327	3071	24	24	10
3583	3327	3071	32	15	5
3839	3327	3071	40	9	2
4095	3327	3071	49	4	0
0	3583	3071	0	1525	1210
256	3583	3071	0	771	559
512	3583	3071	0	561	385
768	3583	3071	0	427	277
1024	3583	3071	0	331	203
1280	3583	3071	0	258	148
1536	3583	3071	0	201	106
1792	3583	3071	0	156	75
2048	3583	3071	0	119	51
2303	3583	3071	0	90	34
2559	3583	3071	1	66	20
2815	3583	3071	2	48	11
3071	3583	3071	5	33	5
3327	3583	3071	9	22	2
3583	3583	3071	13	13	0
3839	3583	3071	18	7	0
4095	3583	3071	24	3	0
0	3839	3071	0	1498	1053
256	3839	3071	0	752	458
512	3839	3071	0	545	303
768	3839	3071	0	414	210
1024	3839	3071	0	319	146
1280	3839	3071	0	248	101
1536	3839	3071	0	192	68
1792	3839	3071	0	148	44
2048	3839	3071	0	113	27
2303	3839	3071	0	84	15
2559	3839	3071	0	62	7
2815	3839	3071	0	44	2
3071	3839	3071	0	30	0
3327	3839	3071	1	19	0
3583	3839	3071	3	11	0
3839	3839	3071	6	6	0
4095	3839	3071	9	2	0
0	4095	3071	0	1473	913
256	4095	3071	0	735	370
512	4095	3071	0	531	234
768	4095	3071	0	401	154
1024	4095	3071	0	308	101
1280	4095	3071	0	238	65
1536	4095	3071	0	184	40
1792	4095	3071	0	141	22
2048	4095	3071	0	106	11
2303	4095	3071	0	79	4
2559	4095	3071	0	57	1
2815	4095	3071	0	40	0
3071	4095	3071	0	27	0
3327	4095	3071	0	17	0
3583	4095	3071	0	10	0
3839	4095	3071	0	5	0
4095	4095	3071	2	2	0
0	0	3327	2443	2443	4095
256	0	3327	3281	1433	4095
512	0	3327	3626	1133	4095
768	0	3327	3896	932	4095
1024	0	3327	4095	782	4095
1280	0	3327	4095	663	4095
1536	0	3327	4095	565	4095
1792	0	3327	4095	483	4095
2048	0	3327	4095	414	4095
2303	0	3327	4095	354	4095
2559	0	3327	4095	303	4095
2815	0	3327	4095	258	4095
3071	0	3327	4095	219	4095
3327	0	3327	4095	185	4095
3583	0	3327	4095	155	4095
3839	0	3327	4095	130	4095
4095	0	3327	4095	107	4095
0	256	3327	738	2127	4095
256	256	3327	1200	1200	4095
512	256	3327	1402	928	4095
768	256	3327	1565	750	4095
1024	256	3327	1708	617	4095
1280	256	3327	1837	513	4095
1536	256	3327	1958	428	3958
1792	256	3327	2072	358	3716
2048	256	3327	2180	300	3499
2303	256	3327	2284	250	3303
2559	256	3327	2384	208	3124
2815	256	3327	2481	172	2960
3071	256	3327	2575	141	2808
3327	256	3327	2667	114	2667
3583	256	3327	2757	92	2535
3839	256	3327	2845	73	2412
4095	256	3327	2931	56	2297
0	512	3327	372	2016	4095
256	512	3327	705	1119	4095
512	512	3327	858	858	4095
768	512	3327	984	687	3792
1024	512	3327	1095	561	3462
1280	512	3327	1197	462	3187
1536	512	3327	1293	383	2952
1792	512	3327	1384	317	2746
2048	512	3327	1471	262	2563
2303	512	3327	1555	216	2398
2559	512	3327	1637	177	2248
2815	512	3327	1716	144	2111
3071	512	3327	1793	116	1985
3327	512	3327	1869	93	1869
3583	512	3327	1943	73	1760
3839	512	3327	2015	56	1660
4095	512	3327	2087	42	1566
0	768	3327	184	1935	4095
256	768	3327	426	1061	3951
512	768	3327	544	808	3415
768	768	3327	643	643	3042
1024	768	3327	731	521	2750
1280	768	3327	814	426	2509
1536	768	3327	892	350	2303
1792	768	3327	966	288	2123
2048	768	3327	1038	236	1964
2303	768	3327	1108	193	1822
2559	768	3327	1176	156	1693
2815	768	3327	1242	126	1576
3071	768	3327	1307	100	1469
3327	768	3327	1370	78	1370
3583	768	3327	1433	60	1279
3839	768	3327	1495	45	1195
4095	768	3327	1555	33	1117
0	1024	3327	81	1869	4095
256	1024	3327	251	1013	3307
512	1024	3327	341	767	2823
768	1024	3327	418	607	2488
1024	1024	3327	489	489	2227
1280	1024	3327	556	398	2012
1536	1024	3327	619	325	1830
1792	1024	3327	681	265	1672
2048	1024	3327	740	216	1533
2303	1024	3327	798	174	1409
2559	1024	3327	855	140	1297
2815	1024	3327	911	111	1196
3071	1024	3327	966	87	1104
3327	1024	3327	1020	67	1020
3583	1024	3327	1073	50	943
3839	1024	3327	1126	37	872
4095	1024	3327	1178	26	806
0	1280	3327	26	1813	4095
256	1280	3327	139	973	2797
512	1280	3327	205	733	2357
768	1280	3327	265	576	2054
1024	1280	3327	321	462	1819
1280	1280	3327	374	374	1628
1536	1280	3327	425	303	1466
1792	1280	3327	476	246	1326
2048	1280	3327	525	199	1204
2303	1280	3327	573	159	1095
2559	1280	3327	621	127	998
2815	1280	3327	668	99	911
3071	1280	3327	714	77	832
3327	1280	3327	760	58	760
3583	1280	3327	806	43	695
3839	1280	3327	851	31	634
4095	1280	3327	896	21	579
0	1536	3327	4	1764	3671
256	1536	3327	68	938	2380
512	1536	3327	115	702	1978
768	1536	3327	159	550	1703
1024	1536	3327	202	439	1492
1280	1536	3327	244	353	1321
1536	1536	3327	285	285	1177
1792	1536	3327	325	229	1053
2048	1536	3327	366	184	946
2303	1536	3327	405	146	851
2559	1536	3327	445	115	767
2815	1536	3327	484	89	691
3071	1536	3327	523	68	623
3327	1536	3327	562	51	562
3583	1536	3327	601	37	507
3839	1536	3327	640	25	456
4095	1536	3327	678	17	411
0	1792	3327	0	1719	3225
256	1792	3327	26	906	2031
512	1792	3327	56	675	1663
768	1792	3327	87	527	1414
1024	1792	3327	119	418	1224
1280	1792	3327	151	335	1071
1536	1792	3327	183	268	943
1792	1792	3327	215	215	834
2048	1792	3327	247	171	739
2303	1792	3327	279	135	657
2559	1792	3327	312	105	584
2815	1792	3327	344	81	519
3071	1792	3327	377	61	461
3327	1792	3327	410	44	410
3583	1792	3327	442	31	363
3839	1792	3327	475	21	321
4095	1792	3327	508	13	284
0	2048	3327	0	1678	2841
256	2048	3327	6	878	1734
512	2048	3327	22	651	1399
768	2048	3327	41	505	1173
1024	2048	3327	63	399	1002
1280	2048	3327	86	318	865
1536	2048	3327	110	254	751
1792	2048	3327	134	202	655
2048	2048	3327	160	160	573
2303	2048	3327	185	125	501
2559	2048	3327	211	97	439
2815	2048	3327	238	73	384
3071	2048	3327	265	54	335
3327	2048	3327	292	39	292
3583	2048	3327	319	27	253
3839	2048	3327	346	18	219
4095	2048	3327	374	11	189
0	2303	3327	0	1641	2506
256	2303	3327	0	851	1481
512	2303	3327	5	629	1174
768	2303	3327	14	486	970
1024	2303	3327	28	382	816
1280	2303	3327	43	303	694
1536	2303	3327	59	240	594
1792	2303	3327	77	190	510
2048	2303	3327	96	149	438
2303	2303	3327	116	116	377
2559	2303	3327	136	89	323
2815	2303	3327	157	67	277
3071	2303	3327	179	49	236
3327	2303	3327	201	34	201
3583	2303	3327	223	23	170
3839	2303	3327	246	15	142
4095	2303	3327	269	8	119
0	2559	3327	0	1606	2211
256	2559	3327	0	827	1262
512	2559	3327	0	608	982
768	2559	3327	2	468	797
1024	2559	3327	8	367	660
1280	2559	3327	16	289	552
1536	2559	3327	27	228	464
1792	2559	3327	39	180	391
2048	2559	3327	52	140	329
2303	2559	3327	67	108	277
2559	2559	3327	82	82	232
2815	2559	3327	98	61	193
3071	2559	3327	115	44	160
3327	2559	3327	132	30	132
3583	2559	3327	150	20	107
3839	2559	3327	168	12	86
4095	2559	3327	187	7	68
0	2815	3327	0	1573	1951
256	2815	3327	0	804	1072
512	2815	3327	0	589	817
768	2815	3327	0	451	651
1024	2815	3327	1	352	529
1280	2815	3327	3	277	433
1536	2815	3327	8	217	357
1792	2815	3327	15	170	294
2048	2815	3327	24	131	241
2303	2815	3327	33	100	197
2559	2815	3327	44	75	160
2815	2815	3327	55	55	129
3071	2815	3327	68	39	103
3327	2815	3327	81	27	81
3583	2815	3327	95	17	62
3839	2815	3327	109	10	47
4095	2815	3327	124	5	34
0	3071	3327	0	1542	1719
256	3071	3327	0	783	907
512	3071	3327	0	571	676
768	3071	3327	0	436	527
1024	3071	3327	0	339	418
1280	3071	3327	0	265	335
1536	3071	3327	1	207	269
1792	3071	3327	3	161	215
2048	3071	3327	7	124	171
2303	3071	3327	13	94	135
2559	3071	3327	19	70	105
2815	3071	3327	27	50	81
3071	3071	3327	35	35	61
3327	3071	3327	45	23	45
3583	3071	3327	55	14	31
3839	3071	3327	65	8	21
4095	3071	3327	77	4	13
0	3327	3327	0	1513	1513
256	3327	3327	0	763	763
512	3327	3327	0	554	554
768	3327	3327	0	421	421
1024	3327	3327	0	326	326
1280	3327	3327	0	254	254
1536	3327	3327	0	197	197
1792	3327	3327	0	152	152
2048	3327	3327	1	116	116
2303	3327	3327	2	88	88
2559	3327	3327	5	64	64
2815	3327	3327	9	46	46
3071	3327	3327	15	32	32
3327	3327	3327	21	21	21
3583	3327	3327	27	12	12
3839	3327	3327	35	6	6
4095	3327	3327	43	3	3
0	3583	3327	0	1486	1329
256	3583	3327	0	744	638
512	3583	3327	0	538	450
768	3583	3327	0	408	332
1024	3583	3327	0	314	249
1280	3583	3327	0	243	187
1536	3583	3327	0	188	140
1792	3583	3327	0	144	103
2048	3583	3327	0	110	74
2303	3583	3327	0	82	52
2559	3583	3327	0	60	35
2815	3583	3327	1	42	22
3071	3583	3327	4	28	13
3327	3583	3327	7	18	7
3583	3583	3327	10	10	3
3839	3583	3327	15	5	1
4095	3583	3327	20	2	0
0	3839	3327	0	1459	1164
256	3839	3327	0	726	529
512	3839	3327	0	523	360
768	3839	3327	0	395	257
1024	3839	3327	0	303	185
1280	3839	3327	0	234	133
1536	3839	3327	0	180	95
1792	3839	3327	0	137	65
2048	3839	3327	0	103	43
2303	3839	3327	0	76	27
2559	3839	3327	0	55	16
2815	3839	3327	0	38	8
3071	3839	3327	0	25	3
3327	3839	3327	1	16	1
3583	3839	3327	2	9	0
3839	3839	3327	4	4	0
4095	3839	3327	7	1	0
0	4095	3327	0	1434	1016
256	4095	3327	0	709	434
512	4095	3327	0	509	284
768	4095	3327	0	382	194
1024	4095	3327	0	292	134
1280	4095	3327	0	224	91
1536	4095	3327	0	172	60
1792	4095	3327	0	130	38
2048	4095	3327	0	97	22
2303	4095	3327	0	71	11
2559	4095	3327	0	51	5
2815	4095	3327	0	35	1
3071	4095	3327	0	23	0
3327	4095	3327	0	14	0
3583	4095	3327	0	7	0
3839	4095	3327	0	3	0
4095	4095	3327	1	1	0
0	0	3583	2394	2394	4095
256	0	3583	3224	1397	4095
512	0	3583	3565	1101	4095
768	0	3583	3833	904	4095
1024	0	3583	4064	756	4095
1280	0	3583	4095	639	4095
1536	0	3583	4095	544	4095
1792	0	3583	4095	464	4095
2048	0	3583	4095	396	4095
2303	0	3583	4095	338	4095
2559	0	3583	4095	287	4095
2815	0	3583	4095	244	4095
3071	0	3583	4095	206	4095
3327	0	3583	4095	173	4095
3583	0	3583	4095	145	4095
3839	0	3583	4095	120	4095
4095	0	3583	4095	98	4095
0	256	3583	713	2082	4095
256	256	3583	1167	1167	4095
512	256	3583	1366	900	4095
768	256	3583	1527	724	4095
1024	256	3583	1668	594	4095
1280	256	3583	1796	492	4095
1536	256	3583	1915	410	4095
1792	256	3583	2027	341	3924
2048	256	3583	2134	284	3701
2303	256	3583	2237	236	3499
2559	256	3583	2336	195	3314
2815	256	3583	2432	160	3144
3071	256	3583	2525	131	2987
3327	256	3583	2616	105	2841
3583	256	3583	2705	84	2705
3839	256	3583	2792	66	2577
4095	256	3583	2877	50	2458
0	512	3583	355	1973	4095
256	512	3583	681	1087	4095
512	512	3583	831	831	4095
768	512	3583	954	663	4002
1024	512	3583	1064	539	3662
1280	512	3583	1164	443	3379
1536	512	3583	1259	365	3136
1792	512	3583	1349	301	2923
2048	512	3583	1435	248	2733
2303	512	3583	1517	204	2562
2559	512	3583	1598	166	2407
2815	512	3583	1676	134	2265
3071	512	3583	1752	107	2134
3327	512	3583	1827	85	2012
3583	512	3583	1900	66	1900
3839	512	3583	1972	50	1795
4095	512	3583	2042	37	1697
0	768	3583	172	1893	4095
256	768	3583	407	1030	4095
512	768	3583	523	781	3614
768	768	3583	619	619	3229
1024	768	3583	706	500	2927
1280	768	3583	787	408	2677
1536	768	3583	864	334	2464
1792	768	3583	937	273	2277
2048	768	3583	1008	223	2112
2303	768	3583	1076	181	1964
2559	768	3583	1143	146	1830
2815	768	3583	1208	116	1708
3071	768	3583	1272	91	1595
3327	768	3583	1335	71	1492
3583	768	3583	1397	54	1397
3839	768	3583	1458	40	1308
4095	768	3583	1518	28	1226
0	1024	3583	73	1828	4095
256	1024	3583	237	983	3503
512	1024	3583	325	741	3003
768	1024	3583	400	584	2655
1024	1024	3583	469	469	2385
1280	1024	3583	534	380	2162
1536	1024	3583	597	309	1972
1792	1024	3583	657	251	1808
2048	1024	3583	715	203	1662
2303	1024	3583	772	163	1532
2559	1024	3583	828	130	1416
2815	1024	3583	883	102	1309
3071	1024	3583	937	79	1213
3327	1024	3583	990	60	1124
3583	1024	3583	1043	45	1043
3839	1024	3583	1094	32	967
4095	1024	3583	1146	22	898
0	1280	3583	23	1772	4095
256	1280	3583	129	944	2976
512	1280	3583	193	708	2520
768	1280	3583	251	555	2205
1024	1280	3583	305	443	1961
1280	1280	3583	357	357	1761
1536	1280	3583	407	288	1592
1792	1280	3583	456	232	1446
2048	1280	3583	504	186	1318
2303	1280	3583	551	149	1204
2559	1280	3583	598	117	1101
2815	1280	3583	644	91	1009
3071	1280	3583	690	70	925
3327	1280	3583	735	52	849
3583	1280	3583	779	38	779
3839	1280	3583	824	26	715
4095	1280	3583	868	17	656
0	1536	3583	2	1723	3878
256	1536	3583	61	909	2544
512	1536	3583	106	678	2126
768	1536	3583	148	529	1840
1024	1536	3583	190	420	1620
1280	1536	3583	230	336	1440
1536	1536	3583	270	270	1289
1792	1536	3583	309	216	1159
2048	1536	3583	349	172	1046
2303	1536	3583	387	136	945
2559	1536	3583	426	106	856
2815	1536	3583	464	82	776
3071	1536	3583	503	61	704
3327	1536	3583	541	45	638
3583	1536	3583	579	32	579
3839	1536	3583	616	22	524
4095	1536	3583	654	14	475
0	1792	3583	0	1679	3418
256	1792	3583	22	878	2181
512	1792	3583	50	652	1799
768	1792	3583	80	506	1538
1024	1792	3583	110	400	1339
1280	1792	3583	140	318	1178
1536	1792	3583	171	254	1043
1792	1792	3583	202	202	927
2048	1792	3583	233	160	827
2303	1792	3583	265	125	739
2559	1792	3583	296	97	661
2815	1792	3583	328	73	592
3071	1792	3583	360	54	530
3327	1792	3583	391	39	474
3583	1792	3583	423	27	423
3839	1792	3583	455	18	378
4095	1792	3583	487	11	336
0	2048	3583	0	1639	3021
256	2048	3583	4	850	1873
512	2048	3583	18	628	1522
768	2048	3583	36	485	1285
1024	2048	3583	57	381	1105
1280	2048	3583	78	302	960
1536	2048	3583	101	240	840
1792	2048	3583	125	190	738
2048	2048	3583	149	149	649
2303	2048	3583	174	116	573
2559	2048	3583	199	88	505
2815	2048	3583	224	66	445
3071	2048	3583	250	48	392
3327	2048	3583	277	34	345
3583	2048	3583	303	23	303
3839	2048	3583	330	14	265
4095	2048	3583	357	8	231
0	2303	3583	0	1602	2674
256	2303	3583	0	824	1608
512	2303	3583	3	606	1286
768	2303	3583	12	466	1071
1024	2303	3583	24	365	909
1280	2303	3583	38	288	779
1536	2303	3583	53	227	672
1792	2303	3583	70	178	582
2048	2303	3583	88	139	505
2303	2303	3583	107	107	438
2559	2303	3583	126	81	380
2815	2303	3583	147	60	329
3071	2303	3583	167	43	284
3327	2303	3583	188	30	245
3583	2303	3583	210	20	210
3839	2303	3583	232	12	179
4095	2303	3583	254	6	152
0	2559	3583	0	1567	2369
256	2559	3583	0	800	1378
512	2559	3583	0	586	1084
768	2559	3583	1	448	889
1024	2559	3583	6	350	743
1280	2559	3583	13	274	627
1536	2559	3583	23	215	532
1792	2559	3583	34	168	453
2048	2559	3583	46	130	386
2303	2559	3583	60	99	329
2559	2559	3583	74	74	279
2815	2559	3583	90	54	237
3071	2559	3583	106	38	200
3327	2559	3583	122	26	167
3583	2559	3583	139	17	139
3839	2559	3583	157	10	115
4095	2559	3583	175	5	94
0	2815	3583	0	1535	2098
256	2815	3583	0	778	1179
512	2815	3583	0	567	910
768	2815	3583	0	432	733
1024	2815	3583	0	335	602
1280	2815	3583	2	262	499
1536	2815	3583	6	204	416
1792	2815	3583	12	159	347
2048	2815	3583	20	122	290
2303	2815	3583	29	92	241
2559	2815	3583	38	68	200
2815	2815	3583	49	49	164
3071	2815	3583	61	34	134
3327	2815	3583	73	23	108
3583	2815	3583	87	14	87
3839	2815	3583	100	8	68
4095	2815	3583	115	3	52
0	3071	3583	0	1505	1857
256	3071	3583	0	757	1004
512	3071	3583	0	549	759
768	3071	3583	0	417	600
1024	3071	3583	0	322	483
1280	3071	3583	0	250	393
1536	3071	3583	0	194	320
1792	3071	3583	2	150	261
2048	3071	3583	5	114	212
2303	3071	3583	10	86	171
2559	3071	3583	16	63	137
2815	3071	3583	23	45	109
3071	3071	3583	31	31	85
3327	3071	3583	39	20	65
3583	3071	3583	49	12	49
3839	3071	3583	59	6	35
4095	3071	3583	70	2	25
0	3327	3583	0	1476	1642
256	3327	3583	0	737	852
512	3327	3583	0	533	629
768	3327	3583	0	403	486
1024	3327	3583	0	310	383
1280	3327	3583	0	240	303
1536	3327	3583	0	185	241
1792	3327	3583	0	142	191
2048	3327	3583	0	107	150
2303	3327	3583	1	80	116
2559	3327	3583	4	58	89
2815	3327	3583	7	41	67
3071	3327	3583	12	27	49
3327	3327	3583	17	17	35
3583	3327	3583	23	10	23
3839	3327	3583	30	5	15
4095	3327	3583	38	2	8
0	3583	3583	0	1449	1449
256	3583	3583	0	719	719
512	3583	3583	0	517	517
768	3583	3583	0	389	389
1024	3583	3583	0	298	298
1280	3583	3583	0	230	230
1536	3583	3583	0	176	176
1792	3583	3583	0	134	134
2048	3583	3583	0	101	101
2303	3583	3583	0	74	74
2559	3583	3583	0	53	53
2815	3583	3583	1	37	37
3071	3583	3583	2	24	24
3327	3583	3583	5	15	15
3583	3583	3583	8	8	8
3839	3583	3583	12	4	4
4095	3583	3583	17	1	1
0	3839	3583	0	1423	1275
256	3839	3583	0	701	602
512	3839	3583	0	502	420
768	3839	3583	0	377	307
1024	3839	3583	0	287	228
1280	3839	3583	0	220	169
1536	3839	3583	0	168	124
1792	3839	3583	0	127	90
2048	3839	3583	0	95	64
2303	3839	3583	0	69	43
2559	3839	3583	0	49	28
2815	3839	3583	0	33	17
3071	3839	3583	0	22	9
3327	3839	3583	0	13	4
3583	3839	3583	1	7	1
3839	3839	3583	3	3	0
4095	3839	3583	5	1	0
0	4095	3583	0	1398	1120
256	4095	3583	0	684	500
512	4095	3583	0	488	337
768	4095	3583	0	365	238
1024	4095	3583	0	277	170
1280	4095	3583	0	211	120
1536	4095	3583	0	160	84
1792	4095	3583	0	121	56
2048	4095	3583	0	89	36
2303	4095	3583	0	65	22
2559	4095	3583	0	45	12
2815	4095	3583	0	30	5
3071	4095	3583	0	19	2
3327	4095	3583	0	11	0
3583	4095	3583	0	5	0
3839	4095	3583	0	2	0
4095	4095	3583	0	0	0
0	0	3839	2348	2348	4095
256	0	3839	3170	1363	4095
512	0	3839	3508	1071	4095
768	0	3839	3774	877	4095
1024	0	3839	4002	732	4095
1280	0	3839	4095	617	4095
1536	0	3839	4095	523	4095
1792	0	3839	4095	445	4095
2048	0	3839	4095	379	4095
2303	0	3839	4095	322	4095
2559	0	3839	4095	273	4095
2815	0	3839	4095	231	4095
3071	0	3839	4095	194	4095
3327	0	3839	4095	163	4095
3583	0	3839	4095	135	4095
3839	0	3839	4095	111	4095
4095	0	3839	4095	90	4095
0	256	3839	689	2039	4095
256	256	3839	1136	1136	4095
512	256	3839	1333	873	4095
768	256	3839	1491	700	4095
1024	256	3839	1630	573	4095
1280	256	3839	1756	473	4095
1536	256	3839	1874	392	4095
1792	256	3839	1985	326	4095
2048	256	3839	2091	270	3900
2303	256	3839	2193	223	3692
2559	256	3839	2291	184	3502
2815	256	3839	2386	150	3327
3071	256	3839	2478	121	3165
3327	256	3839	2568	97	3014
3583	256	3839	2656	76	2874
3839	256	3839	2742	59	2742
4095	256	3839	2826	45	2618
0	512	3839	338	1931	4095
256	512	3839	657	1058	4095
512	512	3839	805	805	4095
768	512	3839	926	640	4095
1024	512	3839	1034	519	3861
1280	512	3839	1133	425	3569
1536	512	3839	1226	349	3319
1792	512	3839	1315	287	3099
2048	512	3839	1400	235	2903
2303	512	3839	1482	192	2726
2559	512	3839	1561	155	2565
2815	512	3839	1638	125	2418
3071	512	3839	1713	99	2282
3327	512	3839	1787	77	2156
3583	512	3839	1859	59	2039
3839	512	3839	1930	44	1930
4095	512	3839	2000	32	1828
0	768	3839	161	1852	4095
256	768	3839	390	1001	4095
512	768	3839	503	756	3811
768	768	3839	597	597	3415
1024	768	3839	683	481	3103
1280	768	3839	762	390	2845
1536	768	3839	838	318	2624
1792	768	3839	910	259	2431
2048	768	3839	979	210	2260
2303	768	3839	1047	170	2106
2559	768	3839	1112	136	1967
2815	768	3839	1177	108	1839
3071	768	3839	1240	84	1723
3327	768	3839	1302	64	1615
3583	768	3839	1363	48	1515
3839	768	3839	1423	35	1423
4095	768	3839	1482	24	1336
0	1024	3839	66	1788	4095
256	1024	3839	224	955	3697
512	1024	3839	309	717	3181
768	1024	3839	383	563	2822
1024	1024	3839	450	450	2542
1280	1024	3839	514	363	2311
1536	1024	3839	575	294	2115
1792	1024	3839	634	237	1943
2048	1024	3839	691	191	1792
2303	1024	3839	747	153	1657
2559	1024	3839	802	121	1535
2815	1024	3839	856	94	1424
3071	1024	3839	909	72	1322
3327	1024	3839	962	54	1229
3583	1024	3839	1013	40	1144
3839	1024	3839	1064	28	1064
4095	1024	3839	1115	19	991
0	1280	3839	19	1733	4095
256	1280	3839	119	916	3154
512	1280	3839	181	684	2682
768	1280	3839	237	534	2356
1024	1280	3839	290	425	2103
1280	1280	3839	340	340	1895
1536	1280	3839	389	274	1719
1792	1280	3839	437	219	1567
2048	1280	3839	484	175	1432
2303	1280	3839	531	139	1313
2559	1280	3839	576	108	1206
2815	1280	3839	622	83	1109
3071	1280	3839	666	63	1020
3327	1280	3839	711	46	940
3583	1280	3839	754	33	866
3839	1280	3839	798	22	798
4095	1280	3839	841	14	735
0	1536	3839	2	1685	4082
256	1536	3839	55	882	2707
512	1536	3839	98	655	2274
768	1536	3839	138	509	1977
1024	1536	3839	178	402	1748
1280	1536	3839	217	321	1560
1536	1536	3839	256	256	1402
1792	1536	3839	294	204	1266
2048	1536	3839	333	161	1147
2303	1536	3839	370	127	1041
2559	1536	3839	408	98	947
2815	1536	3839	446	74	862
3071	1536	3839	483	55	786
3327	1536	3839	520	40	716
3583	1536	3839	557	28	653
3839	1536	3839	594	18	594
4095	1536	3839	631	11	541
0	1792	3839	0	1641	3609
256	1792	3839	19	852	2331
512	1792	3839	45	629	1934
768	1792	3839	73	486	1663
1024	1792	3839	101	382	1455
1280	1792	3839	131	303	1286
1536	1792	3839	160	241	1144
1792	1792	3839	190	190	1022
2048	1792	3839	221	149	916
2303	1792	3839	251	116	823
2559	1792	3839	282	89	741
2815	1792	3839	312	67	667
3071	1792	3839	343	49	600
3327	1792	3839	374	34	540
3583	1792	3839	406	23	486
3839	1792	3839	437	15	437
4095	1792	3839	468	8	392
0	2048	3839	0	1601	3200
256	2048	3839	3	824	2011
512	2048	3839	15	605	1646
768	2048	3839	32	466	1398
1024	2048	3839	51	365	1209
1280	2048	3839	71	288	1057
1536	2048	3839	93	227	930
1792	2048	3839	116	178	822
2048	2048	3839	139	139	728
2303	2048	3839	163	107	646
2559	2048	3839	187	81	574
2815	2048	3839	212	60	510
3071	2048	3839	237	43	453
3327	2048	3839	262	30	401
3583	2048	3839	288	19	356
3839	2048	3839	314	12	314
4095	2048	3839	340	6	277
0	2303	3839	0	1565	2842
256	2303	3839	0	798	1735
512	2303	3839	2	584	1399
768	2303	3839	9	447	1174
1024	2303	3839	20	348	1003
1280	2303	3839	33	273	865
1536	2303	3839	48	214	752
1792	2303	3839	64	167	656
2048	2303	3839	81	129	573
2303	2303	3839	99	99	502
2559	2303	3839	117	74	439
2815	2303	3839	137	54	384
3071	2303	3839	157	38	335
3327	2303	3839	177	26	292
3583	2303	3839	198	16	253
3839	2303	3839	219	9	219
4095	2303	3839	241	5	189
0	2559	3839	0	1531	2526
256	2559	3839	0	775	1496
512	2559	3839	0	564	1187
768	2559	3839	1	430	982
1024	2559	3839	4	334	827
1280	2559	3839	11	260	704
1536	2559	3839	19	203	603
1792	2559	3839	30	157	518
2048	2559	3839	41	121	446
2303	2559	3839	54	91	384
2559	2559	3839	68	68	330
2815	2559	3839	82	49	283
3071	2559	3839	97	34	242
3327	2559	3839	113	22	206
3583	2559	3839	130	14	174
3839	2559	3839	147	7	147
4095	2559	3839	164	3	122
0	2815	3839	0	1499	2245
256	2815	3839	0	753	1287
512	2815	3839	0	546	1004
768	2815	3839	0	414	817
1024	2815	3839	0	320	678
1280	2815	3839	1	248	568
1536	2815	3839	5	192	478
1792	2815	3839	10	148	404
2048	2815	3839	17	113	341
2303	2815	3839	25	84	288
2559	2815	3839	34	62	242
2815	2815	3839	44	44	202
3071	2815	3839	55	30	169
3327	2815	3839	67	19	139
3583	2815	3839	79	11	114
3839	2815	3839	92	6	92
4095	2815	3839	106	2	74
0	3071	3839	0	1469	1995
256	3071	3839	0	732	1104
512	3071	3839	0	529	845
768	3071	3839	0	399	675
1024	3071	3839	0	307	550
1280	3071	3839	0	237	453
1536	3071	3839	0	183	374
1792	3071	3839	1	140	309
2048	3071	3839	4	106	255
2303	3071	3839	8	78	210
2559	3071	3839	13	57	172
2815	3071	3839	19	40	139
3071	3071	3839	26	26	112
3327	3071	3839	34	16	89
3583	3071	3839	43	9	69
3839	3071	3839	53	4	53
4095	3071	3839	63	2	39
0	3327	3839	0	1441	1771
256	3327	3839	0	713	943
512	3327	3839	0	512	707
768	3327	3839	0	386	554
1024	3327	3839	0	295	442
1280	3327	3839	0	227	356
1536	3327	3839	0	174	287
1792	3327	3839	0	132	232
2048	3327	3839	0	99	186
2303	3327	3839	1	73	148
2559	3327	3839	3	52	117
2815	3327	3839	5	36	91
3071	3327	3839	9	23	69
3327	3327	3839	14	14	52
3583	3327	3839	20	8	37
3839	3327	3839	26	3	26
4095	3327	3839	33	1	17
0	3583	3839	0	1414	1569
256	3583	3839	0	695	802
512	3583	3839	0	497	587
768	3583	3839	0	372	449
1024	3583	3839	0	284	350
1280	3583	3839	0	217	275
1536	3583	3839	0	165	216
1792	3583	3839	0	125	169
2048	3583	3839	0	93	131
2303	3583	3839	0	68	100
2559	3583	3839	0	48	75
2815	3583	3839	0	32	55
3071	3583	3839	1	21	39
3327	3583	3839	3	12	26
3583	3583	3839	6	6	17
3839	3583	3839	10	2	10
4095	3583	3839	14	1	5
0	3839	3839	0	1388	1388
256	3839	3839	0	678	678
512	3839	3839	0	483	483
768	3839	3839	0	360	360
1024	3839	3839	0	273	273
1280	3839	3839	0	208	208
1536	3839	3839	0	157	157
1792	3839	3839	0	118	118
2048	3839	3839	0	87	87
2303	3839	3839	0	63	63
2559	3839	3839	0	44	44
2815	3839	3839	0	29	29
3071	3839	3839	0	18	18
3327	3839	3839	0	10	10
3583	3839	3839	1	5	5
3839	3839	3839	2	2	2
4095	3839	3839	4	0	0
0	4095	3839	0	1364	1225
256	4095	3839	0	661	569
512	4095	3839	0	469	393
768	4095	3839	0	349	284
1024	4095	3839	0	263	208
1280	4095	3839	0	199	153
1536	4095	3839	0	150	110
1792	4095	3839	0	112	78
2048	4095	3839	0	82	54
2303	4095	3839	0	58	36
2559	4095	3839	0	40	22
2815	4095	3839	0	26	12
3071	4095	3839	0	16	6
3327	4095	3839	0	9	2
3583	4095	3839	0	4	0
3839	4095	3839	0	1	0
4095	4095	3839	0	0	0
0	0	4095	2304	2304	4095
256	0	4095	3118	1330	4095
512	0	4095	3453	1042	4095
768	0	4095	3717	851	4095
1024	0	4095	3943	709	4095
1280	0	4095	4095	596	4095
1536	0	4095	4095	504	4095
1792	0	4095	4095	427	4095
2048	0	4095	4095	362	4095
2303	0	4095	4095	307	4095
2559	0	4095	4095	260	4095
2815	0	4095	4095	219	4095
3071	0	4095	4095	183	4095
3327	0	4095	4095	152	4095
3583	0	4095	4095	126	4095
3839	0	4095	4095	103	4095
4095	0	4095	4095	83	4095
0	256	4095	667	1999	4095
256	256	4095	1106	1106	4095
512	256	4095	1300	847	4095
768	256	4095	1457	678	4095
1024	256	4095	1594	552	4095
1280	256	4095	1719	455	4095
1536	256	4095	1835	376	4095
1792	256	4095	1945	311	4095
2048	256	4095	2050	257	4095
2303	256	4095	2150	211	3884
2559	256	4095	2247	173	3689
2815	256	4095	2341	140	3509
3071	256	4095	2432	113	3342
3327	256	4095	2522	89	3187
3583	256	4095	2609	70	3041
3839	256	4095	2694	53	2905
4095	256	4095	2777	40	2777
0	512	4095	323	1892	4095
256	512	4095	636	1029	4095
512	512	4095	781	781	4095
768	512	4095	900	619	4095
1024	512	4095	1006	500	4057
1280	512	4095	1104	407	3758
1536	512	4095	1196	333	3500
1792	512	4095	1283	273	3274
2048	512	4095	1367	222	3072
2303	512	4095	1447	181	2889
2559	512	4095	1526	145	2723
2815	512	4095	1602	116	2571
3071	512	4095	1676	91	2430
3327	512	4095	1749	71	2300
3583	512	4095	1820	54	2179
3839	512	4095	1891	40	2066
4095	512	4095	1960	28	1960
0	768	4095	151	1813	4095
256	768	4095	374	973	4095
512	768	4095	484	733	4007
768	768	4095	577	577	3599
1024	768	4095	660	462	3278
1280	768	4095	739	374	3012
1536	768	4095	813	303	2784
1792	768	4095	884	246	2585
2048	768	4095	952	199	2407
2303	768	4095	1018	159	2248
2559	768	4095	1083	127	2103
2815	768	4095	1147	99	1971
3071	768	4095	1209	77	1850
3327	768	4095	1270	58	1738
3583	768	4095	1330	43	1634
3839	768	4095	1389	31	1538
4095	768	4095	1448	21	1448
0	1024	4095	60	1750	4095
256	1024	4095	212	928	3889
512	1024	4095	295	694	3358
768	1024	4095	366	543	2989
1024	1024	4095	433	433	2699
1280	1024	4095	495	347	2461
1536	1024	4095	555	280	2257
1792	1024	4095	613	225	2079
2048	1024	4095	669	180	1922
2303	1024	4095	724	143	1782
2559	1024	4095	778	112	1655
2815	1024	4095	831	87	1539
3071	1024	4095	883	66	1433
3327	1024	4095	935	49	1336
3583	1024	4095	986	35	1246
3839	1024	4095	1036	24	1163
4095	1024	4095	1086	16	1086
0	1280	4095	16	1696	4095
256	1280	4095	111	890	3330
512	1280	4095	171	662	2844
768	1280	4095	225	514	2507
1024	1280	4095	276	407	2245
1280	1280	4095	325	325	2030
1536	1280	4095	373	260	1847
1792	1280	4095	420	207	1688
2048	1280	4095	466	165	1548
2303	1280	4095	511	129	1423
2559	1280	4095	556	100	1311
2815	1280	4095	600	76	1209
3071	1280	4095	644	57	1117
3327	1280	4095	688	41	1032
3583	1280	4095	731	29	954
3839	1280	4095	774	19	883
4095	1280	4095	816	12	816
0	1536	4095	1	1648	4095
256	1536	4095	49	856	2869
512	1536	4095	90	633	2422
768	1536	4095	129	490	2115
1024	1536	4095	167	386	1876
1280	1536	4095	205	306	1681
1536	1536	4095	243	243	1517
1792	1536	4095	280	192	1374
2048	1536	4095	317	151	1250
2303	1536	4095	354	118	1139
2559	1536	4095	391	90	1040
2815	1536	4095	428	68	950
3071	1536	4095	465	50	869
3327	1536	4095	501	35	796
3583	1536	4095	537	24	728
3839	1536	4095	574	15	667
4095	1536	4095	610	9	610
0	1792	4095	0	1605	3799
256	1792	4095	16	826	2481
512	1792	4095	40	608	2070
768	1792	4095	66	467	1788
1024	1792	4095	94	366	1571
1280	1792	4095	122	289	1395
1536	1792	4095	150	228	1246
1792	1792	4095	179	179	1119
2048	1792	4095	209	140	1007
2303	1792	4095	238	108	909
2559	1792	4095	268	82	822
2815	1792	4095	298	60	743
3071	1792	4095	328	44	673
3327	1792	4095	358	30	609
3583	1792	4095	389	20	551
3839	1792	4095	419	12	498
4095	1792	4095	450	6	450
0	2048	4095	0	1566	3378
256	2048	4095	2	799	2150
512	2048	4095	12	585	1770
768	2048	4095	28	448	1512
1024	2048	4095	45	349	1315
1280	2048	4095	65	274	1155
1536	2048	4095	86	215	1022
1792	2048	4095	107	168	908
2048	2048	4095	130	130	809
2303	2048	4095	153	99	722
2559	2048	4095	176	74	645
2815	2048	4095	200	54	576
3071	2048	4095	224	38	515
3327	2048	4095	249	26	460
3583	2048	4095	274	16	411
3839	2048	4095	300	9	366
4095	2048	4095	325	5	325
0	2303	4095	0	1529	3009
256	2303	4095	0	774	1863
512	2303	4095	1	564	1514
768	2303	4095	7	429	1277
1024	2303	4095	17	333	1098
1280	2303	4095	29	260	954
1536	2303	4095	42	203	834
1792	2303	4095	58	157	732
2048	2303	4095	74	120	644
2303	2303	4095	91	91	568
2559	2303	4095	109	67	501
2815	2303	4095	128	48	441
3071	2303	4095	147	34	388
3327	2303	4095	166	22	341
3583	2303	4095	187	14	300
3839	2303	4095	207	7	262
4095	2303	4095	228	3	228
0	2559	4095	0	1496	2682
256	2559	4095	0	751	1614
512	2559	4095	0	544	1292
768	2559	4095	0	413	1076
1024	2559	4095	3	318	913
1280	2559	4095	9	247	783
1536	2559	4095	16	191	676
1792	2559	4095	26	147	585
2048	2559	4095	36	112	508
2303	2559	4095	48	84	441
2559	2559	4095	61	61	383
2815	2559	4095	75	43	332
3071	2559	4095	90	30	287
3327	2559	4095	105	19	247
3583	2559	4095	121	11	212
3839	2559	4095	137	6	181
4095	2559	4095	154	2	154
0	2815	4095	0	1464	2392
256	2815	4095	0	729	1396
512	2815	4095	0	526	1099
768	2815	4095	0	397	903
1024	2815	4095	0	305	755
1280	2815	4095	1	235	638
1536	2815	4095	3	181	543
1792	2815	4095	8	139	463
2048	2815	4095	14	105	395
2303	2815	4095	21	77	337
2559	2815	4095	30	56	287
2815	2815	4095	39	39	243
3071	2815	4095	49	26	206
3327	2815	4095	60	16	173
3583	2815	4095	72	9	144
3839	2815	4095	85	4	119
4095	2815	4095	98	1	98
0	3071	4095	0	1435	2133
256	3071	4095	0	709	1204
512	3071	4095	0	509	932
768	3071	4095	0	383	753
1024	3071	4095	0	293	620
1280	3071	4095	0	225	515
1536	3071	4095	0	172	431
1792	3071	4095	1	130	360
2048	3071	4095	3	98	302
2303	3071	4095	6	72	252
2559	3071	4095	11	51	209
2815	3071	4095	16	35	173
3071	3071	4095	23	23	142
3327	3071	4095	30	14	115
3583	3071	4095	38	7	93
3839	3071	4095	47	3	73
4095	3071	4095	57	1	57
0	3327	4095	0	1407	1900
256	3327	4095	0	690	1035
512	3327	4095	0	493	786
768	3327	4095	0	369	623
1024	3327	4095	0	281	504
1280	3327	4095	0	214	411
1536	3327	4095	0	163	337
1792	3327	4095	0	123	276
2048	3327	4095	0	91	225
2303	3327	4095	0	66	183
2559	3327	4095	2	47	148
2815	3327	4095	4	31	118
3071	3327	4095	7	20	93
3327	3327	4095	12	12	72
3583	3327	4095	17	6	55
3839	3327	4095	22	2	41
4095	3327	4095	29	0	29
0	3583	4095	0	1380	1691
256	3583	4095	0	672	886
512	3583	4095	0	478	659
768	3583	4095	0	356	512
1024	3583	4095	0	270	405
1280	3583	4095	0	205	323
1536	3583	4095	0	155	258
1792	3583	4095	0	116	206
2048	3583	4095	0	85	163
2303	3583	4095	0	61	128
2559	3583	4095	0	43	99
2815	3583	4095	0	28	76
3071	3583	4095	1	17	56
3327	3583	4095	2	10	41
3583	3583	4095	5	5	28
3839	3583	4095	8	1	19
4095	3583	4095	11	0	11
0	3839	4095	0	1355	1502
256	3839	4095	0	655	755
512	3839	4095	0	464	547
768	3839	4095	0	344	416
1024	3839	4095	0	260	321
1280	3839	4095	0	196	249
1536	3839	4095	0	147	193
1792	3839	4095	0	110	149
2048	3839	4095	0	80	114
2303	3839	4095	0	57	85
2559	3839	4095	0	39	62
2815	3839	4095	0	25	44
3071	3839	4095	0	15	30
3327	3839	4095	0	8	19
3583	3839	4095	0	3	11
3839	3839	4095	1	1	6
4095	3839	4095	2	0	2
0	4095	4095	0	1331	1331
256	4095	4095	0	639	639
512	4095	4095	0	451	451
768	4095	4095	0	333	333
1024	4095	4095	0	250	250
1280	4095	4095	0	188	188
1536	4095	4095	0	140	140
1792	4095	4095	0	104	104
2048	4095	4095	0	75	75
2303	4095	4095	0	53	53
2559	4095	4095	0	35	35
2815	4095	4095	0	23	23
3071	4095	4095	0	13	13
3327	4095	4095	0	7	7
3583	4095	4095	0	3	3
3839	4095	4095	0	1	1
4095	4095	4095	0	0	0