0	0	0	4095	4095	4095
256	0	0	3827	2996	2911
512	0	0	3730	2636	2527
768	0	0	3659	2383	2260
1024	0	0	3600	2184	2050
1280	0	0	3549	2017	1876
1536	0	0	3504	1875	1727
1792	0	0	3463	1749	1598
2048	0	0	3425	1638	1483
2303	0	0	3391	1538	1380
2559	0	0	3358	1446	1286
2815	0	0	3327	1362	1201
3071	0	0	3298	1285	1123
3327	0	0	3270	1213	1051
3583	0	0	3244	1147	984
3839	0	0	3218	1085	922
4095	0	0	3194	1027	865
0	256	0	2589	3360	1543
256	256	0	2381	2381	883
512	256	0	2307	2065	689
768	256	0	2252	1844	560
1024	256	0	2207	1671	465
1280	256	0	2168	1528	389
1536	256	0	2134	1406	328
1792	256	0	2102	1299	276
2048	256	0	2074	1204	233
2303	256	0	2047	1120	197
2559	256	0	2022	1043	165
2815	256	0	1999	973	138
3071	256	0	1977	909	115
3327	256	0	1956	850	95
3583	256	0	1936	795	78
3839	256	0	1917	744	63
4095	256	0	1899	697	50
0	512	0	2126	3108	927
256	512	0	1939	2173	447
512	512	0	1873	1873	316
768	512	0	1824	1664	234
1024	512	0	1784	1500	176
1280	512	0	1749	1366	133
1536	512	0	1718	1251	99
1792	512	0	1691	1151	74
2048	512	0	1665	1062	53
2303	512	0	1642	983	38
2559	512	0	1620	912	26
2815	512	0	1599	847	17
3071	512	0	1580	787	10
3327	512	0	1561	733	5
3583	512	0	1543	682	2
3839	512	0	1526	636	1
4095	512	0	1510	593	0
0	768	0	1811	2926	575
256	768	0	1640	2024	222
512	768	0	1580	1735	136
768	768	0	1535	1535	86
1024	768	0	1498	1379	54
1280	768	0	1467	1250	32
1536	768	0	1439	1141	18
1792	768	0	1414	1046	9
2048	768	0	1391	962	3
2303	768	0	1370	887	1
2559	768	0	1350	820	0
2815	768	0	1331	758	0
3071	768	0	1313	703	0
3327	768	0	1297	651	0
3583	768	0	1281	604	0
3839	768	0	1265	561	0
4095	768	0	1251	520	0
0	1024	0	1570	2780	351
256	1024	0	1413	1905	98
512	1024	0	1357	1626	46
768	1024	0	1316	1433	21
1024	1024	0	1282	1282	8
1280	1024	0	1253	1159	2
1536	1024	0	1228	1054	0
1792	1024	0	1205	963	0
2048	1024	0	1184	883	0
2303	1024	0	1164	812	0
2559	1024	0	1146	747	0
2815	1024	0	1129	689	0
3071	1024	0	1113	636	0
3327	1024	0	1097	588	0
3583	1024	0	1083	543	0
3839	1024	0	1069	502	0
4095	1024	0	1056	464	0
0	1280	0	1376	2655	203
256	1280	0	1230	1804	33
512	1280	0	1178	1533	8
768	1280	0	1140	1346	1
1024	1280	0	1109	1201	0
1280	1280	0	1082	1082	0
1536	1280	0	1059	981	0
1792	1280	0	1037	894	0
2048	1280	0	1018	817	0
2303	1280	0	1000	749	0
2559	1280	0	983	687	0
2815	1280	0	968	632	0
3071	1280	0	953	581	0
3327	1280	0	939	535	0
3583	1280	0	925	493	0
3839	1280	0	912	454	0
4095	1280	0	900	418	0
0	1536	0	1214	2547	107
256	1536	0	1077	1716	5
512	1536	0	1029	1453	0
768	1536	0	994	1272	0
1024	1536	0	965	1131	0
1280	1536	0	940	1016	0
1536	1536	0	919	919	0
1792	1536	0	899	834	0
2048	1536	0	881	760	0
2303	1536	0	864	695	0
2559	1536	0	849	636	0
2815	1536	0	834	583	0
3071	1536	0	821	534	0
3327	1536	0	808	490	0
3583	1536	0	795	450	0
3839	1536	0	784	413	0
4095	1536	0	772	379	0
0	1792	0	1075	2450	48
256	1792	0	948	1638	0
512	1792	0	903	1382	0
768	1792	0	870	1206	0
1024	1792	0	843	1069	0
1280	1792	0	820	958	0
1536	1792	0	800	863	0
1792	1792	0	782	782	0
2048	1792	0	765	711	0
2303	1792	0	750	647	0
2559	1792	0	736	591	0
2815	1792	0	722	540	0
3071	1792	0	710	493	0
3327	1792	0	698	451	0
3583	1792	0	686	413	0
3839	1792	0	675	378	0
4095	1792	0	665	345	0
0	2048	0	955	2362	15
256	2048	0	836	1568	0
512	2048	0	794	1318	0
768	2048	0	764	1146	0
1024	2048	0	739	1014	0
1280	2048	0	717	905	0
1536	2048	0	699	814	0
1792	2048	0	682	735	0
2048	2048	0	666	666	0
2303	2048	0	652	605	0
2559	2048	0	639	551	0
2815	2048	0	626	502	0
3071	2048	0	615	457	0
3327	2048	0	604	417	0
3583	2048	0	593	380	0
3839	2048	0	583	346	0
4095	2048	0	573	316	0
0	2303	0	850	2282	2
256	2303	0	739	1504	0
512	2303	0	700	1260	0
768	2303	0	671	1092	0
1024	2303	0	648	963	0
1280	2303	0	628	858	0
1536	2303	0	611	769	0
1792	2303	0	595	693	0
2048	2303	0	581	626	0
2303	2303	0	567	567	0
2559	2303	0	555	515	0
2815	2303	0	544	468	0
3071	2303	0	533	425	0
3327	2303	0	523	386	0
3583	2303	0	513	351	0
3839	2303	0	504	319	0
4095	2303	0	495	289	0
0	2559	0	758	2208	0
256	2559	0	653	1445	0
512	2559	0	617	1206	0
768	2559	0	590	1043	0
1024	2559	0	568	917	0
1280	2559	0	550	815	0
1536	2559	0	534	729	0
1792	2559	0	519	654	0
2048	2559	0	506	590	0
2303	2559	0	493	533	0
2559	2559	0	482	482	0
2815	2559	0	471	437	0
3071	2559	0	461	395	0
3327	2559	0	452	358	0
3583	2559	0	443	324	0
3839	2559	0	434	294	0
4095	2559	0	426	265	0
0	2815	0	675	2138	0
256	2815	0	577	1390	0
512	2815	0	543	1157	0
768	2815	0	518	997	0
1024	2815	0	498	874	0
1280	2815	0	481	775	0
1536	2815	0	466	691	0
1792	2815	0	452	619	0
2048	2815	0	440	556	0
2303	2815	0	429	501	0
2559	2815	0	418	452	0
2815	2815	0	408	408	0
3071	2815	0	399	369	0
3327	2815	0	390	333	0
3583	2815	0	382	300	0
3839	2815	0	374	271	0
4095	2815	0	367	244	0
0	3071	0	601	2074	0
256	3071	0	510	1339	0
512	3071	0	478	1110	0
768	3071	0	455	955	0
1024	3071	0	436	835	0
1280	3071	0	420	738	0
1536	3071	0	406	656	0
1792	3071	0	393	586	0
2048	3071	0	382	526	0
2303	3071	0	371	472	0
2559	3071	0	362	425	0
2815	3071	0	353	382	0
3071	3071	0	344	344	0
3327	3071	0	336	310	0
3583	3071	0	328	278	0
3839	3071	0	321	250	0
4095	3071	0	314	224	0
0	3327	0	535	2013	0
256	3327	0	449	1291	0
512	3327	0	420	1067	0
768	3327	0	398	915	0
1024	3327	0	381	798	0
1280	3327	0	366	703	0
1536	3327	0	353	624	0
1792	3327	0	341	556	0
2048	3327	0	331	497	0
2303	3327	0	321	445	0
2559	3327	0	312	399	0
2815	3327	0	304	358	0
3071	3327	0	296	321	0
3327	3327	0	288	288	0
3583	3327	0	281	258	0
3839	3327	0	275	231	0
4095	3327	0	268	207	0
0	3583	0	476	1956	0
256	3583	0	395	1246	0
512	3583	0	368	1027	0
768	3583	0	348	878	0
1024	3583	0	332	764	0
1280	3583	0	318	671	0
1536	3583	0	306	594	0
1792	3583	0	295	528	0
2048	3583	0	285	470	0
2303	3583	0	276	420	0
2559	3583	0	268	376	0
2815	3583	0	260	336	0
3071	3583	0	253	301	0
3327	3583	0	246	269	0
3583	3583	0	240	240	0
3839	3583	0	234	214	0
4095	3583	0	228	190	0
0	3839	0	422	1901	0
256	3839	0	347	1204	0
512	3839	0	321	989	0
768	3839	0	303	843	0
1024	3839	0	288	731	0
1280	3839	0	275	641	0
1536	3839	0	264	566	0
1792	3839	0	254	501	0
2048	3839	0	245	446	0
2303	3839	0	237	397	0
2559	3839	0	229	354	0
2815	3839	0	222	316	0
3071	3839	0	216	281	0
3327	3839	0	209	250	0
3583	3839	0	203	223	0
3839	3839	0	198	198	0
4095	3839	0	193	175	0
0	4095	0	374	1850	0
256	4095	0	304	1163	0
512	4095	0	280	953	0
768	4095	0	263	810	0
1024	4095	0	249	701	0
1280	4095	0	237	613	0
1536	4095	0	227	539	0
1792	4095	0	218	477	0
2048	4095	0	209	422	0
2303	4095	0	202	375	0
2559	4095	0	195	333	0
2815	4095	0	188	296	0
3071	4095	0	182	263	0
3327	4095	0	177	234	0
3583	4095	0	171	207	0
3839	4095	0	166	183	0
4095	4095	0	161	161	0
0	0	256	3530	3530	4095
256	0	256	3283	2523	4095
512	0	256	3195	2196	4095
768	0	256	3129	1967	3931
1024	0	256	3075	1788	3645
1280	0	256	3028	1639	3406
1536	0	256	2987	1512	3199
1792	0	256	2949	1401	3017
2048	0	256	2915	1302	2853
2303	0	256	2883	1214	2705
2559	0	256	2853	1134	2570
2815	0	256	2825	1060	2445
3071	0	256	2798	993	2329
3327	0	256	2773	931	2221
3583	0	256	2749	874	2120
3839	0	256	2725	820	2026
4095	0	256	2703	770	1937
0	256	256	2154	2855	2940
256	256	256	1966	1966	1966
512	256	256	1899	1682	1659
768	256	256	1849	1485	1447
1024	256	256	1809	1332	1284
1280	256	256	1774	1206	1150
1536	256	256	1743	1099	1037
1792	256	256	1715	1005	939
2048	256	256	1690	923	853
2303	256	256	1666	850	778
2559	256	256	1644	784	710
2815	256	256	1623	725	648
3071	256	256	1603	670	593
3327	256	256	1585	620	542
3583	256	256	1567	574	496
3839	256	256	1550	532	454
4095	256	256	1533	493	415
0	512	256	1736	2625	2033
256	512	256	1570	1779	1253
512	512	256	1511	1511	1015
768	512	256	1467	1325	855
1024	512	256	1431	1181	733
1280	512	256	1401	1063	635
1536	512	256	1374	963	554
1792	512	256	1349	877	485
2048	512	256	1327	801	426
2303	512	256	1306	733	375
2559	512	256	1286	673	330
2815	512	256	1268	618	290
3071	512	256	1251	568	254
3327	512	256	1235	522	223
3583	512	256	1219	481	195
3839	512	256	1204	442	170
4095	512	256	1190	407	147
0	768	256	1455	2459	1472
256	768	256	1305	1645	831
512	768	256	1251	1389	643
768	768	256	1212	1212	520
1024	768	256	1180	1075	428
1280	768	256	1152	963	356
1536	768	256	1128	868	297
1792	768	256	1106	787	249
2048	768	256	1086	715	208
2303	768	256	1067	652	174
2559	768	256	1050	595	145
2815	768	256	1033	544	120
3071	768	256	1018	497	98
3327	768	256	1003	455	80
3583	768	256	990	416	64
3839	768	256	976	381	51
4095	768	256	964	348	40
0	1024	256	1243	2326	1080
256	1024	256	1105	1539	551
512	1024	256	1056	1292	403
768	1024	256	1020	1122	309
1024	1024	256	991	991	241
1280	1024	256	966	884	189
1536	1024	256	944	794	148
1792	1024	256	924	716	116
2048	1024	256	905	648	89
2303	1024	256	889	588	68
2559	1024	256	873	534	51
2815	1024	256	858	486	37
3071	1024	256	844	443	26
3327	1024	256	831	403	18
3583	1024	256	819	367	11
3839	1024	256	807	334	7
4095	1024	256	795	304	3
0	1280	256	1072	2213	792
256	1280	256	945	1449	357
512	1280	256	900	1210	243
768	1280	256	868	1047	172
1024	1280	256	841	921	124
1280	1280	256	818	818	89
1536	1280	256	798	732	62
1792	1280	256	780	657	43
2048	1280	256	763	593	28
2303	1280	256	748	536	17
2559	1280	256	733	485	10
2815	1280	256	720	439	5
3071	1280	256	707	398	2
3327	1280	256	695	360	0
3583	1280	256	684	326	0
3839	1280	256	673	296	0
4095	1280	256	663	267	0
0	1536	256	931	2115	574
256	1536	256	814	1371	222
512	1536	256	773	1140	136
768	1536	256	742	982	86
1024	1536	256	718	860	54
1280	1536	256	697	761	32
1536	1536	256	678	678	18
1792	1536	256	662	607	9
2048	1536	256	647	545	3
2303	1536	256	633	491	1
2559	1536	256	620	442	0
2815	1536	256	607	399	0
3071	1536	256	596	360	0
3327	1536	256	585	324	0
3583	1536	256	575	292	0
3839	1536	256	565	263	0
4095	1536	256	555	237	0
0	1792	256	812	2028	409
256	1792	256	703	1303	128
512	1792	256	665	1078	67
768	1792	256	637	924	34
1024	1792	256	615	807	16
1280	1792	256	596	712	6
1536	1792	256	579	632	1
1792	1792	256	563	563	0
2048	1792	256	549	504	0
2303	1792	256	537	452	0
2559	1792	256	525	405	0
2815	1792	256	514	364	0
3071	1792	256	503	327	0
3327	1792	256	493	293	0
3583	1792	256	484	263	0
3839	1792	256	475	236	0
4095	1792	256	466	211	0
0	2048	256	709	1949	282
256	2048	256	609	1241	66
512	2048	256	574	1022	26
768	2048	256	548	873	8
1024	2048	256	527	759	1
1280	2048	256	510	667	0
1536	2048	256	494	590	0
1792	2048	256	480	524	0
2048	2048	256	467	467	0
2303	2048	256	456	417	0
2559	2048	256	445	373	0
2815	2048	256	434	333	0
3071	2048	256	425	298	0
3327	2048	256	416	266	0
3583	2048	256	407	238	0
3839	2048	256	399	212	0
4095	2048	256	391	188	0
0	2303	256	621	1876	187
256	2303	256	527	1184	27
512	2303	256	495	971	5
768	2303	256	471	827	0
1024	2303	256	452	716	0
1280	2303	256	436	627	0
1536	2303	256	422	553	0
1792	2303	256	409	489	0
2048	2303	256	397	434	0
2303	2303	256	387	387	0
2559	2303	256	377	344	0
2815	2303	256	367	306	0
3071	2303	256	359	273	0
3327	2303	256	350	242	0
3583	2303	256	342	215	0
3839	2303	256	335	191	0
4095	2303	256	328	169	0
0	2559	256	543	1810	116
256	2559	256	456	1132	7
512	2559	256	426	925	0
768	2559	256	405	784	0
1024	2559	256	387	677	0
1280	2559	256	372	591	0
1536	2559	256	359	519	0
1792	2559	256	347	458	0
2048	2559	256	337	405	0
2303	2559	256	327	359	0
2559	2559	256	318	318	0
2815	2559	256	309	282	0
3071	2559	256	301	250	0
3327	2559	256	294	221	0
3583	2559	256	287	195	0
3839	2559	256	280	172	0
4095	2559	256	274	151	0
0	2815	256	475	1748	66
256	2815	256	394	1085	0
512	2815	256	367	882	0
768	2815	256	347	745	0
1024	2815	256	331	641	0
1280	2815	256	317	557	0
1536	2815	256	305	488	0
1792	2815	256	294	429	0
2048	2815	256	284	378	0
2303	2815	256	276	333	0
2559	2815	256	267	294	0
2815	2815	256	260	260	0
3071	2815	256	252	229	0
3327	2815	256	246	201	0
3583	2815	256	239	177	0
3839	2815	256	233	155	0
4095	2815	256	227	135	0
0	3071	256	414	1690	32
256	3071	256	340	1040	0
512	3071	256	314	842	0
768	3071	256	296	709	0
1024	3071	256	281	608	0
1280	3071	256	269	526	0
1536	3071	256	258	459	0
1792	3071	256	248	402	0
2048	3071	256	239	353	0
2303	3071	256	231	310	0
2559	3071	256	223	272	0
2815	3071	256	217	239	0
3071	3071	256	210	210	0
3327	3071	256	204	184	0
3583	3071	256	198	161	0
3839	3071	256	193	140	0
4095	3071	256	187	121	0
0	3327	256	360	1635	11
256	3327	256	292	998	0
512	3327	256	268	805	0
768	3327	256	252	675	0
1024	3327	256	238	577	0
1280	3327	256	227	498	0
1536	3327	256	217	433	0
1792	3327	256	208	377	0
2048	3327	256	200	330	0
2303	3327	256	192	289	0
2559	3327	256	186	253	0
2815	3327	256	179	221	0
3071	3327	256	173	193	0
3327	3327	256	168	168	0
3583	3327	256	163	146	0
3839	3327	256	158	126	0
4095	3327	256	153	109	0
0	3583	256	313	1584	2
256	3583	256	250	959	0
512	3583	256	228	771	0
768	3583	256	213	644	0
1024	3583	256	200	548	0
1280	3583	256	190	471	0
1536	3583	256	181	408	0
1792	3583	256	173	354	0
2048	3583	256	166	309	0
2303	3583	256	159	269	0
2559	3583	256	153	234	0
2815	3583	256	147	204	0
3071	3583	256	142	177	0
3327	3583	256	137	153	0
3583	3583	256	132	132	0
3839	3583	256	128	114	0
4095	3583	256	124	97	0
0	3839	256	270	1536	0
256	3839	256	212	923	0
512	3839	256	193	738	0
768	3839	256	179	614	0
1024	3839	256	167	521	0
1280	3839	256	158	446	0
1536	3839	256	150	385	0
1792	3839	256	143	333	0
2048	3839	256	136	289	0
2303	3839	256	130	251	0
2559	3839	256	125	217	0
2815	3839	256	120	188	0
3071	3839	256	115	163	0
3327	3839	256	110	140	0
3583	3839	256	106	120	0
3839	3839	256	102	102	0
4095	3839	256	99	87	0
0	4095	256	233	1490	0
256	4095	256	179	888	0
512	4095	256	162	707	0
768	4095	256	149	587	0
1024	4095	256	139	496	0
1280	4095	256	130	423	0
1536	4095	256	123	364	0
1792	4095	256	116	313	0
2048	4095	256	111	271	0
2303	4095	256	105	234	0
2559	4095	256	100	202	0
2815	4095	256	96	174	0
3071	4095	256	92	149	0
3327	4095	256	88	128	0
3583	4095	256	84	109	0
3839	4095	256	81	92	0
4095	4095	256	78	78	0
0	0	512	3333	3333	4095
256	0	512	3094	2359	4095
512	0	512	3008	2044	4095
768	0	512	2944	1825	4095
1024	0	512	2892	1653	4095
1280	0	512	2847	1510	4095
1536	0	512	2807	1389	3871
1792	0	512	2770	1283	3668
2048	0	512	2737	1189	3486
2303	0	512	2706	1105	3321
2559	0	512	2677	1028	3169
2815	0	512	2650	959	3028
3071	0	512	2624	895	2898
3327	0	512	2600	837	2777
3583	0	512	2577	783	2663
3839	0	512	2554	732	2556
4095	0	512	2533	686	2455
0	256	512	2003	2679	3582
256	256	512	1823	1823	2488
512	256	512	1759	1551	2137
768	256	512	1711	1363	1893
1024	256	512	1673	1217	1703
1280	256	512	1639	1097	1546
1536	256	512	1610	995	1413
1792	256	512	1583	907	1297
2048	256	512	1558	829	1194
2303	256	512	1536	761	1103
2559	256	512	1514	699	1020
2815	256	512	1495	643	945
3071	256	512	1476	592	877
3327	256	512	1458	545	814
3583	256	512	1441	502	756
3839	256	512	1425	463	703
4095	256	512	1409	427	653
0	512	512	1603	2457	2564
256	512	512	1444	1644	1667
512	512	512	1387	1387	1387
768	512	512	1345	1210	1196
1024	512	512	1312	1074	1049
1280	512	512	1282	962	929
1536	512	512	1256	867	829
1792	512	512	1233	786	743
2048	512	512	1212	714	668
2303	512	512	1192	651	602
2559	512	512	1173	594	543
2815	512	512	1156	543	490
3071	512	512	1140	496	442
3327	512	512	1124	454	399
3583	512	512	1110	416	361
3839	512	512	1095	380	325
4095	512	512	1082	348	293
0	768	512	1334	2297	1921
256	768	512	1191	1516	1167
512	768	512	1140	1271	939
768	768	512	1103	1103	786
1024	768	512	1072	973	670
1280	768	512	1046	867	577
1536	768	512	1023	778	500
1792	768	512	1002	701	435
2048	768	512	983	634	379
2303	768	512	965	575	331
2559	768	512	949	522	289
2815	768	512	933	474	252
3071	768	512	919	431	219
3327	768	512	905	392	190
3583	768	512	892	356	165
3839	768	512	879	324	142
4095	768	512	867	294	122
0	1024	512	1132	2169	1464
256	1024	512	1001	1414	825
512	1024	512	955	1179	638
768	1024	512	921	1017	515
1024	1024	512	893	893	424
1280	1024	512	870	792	352
1536	1024	512	849	708	294
1792	1024	512	830	635	246
2048	1024	512	813	571	205
2303	1024	512	797	515	171
2559	1024	512	782	465	142
2815	1024	512	768	421	118
3071	1024	512	755	380	96
3327	1024	512	743	344	78
3583	1024	512	731	311	63
3839	1024	512	720	281	49
4095	1024	512	709	253	38
0	1280	512	970	2061	1120
256	1280	512	850	1329	579
512	1280	512	808	1101	427
768	1280	512	777	946	329
1024	1280	512	752	827	258
1280	1280	512	730	730	204
1536	1280	512	711	649	162
1792	1280	512	694	580	127
2048	1280	512	679	519	100
2303	1280	512	664	467	77
2559	1280	512	651	419	59
2815	1280	512	638	377	44
3071	1280	512	627	339	32
3327	1280	512	615	305	22
3583	1280	512	605	274	15
3839	1280	512	595	246	9
4095	1280	512	585	221	5
0	1536	512	837	1966	854
256	1536	512	726	1254	398
512	1536	512	688	1034	276
768	1536	512	659	885	200
1024	1536	512	636	770	147
1280	1536	512	617	677	108
1536	1536	512	599	599	79
1792	1536	512	584	533	56
2048	1536	512	570	475	39
2303	1536	512	557	425	26
2559	1536	512	545	380	16
2815	1536	512	533	340	9
3071	1536	512	522	305	5
3327	1536	512	512	272	2
3583	1536	512	503	243	0
3839	1536	512	494	217	0
4095	1536	512	485	193	0
0	1792	512	725	1882	645
256	1792	512	623	1189	265
512	1792	512	587	975	169
768	1792	512	561	831	112
1024	1792	512	540	720	74
1280	1792	512	522	630	48
1536	1792	512	506	556	30
1792	1792	512	492	492	17
2048	1792	512	479	437	9
2303	1792	512	467	389	4
2559	1792	512	456	346	1
2815	1792	512	446	308	0
3071	1792	512	436	275	0
3327	1792	512	427	244	0
3583	1792	512	418	217	0
3839	1792	512	410	192	0
4095	1792	512	402	170	0
0	2048	512	628	1806	480
256	2048	512	534	1130	167
512	2048	512	502	923	95
768	2048	512	478	782	55
1024	2048	512	459	675	30
1280	2048	512	442	589	15
1536	2048	512	428	517	6
1792	2048	512	415	456	2
2048	2048	512	403	403	0
2303	2048	512	392	357	0
2559	2048	512	382	317	0
2815	2048	512	373	281	0
3071	2048	512	364	248	0
3327	2048	512	356	220	0
3583	2048	512	348	194	0
3839	2048	512	341	171	0
4095	2048	512	333	150	0
0	2303	512	546	1737	350
256	2303	512	459	1076	98
512	2303	512	429	875	46
768	2303	512	407	739	20
1024	2303	512	389	635	7
1280	2303	512	374	552	2
1536	2303	512	361	482	0
1792	2303	512	349	424	0
2048	2303	512	339	373	0
2303	2303	512	329	329	0
2559	2303	512	320	290	0
2815	2303	512	311	256	0
3071	2303	512	303	225	0
3327	2303	512	296	198	0
3583	2303	512	289	174	0
3839	2303	512	282	152	0
4095	2303	512	276	133	0
0	2559	512	473	1673	247
256	2559	512	393	1027	50
512	2559	512	366	831	17
768	2559	512	346	699	4
1024	2559	512	330	598	0
1280	2559	512	316	518	0
1536	2559	512	304	451	0
1792	2559	512	293	394	0
2048	2559	512	284	346	0
2303	2559	512	275	303	0
2559	2559	512	266	266	0
2815	2559	512	259	234	0
3071	2559	512	251	205	0
3327	2559	512	245	179	0
3583	2559	512	238	156	0
3839	2559	512	232	136	0
4095	2559	512	226	117	0
0	2815	512	410	1614	168
256	2815	512	336	982	21
512	2815	512	311	791	3
768	2815	512	293	662	0
1024	2815	512	278	565	0
1280	2815	512	266	487	0
1536	2815	512	255	422	0
1792	2815	512	245	368	0
2048	2815	512	236	321	0
2303	2815	512	228	280	0
2559	2815	512	221	245	0
2815	2815	512	214	214	0
3071	2815	512	207	186	0
3327	2815	512	201	162	0
3583	2815	512	195	140	0
3839	2815	512	190	121	0
4095	2815	512	185	104	0
0	3071	512	354	1558	107
256	3071	512	286	940	5
512	3071	512	263	753	0
768	3071	512	247	628	0
1024	3071	512	233	533	0
1280	3071	512	222	458	0
1536	3071	512	212	396	0
1792	3071	512	203	343	0
2048	3071	512	195	298	0
2303	3071	512	188	259	0
2559	3071	512	181	225	0
2815	3071	512	175	196	0
3071	3071	512	169	169	0
3327	3071	512	164	146	0
3583	3071	512	159	126	0
3839	3071	512	154	108	0
4095	3071	512	149	92	0
0	3327	512	305	1506	63
256	3327	512	243	900	0
512	3327	512	222	718	0
768	3327	512	207	597	0
1024	3327	512	194	505	0
1280	3327	512	184	432	0
1536	3327	512	175	371	0
1792	3327	512	167	321	0
2048	3327	512	160	277	0
2303	3327	512	154	240	0
2559	3327	512	148	207	0
2815	3327	512	142	179	0
3071	3327	512	137	154	0
3327	3327	512	132	132	0
3583	3327	512	128	113	0
3839	3327	512	123	96	0
4095	3327	512	119	81	0
0	3583	512	262	1457	32
256	3583	512	205	864	0
512	3583	512	185	686	0
768	3583	512	172	567	0
1024	3583	512	161	478	0
1280	3583	512	152	407	0
1536	3583	512	144	349	0
1792	3583	512	137	300	0
2048	3583	512	130	258	0
2303	3583	512	124	222	0
2559	3583	512	119	191	0
2815	3583	512	114	164	0
3071	3583	512	109	140	0
3327	3583	512	105	119	0
3583	3583	512	101	101	0
3839	3583	512	97	85	0
4095	3583	512	94	71	0
0	3839	512	223	1411	13
256	3839	512	171	829	0
512	3839	512	154	655	0
768	3839	512	142	540	0
1024	3839	512	132	453	0
1280	3839	512	124	384	0
1536	3839	512	116	328	0
1792	3839	512	110	280	0
2048	3839	512	104	240	0
2303	3839	512	99	206	0
2559	3839	512	95	176	0
2815	3839	512	90	150	0
3071	3839	512	86	128	0
3327	3839	512	82	108	0
3583	3839	512	79	91	0
3839	3839	512	76	76	0
4095	3839	512	72	62	0
0	4095	512	190	1367	3
256	4095	512	142	796	0
512	4095	512	127	627	0
768	4095	512	115	514	0
1024	4095	512	107	429	0
1280	4095	512	99	363	0
1536	4095	512	93	308	0
1792	4095	512	87	262	0
2048	4095	512	82	224	0
2303	4095	512	78	191	0
2559	4095	512	74	162	0
2815	4095	512	70	137	0
3071	4095	512	67	116	0
3327	4095	512	63	97	0
3583	4095	512	60	81	0
3839	4095	512	57	67	0
4095	4095	512	55	55	0
0	0	768	3189	3189	4095
256	0	768	2955	2240	4095
512	0	768	2872	1934	4095
768	0	768	2810	1721	4095
1024	0	768	2759	1555	4095
1280	0	768	2715	1417	4095
1536	0	768	2676	1300	4095
1792	0	768	2640	1198	4095
2048	0	768	2608	1107	4005
2303	0	768	2578	1027	3827
2559	0	768	2550	953	3663
2815	0	768	2523	887	3511
3071	0	768	2498	826	3369
3327	0	768	2474	770	3237
3583	0	768	2452	718	3113
3839	0	768	2430	670	2997
4095	0	768	2409	626	2886
0	256	768	1895	2552	4095
256	256	768	1720	1720	2922
512	256	768	1658	1457	2538
768	256	768	1612	1275	2270
1024	256	768	1574	1134	2059
1280	256	768	1542	1019	1885
1536	256	768	1513	921	1736
1792	256	768	1487	837	1606
2048	256	768	1464	763	1491
2303	256	768	1442	697	1387
2559	256	768	1421	638	1294
2815	256	768	1402	585	1208
3071	256	768	1384	536	1130
3327	256	768	1367	492	1057
3583	256	768	1350	452	991
3839	256	768	1335	415	929
4095	256	768	1319	381	871
0	512	768	1507	2335	3006
256	512	768	1353	1546	2019
512	512	768	1298	1298	1707
768	512	768	1258	1128	1493
1024	512	768	1226	997	1326
1280	512	768	1197	889	1190
1536	512	768	1172	799	1074
1792	512	768	1150	721	975
2048	512	768	1129	653	887
2303	512	768	1110	593	810
2559	512	768	1093	539	740
2815	512	768	1076	490	678
3071	512	768	1060	446	621
3327	512	768	1045	406	569
3583	512	768	1031	370	522
3839	512	768	1018	337	478
4095	512	768	1005	307	438
0	768	768	1248	2180	2301
256	768	768	1109	1423	1460
512	768	768	1060	1186	1201
768	768	768	1025	1025	1025
1024	768	768	995	900	890
1280	768	768	970	799	781
1536	768	768	948	713	690
1792	768	768	928	640	612
2048	768	768	910	576	544
2303	768	768	893	520	486
2559	768	768	877	470	433
2815	768	768	862	425	387
3071	768	768	848	385	345
3327	768	768	835	348	308
3583	768	768	823	315	274
3839	768	768	811	284	244
4095	768	768	799	257	216
0	1024	768	1053	2056	1793
256	1024	768	927	1324	1070
512	1024	768	883	1097	853
768	1024	768	850	943	708
1024	1024	768	824	824	598
1280	1024	768	801	727	511
1536	1024	768	781	647	439
1792	1024	768	763	577	379
2048	1024	768	747	517	327
2303	1024	768	732	464	283
2559	1024	768	717	417	245
2815	1024	768	704	375	211
3071	1024	768	692	337	181
3327	1024	768	680	303	155
3583	1024	768	669	272	132
3839	1024	768	658	244	112
4095	1024	768	648	219	94
0	1280	768	898	1950	1407
256	1280	768	783	1242	783
512	1280	768	742	1023	602
768	1280	768	713	874	483
1024	1280	768	689	760	395
1280	1280	768	668	668	326
1536	1280	768	650	591	270
1792	1280	768	634	525	224
2048	1280	768	619	468	186
2303	1280	768	605	418	154
2559	1280	768	593	374	127
2815	1280	768	581	334	103
3071	1280	768	569	299	84
3327	1280	768	559	267	67
3583	1280	768	549	238	53
3839	1280	768	539	212	41
4095	1280	768	530	189	31
0	1536	768	770	1859	1103
256	1536	768	665	1171	567
512	1536	768	628	959	417
768	1536	768	601	816	320
1024	1536	768	579	706	251
1280	1536	768	560	618	198
1536	1536	768	544	544	156
1792	1536	768	529	481	122
2048	1536	768	516	427	95
2303	1536	768	503	379	73
2559	1536	768	492	337	56
2815	1536	768	481	300	41
3071	1536	768	471	266	30
3327	1536	768	461	237	20
3583	1536	768	452	210	13
3839	1536	768	444	186	8
4095	1536	768	435	164	4
0	1792	768	663	1777	861
256	1792	768	566	1107	403
512	1792	768	532	902	280
768	1792	768	508	764	203
1024	1792	768	488	658	150
1280	1792	768	471	573	110
1536	1792	768	456	502	81
1792	1792	768	442	442	58
2048	1792	768	430	390	40
2303	1792	768	419	345	27
2559	1792	768	409	305	17
2815	1792	768	399	270	10
3071	1792	768	390	239	5
3327	1792	768	381	211	2
3583	1792	768	373	185	0
3839	1792	768	365	163	0
4095	1792	768	358	143	0
0	2048	768	571	1704	666
256	2048	768	482	1051	277
512	2048	768	451	852	179
768	2048	768	429	718	120
1024	2048	768	411	616	81
1280	2048	768	395	534	53
1536	2048	768	382	466	34
1792	2048	768	370	408	20
2048	2048	768	359	359	11
2303	2048	768	348	316	5
2559	2048	768	339	278	2
2815	2048	768	330	244	0
3071	2048	768	322	214	0
3327	2048	768	314	188	0
3583	2048	768	307	164	0
3839	2048	768	300	143	0
4095	2048	768	293	125	0
0	2303	768	493	1637	508
256	2303	768	411	999	183
512	2303	768	383	806	107
768	2303	768	362	676	64
1024	2303	768	346	578	37
1280	2303	768	332	499	20
1536	2303	768	319	433	9
1792	2303	768	308	378	3
2048	2303	768	298	330	1
2303	2303	768	289	289	0
2559	2303	768	281	253	0
2815	2303	768	273	221	0
3071	2303	768	265	193	0
3327	2303	768	258	168	0
3583	2303	768	252	146	0
3839	2303	768	246	126	0
4095	2303	768	240	109	0
0	2559	768	425	1575	381
256	2559	768	349	952	113
512	2559	768	323	764	57
768	2559	768	305	638	27
1024	2559	768	290	543	12
1280	2559	768	277	466	4
1536	2559	768	266	403	0
1792	2559	768	256	350	0
2048	2559	768	247	305	0
2303	2559	768	239	265	0
2559	2559	768	231	231	0
2815	2559	768	224	201	0
3071	2559	768	217	174	0
3327	2559	768	211	151	0
3583	2559	768	205	130	0
3839	2559	768	199	111	0
4095	2559	768	194	95	0
0	2815	768	365	1517	278
256	2815	768	296	909	64
512	2815	768	272	726	24
768	2815	768	255	603	8
1024	2815	768	242	511	1
1280	2815	768	230	437	0
1536	2815	768	220	376	0
1792	2815	768	211	325	0
2048	2815	768	203	282	0
2303	2815	768	196	244	0
2559	2815	768	189	211	0
2815	2815	768	182	182	0
3071	2815	768	176	157	0
3327	2815	768	171	135	0
3583	2815	768	166	115	0
3839	2815	768	161	98	0
4095	2815	768	156	83	0
0	3071	768	313	1464	197
256	3071	768	250	868	30
512	3071	768	228	690	7
768	3071	768	213	571	0
1024	3071	768	200	481	0
1280	3071	768	190	410	0
1536	3071	768	181	352	0
1792	3071	768	173	302	0
2048	3071	768	166	260	0
2303	3071	768	159	224	0
2559	3071	768	153	193	0
2815	3071	768	147	166	0
3071	3071	768	142	142	0
3327	3071	768	137	121	0
3583	3071	768	132	103	0
3839	3071	768	128	87	0
4095	3071	768	124	72	0
0	3327	768	267	1414	133
256	3327	768	209	831	11
512	3327	768	190	657	0
768	3327	768	176	541	0
1024	3327	768	165	454	0
1280	3327	768	156	385	0
1536	3327	768	147	329	0
1792	3327	768	140	281	0
2048	3327	768	134	241	0
2303	3327	768	128	207	0
2559	3327	768	122	177	0
2815	3327	768	117	151	0
3071	3327	768	113	128	0
3327	3327	768	108	108	0
3583	3327	768	104	91	0
3839	3327	768	100	76	0
4095	3327	768	97	63	0
0	3583	768	227	1366	84
256	3583	768	174	795	1
512	3583	768	157	626	0
768	3583	768	144	513	0
1024	3583	768	134	429	0
1280	3583	768	126	362	0
1536	3583	768	119	308	0
1792	3583	768	112	262	0
2048	3583	768	107	223	0
2303	3583	768	101	190	0
2559	3583	768	97	162	0
2815	3583	768	92	137	0
3071	3583	768	88	116	0
3327	3583	768	84	97	0
3583	3583	768	81	81	0
3839	3583	768	77	67	0
4095	3583	768	74	54	0
0	3839	768	191	1322	49
256	3839	768	144	762	0
512	3839	768	128	597	0
768	3839	768	117	487	0
1024	3839	768	108	405	0
1280	3839	768	101	341	0
1536	3839	768	94	288	0
1792	3839	768	89	244	0
2048	3839	768	84	207	0
2303	3839	768	79	175	0
2559	3839	768	75	148	0
2815	3839	768	71	125	0
3071	3839	768	68	104	0
3327	3839	768	64	87	0
3583	3839	768	61	71	0
3839	3839	768	58	58	0
4095	3839	768	56	47	0
0	4095	768	160	1279	24
256	4095	768	117	731	0
512	4095	768	103	569	0
768	4095	768	93	463	0
1024	4095	768	86	383	0
1280	4095	768	79	321	0
1536	4095	768	74	270	0
1792	4095	768	69	227	0
2048	4095	768	64	192	0
2303	4095	768	60	161	0
2559	4095	768	57	135	0
2815	4095	768	54	113	0
3071	4095	768	51	94	0
3327	4095	768	48	77	0
3583	4095	768	45	63	0
3839	4095	768	43	51	0
4095	4095	768	40	40	0
0	0	1024	3072	3072	4095
256	0	1024	2843	2144	4095
512	0	1024	2761	1846	4095
768	0	1024	2701	1638	4095
1024	0	1024	2651	1476	4095
1280	0	1024	2608	1343	4095
1536	0	1024	2570	1229	4095
1792	0	1024	2535	1130	4095
2048	0	1024	2503	1042	4095
2303	0	1024	2474	964	4095
2559	0	1024	2447	893	4095
2815	0	1024	2421	829	3941
3071	0	1024	2396	770	3790
3327	0	1024	2373	716	3649
3583	0	1024	2351	667	3517
3839	0	1024	2329	621	3392
4095	0	1024	2309	578	3274
0	256	1024	1807	2448	4095
256	256	1024	1637	1637	3312
512	256	1024	1576	1381	2900
768	256	1024	1532	1205	2611
1024	256	1024	1495	1068	2383
1280	256	1024	1464	957	2195
1536	256	1024	1436	862	2032
1792	256	1024	1411	781	1890
2048	256	1024	1388	710	1764
2303	256	1024	1366	647	1651
2559	256	1024	1347	590	1548
2815	256	1024	1328	539	1453
3071	256	1024	1310	493	1366
3327	256	1024	1293	451	1286
3583	256	1024	1277	412	1212
3839	256	1024	1262	377	1142
4095	256	1024	1248	345	1077
0	512	1024	1429	2237	3402
256	512	1024	1280	1468	2340
512	512	1024	1227	1227	2001
768	512	1024	1188	1062	1766
1024	512	1024	1157	935	1583
1280	512	1024	1129	832	1433
1536	512	1024	1105	745	1305
1792	512	1024	1083	670	1194
2048	512	1024	1063	604	1096
2303	512	1024	1045	546	1009
2559	512	1024	1028	495	930
2815	512	1024	1012	449	859
3071	512	1024	997	407	794
3327	512	1024	982	369	735
3583	512	1024	968	335	680
3839	512	1024	955	303	630
4095	512	1024	943	275	583
0	768	1024	1178	2085	2645
256	768	1024	1044	1348	1731
512	768	1024	997	1119	1445
768	768	1024	962	962	1249
1024	768	1024	934	842	1099
1280	768	1024	910	744	976
1536	768	1024	888	662	873
1792	768	1024	869	592	784
2048	768	1024	851	531	707
2303	768	1024	835	477	638
2559	768	1024	820	430	578
2815	768	1024	805	387	523
3071	768	1024	792	348	474
3327	768	1024	779	314	429
3583	768	1024	767	282	389
3839	768	1024	756	254	352
4095	768	1024	745	228	318
0	1024	1024	989	1964	2095
256	1024	1024	868	1252	1300
512	1024	1024	825	1033	1057
768	1024	1024	794	883	893
1024	1024	1024	768	768	768
1280	1024	1024	747	676	668
1536	1024	1024	727	598	585
1792	1024	1024	710	532	514
2048	1024	1024	694	474	453
2303	1024	1024	680	424	399
2559	1024	1024	666	379	353
2815	1024	1024	653	339	311
3071	1024	1024	642	304	274
3327	1024	1024	630	271	241
3583	1024	1024	619	243	212
3839	1024	1024	609	216	186
4095	1024	1024	599	193	162
0	1280	1024	840	1861	1672
256	1280	1024	729	1173	979
512	1280	1024	690	961	773
768	1280	1024	662	817	635
1024	1280	1024	639	707	532
1280	1280	1024	619	619	451
1536	1280	1024	602	545	384
1792	1280	1024	586	482	328
2048	1280	1024	572	428	281
2303	1280	1024	559	380	240
2559	1280	1024	547	338	205
2815	1280	1024	535	301	174
3071	1280	1024	524	267	148
3327	1280	1024	514	237	125
3583	1280	1024	505	211	104
3839	1280	1024	495	186	87
4095	1280	1024	487	165	71
0	1536	1024	717	1772	1337
256	1536	1024	615	1103	733
512	1536	1024	580	899	558
768	1536	1024	554	760	444
1024	1536	1024	533	655	360
1280	1536	1024	516	570	295
1536	1536	1024	500	500	242
1792	1536	1024	486	440	199
2048	1536	1024	473	388	163
2303	1536	1024	461	343	134
2559	1536	1024	450	303	108
2815	1536	1024	440	268	87
3071	1536	1024	430	237	69
3327	1536	1024	421	209	54
3583	1536	1024	413	184	42
3839	1536	1024	404	162	31
4095	1536	1024	397	141	23
0	1792	1024	614	1693	1066
256	1792	1024	521	1042	542
512	1792	1024	489	844	395
768	1792	1024	465	711	302
1024	1792	1024	446	609	235
1280	1792	1024	430	528	183
1536	1792	1024	416	460	143
1792	1792	1024	403	403	111
2048	1792	1024	392	354	86
2303	1792	1024	381	311	65
2559	1792	1024	371	274	49
2815	1792	1024	362	240	35
3071	1792	1024	353	211	25
3327	1792	1024	345	185	16
3583	1792	1024	337	161	10
3839	1792	1024	330	141	6
4095	1792	1024	323	122	3
0	2048	1024	526	1621	846
256	2048	1024	441	987	393
512	2048	1024	412	795	271
768	2048	1024	390	666	196
1024	2048	1024	373	569	144
1280	2048	1024	359	490	105
1536	2048	1024	346	426	76
1792	2048	1024	334	371	54
2048	2048	1024	324	324	37
2303	2048	1024	314	283	25
2559	2048	1024	305	247	15
2815	2048	1024	297	216	9
3071	2048	1024	289	188	4
3327	2048	1024	282	164	1
3583	2048	1024	275	142	0
3839	2048	1024	268	123	0
4095	2048	1024	262	105	0
0	2303	1024	451	1556	665
256	2303	1024	373	938	277
512	2303	1024	347	751	178
768	2303	1024	327	626	120
1024	2303	1024	312	532	81
1280	2303	1024	298	457	53
1536	2303	1024	287	394	34
1792	2303	1024	276	342	20
2048	2303	1024	267	297	11
2303	2303	1024	258	258	5
2559	2303	1024	250	224	2
2815	2303	1024	243	195	0
3071	2303	1024	236	169	0
3327	2303	1024	229	145	0
3583	2303	1024	223	125	0
3839	2303	1024	217	107	0
4095	2303	1024	212	91	0
0	2559	1024	386	1496	516
256	2559	1024	315	892	188
512	2559	1024	291	711	110
768	2559	1024	273	590	66
1024	2559	1024	259	499	39
1280	2559	1024	247	426	21
1536	2559	1024	236	366	10
1792	2559	1024	227	316	4
2048	2559	1024	219	273	1
2303	2559	1024	211	236	0
2559	2559	1024	204	204	0
2815	2559	1024	197	176	0
3071	2559	1024	191	151	0
3327	2559	1024	185	129	0
3583	2559	1024	180	110	0
3839	2559	1024	174	93	0
4095	2559	1024	169	79	0
0	2815	1024	330	1440	393
256	2815	1024	265	850	120
512	2815	1024	242	674	61
768	2815	1024	227	557	31
1024	2815	1024	214	468	14
1280	2815	1024	203	398	5
1536	2815	1024	194	341	1
1792	2815	1024	185	292	0
2048	2815	1024	178	251	0
2303	2815	1024	171	216	0
2559	2815	1024	164	185	0
2815	2815	1024	159	159	0
3071	2815	1024	153	135	0
3327	2815	1024	148	115	0
3583	2815	1024	143	97	0
3839	2815	1024	138	81	0
4095	2815	1024	134	68	0
0	3071	1024	280	1388	293
256	3071	1024	221	811	71
512	3071	1024	201	640	29
768	3071	1024	187	526	10
1024	3071	1024	175	440	2
1280	3071	1024	166	373	0
1536	3071	1024	157	317	0
1792	3071	1024	150	271	0
2048	3071	1024	143	231	0
2303	3071	1024	137	198	0
2559	3071	1024	131	168	0
2815	3071	1024	126	143	0
3071	3071	1024	121	121	0
3327	3071	1024	117	102	0
3583	3071	1024	112	85	0
3839	3071	1024	108	71	0
4095	3071	1024	105	58	0
0	3327	1024	237	1339	213
256	3327	1024	183	775	36
512	3327	1024	165	608	10
768	3327	1024	153	497	1
1024	3327	1024	142	414	0
1280	3327	1024	134	349	0
1536	3327	1024	126	295	0
1792	3327	1024	120	251	0
2048	3327	1024	114	213	0
2303	3327	1024	108	181	0
2559	3327	1024	103	153	0
2815	3327	1024	99	129	0
3071	3327	1024	95	109	0
3327	3327	1024	91	91	0
3583	3327	1024	87	75	0
3839	3327	1024	83	62	0
4095	3327	1024	80	50	0
0	3583	1024	200	1293	148
256	3583	1024	151	741	15
512	3583	1024	135	578	1
768	3583	1024	123	471	0
1024	3583	1024	114	390	0
1280	3583	1024	107	327	0
1536	3583	1024	100	276	0
1792	3583	1024	94	233	0
2048	3583	1024	89	197	0
2303	3583	1024	84	166	0
2559	3583	1024	80	139	0
2815	3583	1024	76	117	0
3071	3583	1024	72	97	0
3327	3583	1024	69	80	0
3583	3583	1024	66	66	0
3839	3583	1024	63	53	0
4095	3583	1024	60	42	0
0	3839	1024	167	1250	98
256	3839	1024	123	709	3
512	3839	1024	108	550	0
768	3839	1024	98	446	0
1024	3839	1024	90	368	0
1280	3839	1024	84	307	0
1536	3839	1024	78	257	0
1792	3839	1024	73	216	0
2048	3839	1024	68	181	0
2303	3839	1024	64	152	0
2559	3839	1024	61	127	0
2815	3839	1024	57	105	0
3071	3839	1024	54	87	0
3327	3839	1024	51	71	0
3583	3839	1024	48	57	0
3839	3839	1024	46	46	0
4095	3839	1024	43	36	0
0	4095	1024	138	1209	60
256	4095	1024	99	679	0
512	4095	1024	86	524	0
768	4095	1024	77	423	0
1024	4095	1024	70	347	0
1280	4095	1024	64	288	0
1536	4095	1024	59	240	0
1792	4095	1024	55	200	0
2048	4095	1024	51	167	0
2303	4095	1024	48	139	0
2559	4095	1024	45	115	0
2815	4095	1024	42	95	0
3071	4095	1024	39	77	0
3327	4095	1024	37	63	0
3583	4095	1024	34	50	0
3839	4095	1024	32	39	0
4095	4095	1024	30	30	0
0	0	1280	2972	2972	4095
256	0	1280	2748	2062	4095
512	0	1280	2667	1770	4095
768	0	1280	2608	1567	4095
1024	0	1280	2559	1409	4095
1280	0	1280	2517	1279	4095
1536	0	1280	2479	1168	4095
1792	0	1280	2445	1072	4095
2048	0	1280	2414	987	4095
2303	0	1280	2385	911	4095
2559	0	1280	2358	843	4095
2815	0	1280	2333	781	4095
3071	0	1280	2309	724	4095
3327	0	1280	2286	672	4030
3583	0	1280	2264	624	3890
3839	0	1280	2244	579	3758
4095	0	1280	2224	538	3633
0	256	1280	1732	2360	4095
256	256	1280	1566	1566	3674
512	256	1280	1507	1317	3237
768	256	1280	1463	1145	2930
1024	256	1280	1428	1012	2687
1280	256	1280	1397	904	2485
1536	256	1280	1370	813	2311
1792	256	1280	1346	734	2159
2048	256	1280	1323	665	2023
2303	256	1280	1303	604	1901
2559	256	1280	1283	550	1789
2815	256	1280	1265	501	1687
3071	256	1280	1248	456	1592
3327	256	1280	1231	416	1505
3583	256	1280	1216	379	1424
3839	256	1280	1201	346	1348
4095	256	1280	1187	315	1277
0	512	1280	1364	2153	3768
256	512	1280	1219	1401	2641
512	512	1280	1167	1167	2278
768	512	1280	1129	1007	2025
1024	512	1280	1098	883	1828
1280	512	1280	1072	783	1665
1536	512	1280	1048	699	1526
1792	512	1280	1027	626	1405
2048	512	1280	1008	563	1297
2303	512	1280	990	508	1202
2559	512	1280	973	458	1115
2815	512	1280	958	414	1036
3071	512	1280	943	374	964
3327	512	1280	929	338	898
3583	512	1280	916	305	837
3839	512	1280	903	276	781
4095	512	1280	891	248	728
0	768	1280	1119	2005	2966
256	768	1280	989	1284	1987
512	768	1280	943	1061	1678
768	768	1280	909	909	1465
1024	768	1280	882	793	1300
1280	768	1280	858	699	1165
1536	768	1280	838	620	1052
1792	768	1280	819	552	953
2048	768	1280	802	493	867
2303	768	1280	786	442	790
2559	768	1280	772	396	722
2815	768	1280	758	355	660
3071	768	1280	745	318	604
3327	768	1280	732	285	553
3583	768	1280	721	256	506
3839	768	1280	710	229	463
4095	768	1280	699	204	424
0	1024	1280	936	1886	2378
256	1024	1280	818	1192	1520
512	1024	1280	777	978	1255
768	1024	1280	747	833	1074
1024	1024	1280	722	722	936
1280	1024	1280	701	632	824
1536	1024	1280	682	558	730
1792	1024	1280	666	494	649
2048	1024	1280	650	439	580
2303	1024	1280	636	390	519
2559	1024	1280	623	348	465
2815	1024	1280	611	310	416
3071	1024	1280	599	276	373
3327	1024	1280	589	245	334
3583	1024	1280	578	218	299
3839	1024	1280	568	193	267
4095	1024	1280	559	171	238
0	1280	1280	791	1786	1923
256	1280	1280	684	1114	1169
512	1280	1280	646	908	940
768	1280	1280	619	769	787
1024	1280	1280	597	663	671
1280	1280	1280	578	578	578
1536	1280	1280	561	507	501
1792	1280	1280	546	446	436
2048	1280	1280	532	394	380
2303	1280	1280	520	349	332
2559	1280	1280	508	309	290
2815	1280	1280	497	273	253
3071	1280	1280	487	241	220
3327	1280	1280	477	213	191
3583	1280	1280	468	188	165
3839	1280	1280	459	165	142
4095	1280	1280	451	145	122
0	1536	1280	672	1698	1560
256	1536	1280	574	1047	896
512	1536	1280	540	848	700
768	1536	1280	515	714	570
1024	1536	1280	495	613	473
1280	1536	1280	478	531	397
1536	1536	1280	463	463	335
1792	1536	1280	450	406	283
2048	1536	1280	437	356	239
2303	1536	1280	426	313	202
2559	1536	1280	416	276	170
2815	1536	1280	406	242	143
3071	1536	1280	397	213	119
3327	1536	1280	388	186	99
3583	1536	1280	380	163	81
3839	1536	1280	372	142	66
4095	1536	1280	364	123	53
0	1792	1280	573	1621	1265
256	1792	1280	483	987	681
512	1792	1280	452	795	514
768	1792	1280	430	666	405
1024	1792	1280	412	568	326
1280	1792	1280	396	490	264
1536	1792	1280	383	425	215
1792	1792	1280	371	371	174
2048	1792	1280	360	324	141
2303	1792	1280	349	283	114
2559	1792	1280	340	247	91
2815	1792	1280	331	216	72
3071	1792	1280	323	188	56
3327	1792	1280	315	164	42
3583	1792	1280	308	142	31
3839	1792	1280	301	123	23
4095	1792	1280	294	105	16
0	2048	1280	488	1551	1021
256	2048	1280	407	934	511
512	2048	1280	379	748	369
768	2048	1280	358	623	279
1024	2048	1280	342	529	215
1280	2048	1280	328	454	166
1536	2048	1280	316	392	129
1792	2048	1280	305	340	99
2048	2048	1280	295	295	75
2303	2048	1280	286	256	56
2559	2048	1280	277	223	41
2815	2048	1280	270	193	28
3071	2048	1280	262	167	19
3327	2048	1280	255	144	12
3583	2048	1280	249	124	7
3839	2048	1280	242	106	3
4095	2048	1280	237	90	1
0	2303	1280	417	1487	820
256	2303	1280	342	886	376
512	2303	1280	317	705	258
768	2303	1280	298	585	185
1024	2303	1280	283	494	134
1280	2303	1280	271	422	97
1536	2303	1280	260	362	70
1792	2303	1280	250	312	49
2048	2303	1280	241	270	33
2303	2303	1280	233	233	21
2559	2303	1280	225	201	13
2815	2303	1280	218	173	7
3071	2303	1280	212	149	3
3327	2303	1280	206	127	1
3583	2303	1280	200	108	0
3839	2303	1280	194	92	0
4095	2303	1280	189	77	0
0	2559	1280	355	1428	652
256	2559	1280	287	842	269
512	2559	1280	263	667	172
768	2559	1280	247	550	115
1024	2559	1280	233	462	77
1280	2559	1280	222	393	50
1536	2559	1280	212	335	31
1792	2559	1280	203	287	18
2048	2559	1280	195	247	10
2303	2559	1280	188	212	4
2559	2559	1280	182	182	1
2815	2559	1280	175	155	0
3071	2559	1280	169	132	0
3327	2559	1280	164	112	0
3583	2559	1280	159	94	0
3839	2559	1280	154	79	0
4095	2559	1280	149	66	0
0	2815	1280	301	1374	512
256	2815	1280	239	801	185
512	2815	1280	218	631	108
768	2815	1280	203	518	65
1024	2815	1280	191	433	38
1280	2815	1280	181	366	20
1536	2815	1280	172	311	10
1792	2815	1280	164	265	4
2048	2815	1280	157	226	1
2303	2815	1280	151	193	0
2559	2815	1280	145	164	0
2815	2815	1280	139	139	0
3071	2815	1280	134	118	0
3327	2815	1280	129	99	0
3583	2815	1280	125	82	0
3839	2815	1280	121	68	0
4095	2815	1280	117	56	0
0	3071	1280	254	1323	395
256	3071	1280	198	763	121
512	3071	1280	179	598	62
768	3071	1280	166	488	31
1024	3071	1280	155	406	14
1280	3071	1280	146	341	5
1536	3071	1280	138	289	1
1792	3071	1280	131	245	0
2048	3071	1280	125	207	0
2303	3071	1280	119	176	0
2559	3071	1280	114	149	0
2815	3071	1280	109	125	0
3071	3071	1280	105	105	0
3327	3071	1280	100	87	0
3583	3071	1280	97	72	0
3839	3071	1280	93	59	0
4095	3071	1280	89	47	0
0	3327	1280	213	1276	299
256	3327	1280	163	728	73
512	3327	1280	146	567	30
768	3327	1280	134	461	11
1024	3327	1280	124	381	2
1280	3327	1280	116	319	0
1536	3327	1280	109	268	0
1792	3327	1280	103	226	0
2048	3327	1280	98	190	0
2303	3327	1280	93	160	0
2559	3327	1280	88	134	0
2815	3327	1280	84	112	0
3071	3327	1280	80	93	0
3327	3327	1280	77	77	0
3583	3327	1280	73	62	0
3839	3327	1280	70	50	0
4095	3327	1280	67	40	0
0	3583	1280	178	1231	221
256	3583	1280	132	695	40
512	3583	1280	117	539	11
768	3583	1280	107	435	2
1024	3583	1280	98	358	0
1280	3583	1280	91	298	0
1536	3583	1280	85	249	0
1792	3583	1280	80	209	0
2048	3583	1280	75	175	0
2303	3583	1280	71	146	0
2559	3583	1280	67	121	0
2815	3583	1280	63	100	0
3071	3583	1280	60	83	0
3327	3583	1280	57	67	0
3583	3583	1280	54	54	0
3839	3583	1280	51	43	0
4095	3583	1280	49	33	0
0	3839	1280	147	1189	157
256	3839	1280	106	665	17
512	3839	1280	93	512	2
768	3839	1280	84	411	0
1024	3839	1280	76	337	0
1280	3839	1280	70	279	0
1536	3839	1280	65	232	0
1792	3839	1280	60	193	0
2048	3839	1280	56	160	0
2303	3839	1280	53	133	0
2559	3839	1280	49	110	0
2815	3839	1280	46	90	0
3071	3839	1280	43	73	0
3327	3839	1280	41	59	0
3583	3839	1280	39	47	0
3839	3839	1280	36	36	0
4095	3839	1280	34	28	0
0	4095	1280	120	1149	107
256	4095	1280	84	636	5
512	4095	1280	72	487	0
768	4095	1280	64	389	0
1024	4095	1280	58	317	0
1280	4095	1280	53	261	0
1536	4095	1280	48	216	0
1792	4095	1280	44	178	0
2048	4095	1280	41	147	0
2303	4095	1280	38	121	0
2559	4095	1280	35	99	0
2815	4095	1280	33	80	0
3071	4095	1280	30	65	0
3327	4095	1280	28	51	0
3583	4095	1280	26	40	0
3839	4095	1280	24	31	0
4095	4095	1280	23	23	0
0	0	1536	2884	2884	4095
256	0	1536	2664	1990	4095
512	0	1536	2584	1704	4095
768	0	1536	2526	1506	4095
1024	0	1536	2478	1351	4095
1280	0	1536	2436	1224	4095
1536	0	1536	2400	1116	4095
1792	0	1536	2366	1022	4095
2048	0	1536	2336	939	4095
2303	0	1536	2308	865	4095
2559	0	1536	2281	799	4095
2815	0	1536	2256	738	4095
3071	0	1536	2233	683	4095
3327	0	1536	2210	633	4095
3583	0	1536	2189	587	4095
3839	0	1536	2168	544	4095
4095	0	1536	2149	504	3972
0	256	1536	1667	2283	4095
256	256	1536	1504	1504	4015
512	256	1536	1446	1260	3556
768	256	1536	1404	1093	3232
1024	256	1536	1369	964	2976
1280	256	1536	1339	859	2762
1536	256	1536	1313	770	2578
1792	256	1536	1289	693	2416
2048	256	1536	1267	627	2271
2303	256	1536	1247	568	2141
2559	256	1536	1228	515	2022
2815	256	1536	1210	468	1912
3071	256	1536	1193	425	1811
3327	256	1536	1177	386	1717
3583	256	1536	1162	351	1630
3839	256	1536	1148	319	1548
4095	256	1536	1134	290	1472
0	512	1536	1307	2079	4095
256	512	1536	1165	1343	2927
512	512	1536	1114	1114	2542
768	512	1536	1078	958	2274
1024	512	1536	1047	838	2063
1280	512	1536	1022	741	1889
1536	512	1536	999	659	1739
1792	512	1536	978	589	1609
2048	512	1536	959	528	1494
2303	512	1536	942	475	1390
2559	512	1536	926	427	1296
2815	512	1536	911	384	1211
3071	512	1536	896	346	1132
3327	512	1536	883	312	1060
3583	512	1536	870	280	993
3839	512	1536	857	252	931
4095	512	1536	845	226	873
0	768	1536	1068	1934	3270
256	768	1536	941	1229	2233
512	768	1536	896	1011	1903
768	768	1536	864	864	1674
1024	768	1536	837	750	1497
1280	768	1536	814	659	1351
1536	768	1536	794	582	1227
1792	768	1536	776	517	1120
2048	768	1536	759	460	1025
2303	768	1536	744	411	942
2559	768	1536	730	367	866
2815	768	1536	716	328	798
3071	768	1536	704	293	735
3327	768	1536	692	261	678
3583	768	1536	680	233	626
3839	768	1536	670	207	578
4095	768	1536	659	184	534
0	1024	1536	889	1817	2649
256	1024	1536	775	1138	1734
512	1024	1536	735	930	1448
768	1024	1536	705	789	1252
1024	1024	1536	682	682	1101
1280	1024	1536	661	595	978
1536	1024	1536	643	523	875
1792	1024	1536	627	461	786
2048	1024	1536	612	408	708
2303	1024	1536	599	362	640
2559	1024	1536	586	321	579
2815	1024	1536	574	285	524
3071	1024	1536	563	252	475
3327	1024	1536	553	223	430
3583	1024	1536	542	197	390
3839	1024	1536	533	174	353
4095	1024	1536	524	153	319
0	1280	1536	748	1719	2165
256	1280	1536	645	1063	1354
512	1280	1536	608	862	1106
768	1280	1536	582	727	938
1024	1280	1536	560	625	809
1280	1280	1536	542	542	706
1536	1280	1536	526	474	620
1792	1280	1536	511	415	547
2048	1280	1536	498	365	483
2303	1280	1536	486	322	428
2559	1280	1536	475	283	380
2815	1280	1536	464	250	336
3071	1280	1536	454	219	298
3327	1280	1536	445	193	264
3583	1280	1536	436	169	233
3839	1280	1536	428	147	205
4095	1280	1536	420	128	180
0	1536	1536	633	1634	1777
256	1536	1536	539	997	1058
512	1536	1536	506	804	842
768	1536	1536	482	674	698
1024	1536	1536	463	576	589
1280	1536	1536	446	497	503
1536	1536	1536	432	432	432
1792	1536	1536	419	376	372
2048	1536	1536	407	329	321
2303	1536	1536	396	288	277
2559	1536	1536	386	252	239
2815	1536	1536	376	220	206
3071	1536	1536	368	192	177
3327	1536	1536	359	167	151
3583	1536	1536	351	145	128
3839	1536	1536	344	126	109
4095	1536	1536	337	108	91
0	1792	1536	537	1558	1458
256	1792	1536	451	939	821
512	1792	1536	421	753	635
768	1792	1536	400	628	512
1024	1792	1536	382	533	421
1280	1792	1536	367	458	350
1536	1792	1536	354	395	292
1792	1792	1536	343	343	244
2048	1792	1536	332	298	204
2303	1792	1536	322	259	170
2559	1792	1536	313	225	141
2815	1792	1536	305	195	116
3071	1792	1536	297	169	95
3327	1792	1536	290	146	77
3583	1792	1536	283	126	62
3839	1792	1536	276	107	49
4095	1792	1536	270	91	38
0	2048	1536	456	1489	1194
256	2048	1536	378	887	631
512	2048	1536	351	707	471
768	2048	1536	331	586	368
1024	2048	1536	315	495	292
1280	2048	1536	302	423	234
1536	2048	1536	290	363	188
1792	2048	1536	280	313	151
2048	2048	1536	270	270	120
2303	2048	1536	262	234	95
2559	2048	1536	254	202	75
2815	2048	1536	246	174	57
3071	2048	1536	239	149	43
3327	2048	1536	233	128	32
3583	2048	1536	226	109	23
3839	2048	1536	220	92	15
4095	2048	1536	215	77	10
0	2303	1536	387	1427	974
256	2303	1536	316	841	479
512	2303	1536	291	666	342
768	2303	1536	274	549	256
1024	2303	1536	259	461	195
1280	2303	1536	247	392	149
1536	2303	1536	237	335	114
1792	2303	1536	228	287	86
2048	2303	1536	219	246	64
2303	2303	1536	211	211	46
2559	2303	1536	204	181	33
2815	2303	1536	198	155	22
3071	2303	1536	191	132	14
3327	2303	1536	186	112	8
3583	2303	1536	180	94	4
3839	2303	1536	175	79	2
4095	2303	1536	170	65	0
0	2559	1536	327	1370	789
256	2559	1536	262	798	355
512	2559	1536	240	628	241
768	2559	1536	225	515	171
1024	2559	1536	212	431	123
1280	2559	1536	201	364	88
1536	2559	1536	192	309	62
1792	2559	1536	183	263	42
2048	2559	1536	176	224	28
2303	2559	1536	169	191	17
2559	2559	1536	163	163	10
2815	2559	1536	157	138	5
3071	2559	1536	151	116	2
3327	2559	1536	146	98	0
3583	2559	1536	142	81	0
3839	2559	1536	137	67	0
4095	2559	1536	133	55	0
0	2815	1536	276	1316	632
256	2815	1536	217	758	257
512	2815	1536	197	593	163
768	2815	1536	183	484	107
1024	2815	1536	172	403	71
1280	2815	1536	162	338	45
1536	2815	1536	154	286	28
1792	2815	1536	146	242	16
2048	2815	1536	140	205	8
2303	2815	1536	134	174	3
2559	2815	1536	128	146	1
2815	2815	1536	123	123	0
3071	2815	1536	118	103	0
3327	2815	1536	114	85	0
3583	2815	1536	110	70	0
3839	2815	1536	106	57	0
4095	2815	1536	102	46	0
0	3071	1536	231	1267	501
256	3071	1536	178	722	179
512	3071	1536	160	561	103
768	3071	1536	148	456	61
1024	3071	1536	138	377	35
1280	3071	1536	129	315	19
1536	3071	1536	122	264	8
1792	3071	1536	115	222	3
2048	3071	1536	110	187	0
2303	3071	1536	104	157	0
2559	3071	1536	100	132	0
2815	3071	1536	95	110	0
3071	3071	1536	91	91	0
3327	3071	1536	87	75	0
3583	3071	1536	83	61	0
3839	3071	1536	80	49	0
4095	3071	1536	77	39	0
0	3327	1536	193	1221	391
256	3327	1536	145	688	119
512	3327	1536	129	532	60
768	3327	1536	118	429	30
1024	3327	1536	109	353	13
1280	3327	1536	102	293	4
1536	3327	1536	95	245	1
1792	3327	1536	90	205	0
2048	3327	1536	84	171	0
2303	3327	1536	80	143	0
2559	3327	1536	76	119	0
2815	3327	1536	72	98	0
3071	3327	1536	68	80	0
3327	3327	1536	65	65	0
3583	3327	1536	62	52	0
3839	3327	1536	59	41	0
4095	3327	1536	56	32	0
0	3583	1536	159	1177	299
256	3583	1536	117	656	73
512	3583	1536	102	504	30
768	3583	1536	93	405	11
1024	3583	1536	85	331	2
1280	3583	1536	78	273	0
1536	3583	1536	73	227	0
1792	3583	1536	68	188	0
2048	3583	1536	64	156	0
2303	3583	1536	60	129	0
2559	3583	1536	56	107	0
2815	3583	1536	53	87	0
3071	3583	1536	50	70	0
3327	3583	1536	47	56	0
3583	3583	1536	45	45	0
3839	3583	1536	42	35	0
4095	3583	1536	40	26	0
0	3839	1536	130	1136	223
256	3839	1536	92	626	41
512	3839	1536	80	478	12
768	3839	1536	71	382	2
1024	3839	1536	65	311	0
1280	3839	1536	59	255	0
1536	3839	1536	54	210	0
1792	3839	1536	50	174	0
2048	3839	1536	47	143	0
2303	3839	1536	43	117	0
2559	3839	1536	40	96	0
2815	3839	1536	38	77	0
3071	3839	1536	35	62	0
3327	3839	1536	33	49	0
3583	3839	1536	31	38	0
3839	3839	1536	29	29	0
4095	3839	1536	27	21	0
0	4095	1536	105	1097	161
256	4095	1536	72	598	19
512	4095	1536	61	454	2
768	4095	1536	54	361	0
1024	4095	1536	48	292	0
1280	4095	1536	43	238	0
1536	4095	1536	39	195	0
1792	4095	1536	36	160	0
2048	4095	1536	33	131	0
2303	4095	1536	30	106	0
2559	4095	1536	28	86	0
2815	4095	1536	26	69	0
3071	4095	1536	24	54	0
3327	4095	1536	22	42	0
3583	4095	1536	20	32	0
3839	4095	1536	18	24	0
4095	4095	1536	17	17	0
0	0	1792	2805	2805	4095
256	0	1792	2588	1925	4095
512	0	1792	2510	1645	4095
768	0	1792	2452	1450	4095
1024	0	1792	2405	1299	4095
1280	0	1792	2364	1175	4095
1536	0	1792	2328	1069	4095
1792	0	1792	2296	977	4095
2048	0	1792	2265	897	4095
2303	0	1792	2238	825	4095
2559	0	1792	2212	760	4095
2815	0	1792	2187	701	4095
3071	0	1792	2164	648	4095
3327	0	1792	2142	599	4095
3583	0	1792	2121	554	4095
3839	0	1792	2101	512	4095
4095	0	1792	2082	474	4095
0	256	1792	1609	2213	4095
256	256	1792	1449	1449	4095
512	256	1792	1392	1210	3861
768	256	1792	1351	1047	3522
1024	256	1792	1317	921	3253
1280	256	1792	1287	818	3029
1536	256	1792	1262	732	2835
1792	256	1792	1238	657	2664
2048	256	1792	1217	593	2512
2303	256	1792	1197	536	2374
2559	256	1792	1178	485	2248
2815	256	1792	1161	439	2132
3071	256	1792	1145	398	2024
3327	256	1792	1129	360	1924
3583	256	1792	1114	326	1831
3839	256	1792	1100	296	1744
4095	256	1792	1087	267	1662
0	512	1792	1255	2013	4095
256	512	1792	1117	1291	3202
512	512	1792	1068	1068	2797
768	512	1792	1032	915	2514
1024	512	1792	1002	798	2291
1280	512	1792	977	704	2106
1536	512	1792	955	624	1948
1792	512	1792	935	556	1809
2048	512	1792	916	497	1686
2303	512	1792	899	446	1575
2559	512	1792	884	400	1475
2815	512	1792	869	358	1383
3071	512	1792	855	322	1298
3327	512	1792	841	288	1220
3583	512	1792	829	259	1148
3839	512	1792	817	231	1081
4095	512	1792	805	207	1018
0	768	1792	1022	1870	3562
256	768	1792	898	1180	2471
512	768	1792	855	967	2121
768	768	1792	823	823	1879
1024	768	1792	797	713	1689
1280	768	1792	775	624	1533
1536	768	1792	755	550	1401
1792	768	1792	737	487	1285
2048	768	1792	721	432	1183
2303	768	1792	706	384	1092
2559	768	1792	693	342	1010
2815	768	1792	680	304	936
3071	768	1792	667	270	868
3327	768	1792	656	240	805
3583	768	1792	645	213	748
3839	768	1792	634	189	695
4095	768	1792	624	167	645
0	1024	1792	848	1756	2910
256	1024	1792	737	1091	1942
512	1024	1792	698	888	1637
768	1024	1792	669	750	1427
1024	1024	1792	646	646	1265
1280	1024	1792	626	562	1132
1536	1024	1792	609	492	1020
1792	1024	1792	593	432	923
2048	1024	1792	579	381	838
2303	1024	1792	565	337	763
2559	1024	1792	553	297	696
2815	1024	1792	542	263	635
3071	1024	1792	531	232	580
3327	1024	1792	521	204	531
3583	1024	1792	511	179	485
3839	1024	1792	502	157	443
4095	1024	1792	493	137	405
0	1280	1792	711	1660	2399
256	1280	1792	610	1017	1537
512	1280	1792	575	822	1270
768	1280	1792	549	690	1088
1024	1280	1792	528	591	949
1280	1280	1792	511	511	836
1536	1280	1792	495	444	741
1792	1280	1792	481	388	660
2048	1280	1792	468	340	590
2303	1280	1792	457	298	528
2559	1280	1792	446	261	473
2815	1280	1792	435	229	424
3071	1280	1792	426	200	381
3327	1280	1792	417	175	341
3583	1280	1792	408	152	306
3839	1280	1792	400	132	273
4095	1280	1792	392	114	244
0	1536	1792	599	1576	1988
256	1536	1792	507	953	1218
512	1536	1792	476	765	984
768	1536	1792	453	639	826
1024	1536	1792	434	543	707
1280	1536	1792	418	467	611
1536	1536	1792	404	404	532
1792	1536	1792	391	351	465
2048	1536	1792	380	305	407
2303	1536	1792	370	266	357
2559	1536	1792	360	231	313
2815	1536	1792	351	201	274
3071	1536	1792	342	175	240
3327	1536	1792	334	151	209
3583	1536	1792	327	130	182
3839	1536	1792	319	112	158
4095	1536	1792	313	95	137
0	1792	1792	506	1501	1648
256	1792	1792	423	897	961
512	1792	1792	394	715	757
768	1792	1792	373	594	621
1024	1792	1792	356	502	520
1280	1792	1792	342	429	439
1536	1792	1792	330	369	373
1792	1792	1792	318	318	318
2048	1792	1792	308	275	272
2303	1792	1792	299	238	232
2559	1792	1792	290	206	197
2815	1792	1792	282	177	167
3071	1792	1792	275	153	141
3327	1792	1792	268	131	119
3583	1792	1792	261	112	99
3839	1792	1792	254	95	82
4095	1792	1792	248	80	67
0	2048	1792	427	1434	1365
256	2048	1792	352	846	753
512	2048	1792	326	670	576
768	2048	1792	307	553	460
1024	2048	1792	292	465	374
1280	2048	1792	279	395	307
1536	2048	1792	268	338	254
1792	2048	1792	258	290	209
2048	2048	1792	249	249	173
2303	2048	1792	241	214	142
2559	2048	1792	233	183	116
2815	2048	1792	226	157	94
3071	2048	1792	219	134	75
3327	2048	1792	213	114	59
3583	2048	1792	207	96	46
3839	2048	1792	201	80	35
4095	2048	1792	196	67	26
0	2303	1792	361	1373	1128
256	2303	1792	292	801	584
512	2303	1792	269	630	431
768	2303	1792	252	517	333
1024	2303	1792	238	433	262
1280	2303	1792	227	366	207
1536	2303	1792	217	311	164
1792	2303	1792	208	265	130
2048	2303	1792	200	226	102
2303	2303	1792	193	193	79
2559	2303	1792	186	164	60
2815	2303	1792	180	139	45
3071	2303	1792	174	117	33
3327	2303	1792	168	99	23
3583	2303	1792	163	82	16
3839	2303	1792	158	68	10
4095	2303	1792	153	56	6
0	2559	1792	304	1317	926
256	2559	1792	241	759	446
512	2559	1792	220	594	315
768	2559	1792	205	485	233
1024	2559	1792	193	403	175
1280	2559	1792	183	339	132
1536	2559	1792	174	286	99
1792	2559	1792	166	242	73
2048	2559	1792	159	205	53
2303	2559	1792	153	174	38
2559	2559	1792	147	147	26
2815	2559	1792	141	123	16
3071	2559	1792	136	103	10
3327	2559	1792	131	86	5
3583	2559	1792	127	71	2
3839	2559	1792	122	58	0
4095	2559	1792	118	46	0
0	2815	1792	254	1265	754
256	2815	1792	198	720	333
512	2815	1792	179	560	223
768	2815	1792	166	455	156
1024	2815	1792	155	376	111
1280	2815	1792	146	314	78
1536	2815	1792	138	264	53
1792	2815	1792	131	222	35
2048	2815	1792	125	187	22
2303	2815	1792	119	157	13
2559	2815	1792	114	131	7
2815	2815	1792	109	109	3
3071	2815	1792	105	90	1
3327	2815	1792	101	74	0
3583	2815	1792	97	60	0
3839	2815	1792	93	48	0
4095	2815	1792	90	38	0
0	3071	1792	212	1217	609
256	3071	1792	161	685	243
512	3071	1792	144	529	152
768	3071	1792	132	427	98
1024	3071	1792	123	351	64
1280	3071	1792	115	291	40
1536	3071	1792	108	243	24
1792	3071	1792	102	203	13
2048	3071	1792	97	170	6
2303	3071	1792	92	142	2
2559	3071	1792	87	117	0
2815	3071	1792	83	97	0
3071	3071	1792	79	79	0
3327	3071	1792	76	64	0
3583	3071	1792	72	51	0
3839	3071	1792	69	41	0
4095	3071	1792	66	31	0
0	3327	1792	175	1171	486
256	3327	1792	130	652	170
512	3327	1792	115	501	97
768	3327	1792	104	402	56
1024	3327	1792	96	328	32
1280	3327	1792	89	271	16
1536	3327	1792	83	225	7
1792	3327	1792	78	186	2
2048	3327	1792	73	155	0
2303	3327	1792	69	128	0
2559	3327	1792	65	105	0
2815	3327	1792	62	86	0
3071	3327	1792	58	69	0
3327	3327	1792	55	55	0
3583	3327	1792	53	44	0
3839	3327	1792	50	34	0
4095	3327	1792	47	25	0
0	3583	1792	143	1129	382
256	3583	1792	103	621	114
512	3583	1792	90	474	57
768	3583	1792	81	378	28
1024	3583	1792	74	307	12
1280	3583	1792	68	252	4
1536	3583	1792	63	207	0
1792	3583	1792	58	171	0
2048	3583	1792	54	141	0
2303	3583	1792	51	115	0
2559	3583	1792	47	94	0
2815	3583	1792	44	76	0
3071	3583	1792	42	60	0
3327	3583	1792	39	48	0
3583	3583	1792	37	37	0
3839	3583	1792	35	28	0
4095	3583	1792	33	20	0
0	3839	1792	116	1089	294
256	3839	1792	81	592	71
512	3839	1792	69	449	29
768	3839	1792	61	356	10
1024	3839	1792	55	288	2
1280	3839	1792	50	234	0
1536	3839	1792	46	192	0
1792	3839	1792	42	157	0
2048	3839	1792	39	128	0
2303	3839	1792	36	104	0
2559	3839	1792	33	84	0
2815	3839	1792	31	67	0
3071	3839	1792	28	53	0
3327	3839	1792	26	41	0
3583	3839	1792	24	31	0
3839	3839	1792	23	23	0
4095	3839	1792	21	16	0
0	4095	1792	93	1051	222
256	4095	1792	62	565	40
512	4095	1792	52	426	11
768	4095	1792	45	335	2
1024	4095	1792	40	269	0
1280	4095	1792	36	218	0
1536	4095	1792	32	177	0
1792	4095	1792	29	144	0
2048	4095	1792	26	116	0
2303	4095	1792	24	94	0
2559	4095	1792	22	75	0
2815	4095	1792	20	59	0
3071	4095	1792	18	45	0
3327	4095	1792	17	35	0
3583	4095	1792	15	26	0
3839	4095	1792	14	18	0
4095	4095	1792	13	13	0
0	0	2048	2733	2733	4095
256	0	2048	2519	1867	4095
512	0	2048	2442	1591	4095
768	0	2048	2386	1400	4095
1024	0	2048	2339	1252	4095
1280	0	2048	2299	1130	4095
1536	0	2048	2263	1027	4095
1792	0	2048	2231	937	4095
2048	0	2048	2202	858	4095
2303	0	2048	2174	788	4095
2559	0	2048	2149	725	4095
2815	0	2048	2124	668	4095
3071	0	2048	2102	616	4095
3327	0	2048	2080	568	4095
3583	0	2048	2059	524	4095
3839	0	2048	2039	484	4095
4095	0	2048	2020	447	4095
0	256	2048	1556	2150	4095
256	256	2048	1399	1399	4095
512	256	2048	1343	1165	4095
768	256	2048	1303	1005	3803
1024	256	2048	1269	882	3522
1280	256	2048	1241	781	3287
1536	256	2048	1215	697	3085
1792	256	2048	1192	625	2906
2048	256	2048	1171	562	2746
2303	256	2048	1152	507	2601
2559	256	2048	1134	457	2468
2815	256	2048	1117	413	2346
3071	256	2048	1101	373	2233
3327	256	2048	1085	337	2127
3583	256	2048	1071	304	2029
3839	256	2048	1057	275	1937
4095	256	2048	1044	248	1850
0	512	2048	1209	1953	4095
256	512	2048	1073	1244	3468
512	512	2048	1025	1025	3045
768	512	2048	990	876	2748
1024	512	2048	961	762	2514
1280	512	2048	937	670	2319
1536	512	2048	915	593	2152
1792	512	2048	895	527	2006
2048	512	2048	877	469	1875
2303	512	2048	861	419	1758
2559	512	2048	845	375	1651
2815	512	2048	831	335	1553
3071	512	2048	817	300	1463
3327	512	2048	804	268	1380
3583	512	2048	792	239	1302
3839	512	2048	780	213	1230
4095	512	2048	769	190	1163
0	768	2048	981	1813	3844
256	768	2048	860	1135	2703
512	768	2048	817	927	2335
768	768	2048	786	786	2079
1024	768	2048	761	679	1879
1280	768	2048	739	592	1713
1536	768	2048	720	520	1572
1792	768	2048	703	459	1449
2048	768	2048	687	406	1340
2303	768	2048	673	360	1243
2559	768	2048	659	319	1154
2815	768	2048	647	283	1074
3071	768	2048	635	251	1001
3327	768	2048	623	222	933
3583	768	2048	613	196	871
3839	768	2048	603	173	813
4095	768	2048	593	152	759
0	1024	2048	811	1700	3163
256	1024	2048	702	1048	2146
512	1024	2048	664	850	1823
768	1024	2048	636	716	1600
1024	1024	2048	614	614	1427
1280	1024	2048	595	532	1285
1536	1024	2048	578	464	1165
1792	1024	2048	562	407	1060
2048	1024	2048	548	357	969
2303	1024	2048	536	314	888
2559	1024	2048	524	276	814
2815	1024	2048	513	243	748
3071	1024	2048	502	213	688
3327	1024	2048	492	187	633
3583	1024	2048	483	164	583
3839	1024	2048	474	143	537
4095	1024	2048	465	124	494
0	1280	2048	677	1606	2628
256	1280	2048	579	976	1717
512	1280	2048	545	785	1433
768	1280	2048	520	657	1238
1024	1280	2048	500	560	1088
1280	1280	2048	482	482	966
1536	1280	2048	467	418	863
1792	1280	2048	454	364	775
2048	1280	2048	441	317	698
2303	1280	2048	430	277	631
2559	1280	2048	419	242	570
2815	1280	2048	410	211	516
3071	1280	2048	400	184	467
3327	1280	2048	392	159	423
3583	1280	2048	383	138	383
3839	1280	2048	375	119	346
4095	1280	2048	368	102	313
0	1536	2048	568	1523	2194
256	1536	2048	479	913	1377
512	1536	2048	449	730	1126
768	1536	2048	426	607	956
1024	1536	2048	408	514	826
1280	1536	2048	393	440	722
1536	1536	2048	379	379	635
1792	1536	2048	367	328	560
2048	1536	2048	356	284	496
2303	1536	2048	346	246	440
2559	1536	2048	337	213	391
2815	1536	2048	328	184	347
3071	1536	2048	320	159	308
3327	1536	2048	312	137	273
3583	1536	2048	305	117	241
3839	1536	2048	298	100	213
4095	1536	2048	291	84	188
0	1792	2048	478	1450	1835
256	1792	2048	397	858	1102
512	1792	2048	370	681	881
768	1792	2048	349	563	733
1024	1792	2048	333	474	621
1280	1792	2048	320	403	532
1536	1792	2048	307	345	459
1792	1792	2048	297	297	397
2048	1792	2048	287	255	344
2303	1792	2048	278	220	299
2559	1792	2048	270	189	259
2815	1792	2048	262	162	224
3071	1792	2048	255	138	193
3327	1792	2048	248	118	166
3583	1792	2048	241	100	143
3839	1792	2048	235	84	122
4095	1792	2048	229	70	103
0	2048	2048	402	1385	1534
256	2048	2048	329	809	877
512	2048	2048	304	638	683
768	2048	2048	286	524	555
1024	2048	2048	271	439	460
1280	2048	2048	259	371	385
1536	2048	2048	248	316	324
1792	2048	2048	239	269	273
2048	2048	2048	230	230	230
2303	2048	2048	222	197	194
2559	2048	2048	215	168	163
2815	2048	2048	208	142	136
3071	2048	2048	202	120	113
3327	2048	2048	196	101	93
3583	2048	2048	190	85	76
3839	2048	2048	185	70	61
4095	2048	2048	179	58	49
0	2303	2048	338	1325	1281
256	2303	2048	272	765	692
512	2303	2048	249	599	523
768	2303	2048	233	489	414
1024	2303	2048	220	407	333
1280	2303	2048	209	342	271
1536	2303	2048	199	289	221
1792	2303	2048	191	245	180
2048	2303	2048	183	208	146
2303	2303	2048	176	176	118
2559	2303	2048	170	149	94
2815	2303	2048	164	125	75
3071	2303	2048	158	105	58
3327	2303	2048	153	87	45
3583	2303	2048	148	72	34
3839	2303	2048	143	59	24
4095	2303	2048	139	48	17
0	2559	2048	282	1270	1063
256	2559	2048	223	724	540
512	2559	2048	203	563	394
768	2559	2048	188	457	300
1024	2559	2048	177	378	233
1280	2559	2048	167	316	182
1536	2559	2048	159	266	142
1792	2559	2048	151	224	111
2048	2559	2048	144	188	85
2303	2559	2048	138	158	65
2559	2559	2048	133	133	48
2815	2559	2048	127	111	35
3071	2559	2048	122	92	24
3327	2559	2048	118	75	16
3583	2559	2048	114	61	10
3839	2559	2048	110	49	6
4095	2559	2048	106	39	3
0	2815	2048	235	1219	878
256	2815	2048	181	686	414
512	2815	2048	164	531	289
768	2815	2048	151	428	211
1024	2815	2048	141	352	156
1280	2815	2048	132	292	116
1536	2815	2048	125	244	85
1792	2815	2048	118	204	62
2048	2815	2048	112	170	44
2303	2815	2048	107	142	30
2559	2815	2048	102	118	19
2815	2815	2048	97	97	12
3071	2815	2048	93	80	6
3327	2815	2048	89	65	3
3583	2815	2048	86	52	1
3839	2815	2048	82	41	0
4095	2815	2048	79	32	0
0	3071	2048	194	1171	719
256	3071	2048	146	652	311
512	3071	2048	130	501	206
768	3071	2048	119	401	142
1024	3071	2048	110	328	99
1280	3071	2048	103	271	68
1536	3071	2048	96	225	45
1792	3071	2048	91	186	29
2048	3071	2048	86	154	17
2303	3071	2048	81	128	10
2559	3071	2048	77	105	4
2815	3071	2048	73	86	1
3071	3071	2048	69	69	0
3327	3071	2048	66	55	0
3583	3071	2048	63	44	0
3839	3071	2048	60	34	0
4095	3071	2048	57	25	0
0	3327	2048	159	1127	584
256	3327	2048	117	620	228
512	3327	2048	103	473	140
768	3327	2048	93	377	89
1024	3327	2048	85	306	56
1280	3327	2048	79	251	34
1536	3327	2048	73	207	20
1792	3327	2048	68	170	10
2048	3327	2048	64	140	4
2303	3327	2048	60	115	1
2559	3327	2048	56	93	0
2815	3327	2048	53	75	0
3071	3327	2048	50	60	0
3327	3327	2048	47	47	0
3583	3327	2048	45	36	0
3839	3327	2048	42	28	0
4095	3327	2048	40	20	0
0	3583	2048	129	1085	468
256	3583	2048	92	590	161
512	3583	2048	79	447	90
768	3583	2048	71	354	51
1024	3583	2048	64	286	28
1280	3583	2048	59	233	13
1536	3583	2048	54	190	5
1792	3583	2048	50	156	1
2048	3583	2048	46	127	0
2303	3583	2048	43	103	0
2559	3583	2048	40	83	0
2815	3583	2048	37	66	0
3071	3583	2048	35	52	0
3327	3583	2048	32	40	0
3583	3583	2048	30	30	0
3839	3583	2048	28	22	0
4095	3583	2048	27	16	0
0	3839	2048	104	1046	370
256	3839	2048	71	562	108
512	3839	2048	60	423	53
768	3839	2048	53	333	25
1024	3839	2048	47	267	10
1280	3839	2048	42	216	3
1536	3839	2048	38	175	0
1792	3839	2048	35	142	0
2048	3839	2048	32	115	0
2303	3839	2048	29	92	0
2559	3839	2048	27	73	0
2815	3839	2048	25	58	0
3071	3839	2048	23	45	0
3327	3839	2048	21	34	0
3583	3839	2048	19	25	0
3839	3839	2048	18	18	0
4095	3839	2048	16	12	0
0	4095	2048	82	1009	287
256	4095	2048	53	535	68
512	4095	2048	44	400	27
768	4095	2048	38	313	9
1024	4095	2048	33	250	2
1280	4095	2048	29	200	0
1536	4095	2048	26	161	0
1792	4095	2048	23	130	0
2048	4095	2048	21	104	0
2303	4095	2048	19	83	0
2559	4095	2048	17	65	0
2815	4095	2048	15	50	0
3071	4095	2048	14	38	0
3327	4095	2048	12	28	0
3583	4095	2048	11	20	0
3839	4095	2048	10	14	0
4095	4095	2048	9	9	0
0	0	2303	2667	2667	4095
256	0	2303	2456	1813	4095
512	0	2303	2380	1542	4095
768	0	2303	2324	1355	4095
1024	0	2303	2278	1209	4095
1280	0	2303	2239	1089	4095
1536	0	2303	2204	988	4095
1792	0	2303	2172	900	4095
2048	0	2303	2143	823	4095
2303	0	2303	2116	755	4095
2559	0	2303	2091	693	4095
2815	0	2303	2067	637	4095
3071	0	2303	2044	586	4095
3327	0	2303	2023	540	4095
3583	0	2303	2003	498	4095
3839	0	2303	1983	459	4095
4095	0	2303	1965	423	4095
0	256	2303	1507	2092	4095
256	256	2303	1353	1353	4095
512	256	2303	1299	1124	4095
768	256	2303	1259	967	4074
1024	256	2303	1226	846	3783
1280	256	2303	1198	748	3539
1536	256	2303	1173	666	3327
1792	256	2303	1150	596	3141
2048	256	2303	1130	534	2974
2303	256	2303	1111	481	2822
2559	256	2303	1093	433	2683
2815	256	2303	1076	390	2555
3071	256	2303	1061	351	2437
3327	256	2303	1046	316	2326
3583	256	2303	1031	285	2223
3839	256	2303	1018	256	2126
4095	256	2303	1005	230	2035
0	512	2303	1167	1899	4095
256	512	2303	1034	1202	3727
512	512	2303	987	987	3286
768	512	2303	952	841	2976
1024	512	2303	924	729	2732
1280	512	2303	900	639	2528
1536	512	2303	879	564	2352
1792	512	2303	860	500	2198
2048	512	2303	842	444	2061
2303	512	2303	826	396	1938
2559	512	2303	811	353	1825
2815	512	2303	797	315	1721
3071	512	2303	783	280	1626
3327	512	2303	771	250	1538
3583	512	2303	759	222	1455
3839	512	2303	747	197	1379
4095	512	2303	736	175	1307
0	768	2303	943	1760	4095
256	768	2303	825	1094	2929
512	768	2303	783	891	2544
768	768	2303	753	753	2276
1024	768	2303	728	648	2065
1280	768	2303	707	564	1890
1536	768	2303	688	494	1741
1792	768	2303	672	434	1611
2048	768	2303	656	383	1495
2303	768	2303	642	338	1392
2559	768	2303	629	299	1298
2815	768	2303	617	264	1212
3071	768	2303	605	233	1134
3327	768	2303	594	205	1061
3583	768	2303	584	180	994
3839	768	2303	574	158	932
4095	768	2303	564	138	874
0	1024	2303	777	1650	3409
256	1024	2303	671	1009	2346
512	1024	2303	634	815	2006
768	1024	2303	607	684	1771
1024	1024	2303	585	585	1588
1280	1024	2303	566	505	1437
1536	1024	2303	550	439	1309
1792	1024	2303	535	384	1198
2048	1024	2303	521	336	1100
2303	1024	2303	509	294	1013
2559	1024	2303	497	258	934
2815	1024	2303	486	226	862
3071	1024	2303	476	197	797
3327	1024	2303	467	172	738
3583	1024	2303	457	150	683
3839	1024	2303	449	130	633
4095	1024	2303	440	112	586
0	1280	2303	646	1556	2851
256	1280	2303	551	938	1895
512	1280	2303	517	752	1594
768	1280	2303	493	627	1387
1024	1280	2303	474	532	1227
1280	1280	2303	457	457	1097
1536	1280	2303	442	395	987
1792	1280	2303	429	342	892
2048	1280	2303	417	297	808
2303	1280	2303	406	259	735
2559	1280	2303	396	225	669
2815	1280	2303	386	195	610
3071	1280	2303	377	169	556
3327	1280	2303	369	146	507
3583	1280	2303	361	125	463
3839	1280	2303	353	107	422
4095	1280	2303	346	91	385
0	1536	2303	540	1476	2396
256	1536	2303	454	877	1535
512	1536	2303	424	698	1268
768	1536	2303	402	578	1086
1024	1536	2303	385	488	947
1280	1536	2303	370	416	834
1536	1536	2303	357	357	739
1792	1536	2303	345	307	659
2048	1536	2303	335	265	588
2303	1536	2303	325	229	527
2559	1536	2303	316	197	472
2815	1536	2303	307	169	423
3071	1536	2303	299	145	379
3327	1536	2303	292	124	340
3583	1536	2303	285	105	305
3839	1536	2303	278	89	272
4095	1536	2303	272	75	243
0	1792	2303	453	1404	2019
256	1792	2303	374	823	1242
512	1792	2303	348	650	1005
768	1792	2303	328	535	846
1024	1792	2303	313	449	725
1280	1792	2303	299	380	628
1536	1792	2303	288	324	547
1792	1792	2303	277	277	479
2048	1792	2303	268	237	420
2303	1792	2303	259	203	369
2559	1792	2303	251	174	324
2815	1792	2303	244	148	285
3071	1792	2303	237	126	250
3327	1792	2303	230	106	219
3583	1792	2303	224	89	191
3839	1792	2303	218	74	166
4095	1792	2303	213	61	144
0	2048	2303	379	1339	1701
256	2048	2303	308	775	1001
512	2048	2303	284	608	792
768	2048	2303	267	497	653
1024	2048	2303	253	414	548
1280	2048	2303	241	349	465
1536	2048	2303	231	296	397
1792	2048	2303	222	251	340
2048	2048	2303	213	213	292
2303	2048	2303	206	181	250
2559	2048	2303	199	153	214
2815	2048	2303	192	129	183
3071	2048	2303	186	109	156
3327	2048	2303	180	91	132
3583	2048	2303	175	75	111
3839	2048	2303	170	62	93
4095	2048	2303	165	50	77
0	2303	2303	317	1281	1432
256	2303	2303	253	732	802
512	2303	2303	231	570	618
768	2303	2303	216	463	497
1024	2303	2303	204	384	408
1280	2303	2303	193	321	338
1536	2303	2303	184	270	281
1792	2303	2303	176	228	234
2048	2303	2303	168	192	195
2303	2303	2303	162	162	162
2559	2303	2303	156	136	134
2815	2303	2303	150	113	110
3071	2303	2303	145	94	89
3327	2303	2303	140	78	72
3583	2303	2303	135	63	57
3839	2303	2303	130	51	45
4095	2303	2303	126	41	34
0	2559	2303	263	1226	1201
256	2559	2303	206	692	636
512	2559	2303	187	536	475
768	2559	2303	173	432	371
1024	2559	2303	162	356	295
1280	2559	2303	153	296	237
1536	2559	2303	145	247	191
1792	2559	2303	138	207	153
2048	2559	2303	131	173	122
2303	2559	2303	126	145	97
2559	2559	2303	120	120	76
2815	2559	2303	115	99	59
3071	2559	2303	111	81	44
3327	2559	2303	106	66	33
3583	2559	2303	102	53	23
3839	2559	2303	98	42	16
4095	2559	2303	95	33	10
0	2815	2303	218	1176	1002
256	2815	2303	167	656	498
512	2815	2303	150	504	358
768	2815	2303	137	404	270
1024	2815	2303	128	331	207
1280	2815	2303	120	273	159
1536	2815	2303	113	227	123
1792	2815	2303	106	188	93
2048	2815	2303	101	156	70
2303	2815	2303	96	129	52
2559	2815	2303	91	106	37
2815	2815	2303	87	87	26
3071	2815	2303	83	70	17
3327	2815	2303	79	56	10
3583	2815	2303	76	44	6
3839	2815	2303	73	34	3
4095	2815	2303	70	26	1
0	3071	2303	179	1130	831
256	3071	2303	133	622	383
512	3071	2303	118	475	264
768	3071	2303	107	379	190
1024	3071	2303	99	308	139
1280	3071	2303	92	252	101
1536	3071	2303	86	208	73
1792	3071	2303	81	171	51
2048	3071	2303	76	141	35
2303	3071	2303	72	116	23
2559	3071	2303	68	94	14
2815	3071	2303	64	76	8
3071	3071	2303	61	61	3
3327	3071	2303	58	48	1
3583	3071	2303	55	37	0
3839	3071	2303	52	28	0
4095	3071	2303	49	21	0
0	3327	2303	146	1086	684
256	3327	2303	105	590	289
512	3327	2303	92	448	188
768	3327	2303	83	355	127
1024	3327	2303	75	286	87
1280	3327	2303	69	233	58
1536	3327	2303	64	191	38
1792	3327	2303	60	156	23
2048	3327	2303	55	127	13
2303	3327	2303	52	103	6
2559	3327	2303	49	83	2
2815	3327	2303	46	66	0
3071	3327	2303	43	52	0
3327	3327	2303	40	40	0
3583	3327	2303	38	30	0
3839	3327	2303	36	22	0
4095	3327	2303	34	16	0
0	3583	2303	117	1045	557
256	3583	2303	81	561	212
512	3583	2303	70	423	128
768	3583	2303	62	333	80
1024	3583	2303	56	267	49
1280	3583	2303	51	216	29
1536	3583	2303	46	175	16
1792	3583	2303	43	142	7
2048	3583	2303	39	115	2
2303	3583	2303	36	92	0
2559	3583	2303	34	73	0
2815	3583	2303	31	58	0
3071	3583	2303	29	45	0
3327	3583	2303	27	34	0
3583	3583	2303	25	25	0
3839	3583	2303	23	18	0
4095	3583	2303	22	12	0
0	3839	2303	93	1007	449
256	3839	2303	62	534	150
512	3839	2303	52	399	82
768	3839	2303	45	312	45
1024	3839	2303	40	249	24
1280	3839	2303	36	200	11
1536	3839	2303	32	161	4
1792	3839	2303	29	129	1
2048	3839	2303	26	103	0
2303	3839	2303	24	82	0
2559	3839	2303	22	64	0
2815	3839	2303	20	50	0
3071	3839	2303	18	38	0
3327	3839	2303	17	28	0
3583	3839	2303	15	20	0
3839	3839	2303	14	14	0
4095	3839	2303	13	9	0
0	4095	2303	72	970	356
256	4095	2303	46	508	101
512	4095	2303	37	377	48
768	4095	2303	32	293	22
1024	4095	2303	27	232	8
1280	4095	2303	24	185	2
1536	4095	2303	21	148	0
1792	4095	2303	19	118	0
2048	4095	2303	17	93	0
2303	4095	2303	15	73	0
2559	4095	2303	13	57	0
2815	4095	2303	12	43	0
3071	4095	2303	10	32	0
3327	4095	2303	9	23	0
3583	4095	2303	8	16	0
3839	4095	2303	7	11	0
4095	4095	2303	6	6	0
0	0	2559	2606	2606	4095
256	0	2559	2397	1764	4095
512	0	2559	2322	1497	4095
768	0	2559	2267	1312	4095
1024	0	2559	2222	1169	4095
1280	0	2559	2183	1052	4095
1536	0	2559	2148	952	4095
1792	0	2559	2117	866	4095
2048	0	2559	2088	791	4095
2303	0	2559	2062	724	4095
2559	0	2559	2037	664	4095
2815	0	2559	2013	609	4095
3071	0	2559	1991	560	4095
3327	0	2559	1970	515	4095
3583	0	2559	1950	473	4095
3839	0	2559	1931	435	4095
4095	0	2559	1912	400	4095
0	256	2559	1462	2038	4095
256	256	2559	1311	1311	4095
512	256	2559	1257	1085	4095
768	256	2559	1218	931	4095
1024	256	2559	1186	813	4038
1280	256	2559	1158	718	3785
1536	256	2559	1134	637	3566
1792	256	2559	1112	569	3372
2048	256	2559	1091	509	3198
2303	256	2559	1073	457	3041
2559	256	2559	1055	410	2896
2815	256	2559	1039	368	2763
3071	256	2559	1023	331	2639
3327	256	2559	1009	297	2523
3583	256	2559	995	267	2415
3839	256	2559	982	239	2314
4095	256	2559	969	214	2218
0	512	2559	1128	1847	4095
256	512	2559	997	1162	3980
512	512	2559	951	951	3523
768	512	2559	917	808	3201
1024	512	2559	890	699	2946
1280	512	2559	866	611	2734
1536	512	2559	845	538	2551
1792	512	2559	826	476	2389
2048	512	2559	809	421	2246
2303	512	2559	794	374	2116
2559	512	2559	779	333	1998
2815	512	2559	765	296	1889
3071	512	2559	752	262	1789
3327	512	2559	739	233	1695
3583	512	2559	728	206	1609
3839	512	2559	717	182	1528
4095	512	2559	706	161	1452
0	768	2559	908	1711	4095
256	768	2559	793	1056	3152
512	768	2559	752	857	2751
768	768	2559	722	722	2470
1024	768	2559	698	620	2250
1280	768	2559	677	538	2067
1536	768	2559	659	470	1910
1792	768	2559	643	412	1773
2048	768	2559	628	362	1651
2303	768	2559	614	319	1542
2559	768	2559	601	280	1442
2815	768	2559	589	247	1351
3071	768	2559	578	217	1268
3327	768	2559	567	190	1191
3583	768	2559	557	167	1119
3839	768	2559	547	145	1053
4095	768	2559	538	126	991
0	1024	2559	746	1602	3650
256	1024	2559	642	973	2543
512	1024	2559	606	783	2188
768	1024	2559	579	655	1941
1024	1024	2559	558	558	1748
1280	1024	2559	540	481	1589
1536	1024	2559	524	417	1454
1792	1024	2559	509	362	1336
2048	1024	2559	496	316	1232
2303	1024	2559	484	276	1139
2559	1024	2559	473	241	1055
2815	1024	2559	462	210	978
3071	1024	2559	452	183	909
3327	1024	2559	443	158	845
3583	1024	2559	434	137	786
3839	1024	2559	426	118	731
4095	1024	2559	418	101	680
0	1280	2559	618	1511	3070
256	1280	2559	525	904	2071
512	1280	2559	492	721	1755
768	1280	2559	469	599	1536
1024	1280	2559	450	507	1367
1280	1280	2559	434	434	1229
1536	1280	2559	419	373	1111
1792	1280	2559	407	322	1010
2048	1280	2559	395	279	920
2303	1280	2559	384	242	842
2559	1280	2559	374	209	770
2815	1280	2559	365	180	706
3071	1280	2559	356	155	648
3327	1280	2559	348	133	595
3583	1280	2559	340	114	546
3839	1280	2559	333	97	502
4095	1280	2559	326	82	461
0	1536	2559	515	1431	2596
256	1536	2559	431	844	1692
512	1536	2559	402	668	1410
768	1536	2559	381	551	1217
1024	1536	2559	364	464	1069
1280	1536	2559	349	394	948
1536	1536	2559	337	337	846
1792	1536	2559	325	289	759
2048	1536	2559	315	248	683
2303	1536	2559	306	213	616
2559	1536	2559	297	182	557
2815	1536	2559	289	156	503
3071	1536	2559	281	133	455
3327	1536	2559	274	113	411
3583	1536	2559	267	95	372
3839	1536	2559	260	80	336
4095	1536	2559	254	66	303
0	1792	2559	429	1361	2202
256	1792	2559	354	791	1383
512	1792	2559	328	622	1131
768	1792	2559	309	510	961
1024	1792	2559	294	426	831
1280	1792	2559	281	359	726
1536	1792	2559	270	305	639
1792	1792	2559	260	260	564
2048	1792	2559	250	221	500
2303	1792	2559	242	188	444
2559	1792	2559	234	160	394
2815	1792	2559	227	135	350
3071	1792	2559	221	114	310
3327	1792	2559	214	96	275
3583	1792	2559	208	80	244
3839	1792	2559	203	66	215
4095	1792	2559	197	53	190
0	2048	2559	358	1297	1868
256	2048	2559	290	744	1127
512	2048	2559	266	581	903
768	2048	2559	250	473	753
1024	2048	2559	236	392	640
1280	2048	2559	225	329	549
1536	2048	2559	215	277	474
1792	2048	2559	206	234	411
2048	2048	2559	198	198	357
2303	2048	2559	191	167	311
2559	2048	2559	184	141	270
2815	2048	2559	178	118	234
3071	2048	2559	172	98	203
3327	2048	2559	166	81	175
3583	2048	2559	161	66	151
3839	2048	2559	156	54	129
4095	2048	2559	151	43	110
0	2303	2559	298	1239	1584
256	2303	2559	236	702	914
512	2303	2559	215	544	715
768	2303	2559	201	440	584
1024	2303	2559	189	363	486
1280	2303	2559	179	302	408
1536	2303	2559	170	253	345
1792	2303	2559	162	212	293
2048	2303	2559	155	178	248
2303	2303	2559	149	149	210
2559	2303	2559	143	124	178
2815	2303	2559	137	103	149
3071	2303	2559	132	84	125
3327	2303	2559	127	69	104
3583	2303	2559	123	55	86
3839	2303	2559	119	44	70
4095	2303	2559	115	35	56
0	2559	2559	246	1186	1339
256	2559	2559	191	663	735
512	2559	2559	173	510	560
768	2559	2559	160	410	446
1024	2559	2559	149	336	362
1280	2559	2559	140	278	296
1536	2559	2559	133	231	243
1792	2559	2559	126	192	200
2048	2559	2559	120	159	164
2303	2559	2559	114	132	134
2559	2559	2559	109	109	109
2815	2559	2559	104	89	88
3071	2559	2559	100	72	70
3327	2559	2559	96	58	55
3583	2559	2559	92	46	42
3839	2559	2559	88	36	32
4095	2559	2559	85	27	23
0	2815	2559	202	1137	1128
256	2815	2559	153	627	585
512	2815	2559	137	479	431
768	2815	2559	125	383	333
1024	2815	2559	116	311	262
1280	2815	2559	109	256	208
1536	2815	2559	102	211	165
1792	2815	2559	96	174	130
2048	2815	2559	91	143	102
2303	2815	2559	86	118	79
2559	2815	2559	82	96	61
2815	2815	2559	78	78	45
3071	2815	2559	74	62	33
3327	2815	2559	70	49	23
3583	2815	2559	67	38	16
3839	2815	2559	64	29	10
4095	2815	2559	61	21	6
0	3071	2559	165	1091	945
256	3071	2559	121	594	459
512	3071	2559	107	451	326
768	3071	2559	97	357	242
1024	3071	2559	89	289	183
1280	3071	2559	82	236	139
1536	3071	2559	77	193	105
1792	3071	2559	72	158	78
2048	3071	2559	67	129	57
2303	3071	2559	63	105	41
2559	3071	2559	60	84	28
2815	3071	2559	56	67	19
3071	3071	2559	53	53	11
3327	3071	2559	50	41	6
3583	3071	2559	47	31	3
3839	3071	2559	45	23	1
4095	3071	2559	43	16	0
0	3327	2559	133	1049	787
256	3327	2559	95	564	354
512	3327	2559	82	425	240
768	3327	2559	74	334	170
1024	3327	2559	67	268	122
1280	3327	2559	61	217	87
1536	3327	2559	56	176	61
1792	3327	2559	52	143	42
2048	3327	2559	48	116	27
2303	3327	2559	45	93	17
2559	3327	2559	42	74	9
2815	3327	2559	39	58	4
3071	3327	2559	37	45	2
3327	3327	2559	34	34	0
3583	3327	2559	32	25	0
3839	3327	2559	30	18	0
4095	3327	2559	28	12	0
0	3583	2559	106	1009	650
256	3583	2559	72	535	267
512	3583	2559	62	400	171
768	3583	2559	54	313	114
1024	3583	2559	49	249	76
1280	3583	2559	44	200	49
1536	3583	2559	40	161	31
1792	3583	2559	36	130	18
2048	3583	2559	33	104	9
2303	3583	2559	31	83	4
2559	3583	2559	28	65	1
2815	3583	2559	26	50	0
3071	3583	2559	24	38	0
3327	3583	2559	22	28	0
3583	3583	2559	20	20	0
3839	3583	2559	19	14	0
4095	3583	2559	17	9	0
0	3839	2559	83	971	531
256	3839	2559	54	508	196
512	3839	2559	45	378	116
768	3839	2559	39	293	71
1024	3839	2559	34	232	42
1280	3839	2559	30	185	24
1536	3839	2559	27	148	12
1792	3839	2559	24	118	5
2048	3839	2559	22	93	1
2303	3839	2559	20	73	0
2559	3839	2559	18	57	0
2815	3839	2559	16	43	0
3071	3839	2559	14	32	0
3327	3839	2559	13	23	0
3583	3839	2559	12	16	0
3839	3839	2559	11	11	0
4095	3839	2559	9	6	0
0	4095	2559	64	935	429
256	4095	2559	39	484	139
512	4095	2559	32	356	74
768	4095	2559	26	275	40
1024	4095	2559	23	216	20
1280	4095	2559	20	171	8
1536	4095	2559	17	135	2
1792	4095	2559	15	107	0
2048	4095	2559	13	83	0
2303	4095	2559	11	65	0
2559	4095	2559	10	49	0
2815	4095	2559	9	37	0
3071	4095	2559	8	27	0
3327	4095	2559	7	19	0
3583	4095	2559	6	12	0
3839	4095	2559	5	8	0
4095	4095	2559	4	4	0
0	0	2815	2548	2548	4095
256	0	2815	2342	1717	4095
512	0	2815	2268	1454	4095
768	0	2815	2214	1273	4095
1024	0	2815	2169	1132	4095
1280	0	2815	2131	1017	4095
1536	0	2815	2097	919	4095
1792	0	2815	2066	835	4095
2048	0	2815	2037	761	4095
2303	0	2815	2011	695	4095
2559	0	2815	1987	636	4095
2815	0	2815	1963	583	4095
3071	0	2815	1942	535	4095
3327	0	2815	1921	491	4095
3583	0	2815	1901	451	4095
3839	0	2815	1882	414	4095
4095	0	2815	1864	380	4095
0	256	2815	1420	1988	4095
256	256	2815	1271	1271	4095
512	256	2815	1219	1050	4095
768	256	2815	1180	899	4095
1024	256	2815	1148	783	4095
1280	256	2815	1121	689	4027
1536	256	2815	1097	611	3800
1792	256	2815	1075	544	3599
2048	256	2815	1056	485	3419
2303	256	2815	1037	434	3256
2559	256	2815	1020	389	3105
2815	256	2815	1004	349	2967
3071	256	2815	989	312	2838
3327	256	2815	975	280	2718
3583	256	2815	961	250	2605
3839	256	2815	948	224	2499
4095	256	2815	935	200	2400
0	512	2815	1092	1800	4095
256	512	2815	963	1125	4095
512	512	2815	918	918	3756
768	512	2815	885	778	3422
1024	512	2815	858	671	3157
1280	512	2815	835	585	2937
1536	512	2815	814	514	2746
1792	512	2815	796	453	2578
2048	512	2815	779	400	2428
2303	512	2815	764	355	2293
2559	512	2815	749	314	2169
2815	512	2815	736	278	2056
3071	512	2815	723	246	1950
3327	512	2815	711	218	1853
3583	512	2815	699	192	1761
3839	512	2815	688	169	1676
4095	512	2815	678	148	1596
0	768	2815	876	1665	4095
256	768	2815	763	1021	3371
512	768	2815	723	826	2955
768	768	2815	694	694	2662
1024	768	2815	670	594	2432
1280	768	2815	650	514	2241
1536	768	2815	632	447	2077
1792	768	2815	616	391	1934
2048	768	2815	601	342	1806
2303	768	2815	588	300	1691
2559	768	2815	576	264	1586
2815	768	2815	564	231	1491
3071	768	2815	553	202	1402
3327	768	2815	542	177	1321
3583	768	2815	532	154	1245
3839	768	2815	523	134	1175
4095	768	2815	514	116	1109
0	1024	2815	717	1558	3887
256	1024	2815	615	940	2739
512	1024	2815	580	753	2368
768	1024	2815	554	628	2110
1024	1024	2815	533	533	1908
1280	1024	2815	516	458	1741
1536	1024	2815	500	396	1599
1792	1024	2815	486	343	1474
2048	1024	2815	473	298	1364
2303	1024	2815	461	259	1266
2559	1024	2815	450	225	1177
2815	1024	2815	440	195	1096
3071	1024	2815	430	169	1021
3327	1024	2815	421	146	953
3583	1024	2815	413	126	890
3839	1024	2815	404	108	832
4095	1024	2815	397	92	777
0	1280	2815	592	1468	3286
256	1280	2815	501	871	2246
512	1280	2815	469	693	1915
768	1280	2815	447	573	1686
1024	1280	2815	428	484	1507
1280	1280	2815	412	412	1361
1536	1280	2815	398	353	1237
1792	1280	2815	386	304	1129
2048	1280	2815	375	262	1034
2303	1280	2815	364	226	950
2559	1280	2815	355	195	874
2815	1280	2815	346	167	805
3071	1280	2815	337	143	742
3327	1280	2815	329	122	685
3583	1280	2815	322	104	633
3839	1280	2815	314	87	584
4095	1280	2815	308	73	540
0	1536	2815	491	1390	2794
256	1536	2815	409	813	1849
512	1536	2815	381	641	1553
768	1536	2815	361	527	1349
1024	1536	2815	344	441	1192
1280	1536	2815	330	373	1063
1536	1536	2815	318	318	955
1792	1536	2815	307	271	862
2048	1536	2815	297	232	780
2303	1536	2815	288	198	708
2559	1536	2815	279	169	643
2815	1536	2815	271	144	585
3071	1536	2815	264	122	533
3327	1536	2815	257	103	485
3583	1536	2815	251	86	442
3839	1536	2815	244	71	402
4095	1536	2815	238	59	366
0	1792	2815	408	1320	2382
256	1792	2815	334	761	1524
512	1792	2815	309	596	1258
768	1792	2815	291	486	1077
1024	1792	2815	276	405	938
1280	1792	2815	264	340	826
1536	1792	2815	253	287	732
1792	1792	2815	243	243	652
2048	1792	2815	235	206	582
2303	1792	2815	227	175	521
2559	1792	2815	219	148	466
2815	1792	2815	212	124	418
3071	1792	2815	206	104	374
3327	1792	2815	200	86	335
3583	1792	2815	194	71	300
3839	1792	2815	189	58	268
4095	1792	2815	183	47	239
0	2048	2815	339	1258	2034
256	2048	2815	272	715	1253
512	2048	2815	250	556	1015
768	2048	2815	234	450	855
1024	2048	2815	221	372	733
1280	2048	2815	210	310	635
1536	2048	2815	200	260	554
1792	2048	2815	192	219	486
2048	2048	2815	184	184	426
2303	2048	2815	177	154	375
2559	2048	2815	170	129	330
2815	2048	2815	164	107	290
3071	2048	2815	159	89	254
3327	2048	2815	154	73	223
3583	2048	2815	149	59	195
3839	2048	2815	144	47	170
4095	2048	2815	139	37	147
0	2303	2815	280	1201	1736
256	2303	2815	221	674	1027
512	2303	2815	201	519	815
768	2303	2815	187	418	673
1024	2303	2815	175	343	567
1280	2303	2815	165	284	482
1536	2303	2815	157	237	413
1792	2303	2815	150	197	355
2048	2303	2815	143	164	305
2303	2303	2815	137	137	262
2559	2303	2815	131	113	225
2815	2303	2815	126	93	193
3071	2303	2815	121	76	165
3327	2303	2815	117	61	140
3583	2303	2815	112	49	119
3839	2303	2815	108	38	100
4095	2303	2815	104	29	83
0	2559	2815	231	1149	1478
256	2559	2815	178	636	835
512	2559	2815	160	487	647
768	2559	2815	147	389	523
1024	2559	2815	137	317	431
1280	2559	2815	129	261	358
1536	2559	2815	121	215	300
1792	2559	2815	115	178	251
2048	2559	2815	109	147	210
2303	2559	2815	104	121	176
2559	2559	2815	99	99	146
2815	2559	2815	95	80	121
3071	2559	2815	90	65	100
3327	2559	2815	87	51	81
3583	2559	2815	83	40	65
3839	2559	2815	80	31	52
4095	2559	2815	76	23	40
0	2815	2815	188	1101	1254
256	2815	2815	141	601	674
512	2815	2815	126	457	508
768	2815	2815	115	362	400
1024	2815	2815	106	293	321
1280	2815	2815	99	240	259
1536	2815	2815	92	196	211
1792	2815	2815	87	161	171
2048	2815	2815	82	132	138
2303	2815	2815	77	107	111
2559	2815	2815	73	87	88
2815	2815	2815	69	69	69
3071	2815	2815	66	55	54
3327	2815	2815	63	43	41
3583	2815	2815	60	33	30
3839	2815	2815	57	24	21
4095	2815	2815	54	17	15
0	3071	2815	153	1056	1060
256	3071	2815	111	569	538
512	3071	2815	97	429	392
768	3071	2815	88	338	299
1024	3071	2815	80	272	232
1280	3071	2815	74	220	181
1536	3071	2815	68	179	141
1792	3071	2815	64	146	110
2048	3071	2815	60	118	84
2303	3071	2815	56	95	64
2559	3071	2815	52	76	47
2815	3071	2815	49	60	34
3071	3071	2815	46	46	24
3327	3071	2815	44	35	16
3583	3071	2815	41	26	10
3839	3071	2815	39	19	5
4095	3071	2815	37	13	2
0	3327	2815	122	1014	891
256	3327	2815	86	539	423
512	3327	2815	74	403	296
768	3327	2815	66	316	217
1024	3327	2815	59	252	162
1280	3327	2815	54	203	120
1536	3327	2815	49	163	89
1792	3327	2815	45	132	65
2048	3327	2815	42	105	46
2303	3327	2815	39	84	32
2559	3327	2815	36	66	21
2815	3327	2815	33	51	13
3071	3327	2815	31	39	7
3327	3327	2815	29	29	3
3583	3327	2815	27	21	1
3839	3327	2815	25	14	0
4095	3327	2815	23	9	0
0	3583	2815	96	974	744
256	3583	2815	65	511	327
512	3583	2815	54	380	218
768	3583	2815	48	295	152
1024	3583	2815	42	234	107
1280	3583	2815	38	186	75
1536	3583	2815	34	149	51
1792	3583	2815	31	119	33
2048	3583	2815	28	94	21
2303	3583	2815	26	74	12
2559	3583	2815	23	57	6
2815	3583	2815	21	44	2
3071	3583	2815	20	33	0
3327	3583	2815	18	24	0
3583	3583	2815	16	16	0
3839	3583	2815	15	11	0
4095	3583	2815	14	7	0
0	3839	2815	75	937	616
256	3839	2815	47	485	247
512	3839	2815	39	358	155
768	3839	2815	33	276	101
1024	3839	2815	29	217	66
1280	3839	2815	25	172	41
1536	3839	2815	22	136	25
1792	3839	2815	20	107	14
2048	3839	2815	18	84	6
2303	3839	2815	16	65	2
2559	3839	2815	14	50	0
2815	3839	2815	13	37	0
3071	3839	2815	11	27	0
3327	3839	2815	10	19	0
3583	3839	2815	9	13	0
3839	3839	2815	8	8	0
4095	3839	2815	7	4	0
0	4095	2815	57	902	505
256	4095	2815	34	461	181
512	4095	2815	27	337	105
768	4095	2815	22	258	62
1024	4095	2815	19	201	36
1280	4095	2815	16	158	19
1536	4095	2815	13	124	9
1792	4095	2815	12	97	3
2048	4095	2815	10	75	0
2303	4095	2815	9	57	0
2559	4095	2815	7	43	0
2815	4095	2815	6	31	0
3071	4095	2815	5	22	0
3327	4095	2815	5	15	0
3583	4095	2815	4	10	0
3839	4095	2815	3	6	0
4095	4095	2815	3	3	0
0	0	3071	2494	2494	4095
256	0	3071	2291	1674	4095
512	0	3071	2218	1414	4095
768	0	3071	2164	1236	4095
1024	0	3071	2120	1097	4095
1280	0	3071	2082	984	4095
1536	0	3071	2048	888	4095
1792	0	3071	2017	806	4095
2048	0	3071	1989	733	4095
2303	0	3071	1964	669	4095
2559	0	3071	1939	611	4095
2815	0	3071	1916	559	4095
3071	0	3071	1895	512	4095
3327	0	3071	1874	469	4095
3583	0	3071	1855	430	4095
3839	0	3071	1836	394	4095
4095	0	3071	1818	361	4095
0	256	3071	1381	1941	4095
256	256	3071	1235	1235	4095
512	256	3071	1183	1016	4095
768	256	3071	1144	868	4095
1024	256	3071	1113	755	4095
1280	256	3071	1087	663	4095
1536	256	3071	1063	586	4030
1792	256	3071	1042	521	3823
2048	256	3071	1022	464	3637
2303	256	3071	1004	414	3468
2559	256	3071	987	370	3312
2815	256	3071	972	331	3168
3071	256	3071	957	295	3035
3327	256	3071	943	264	2910
3583	256	3071	929	235	2793
3839	256	3071	917	209	2683
4095	256	3071	904	186	2580
0	512	3071	1058	1755	4095
256	512	3071	932	1090	4095
512	512	3071	887	887	3985
768	512	3071	855	750	3640
1024	512	3071	828	645	3366
1280	512	3071	805	561	3137
1536	512	3071	785	491	2940
1792	512	3071	767	432	2765
2048	512	3071	751	381	2609
2303	512	3071	736	336	2469
2559	512	3071	721	297	2340
2815	512	3071	708	262	2221
3071	512	3071	696	231	2111
3327	512	3071	684	204	2009
3583	512	3071	673	179	1914
3839	512	3071	662	157	1825
4095	512	3071	652	137	1741
0	768	3071	846	1623	4095
256	768	3071	735	989	3587
512	768	3071	696	796	3156
768	768	3071	667	667	2853
1024	768	3071	644	569	2614
1280	768	3071	624	491	2415
1536	768	3071	607	426	2244
1792	768	3071	591	371	2094
2048	768	3071	577	324	1960
2303	768	3071	564	284	1840
2559	768	3071	552	248	1730
2815	768	3071	540	217	1630
3071	768	3071	529	189	1537
3327	768	3071	519	164	1452
3583	768	3071	509	142	1372
3839	768	3071	500	123	1298
4095	768	3071	491	106	1228
0	1024	3071	690	1517	4095
256	1024	3071	591	908	2932
512	1024	3071	556	725	2547
768	1024	3071	531	603	2278
1024	1024	3071	510	510	2067
1280	1024	3071	493	437	1893
1536	1024	3071	478	376	1743
1792	1024	3071	464	325	1613
2048	1024	3071	451	281	1497
2303	1024	3071	440	244	1394
2559	1024	3071	429	211	1300
2815	1024	3071	419	182	1214
3071	1024	3071	410	157	1135
3327	1024	3071	401	135	1063
3583	1024	3071	393	115	996
3839	1024	3071	385	98	934
4095	1024	3071	377	83	876
0	1280	3071	568	1428	3499
256	1280	3071	479	841	2420
512	1280	3071	448	666	2074
768	1280	3071	426	550	1834
1024	1280	3071	408	462	1648
1280	1280	3071	392	392	1494
1536	1280	3071	379	335	1363
1792	1280	3071	367	287	1249
2048	1280	3071	356	247	1149
2303	1280	3071	346	212	1059
2559	1280	3071	336	181	979
2815	1280	3071	328	155	905
3071	1280	3071	319	132	839
3327	1280	3071	312	112	777
3583	1280	3071	304	94	721
3839	1280	3071	297	79	669
4095	1280	3071	291	66	621
0	1536	3071	469	1351	2989
256	1536	3071	390	784	2006
512	1536	3071	362	616	1695
768	1536	3071	342	504	1481
1024	1536	3071	326	421	1315
1280	1536	3071	313	355	1180
1536	1536	3071	301	301	1065
1792	1536	3071	290	256	966
2048	1536	3071	280	218	879
2303	1536	3071	272	185	802
2559	1536	3071	263	157	733
2815	1536	3071	256	133	670
3071	1536	3071	249	112	614
3327	1536	3071	242	93	562
3583	1536	3071	235	77	515
3839	1536	3071	229	64	472
4095	1536	3071	224	52	432
0	1792	3071	388	1282	2562
256	1792	3071	317	733	1665
512	1792	3071	292	571	1385
768	1792	3071	275	464	1194
1024	1792	3071	260	385	1047
1280	1792	3071	248	322	928
1536	1792	3071	238	271	828
1792	1792	3071	229	229	741
2048	1792	3071	220	193	666
2303	1792	3071	212	162	600
2559	1792	3071	205	136	542
2815	1792	3071	198	114	489
3071	1792	3071	192	95	441
3327	1792	3071	186	78	399
3583	1792	3071	181	64	360
3839	1792	3071	176	51	324
4095	1792	3071	171	41	292
0	2048	3071	321	1221	2198
256	2048	3071	257	688	1380
512	2048	3071	235	532	1129
768	2048	3071	219	429	959
1024	2048	3071	207	353	829
1280	2048	3071	196	293	724
1536	2048	3071	187	245	637
1792	2048	3071	179	205	562
2048	2048	3071	171	171	498
2303	2048	3071	165	143	442
2559	2048	3071	158	119	392
2815	2048	3071	153	98	348
3071	2048	3071	147	80	309
3327	2048	3071	142	65	274
3583	2048	3071	137	52	243
3839	2048	3071	133	41	214
4095	2048	3071	129	32	189
0	2303	3071	264	1165	1887
256	2303	3071	207	647	1141
512	2303	3071	187	497	916
768	2303	3071	174	398	765
1024	2303	3071	163	325	650
1280	2303	3071	153	268	559
1536	2303	3071	145	222	483
1792	2303	3071	138	184	420
2048	2303	3071	132	153	365
2303	2303	3071	126	126	318
2559	2303	3071	121	103	277
2815	2303	3071	116	84	241
3071	2303	3071	111	68	209
3327	2303	3071	107	54	181
3583	2303	3071	103	43	156
3839	2303	3071	99	33	134
4095	2303	3071	95	25	114
0	2559	3071	216	1114	1617
256	2559	3071	165	610	938
512	2559	3071	148	465	736
768	2559	3071	136	370	603
1024	2559	3071	126	300	503
1280	2559	3071	118	245	424
1536	2559	3071	111	202	359
1792	2559	3071	105	166	306
2048	2559	3071	100	136	260
2303	2559	3071	95	111	221
2559	2559	3071	90	90	187
2815	2559	3071	86	72	158
3071	2559	3071	82	57	133
3327	2559	3071	78	45	111
3583	2559	3071	75	34	92
3839	2559	3071	72	26	76
4095	2559	3071	69	19	62
0	2815	3071	175	1066	1382
256	2815	3071	130	576	765
512	2815	3071	115	435	586
768	2815	3071	105	344	469
1024	2815	3071	96	277	382
1280	2815	3071	90	225	315
1536	2815	3071	84	183	260
1792	2815	3071	78	149	215
2048	2815	3071	74	121	178
2303	2815	3071	69	98	147
2559	2815	3071	66	78	120
2815	2815	3071	62	62	97
3071	2815	3071	59	48	78
3327	2815	3071	56	37	62
3583	2815	3071	53	28	49
3839	2815	3071	50	20	37
4095	2815	3071	48	14	28
0	3071	3071	141	1022	1177
256	3071	3071	101	545	619
512	3071	3071	88	409	460
768	3071	3071	79	320	358
1024	3071	3071	72	256	284
1280	3071	3071	66	206	227
1536	3071	3071	61	167	182
1792	3071	3071	57	134	145
2048	3071	3071	53	108	115
2303	3071	3071	49	86	91
2559	3071	3071	46	68	71
2815	3071	3071	43	53	54
3071	3071	3071	40	40	40
3327	3071	3071	38	30	29
3583	3071	3071	36	22	21
3839	3071	3071	34	15	14
4095	3071	3071	32	10	9
0	3327	3071	112	981	997
256	3327	3071	77	516	494
512	3327	3071	66	384	355
768	3327	3071	58	299	268
1024	3327	3071	52	237	205
1280	3327	3071	47	189	158
1536	3327	3071	43	151	121
1792	3327	3071	40	121	92
2048	3327	3071	36	96	69
2303	3327	3071	34	76	51
2559	3327	3071	31	59	36
2815	3327	3071	29	45	25
3071	3327	3071	26	34	16
3327	3327	3071	24	24	10
3583	3327	3071	23	17	5
3839	3327	3071	21	11	2
4095	3327	3071	19	7	1
0	3583	3071	87	942	840
256	3583	3071	57	489	389
512	3583	3071	48	361	269
768	3583	3071	42	279	194
1024	3583	3071	37	219	142
1280	3583	3071	33	174	104
1536	3583	3071	29	138	75
1792	3583	3071	26	109	53
2048	3583	3071	24	85	36
2303	3583	3071	21	66	24
2559	3583	3071	19	51	15
2815	3583	3071	18	38	8
3071	3583	3071	16	28	4
3327	3583	3071	14	20	1
3583	3583	3071	13	13	0
3839	3583	3071	12	8	0
4095	3583	3071	11	5	0
0	3839	3071	67	906	703
256	3839	3071	41	463	301
512	3839	3071	34	339	197
768	3839	3071	28	260	135
1024	3839	3071	24	203	93
1280	3839	3071	21	159	63
1536	3839	3071	18	125	42
1792	3839	3071	16	98	26
2048	3839	3071	14	76	15
2303	3839	3071	13	58	8
2559	3839	3071	11	44	3
2815	3839	3071	10	32	1
3071	3839	3071	9	23	0
3327	3839	3071	8	15	0
3583	3839	3071	7	10	0
3839	3839	3071	6	6	0
4095	3839	3071	5	3	0
0	4095	3071	50	872	583
256	4095	3071	29	440	227
512	4095	3071	22	319	140
768	4095	3071	18	243	89
1024	4095	3071	15	188	56
1280	4095	3071	13	146	34
1536	4095	3071	11	114	19
1792	4095	3071	9	88	10
2048	4095	3071	8	67	4
2303	4095	3071	6	51	1
2559	4095	3071	5	37	0
2815	4095	3071	4	27	0
3071	4095	3071	4	18	0
3327	4095	3071	3	12	0
3583	4095	3071	2	7	0
3839	4095	3071	2	4	0
4095	4095	3071	2	2	0
0	0	3327	2443	2443	4095
256	0	3327	2242	1632	4095
512	0	3327	2170	1377	4095
768	0	3327	2116	1201	4095
1024	0	3327	2073	1065	4095
1280	0	3327	2035	953	4095
1536	0	3327	2002	859	4095
1792	0	3327	1972	778	4095
2048	0	3327	1944	707	4095
2303	0	3327	1919	644	4095
2559	0	3327	1895	588	4095
2815	0	3327	1872	537	4095
3071	0	3327	1851	491	4095
3327	0	3327	1831	449	4095
3583	0	3327	1811	410	4095
3839	0	3327	1793	375	4095
4095	0	3327	1775	343	4095
0	256	3327	1344	1896	4095
256	256	3327	1200	1200	4095
512	256	3327	1149	985	4095
768	256	3327	1111	840	4095
1024	256	3327	1081	728	4095
1280	256	3327	1054	638	4095
1536	256	3327	1031	563	4095
1792	256	3327	1010	499	4044
2048	256	3327	991	443	3851
2303	256	3327	973	395	3677
2559	256	3327	957	352	3516
2815	256	3327	941	314	3368
3071	256	3327	927	280	3230
3327	256	3327	913	249	3101
3583	256	3327	900	221	2980
3839	256	3327	887	196	2866
4095	256	3327	875	174	2758
0	512	3327	1026	1713	4095
256	512	3327	902	1058	4095
512	512	3327	858	858	4095
768	512	3327	826	723	3855
1024	512	3327	800	621	3572
1280	512	3327	778	539	3336
1536	512	3327	758	470	3131
1792	512	3327	740	412	2951
2048	512	3327	724	363	2789
2303	512	3327	709	319	2643
2559	512	3327	696	281	2509
2815	512	3327	683	247	2386
3071	512	3327	670	217	2272
3327	512	3327	659	191	2165
3583	512	3327	648	167	2066
3839	512	3327	637	146	1973
4095	512	3327	627	127	1885
0	768	3327	818	1582	4095
256	768	3327	709	958	3800
512	768	3327	670	769	3355
768	768	3327	643	643	3041
1024	768	3327	620	547	2794
1280	768	3327	601	470	2587
1536	768	3327	583	407	2410
1792	768	3327	568	354	2254
2048	768	3327	554	308	2114
2303	768	3327	541	268	1989
2559	768	3327	529	234	1875
2815	768	3327	518	203	1770
3071	768	3327	508	176	1673
3327	768	3327	498	153	1583
3583	768	3327	488	132	1499
3839	768	3327	479	113	1421
4095	768	3327	471	97	1348
0	1024	3327	664	1478	4095
256	1024	3327	567	879	3123
512	1024	3327	534	699	2724
768	1024	3327	509	579	2445
1024	1024	3327	489	489	2226
1280	1024	3327	472	417	2044
1536	1024	3327	457	358	1888
1792	1024	3327	444	308	1752
2048	1024	3327	431	266	1631
2303	1024	3327	420	230	1522
2559	1024	3327	410	198	1423
2815	1024	3327	400	170	1333
3071	1024	3327	391	146	1250
3327	1024	3327	382	125	1174
3583	1024	3327	374	106	1103
3839	1024	3327	366	90	1037
4095	1024	3327	359	75	976
0	1280	3327	545	1390	3710
256	1280	3327	458	813	2592
512	1280	3327	428	641	2233
768	1280	3327	406	527	1983
1024	1280	3327	389	442	1788
1280	1280	3327	374	374	1627
1536	1280	3327	361	318	1490
1792	1280	3327	349	272	1370
2048	1280	3327	338	232	1265
2303	1280	3327	328	199	1170
2559	1280	3327	319	169	1085
2815	1280	3327	311	144	1007
3071	1280	3327	303	122	937
3327	1280	3327	295	103	871
3583	1280	3327	288	86	811
3839	1280	3327	281	71	756
4095	1280	3327	275	59	704
0	1536	3327	449	1314	3182
256	1536	3327	371	757	2162
512	1536	3327	344	592	1838
768	1536	3327	325	483	1614
1024	1536	3327	309	401	1440
1280	1536	3327	296	337	1297
1536	1536	3327	285	285	1176
1792	1536	3327	274	241	1071
2048	1536	3327	265	204	979
2303	1536	3327	256	173	897
2559	1536	3327	248	146	824
2815	1536	3327	241	123	757
3071	1536	3327	234	102	697
3327	1536	3327	228	85	641
3583	1536	3327	221	70	591
3839	1536	3327	216	57	544
4095	1536	3327	210	46	501
0	1792	3327	370	1247	2740
256	1792	3327	300	707	1806
512	1792	3327	276	549	1513
768	1792	3327	259	444	1312
1024	1792	3327	246	367	1158
1280	1792	3327	234	305	1031
1536	1792	3327	224	256	925
1792	1792	3327	215	215	833
2048	1792	3327	207	180	753
2303	1792	3327	199	151	682
2559	1792	3327	192	126	619
2815	1792	3327	186	105	562
3071	1792	3327	180	86	511
3327	1792	3327	174	70	465
3583	1792	3327	169	57	422
3839	1792	3327	164	45	384
4095	1792	3327	159	36	348
0	2048	3327	304	1186	2362
256	2048	3327	242	663	1508
512	2048	3327	221	510	1244
768	2048	3327	206	410	1064
1024	2048	3327	194	336	926
1280	2048	3327	183	278	815
1536	2048	3327	175	231	721
1792	2048	3327	167	192	642
2048	2048	3327	160	160	572
2303	2048	3327	153	132	512
2559	2048	3327	147	109	458
2815	2048	3327	142	89	410
3071	2048	3327	136	73	367
3327	2048	3327	132	58	328
3583	2048	3327	127	46	293
3839	2048	3327	123	36	262
4095	2048	3327	119	27	233
0	2303	3327	249	1132	2038
256	2303	3327	194	623	1256
512	2303	3327	175	476	1018
768	2303	3327	162	379	858
1024	2303	3327	151	308	736
1280	2303	3327	142	253	638
1536	2303	3327	135	209	557
1792	2303	3327	128	172	488
2048	2303	3327	122	142	428
2303	2303	3327	116	116	377
2559	2303	3327	111	95	331
2815	2303	3327	106	76	291
3071	2303	3327	102	61	256
3327	2303	3327	98	48	224
3583	2303	3327	94	37	196
3839	2303	3327	90	28	171
4095	2303	3327	87	21	148
0	2559	3327	203	1081	1756
256	2559	3327	154	587	1042
512	2559	3327	137	444	828
768	2559	3327	126	352	685
1024	2559	3327	116	284	578
1280	2559	3327	109	231	492
1536	2559	3327	102	189	422
1792	2559	3327	96	154	363
2048	2559	3327	91	126	313
2303	2559	3327	86	102	270
2559	2559	3327	82	82	232
2815	2559	3327	78	65	199
3071	2559	3327	74	51	171
3327	2559	3327	71	39	145
3583	2559	3327	67	30	123
3839	2559	3327	64	22	104
4095	2559	3327	62	15	87
0	2815	3327	164	1034	1509
256	2815	3327	120	553	859
512	2815	3327	106	416	667
768	2815	3327	96	327	541
1024	2815	3327	88	262	447
1280	2815	3327	81	211	373
1536	2815	3327	76	171	313
1792	2815	3327	71	138	263
2048	2815	3327	66	111	221
2303	2815	3327	62	89	186
2559	2815	3327	59	71	155
2815	2815	3327	55	55	129
3071	2815	3327	52	43	107
3327	2815	3327	49	32	88
3583	2815	3327	47	23	71
3839	2815	3327	44	17	57
4095	2815	3327	42	11	45
0	3071	3327	131	991	1294
256	3071	3327	92	523	702
512	3071	3327	80	390	532
768	3071	3327	72	304	421
1024	3071	3327	65	241	339
1280	3071	3327	59	193	276
1536	3071	3327	55	155	226
1792	3071	3327	50	124	184
2048	3071	3327	47	99	150
2303	3071	3327	43	78	122
2559	3071	3327	40	61	98
2815	3071	3327	38	47	78
3071	3071	3327	35	35	61
3327	3071	3327	33	26	47
3583	3071	3327	31	18	35
3839	3071	3327	29	12	26
4095	3071	3327	27	8	18
0	3327	3327	103	950	1105
256	3327	3327	70	494	568
512	3327	3327	59	365	418
768	3327	3327	52	283	321
1024	3327	3327	46	223	251
1280	3327	3327	42	177	198
1536	3327	3327	38	140	156
1792	3327	3327	34	111	123
2048	3327	3327	31	88	96
2303	3327	3327	29	68	74
2559	3327	3327	26	52	56
2815	3327	3327	24	39	41
3071	3327	3327	22	29	30
3327	3327	3327	21	21	21
3583	3327	3327	19	14	13
3839	3327	3327	17	9	8
4095	3327	3327	16	5	4
0	3583	3327	79	912	938
256	3583	3327	51	468	454
512	3583	3327	42	343	322
768	3583	3327	36	263	239
1024	3583	3327	32	206	180
1280	3583	3327	28	162	137
1536	3583	3327	25	127	103
1792	3583	3327	22	100	76
2048	3583	3327	20	77	56
2303	3583	3327	18	59	40
2559	3583	3327	16	45	27
2815	3583	3327	14	33	18
3071	3583	3327	13	24	11
3327	3583	3327	12	16	6
3583	3583	3327	10	10	3
3839	3583	3327	9	6	1
4095	3583	3327	8	3	0
0	3839	3327	60	877	792
256	3839	3327	36	443	358
512	3839	3327	29	322	243
768	3839	3327	24	245	173
1024	3839	3327	20	190	124
1280	3839	3327	17	148	89
1536	3839	3327	15	115	63
1792	3839	3327	13	89	43
2048	3839	3327	11	68	28
2303	3839	3327	10	52	18
2559	3839	3327	9	38	10
2815	3839	3327	7	27	5
3071	3839	3327	6	19	2
3327	3839	3327	6	12	0
3583	3839	3327	5	7	0
3839	3839	3327	4	4	0
4095	3839	3327	3	2	0
0	4095	3327	44	843	664
256	4095	3327	24	420	276
512	4095	3327	19	303	178
768	4095	3327	15	229	120
1024	4095	3327	12	176	80
1280	4095	3327	10	135	53
1536	4095	3327	8	104	34
1792	4095	3327	7	80	20
2048	4095	3327	6	60	11
2303	4095	3327	5	45	5
2559	4095	3327	4	32	2
2815	4095	3327	3	22	0
3071	4095	3327	2	15	0
3327	4095	3327	2	9	0
3583	4095	3327	1	5	0
3839	4095	3327	1	2	0
4095	4095	3327	1	1	0
0	0	3583	2394	2394	4095
256	0	3583	2195	1594	4095
512	0	3583	2124	1341	4095
768	0	3583	2072	1168	4095
1024	0	3583	2029	1034	4095
1280	0	3583	1991	925	4095
1536	0	3583	1959	832	4095
1792	0	3583	1929	752	4095
2048	0	3583	1901	682	4095
2303	0	3583	1876	621	4095
2559	0	3583	1853	565	4095
2815	0	3583	1830	516	4095
3071	0	3583	1809	470	4095
3327	0	3583	1789	429	4095
3583	0	3583	1770	392	4095
3839	0	3583	1752	358	4095
4095	0	3583	1735	326	4095
0	256	3583	1309	1854	4095
256	256	3583	1167	1167	4095
512	256	3583	1117	956	4095
768	256	3583	1080	813	4095
1024	256	3583	1050	703	4095
1280	256	3583	1024	615	4095
1536	256	3583	1001	541	4095
1792	256	3583	980	479	4095
2048	256	3583	961	424	4064
2303	256	3583	944	377	3884
2559	256	3583	928	335	3718
2815	256	3583	912	298	3565
3071	256	3583	898	265	3423
3327	256	3583	884	235	3290
3583	256	3583	872	208	3165
3839	256	3583	859	184	3047
4095	256	3583	847	163	2936
0	512	3583	996	1673	4095
256	512	3583	874	1027	4095
512	512	3583	831	831	4095
768	512	3583	799	698	4067
1024	512	3583	774	598	3776
1280	512	3583	752	518	3532
1536	512	3583	733	451	3321
1792	512	3583	715	394	3135
2048	512	3583	699	346	2968
2303	512	3583	685	303	2817
2559	512	3583	671	266	2678
2815	512	3583	658	234	2550
3071	512	3583	646	205	2432
3327	512	3583	635	179	2321
3583	512	3583	624	156	2218
3839	512	3583	614	136	2121
4095	512	3583	604	117	2030
0	768	3583	791	1544	4095
256	768	3583	684	929	4011
512	768	3583	647	743	3552
768	768	3583	619	619	3228
1024	768	3583	597	525	2972
1280	768	3583	578	451	2759
1536	768	3583	561	389	2575
1792	768	3583	546	337	2413
2048	768	3583	533	292	2268
2303	768	3583	520	254	2138
2559	768	3583	508	220	2019
2815	768	3583	497	191	1909
3071	768	3583	487	165	1808
3327	768	3583	477	142	1715
3583	768	3583	468	122	1627
3839	768	3583	459	104	1546
4095	768	3583	451	89	1469
0	1024	3583	641	1441	4095
256	1024	3583	546	851	3313
512	1024	3583	513	675	2901
768	1024	3583	489	557	2611
1024	1024	3583	469	469	2384
1280	1024	3583	452	399	2195
1536	1024	3583	438	341	2033
1792	1024	3583	425	293	1891
2048	1024	3583	413	252	1764
2303	1024	3583	402	216	1651
2559	1024	3583	392	186	1548
2815	1024	3583	382	159	1453
3071	1024	3583	373	136	1367
3327	1024	3583	365	115	1286
3583	1024	3583	357	97	1212
3839	1024	3583	349	82	1142
4095	1024	3583	342	68	1078
0	1280	3583	524	1355	3918
256	1280	3583	439	787	2764
512	1280	3583	410	618	2391
768	1280	3583	388	506	2132
1024	1280	3583	371	423	1929
1280	1280	3583	357	357	1761
1536	1280	3583	344	302	1617
1792	1280	3583	332	257	1492
2048	1280	3583	322	219	1381
2303	1280	3583	312	186	1282
2559	1280	3583	303	158	1193
2815	1280	3583	295	134	1111
3071	1280	3583	287	113	1036
3327	1280	3583	280	94	967
3583	1280	3583	273	78	904
3839	1280	3583	267	64	845
4095	1280	3583	260	53	790
0	1536	3583	430	1280	3374
256	1536	3583	354	731	2317
512	1536	3583	328	570	1980
768	1536	3583	309	463	1747
1024	1536	3583	294	383	1565
1280	1536	3583	281	321	1415
1536	1536	3583	270	270	1288
1792	1536	3583	260	227	1178
2048	1536	3583	251	192	1081
2303	1536	3583	242	162	995
2559	1536	3583	235	136	917
2815	1536	3583	227	113	846
3071	1536	3583	221	94	782
3327	1536	3583	214	77	723
3583	1536	3583	209	63	669
3839	1536	3583	203	51	619
4095	1536	3583	197	40	573
0	1792	3583	353	1213	2916
256	1792	3583	285	683	1947
512	1792	3583	262	527	1642
768	1792	3583	245	425	1432
1024	1792	3583	232	349	1269
1280	1792	3583	221	290	1136
1536	1792	3583	211	242	1024
1792	1792	3583	202	202	927
2048	1792	3583	194	169	842
2303	1792	3583	187	141	767
2559	1792	3583	180	117	699
2815	1792	3583	174	96	638
3071	1792	3583	168	79	583
3327	1792	3583	163	64	533
3583	1792	3583	158	51	487
3839	1792	3583	153	40	446
4095	1792	3583	148	31	407
0	2048	3583	289	1154	2525
256	2048	3583	228	639	1636
512	2048	3583	208	490	1359
768	2048	3583	193	392	1170
1024	2048	3583	182	319	1025
1280	2048	3583	172	263	907
1536	2048	3583	163	217	808
1792	2048	3583	156	180	723
2048	2048	3583	149	149	649
2303	2048	3583	143	123	584
2559	2048	3583	137	100	526
2815	2048	3583	131	82	474
3071	2048	3583	126	66	428
3327	2048	3583	122	52	385
3583	2048	3583	117	41	347
3839	2048	3583	113	31	313
4095	2048	3583	109	23	281
0	2303	3583	235	1100	2189
256	2303	3583	182	600	1373
512	2303	3583	164	456	1122
768	2303	3583	151	362	953
1024	2303	3583	141	293	823
1280	2303	3583	132	239	719
1536	2303	3583	125	196	632
1792	2303	3583	118	161	558
2048	2303	3583	112	131	494
2303	2303	3583	107	107	438
2559	2303	3583	102	86	389
2815	2303	3583	98	69	345
3071	2303	3583	93	55	306
3327	2303	3583	89	43	271
3583	2303	3583	86	32	240
3839	2303	3583	82	24	212
4095	2303	3583	79	17	186
0	2559	3583	190	1050	1895
256	2559	3583	143	565	1147
512	2559	3583	127	425	921
768	2559	3583	116	335	769
1024	2559	3583	107	269	655
1280	2559	3583	100	218	563
1536	2559	3583	94	177	487
1792	2559	3583	88	144	423
2048	2559	3583	83	116	368
2303	2559	3583	79	93	321
2559	2559	3583	74	74	280
2815	2559	3583	71	59	243
3071	2559	3583	67	45	211
3327	2559	3583	64	34	183
3583	2559	3583	61	25	158
3839	2559	3583	58	18	135
4095	2559	3583	55	12	116
0	2815	3583	153	1004	1638
256	2815	3583	111	532	953
512	2815	3583	97	398	750
768	2815	3583	88	311	615
1024	2815	3583	80	247	514
1280	2815	3583	74	199	434
1536	2815	3583	69	160	369
1792	2815	3583	64	128	314
2048	2815	3583	60	103	268
2303	2815	3583	56	81	228
2559	2815	3583	52	64	194
2815	2815	3583	49	49	164
3071	2815	3583	46	37	139
3327	2815	3583	44	28	116
3583	2815	3583	41	20	97
3839	2815	3583	39	14	80
4095	2815	3583	37	9	65
0	3071	3583	121	961	1412
256	3071	3583	85	502	787
512	3071	3583	73	372	605
768	3071	3583	65	288	486
1024	3071	3583	58	228	398
1280	3071	3583	53	181	328
1536	3071	3583	49	144	273
1792	3071	3583	45	115	226
2048	3071	3583	41	91	188
2303	3071	3583	38	71	156
2559	3071	3583	35	55	128
2815	3071	3583	33	41	105
3071	3071	3583	31	31	85
3327	3071	3583	28	22	68
3583	3071	3583	26	15	54
3839	3071	3583	25	10	42
4095	3071	3583	23	6	32
0	3327	3583	94	922	1213
256	3327	3583	63	474	645
512	3327	3583	53	348	482
768	3327	3583	46	268	378
1024	3327	3583	41	210	301
1280	3327	3583	37	165	242
1536	3327	3583	33	130	195
1792	3327	3583	30	102	157
2048	3327	3583	27	80	126
2303	3327	3583	25	61	100
2559	3327	3583	22	47	79
2815	3327	3583	21	34	61
3071	3327	3583	19	25	46
3327	3327	3583	17	17	35
3583	3327	3583	16	11	25
3839	3327	3583	14	7	17
4095	3327	3583	13	4	11
0	3583	3583	72	884	1038
256	3583	3583	45	448	522
512	3583	3583	37	327	379
768	3583	3583	32	249	288
1024	3583	3583	27	193	222
1280	3583	3583	24	151	173
1536	3583	3583	21	118	134
1792	3583	3583	19	91	103
2048	3583	3583	16	70	79
2303	3583	3583	15	53	59
2559	3583	3583	13	39	43
2815	3583	3583	12	28	31
3071	3583	3583	10	20	21
3327	3583	3583	9	13	14
3583	3583	3583	8	8	8
3839	3583	3583	7	4	4
4095	3583	3583	6	2	2
0	3839	3583	54	849	883
256	3839	3583	31	424	418
512	3839	3583	25	306	292
768	3839	3583	20	232	213
1024	3839	3583	17	178	158
1280	3839	3583	14	138	118
1536	3839	3583	12	106	87
1792	3839	3583	10	81	63
2048	3839	3583	9	62	45
2303	3839	3583	8	46	30
2559	3839	3583	6	33	20
2815	3839	3583	5	23	12
3071	3839	3583	5	16	6
3327	3839	3583	4	10	3
3583	3839	3583	3	6	1
3839	3839	3583	3	3	0
4095	3839	3583	2	1	0
0	4095	3583	39	816	747
256	4095	3583	21	401	329
512	4095	3583	15	287	220
768	4095	3583	12	215	153
1024	4095	3583	10	164	108
1280	4095	3583	8	126	75
1536	4095	3583	6	96	52
1792	4095	3583	5	72	34
2048	4095	3583	4	54	21
2303	4095	3583	3	39	12
2559	4095	3583	2	28	6
2815	4095	3583	2	19	2
3071	4095	3583	1	12	1
3327	4095	3583	1	7	0
3583	4095	3583	1	4	0
3839	4095	3583	0	1	0
4095	4095	3583	0	0	0
0	0	3839	2348	2348	4095
256	0	3839	2152	1557	4095
512	0	3839	2081	1308	4095
768	0	3839	2029	1137	4095
1024	0	3839	1986	1005	4095
1280	0	3839	1950	897	4095
1536	0	3839	1917	806	4095
1792	0	3839	1888	728	4095
2048	0	3839	1861	659	4095
2303	0	3839	1836	599	4095
2559	0	3839	1812	544	4095
2815	0	3839	1791	496	4095
3071	0	3839	1770	452	4095
3327	0	3839	1750	412	4095
3583	0	3839	1731	375	4095
3839	0	3839	1713	342	4095
4095	0	3839	1696	311	4095
0	256	3839	1276	1814	4095
256	256	3839	1136	1136	4095
512	256	3839	1086	928	4095
768	256	3839	1050	787	4095
1024	256	3839	1020	680	4095
1280	256	3839	995	593	4095
1536	256	3839	972	521	4095
1792	256	3839	952	460	4095
2048	256	3839	933	407	4095
2303	256	3839	916	360	4089
2559	256	3839	900	320	3919
2815	256	3839	885	283	3761
3071	256	3839	871	251	3614
3327	256	3839	858	222	3477
3583	256	3839	845	196	3348
3839	256	3839	833	173	3227
4095	256	3839	821	152	3112
0	512	3839	967	1635	4095
256	512	3839	847	998	4095
512	512	3839	805	805	4095
768	512	3839	774	675	4095
1024	512	3839	749	577	3978
1280	512	3839	728	498	3727
1536	512	3839	709	432	3509
1792	512	3839	692	377	3317
2048	512	3839	676	330	3145
2303	512	3839	662	289	2989
2559	512	3839	648	252	2846
2815	512	3839	636	221	2713
3071	512	3839	624	193	2591
3327	512	3839	613	168	2477
3583	512	3839	602	146	2370
3839	512	3839	592	126	2269
4095	512	3839	582	109	2175
0	768	3839	766	1508	4095
256	768	3839	661	901	4095
512	768	3839	624	719	3747
768	768	3839	597	597	3414
1024	768	3839	576	505	3150
1280	768	3839	557	432	2929
1536	768	3839	541	372	2739
1792	768	3839	526	321	2571
2048	768	3839	512	278	2422
2303	768	3839	500	240	2287
2559	768	3839	489	208	2163
2815	768	3839	478	179	2049
3071	768	3839	468	154	1944
3327	768	3839	458	132	1847
3583	768	3839	449	113	1756
3839	768	3839	441	96	1671
4095	768	3839	432	81	1591
0	1024	3839	618	1406	4095
256	1024	3839	525	825	3501
512	1024	3839	493	652	3076
768	1024	3839	469	537	2777
1024	1024	3839	450	450	2541
1280	1024	3839	434	382	2346
1536	1024	3839	420	325	2177
1792	1024	3839	407	278	2030
2048	1024	3839	395	238	1899
2303	1024	3839	385	204	1781
2559	1024	3839	375	174	1673
2815	1024	3839	365	149	1574
3071	1024	3839	357	126	1483
3327	1024	3839	348	107	1399
3583	1024	3839	341	89	1321
3839	1024	3839	333	75	1249
4095	1024	3839	326	62	1181
0	1280	3839	504	1321	4095
256	1280	3839	421	762	2934
512	1280	3839	392	596	2549
768	1280	3839	371	487	2280
1024	1280	3839	355	405	2069
1280	1280	3839	340	340	1895
1536	1280	3839	328	288	1745
1792	1280	3839	317	244	1615
2048	1280	3839	306	207	1499
2303	1280	3839	297	175	1395
2559	1280	3839	289	148	1301
2815	1280	3839	281	124	1216
3071	1280	3839	273	104	1137
3327	1280	3839	266	86	1064
3583	1280	3839	259	71	997
3839	1280	3839	253	58	935
4095	1280	3839	247	47	877
0	1536	3839	412	1247	3564
256	1536	3839	338	707	2473
512	1536	3839	312	549	2123
768	1536	3839	294	444	1880
1024	1536	3839	279	367	1691
1280	1536	3839	267	306	1535
1536	1536	3839	256	256	1402
1792	1536	3839	246	215	1286
2048	1536	3839	237	180	1184
2303	1536	3839	229	151	1093
2559	1536	3839	222	126	1011
2815	1536	3839	215	105	937
3071	1536	3839	208	86	869
3327	1536	3839	202	70	806
3583	1536	3839	196	57	749
3839	1536	3839	191	45	695
4095	1536	3839	186	36	646
0	1792	3839	336	1182	3092
256	1792	3839	271	659	2089
512	1792	3839	248	507	1771
768	1792	3839	232	407	1551
1024	1792	3839	219	333	1381
1280	1792	3839	208	276	1242
1536	1792	3839	199	229	1124
1792	1792	3839	190	190	1022
2048	1792	3839	183	158	932
2303	1792	3839	176	131	852
2559	1792	3839	169	108	781
2815	1792	3839	163	88	716
3071	1792	3839	158	72	658
3327	1792	3839	152	57	604
3583	1792	3839	147	45	555
3839	1792	3839	143	35	510
4095	1792	3839	138	27	469
0	2048	3839	274	1123	2688
256	2048	3839	216	617	1765
512	2048	3839	196	470	1476
768	2048	3839	182	375	1278
1024	2048	3839	170	304	1125
1280	2048	3839	161	249	1001
1536	2048	3839	153	205	896
1792	2048	3839	145	169	806
2048	2048	3839	139	139	728
2303	2048	3839	133	114	658
2559	2048	3839	127	92	596
2815	2048	3839	122	74	541
3071	2048	3839	117	59	491
3327	2048	3839	113	47	445
3583	2048	3839	109	36	404
3839	2048	3839	105	27	366
4095	2048	3839	101	20	332
0	2303	3839	223	1070	2339
256	2303	3839	171	579	1490
512	2303	3839	153	437	1228
768	2303	3839	141	346	1049
1024	2303	3839	131	278	913
1280	2303	3839	123	226	802
1536	2303	3839	116	184	710
1792	2303	3839	109	150	631
2048	2303	3839	104	122	562
2303	2303	3839	99	99	502
2559	2303	3839	94	79	449
2815	2303	3839	90	63	401
3071	2303	3839	86	49	359
3327	2303	3839	82	38	321
3583	2303	3839	78	28	286
3839	2303	3839	75	20	255
4095	2303	3839	72	14	227
0	2559	3839	179	1021	2034
256	2559	3839	133	544	1254
512	2559	3839	118	408	1016
768	2559	3839	107	319	855
1024	2559	3839	99	255	734
1280	2559	3839	92	205	636
1536	2559	3839	86	166	555
1792	2559	3839	81	134	486
2048	2559	3839	76	107	427
2303	2559	3839	72	86	375
2559	2559	3839	68	68	330
2815	2559	3839	64	53	290
3071	2559	3839	61	40	255
3327	2559	3839	58	30	223
3583	2559	3839	55	22	195
3839	2559	3839	52	15	170
4095	2559	3839	49	10	148
0	2815	3839	143	975	1767
256	2815	3839	102	512	1050
512	2815	3839	89	380	835
768	2815	3839	80	296	692
1024	2815	3839	73	234	584
1280	2815	3839	67	187	498
1536	2815	3839	62	149	427
1792	2815	3839	58	119	368
2048	2815	3839	54	94	317
2303	2815	3839	50	74	274
2559	2815	3839	47	58	236
2815	2815	3839	44	44	203
3071	2815	3839	41	33	174
3327	2815	3839	39	24	148
3583	2815	3839	36	17	126
3839	2815	3839	34	11	106
4095	2815	3839	32	7	89
0	3071	3839	112	933	1531
256	3071	3839	77	482	874
512	3071	3839	66	355	681
768	3071	3839	58	274	553
1024	3071	3839	52	215	458
1280	3071	3839	47	170	383
1536	3071	3839	43	135	322
1792	3071	3839	40	106	272
2048	3071	3839	36	83	229
2303	3071	3839	34	64	193
2559	3071	3839	31	49	162
2815	3071	3839	29	36	135
3071	3071	3839	26	26	112
3327	3071	3839	24	18	92
3583	3071	3839	23	12	75
3839	3071	3839	21	8	61
4095	3071	3839	19	4	48
0	3327	3839	87	894	1323
256	3327	3839	57	455	723
512	3327	3839	47	332	550
768	3327	3839	41	254	437
1024	3327	3839	36	198	354
1280	3327	3839	32	155	289
1536	3327	3839	29	121	237
1792	3327	3839	26	94	194
2048	3327	3839	23	73	159
2303	3327	3839	21	55	130
2559	3327	3839	19	41	105
2815	3327	3839	17	30	84
3071	3327	3839	16	21	66
3327	3327	3839	14	14	52
3583	3327	3839	13	9	40
3839	3327	3839	12	5	29
4095	3327	3839	10	2	21
0	3583	3839	65	858	1139
256	3583	3839	40	430	592
512	3583	3839	33	311	438
768	3583	3839	27	236	339
1024	3583	3839	23	182	267
1280	3583	3839	20	141	212
1536	3583	3839	18	109	168
1792	3583	3839	15	84	133
2048	3583	3839	14	64	105
2303	3583	3839	12	48	82
2559	3583	3839	10	35	63
2815	3583	3839	9	25	47
3071	3583	3839	8	17	35
3327	3583	3839	7	11	25
3583	3583	3839	6	6	17
3839	3583	3839	5	3	11
4095	3583	3839	5	1	6
0	3839	3839	48	823	976
256	3839	3839	27	406	480
512	3839	3839	21	291	343
768	3839	3839	17	219	257
1024	3839	3839	14	167	196
1280	3839	3839	12	128	150
1536	3839	3839	10	98	114
1792	3839	3839	8	74	86
2048	3839	3839	7	55	64
2303	3839	3839	6	41	47
2559	3839	3839	5	29	33
2815	3839	3839	4	20	22
3071	3839	3839	3	13	14
3327	3839	3839	3	8	8
3583	3839	3839	2	4	4
3839	3839	3839	2	2	2
4095	3839	3839	1	0	0
0	4095	3839	34	790	832
256	4095	3839	17	384	383
512	4095	3839	13	273	264
768	4095	3839	10	203	190
1024	4095	3839	7	154	139
1280	4095	3839	6	117	101
1536	4095	3839	4	88	73
1792	4095	3839	3	66	51
2048	4095	3839	3	48	35
2303	4095	3839	2	35	23
2559	4095	3839	1	24	14
2815	4095	3839	1	16	8
3071	4095	3839	1	10	3
3327	4095	3839	0	5	1
3583	4095	3839	0	2	0
3839	4095	3839	0	1	0
4095	4095	3839	0	0	0
0	0	4095	2304	2304	4095
256	0	4095	2110	1522	4095
512	0	4095	2040	1276	4095
768	0	4095	1988	1107	4095
1024	0	4095	1946	977	4095
1280	0	4095	1910	871	4095
1536	0	4095	1878	782	4095
1792	0	4095	1849	705	4095
2048	0	4095	1822	637	4095
2303	0	4095	1797	578	4095
2559	0	4095	1774	525	4095
2815	0	4095	1753	477	4095
3071	0	4095	1732	434	4095
3327	0	4095	1713	395	4095
3583	0	4095	1694	359	4095
3839	0	4095	1676	326	4095
4095	0	4095	1659	297	4095
0	256	4095	1244	1776	4095
256	256	4095	1106	1106	4095
512	256	4095	1057	901	4095
768	256	4095	1022	763	4095
1024	256	4095	992	657	4095
1280	256	4095	967	572	4095
1536	256	4095	945	502	4095
1792	256	4095	925	442	4095
2048	256	4095	907	390	4095
2303	256	4095	890	345	4095
2559	256	4095	874	305	4095
2815	256	4095	860	270	3955
3071	256	4095	846	238	3804
3327	256	4095	832	210	3663
3583	256	4095	820	185	3530
3839	256	4095	808	163	3405
4095	256	4095	797	142	3287
0	512	4095	940	1599	4095
256	512	4095	822	971	4095
512	512	4095	781	781	4095
768	512	4095	750	653	4095
1024	512	4095	726	556	4095
1280	512	4095	704	479	3920
1536	512	4095	686	415	3696
1792	512	4095	669	361	3499
2048	512	4095	654	315	3321
2303	512	4095	640	275	3161
2559	512	4095	627	240	3013
2815	512	4095	614	209	2876
3071	512	4095	603	182	2750
3327	512	4095	592	157	2632
3583	512	4095	581	136	2521
3839	512	4095	571	117	2417
4095	512	4095	562	100	2319
0	768	4095	742	1473	4095
256	768	4095	639	875	4095
512	768	4095	603	696	3941
768	768	4095	576	576	3598
1024	768	4095	555	486	3326
1280	768	4095	537	415	3099
1536	768	4095	521	356	2903
1792	768	4095	506	306	2730
2048	768	4095	493	264	2575
2303	768	4095	481	228	2435
2559	768	4095	470	196	2307
2815	768	4095	460	169	2189
3071	768	4095	450	145	2080
3327	768	4095	440	123	1979
3583	768	4095	432	105	1885
3839	768	4095	423	89	1796
4095	768	4095	415	74	1713
0	1024	4095	597	1373	4095
256	1024	4095	506	800	3688
512	1024	4095	474	630	3250
768	1024	4095	451	517	2942
1024	1024	4095	432	432	2699
1280	1024	4095	417	365	2496
1536	1024	4095	403	310	2322
1792	1024	4095	390	265	2169
2048	1024	4095	379	226	2033
2303	1024	4095	368	193	1910
2559	1024	4095	359	164	1798
2815	1024	4095	350	139	1696
3071	1024	4095	341	117	1601
3327	1024	4095	333	99	1514
3583	1024	4095	325	82	1432
3839	1024	4095	318	68	1356
4095	1024	4095	311	56	1285
0	1280	4095	485	1289	4095
256	1280	4095	404	738	3104
512	1280	4095	376	576	2707
768	1280	4095	355	468	2429
1024	1280	4095	339	388	2210
1280	1280	4095	325	325	2029
1536	1280	4095	313	274	1874
1792	1280	4095	302	231	1738
2048	1280	4095	292	195	1617
2303	1280	4095	283	164	1509
2559	1280	4095	275	138	1411
2815	1280	4095	267	116	1321
3071	1280	4095	260	96	1239
3327	1280	4095	253	79	1163
3583	1280	4095	246	65	1092
3839	1280	4095	240	52	1027
4095	1280	4095	234	42	966
0	1536	4095	395	1216	3753
256	1536	4095	323	684	2628
512	1536	4095	298	529	2266
768	1536	4095	280	427	2014
1024	1536	4095	266	351	1817
1280	1536	4095	254	291	1655
1536	1536	4095	243	243	1516
1792	1536	4095	233	203	1395
2048	1536	4095	225	170	1289
2303	1536	4095	217	141	1193
2559	1536	4095	210	117	1107
2815	1536	4095	203	97	1029
3071	1536	4095	197	79	957
3327	1536	4095	191	64	891
3583	1536	4095	185	51	830
3839	1536	4095	180	40	774
4095	1536	4095	175	31	722
0	1792	4095	321	1151	3267
256	1792	4095	257	637	2230
512	1792	4095	235	488	1900
768	1792	4095	220	390	1672
1024	1792	4095	207	318	1495
1280	1792	4095	197	262	1349
1536	1792	4095	187	217	1225
1792	1792	4095	179	179	1118
2048	1792	4095	172	148	1024
2303	1792	4095	165	122	940
2559	1792	4095	159	100	864
2815	1792	4095	153	81	796
3071	1792	4095	148	65	734
3327	1792	4095	143	52	677
3583	1792	4095	138	40	625
3839	1792	4095	133	31	577
4095	1792	4095	129	23	532
0	2048	4095	261	1094	2850
256	2048	4095	204	596	1894
512	2048	4095	185	452	1593
768	2048	4095	171	359	1387
1024	2048	4095	160	290	1227
1280	2048	4095	151	236	1096
1536	2048	4095	143	194	986
1792	2048	4095	136	159	891
2048	2048	4095	129	129	808
2303	2048	4095	124	105	735
2559	2048	4095	118	85	669
2815	2048	4095	113	68	609
3071	2048	4095	109	53	556
3327	2048	4095	105	41	507
3583	2048	4095	101	31	463
3839	2048	4095	97	23	422
4095	2048	4095	93	17	385
0	2303	4095	210	1041	2490
256	2303	4095	160	558	1608
512	2303	4095	143	420	1334
768	2303	4095	132	330	1147
1024	2303	4095	122	265	1003
1280	2303	4095	114	214	887
1536	2303	4095	107	174	789
1792	2303	4095	101	141	705
2048	2303	4095	96	113	632
2303	2303	4095	91	91	568
2559	2303	4095	87	72	511
2815	2303	4095	82	57	460
3071	2303	4095	79	44	414
3327	2303	4095	75	33	373
3583	2303	4095	72	24	335
3839	2303	4095	68	17	301
4095	2303	4095	66	12	270
0	2559	4095	168	993	2174
256	2559	4095	124	524	1361
512	2559	4095	110	391	1112
768	2559	4095	99	305	943
1024	2559	4095	91	242	814
1280	2559	4095	85	194	711
1536	2559	4095	79	156	624
1792	2559	4095	74	125	551
2048	2559	4095	69	99	487
2303	2559	4095	65	79	432
2559	2559	4095	61	61	383
2815	2559	4095	58	47	340
3071	2559	4095	55	36	301
3327	2559	4095	52	26	266
3583	2559	4095	49	18	235
3839	2559	4095	47	12	207
4095	2559	4095	44	8	182
0	2815	4095	133	948	1896
256	2815	4095	95	493	1148
512	2815	4095	82	364	922
768	2815	4095	73	282	770
1024	2815	4095	67	222	655
1280	2815	4095	61	176	563
1536	2815	4095	56	140	488
1792	2815	4095	52	111	424
2048	2815	4095	48	87	369
2303	2815	4095	45	68	321
2559	2815	4095	42	52	280
2815	2815	4095	39	39	244
3071	2815	4095	36	29	211
3327	2815	4095	34	20	183
3583	2815	4095	32	14	158
3839	2815	4095	30	9	136
4095	2815	4095	28	5	116
0	3071	4095	104	907	1651
256	3071	4095	71	464	963
512	3071	4095	60	340	759
768	3071	4095	53	260	623
1024	3071	4095	47	203	521
1280	3071	4095	42	160	440
1536	3071	4095	38	125	374
1792	3071	4095	35	98	319
2048	3071	4095	32	76	273
2303	3071	4095	29	58	233
2559	3071	4095	27	44	198
2815	3071	4095	25	32	168
3071	3071	4095	23	23	142
3327	3071	4095	21	15	119
3583	3071	4095	19	10	100
3839	3071	4095	18	6	83
4095	3071	4095	16	3	68
0	3327	4095	79	868	1434
256	3327	4095	51	437	803
512	3327	4095	42	317	619
768	3327	4095	36	241	498
1024	3327	4095	32	186	408
1280	3327	4095	28	145	338
1536	3327	4095	25	113	281
1792	3327	4095	22	87	234
2048	3327	4095	20	66	195
2303	3327	4095	18	50	162
2559	3327	4095	16	37	134
2815	3327	4095	14	26	110
3071	3327	4095	13	18	90
3327	3327	4095	12	12	72
3583	3327	4095	10	7	57
3839	3327	4095	9	4	45
4095	3327	4095	8	1	34
0	3583	4095	59	832	1241
256	3583	4095	36	412	664
512	3583	4095	28	297	499
768	3583	4095	24	223	392
1024	3583	4095	20	171	314
1280	3583	4095	17	131	254
1536	3583	4095	15	101	206
1792	3583	4095	13	77	166
2048	3583	4095	11	58	134
2303	3583	4095	10	42	107
2559	3583	4095	8	30	85
2815	3583	4095	7	21	67
3071	3583	4095	6	14	51
3327	3583	4095	5	8	39
3583	3583	4095	5	5	28
3839	3583	4095	4	2	20
4095	3583	4095	3	1	13
0	3839	4095	43	798	1070
256	3839	4095	23	389	544
512	3839	4095	18	277	397
768	3839	4095	14	207	304
1024	3839	4095	11	157	236
1280	3839	4095	9	119	185
1536	3839	4095	8	90	145
1792	3839	4095	6	68	113
2048	3839	4095	5	50	87
2303	3839	4095	4	36	66
2559	3839	4095	3	25	49
2815	3839	4095	3	17	36
3071	3839	4095	2	10	25
3327	3839	4095	2	6	17
3583	3839	4095	1	3	10
3839	3839	4095	1	1	6
4095	3839	4095	1	0	3
0	4095	4095	30	766	918
256	4095	4095	14	368	441
512	4095	4095	10	260	311
768	4095	4095	7	192	230
1024	4095	4095	6	144	172
1280	4095	4095	4	108	130
1536	4095	4095	3	81	97
1792	4095	4095	2	60	71
2048	4095	4095	2	43	52
2303	4095	4095	1	30	36
2559	4095	4095	1	20	24
2815	4095	4095	1	13	16
3071	4095	4095	0	8	9
3327	4095	4095	0	4	5
3583	4095	4095	0	2	2
3839	4095	4095	0	0	0
4095	4095	4095	0	0	0
