0	0	0	0	0	0
256	0	0	200	11	4
512	0	0	402	22	7
768	0	0	600	34	11
1024	0	0	789	45	14
1280	0	0	977	55	18
1536	0	0	1172	67	22
1792	0	0	1366	78	25
2048	0	0	1543	89	29
2303	0	0	1731	99	33
2559	0	0	1920	110	36
2815	0	0	2110	121	40
3071	0	0	2321	132	43
3327	0	0	2506	143	47
3583	0	0	2690	153	51
3839	0	0	2882	163	54
4095	0	0	3071	175	58
0	256	0	59	249	18
256	256	0	259	262	20
512	256	0	463	273	24
768	256	0	658	285	28
1024	256	0	846	295	31
1280	256	0	1034	304	35
1536	256	0	1231	316	39
1792	256	0	1418	328	43
2048	256	0	1597	337	47
2303	256	0	1787	346	49
2559	256	0	1975	355	53
2815	256	0	2174	365	57
3071	256	0	2383	375	60
3327	256	0	2564	386	64
3583	256	0	2748	397	68
3839	256	0	2936	407	71
4095	256	0	3126	419	75
0	512	0	119	493	35
256	512	0	318	505	38
512	512	0	522	517	42
768	512	0	711	528	46
1024	512	0	900	537	49
1280	512	0	1091	547	53
1536	512	0	1287	559	55
1792	512	0	1467	569	60
2048	512	0	1650	577	63
2303	512	0	1839	585	66
2559	512	0	2029	592	70
2815	512	0	2235	600	73
3071	512	0	2434	612	77
3327	512	0	2617	623	81
3583	512	0	2802	633	84
3839	512	0	2987	643	88
4095	512	0	3177	654	92
0	768	0	178	726	51
256	768	0	379	738	55
512	768	0	578	749	59
768	768	0	765	760	62
1024	768	0	953	769	66
1280	768	0	1147	780	69
1536	768	0	1342	792	72
1792	768	0	1517	801	76
2048	768	0	1703	809	79
2303	768	0	1893	816	83
2559	768	0	2085	823	87
2815	768	0	2293	832	89
3071	768	0	2483	845	93
3327	768	0	2666	856	97
3583	768	0	2852	866	100
3839	768	0	3040	876	104
4095	768	0	3229	889	107
0	1024	0	237	962	69
256	1024	0	439	973	72
512	1024	0	633	984	76
768	1024	0	818	994	79
1024	1024	0	1008	1006	83
1280	1024	0	1204	1019	86
1536	1024	0	1394	1030	89
1792	1024	0	1569	1039	93
2048	1024	0	1757	1047	96
2303	1024	0	1946	1055	100
2559	1024	0	2144	1063	102
2815	1024	0	2353	1072	106
3071	1024	0	2534	1083	110
3327	1024	0	2716	1094	113
3583	1024	0	2901	1106	117
3839	1024	0	3091	1117	122
4095	1024	0	3283	1131	125
0	1280	0	295	1208	85
256	1280	0	497	1220	89
512	1280	0	687	1231	92
768	1280	0	875	1242	96
1024	1280	0	1067	1256	100
1280	1280	0	1262	1268	103
1536	1280	0	1444	1278	107
1792	1280	0	1625	1286	109
2048	1280	0	1811	1292	113
2303	1280	0	2000	1297	116
2559	1280	0	2203	1304	119
2815	1280	0	2404	1312	124
3071	1280	0	2582	1320	128
3327	1280	0	2763	1330	131
3583	1280	0	2949	1340	135
3839	1280	0	3142	1352	138
4095	1280	0	3334	1364	142
0	1536	0	355	1437	103
256	1536	0	554	1449	106
512	1536	0	741	1456	109
768	1536	0	929	1466	113
1024	1536	0	1122	1477	116
1280	1536	0	1318	1487	121
1536	1536	0	1494	1497	125
1792	1536	0	1675	1502	127
2048	1536	0	1861	1506	129
2303	1536	0	2053	1512	133
2559	1536	0	2258	1520	136
2815	1536	0	2449	1529	139
3071	1536	0	2627	1539	142
3327	1536	0	2807	1547	146
3583	1536	0	2995	1559	150
3839	1536	0	3184	1572	153
4095	1536	0	3372	1585	158
0	1792	0	411	1670	119
256	1792	0	604	1681	123
512	1792	0	789	1689	126
768	1792	0	978	1701	130
1024	1792	0	1171	1713	133
1280	1792	0	1360	1723	137
1536	1792	0	1532	1731	140
1792	1792	0	1714	1735	143
2048	1792	0	1902	1739	147
2303	1792	0	2097	1746	149
2559	1792	0	2304	1755	151
2815	1792	0	2483	1763	154
3071	1792	0	2661	1771	157
3327	1792	0	2841	1780	161
3583	1792	0	3028	1792	164
3839	1792	0	3215	1803	168
4095	1792	0	3396	1816	172
0	2048	0	465	1902	136
256	2048	0	654	1911	138
512	2048	0	837	1920	142
768	2048	0	1025	1931	145
1024	2048	0	1219	1941	149
1280	2048	0	1401	1952	152
1536	2048	0	1577	1959	155
1792	2048	0	1757	1960	158
2048	2048	0	1945	1964	162
2303	2048	0	2143	1971	164
2559	2048	0	2344	1978	167
2815	2048	0	2512	1985	169
3071	2048	0	2694	1996	172
3327	2048	0	2878	2008	176
3583	2048	0	3063	2018	179
3839	2048	0	3253	2034	183
4095	2048	0	3430	2049	187
0	2303	0	520	2142	151
256	2303	0	703	2150	154
512	2303	0	888	2162	157
768	2303	0	1075	2175	160
1024	2303	0	1269	2186	164
1280	2303	0	1444	2197	167
1536	2303	0	1622	2203	170
1792	2303	0	1805	2206	173
2048	2303	0	1991	2208	176
2303	2303	0	2193	2216	179
2559	2303	0	2384	2224	183
2815	2303	0	2557	2234	185
3071	2303	0	2737	2248	188
3327	2303	0	2921	2259	191
3583	2303	0	3108	2269	195
3839	2303	0	3301	2283	199
4095	2303	0	3472	2300	202
0	2559	0	572	2381	166
256	2559	0	754	2388	170
512	2559	0	940	2400	172
768	2559	0	1130	2412	176
1024	2559	0	1319	2425	179
1280	2559	0	1490	2433	182
1536	2559	0	1670	2433	185
1792	2559	0	1856	2434	189
2048	2559	0	2048	2440	191
2303	2559	0	2252	2450	194
2559	2559	0	2434	2458	197
2815	2559	0	2612	2468	200
3071	2559	0	2793	2478	204
3327	2559	0	2976	2489	207
3583	2559	0	3165	2503	211
3839	2559	0	3351	2517	214
4095	2559	0	3521	2531	218
0	2815	0	627	2615	183
256	2815	0	807	2623	186
512	2815	0	994	2635	188
768	2815	0	1186	2649	192
1024	2815	0	1369	2660	195
1280	2815	0	1540	2667	198
1536	2815	0	1720	2665	201
1792	2815	0	1910	2669	203
2048	2815	0	2107	2676	206
2303	2815	0	2308	2684	210
2559	2815	0	2481	2694	212
2815	2815	0	2662	2704	216
3071	2815	0	2846	2716	219
3327	2815	0	3031	2730	223
3583	2815	0	3221	2745	227
3839	2815	0	3399	2759	230
4095	2815	0	3575	2773	235
0	3071	0	680	2855	199
256	3071	0	862	2864	201
512	3071	0	1048	2874	205
768	3071	0	1241	2887	209
1024	3071	0	1416	2895	211
1280	3071	0	1592	2899	214
1536	3071	0	1775	2900	217
1792	3071	0	1962	2904	220
2048	3071	0	2163	2910	222
2303	3071	0	2358	2918	224
2559	3071	0	2533	2932	228
2815	3071	0	2716	2941	231
3071	3071	0	2903	2954	235
3327	3071	0	3090	2970	239
3583	3071	0	3281	2982	243
3839	3071	0	3454	2998	246
4095	3071	0	3629	3014	250
0	3327	0	734	3085	215
256	3327	0	918	3094	217
512	3327	0	1105	3103	221
768	3327	0	1295	3114	225
1024	3327	0	1467	3120	228
1280	3327	0	1645	3122	231
1536	3327	0	1830	3125	232
1792	3327	0	2019	3132	235
2048	3327	0	2225	3135	239
2303	3327	0	2411	3145	241
2559	3327	0	2589	3156	244
2815	3327	0	2771	3166	247
3071	3327	0	2959	3182	251
3327	3327	0	3149	3197	255
3583	3327	0	3334	3210	259
3839	3327	0	3507	3223	262
4095	3327	0	3690	3241	268
0	3583	0	788	3308	231
256	3583	0	975	3319	235
512	3583	0	1165	3330	238
768	3583	0	1348	3340	240
1024	3583	0	1520	3348	243
1280	3583	0	1701	3352	246
1536	3583	0	1889	3356	249
1792	3583	0	2084	3359	251
2048	3583	0	2291	3365	253
2303	3583	0	2468	3377	257
2559	3583	0	2648	3390	261
2815	3583	0	2832	3404	264
3071	3583	0	3022	3414	268
3327	3583	0	3210	3432	272
3583	3583	0	3392	3449	276
3839	3583	0	3569	3465	281
4095	3583	0	3755	3480	284
0	3839	0	846	3545	247
256	3839	0	1031	3555	251
512	3839	0	1224	3567	256
768	3839	0	1401	3576	259
1024	3839	0	1576	3582	262
1280	3839	0	1760	3587	263
1536	3839	0	1948	3584	266
1792	3839	0	2148	3587	269
2048	3839	0	2349	3596	271
2303	3839	0	2526	3609	275
2559	3839	0	2708	3619	278
2815	3839	0	2893	3630	282
3071	3839	0	3080	3642	286
3327	3839	0	3271	3658	290
3583	3839	0	3451	3674	294
3839	3839	0	3630	3693	299
4095	3839	0	3811	3712	302
0	4095	0	902	3775	267
256	4095	0	1090	3789	270
512	4095	0	1284	3799	273
768	4095	0	1456	3802	277
1024	4095	0	1634	3804	279
1280	4095	0	1819	3805	280
1536	4095	0	2007	3806	283
1792	4095	0	2215	3811	285
2048	4095	0	2407	3821	289
2303	4095	0	2585	3833	293
2559	4095	0	2766	3842	295
2815	4095	0	2954	3853	299
3071	4095	0	3143	3867	304
3327	4095	0	3331	3883	307
3583	4095	0	3508	3899	312
3839	4095	0	3691	3919	316
4095	4095	0	3870	3937	321
0	0	256	12	2	215
256	0	256	209	13	219
512	0	256	408	24	221
768	0	256	605	36	225
1024	0	256	791	47	229
1280	0	256	978	58	231
1536	0	256	1173	69	235
1792	0	256	1364	80	239
2048	0	256	1538	91	242
2303	0	256	1724	101	244
2559	0	256	1914	112	246
2815	0	256	2107	124	249
3071	0	256	2317	134	253
3327	0	256	2502	145	255
3583	0	256	2687	156	260
3839	0	256	2877	167	264
4095	0	256	3064	178	268
0	256	256	69	252	235
256	256	256	266	264	236
512	256	256	467	275	238
768	256	256	657	286	242
1024	256	256	844	297	244
1280	256	256	1033	307	248
1536	256	256	1228	318	252
1792	256	256	1413	329	255
2048	256	256	1592	338	258
2303	256	256	1781	349	261
2559	256	256	1972	358	263
2815	256	256	2174	368	267
3071	256	256	2381	379	269
3327	256	256	2562	391	273
3583	256	256	2746	401	277
3839	256	256	2931	411	280
4095	256	256	3119	422	284
0	512	256	129	497	252
256	512	256	325	506	252
512	512	256	525	518	256
768	512	256	711	529	259
1024	512	256	899	539	261
1280	512	256	1090	550	265
1536	512	256	1284	561	268
1792	512	256	1463	571	271
2048	512	256	1647	579	274
2303	512	256	1838	588	276
2559	512	256	2027	596	279
2815	512	256	2234	606	283
3071	512	256	2432	616	285
3327	512	256	2613	628	289
3583	512	256	2798	637	293
3839	512	256	2983	647	296
4095	512	256	3173	658	300
0	768	256	187	730	267
256	768	256	385	740	269
512	768	256	580	751	272
768	768	256	765	762	276
1024	768	256	953	771	277
1280	768	256	1146	782	281
1536	768	256	1338	794	284
1792	768	256	1514	803	287
2048	768	256	1702	812	291
2303	768	256	1892	820	293
2559	768	256	2084	827	296
2815	768	256	2293	837	298
3071	768	256	2481	850	302
3327	768	256	2664	861	306
3583	768	256	2851	872	309
3839	768	256	3037	881	313
4095	768	256	3226	893	317
0	1024	256	245	965	283
256	1024	256	444	976	286
512	1024	256	634	987	289
768	1024	256	819	997	291
1024	1024	256	1012	1010	295
1280	1024	256	1207	1023	298
1536	1024	256	1393	1035	301
1792	1024	256	1569	1043	305
2048	1024	256	1755	1052	306
2303	1024	256	1947	1061	309
2559	1024	256	2146	1068	312
2815	1024	256	2354	1078	315
3071	1024	256	2534	1090	319
3327	1024	256	2717	1101	323
3583	1024	256	2902	1113	326
3839	1024	256	3092	1124	330
4095	1024	256	3283	1136	333
0	1280	256	303	1212	299
256	1280	256	502	1225	303
512	1280	256	691	1237	306
768	1280	256	878	1247	308
1024	1280	256	1068	1258	312
1280	1280	256	1264	1273	315
1536	1280	256	1444	1283	318
1792	1280	256	1624	1291	320
2048	1280	256	1810	1296	322
2303	1280	256	2002	1303	325
2559	1280	256	2207	1311	328
2815	1280	256	2406	1319	331
3071	1280	256	2583	1329	335
3327	1280	256	2766	1338	338
3583	1280	256	2955	1348	342
3839	1280	256	3145	1359	346
4095	1280	256	3335	1371	349
0	1536	256	363	1443	316
256	1536	256	559	1452	319
512	1536	256	745	1460	321
768	1536	256	933	1471	325
1024	1536	256	1125	1482	329
1280	1536	256	1319	1492	332
1536	1536	256	1495	1503	335
1792	1536	256	1678	1508	337
2048	1536	256	1866	1514	336
2303	1536	256	2059	1521	339
2559	1536	256	2265	1529	342
2815	1536	256	2454	1539	345
3071	1536	256	2633	1547	349
3327	1536	256	2813	1557	352
3583	1536	256	3001	1568	356
3839	1536	256	3190	1580	359
4095	1536	256	3375	1593	365
0	1792	256	419	1678	331
256	1792	256	611	1687	334
512	1792	256	794	1695	336
768	1792	256	983	1708	340
1024	1792	256	1176	1721	342
1280	1792	256	1364	1730	346
1536	1792	256	1536	1737	349
1792	1792	256	1721	1745	351
2048	1792	256	1911	1750	353
2303	1792	256	2106	1757	356
2559	1792	256	2316	1767	355
2815	1792	256	2491	1774	359
3071	1792	256	2669	1783	363
3327	1792	256	2850	1793	367
3583	1792	256	3036	1803	371
3839	1792	256	3224	1814	374
4095	1792	256	3405	1827	378
0	2048	256	474	1913	345
256	2048	256	661	1920	347
512	2048	256	845	1928	350
768	2048	256	1031	1939	353
1024	2048	256	1227	1952	356
1280	2048	256	1408	1963	360
1536	2048	256	1585	1970	364
1792	2048	256	1768	1973	366
2048	2048	256	1956	1978	369
2303	2048	256	2155	1985	370
2559	2048	256	2355	1992	373
2815	2048	256	2525	2002	374
3071	2048	256	2708	2013	377
3327	2048	256	2892	2023	381
3583	2048	256	3078	2033	383
3839	2048	256	3267	2048	388
4095	2048	256	3444	2063	393
0	2303	256	529	2154	359
256	2303	256	711	2161	362
512	2303	256	895	2172	366
768	2303	256	1083	2185	368
1024	2303	256	1279	2199	372
1280	2303	256	1453	2209	375
1536	2303	256	1633	2216	377
1792	2303	256	1818	2221	380
2048	2303	256	2005	2223	383
2303	2303	256	2209	2233	385
2559	2303	256	2399	2243	388
2815	2303	256	2573	2253	390
3071	2303	256	2753	2264	392
3327	2303	256	2937	2274	396
3583	2303	256	3124	2284	400
3839	2303	256	3313	2299	404
4095	2303	256	3486	2313	407
0	2559	256	581	2394	374
256	2559	256	762	2400	378
512	2559	256	948	2412	381
768	2559	256	1138	2424	384
1024	2559	256	1328	2437	387
1280	2559	256	1500	2445	390
1536	2559	256	1681	2446	392
1792	2559	256	1869	2448	394
2048	2559	256	2064	2455	396
2303	2559	256	2268	2464	400
2559	2559	256	2449	2474	403
2815	2559	256	2628	2485	406
3071	2559	256	2809	2495	409
3327	2559	256	2993	2504	412
3583	2559	256	3182	2516	416
3839	2559	256	3365	2530	420
4095	2559	256	3539	2547	424
0	2815	256	636	2628	390
256	2815	256	816	2637	394
512	2815	256	1002	2648	397
768	2815	256	1196	2662	401
1024	2815	256	1378	2672	404
1280	2815	256	1551	2678	405
1536	2815	256	1732	2680	408
1792	2815	256	1924	2685	410
2048	2815	256	2123	2691	411
2303	2815	256	2325	2698	415
2559	2815	256	2498	2712	418
2815	2815	256	2680	2723	422
3071	2815	256	2865	2734	425
3327	2815	256	3050	2745	428
3583	2815	256	3238	2756	432
3839	2815	256	3413	2768	436
4095	2815	256	3589	2783	441
0	3071	256	689	2868	407
256	3071	256	872	2877	410
512	3071	256	1057	2886	413
768	3071	256	1251	2899	417
1024	3071	256	1426	2907	419
1280	3071	256	1604	2912	421
1536	3071	256	1787	2913	423
1792	3071	256	1977	2919	426
2048	3071	256	2181	2926	427
2303	3071	256	2376	2935	431
2559	3071	256	2553	2947	434
2815	3071	256	2732	2957	438
3071	3071	256	2919	2970	440
3327	3071	256	3108	2983	444
3583	3071	256	3297	2994	448
3839	3071	256	3469	3010	452
4095	3071	256	3647	3025	457
0	3327	256	742	3097	424
256	3327	256	927	3105	426
512	3327	256	1115	3113	430
768	3327	256	1304	3125	432
1024	3327	256	1477	3133	435
1280	3327	256	1658	3133	437
1536	3327	256	1844	3136	438
1792	3327	256	2035	3144	440
2048	3327	256	2243	3150	444
2303	3327	256	2427	3158	446
2559	3327	256	2606	3167	450
2815	3327	256	2786	3180	454
3071	3327	256	2975	3194	457
3327	3327	256	3166	3209	461
3583	3327	256	3351	3223	466
3839	3327	256	3525	3233	469
4095	3327	256	3705	3249	473
0	3583	256	798	3320	441
256	3583	256	983	3328	444
512	3583	256	1175	3339	446
768	3583	256	1359	3351	450
1024	3583	256	1531	3360	451
1280	3583	256	1715	3363	454
1536	3583	256	1902	3366	454
1792	3583	256	2100	3371	457
2048	3583	256	2308	3377	460
2303	3583	256	2481	3387	463
2559	3583	256	2662	3401	466
2815	3583	256	2848	3414	470
3071	3583	256	3037	3424	473
3327	3583	256	3224	3444	478
3583	3583	256	3405	3459	483
3839	3583	256	3581	3473	487
4095	3583	256	3764	3488	491
0	3839	256	855	3557	457
256	3839	256	1040	3565	460
512	3839	256	1234	3574	464
768	3839	256	1412	3586	467
1024	3839	256	1588	3593	468
1280	3839	256	1771	3594	469
1536	3839	256	1961	3595	472
1792	3839	256	2164	3598	474
2048	3839	256	2362	3606	476
2303	3839	256	2538	3618	480
2559	3839	256	2721	3630	484
2815	3839	256	2907	3640	487
3071	3839	256	3095	3653	491
3327	3839	256	3286	3672	495
3583	3839	256	3461	3686	499
3839	3839	256	3640	3702	506
4095	3839	256	3820	3718	511
0	4095	256	910	3782	476
256	4095	256	1099	3793	479
512	4095	256	1293	3802	481
768	4095	256	1464	3809	484
1024	4095	256	1644	3812	485
1280	4095	256	1831	3813	486
1536	4095	256	2020	3818	490
1792	4095	256	2227	3821	492
2048	4095	256	2418	3829	494
2303	4095	256	2597	3839	498
2559	4095	256	2780	3849	503
2815	4095	256	2968	3864	506
3071	4095	256	3157	3880	511
3327	4095	256	3343	3893	515
3583	4095	256	3523	3909	520
3839	4095	256	3704	3927	524
4095	4095	256	3879	3945	528
0	0	512	24	4	431
256	0	512	221	16	434
512	0	512	420	26	437
768	0	512	615	38	439
1024	0	512	799	49	442
1280	0	512	986	60	445
1536	0	512	1181	71	449
1792	0	512	1371	82	453
2048	0	512	1546	93	456
2303	0	512	1733	103	457
2559	0	512	1924	114	458
2815	0	512	2121	126	459
3071	0	512	2331	136	463
3327	0	512	2513	147	465
3583	0	512	2697	158	469
3839	0	512	2886	168	473
4095	0	512	3074	180	476
0	256	512	81	255	451
256	256	512	277	267	449
512	256	512	478	277	452
768	256	512	667	288	456
1024	256	512	854	299	459
1280	256	512	1041	309	462
1536	256	512	1237	321	466
1792	256	512	1422	332	470
2048	256	512	1604	341	471
2303	256	512	1792	352	475
2559	256	512	1984	362	475
2815	256	512	2187	371	478
3071	256	512	2392	382	481
3327	256	512	2572	393	484
3583	256	512	2756	404	488
3839	256	512	2942	414	491
4095	256	512	3130	424	495
0	512	512	141	500	469
256	512	512	336	510	467
512	512	512	536	521	469
768	512	512	721	532	472
1024	512	512	908	541	475
1280	512	512	1099	552	478
1536	512	512	1294	562	482
1792	512	512	1474	573	485
2048	512	512	1659	582	487
2303	512	512	1848	591	488
2559	512	512	2038	599	491
2815	512	512	2248	610	494
3071	512	512	2444	620	497
3327	512	512	2625	631	501
3583	512	512	2812	641	505
3839	512	512	2997	651	507
4095	512	512	3185	661	511
0	768	512	198	734	486
256	768	512	397	743	483
512	768	512	590	753	486
768	768	512	774	763	490
1024	768	512	963	774	490
1280	768	512	1156	784	495
1536	768	512	1349	795	498
1792	768	512	1526	805	501
2048	768	512	1713	816	503
2303	768	512	1904	825	504
2559	768	512	2101	833	506
2815	768	512	2310	844	511
3071	768	512	2494	854	513
3327	768	512	2677	865	515
3583	768	512	2863	876	519
3839	768	512	3052	885	521
4095	768	512	3240	897	526
0	1024	512	256	970	503
256	1024	512	455	982	500
512	1024	512	645	992	504
768	1024	512	829	1001	507
1024	1024	512	1020	1014	510
1280	1024	512	1215	1025	511
1536	1024	512	1402	1036	513
1792	1024	512	1581	1046	516
2048	1024	512	1768	1057	518
2303	1024	512	1961	1066	519
2559	1024	512	2162	1074	522
2815	1024	512	2368	1083	524
3071	1024	512	2546	1095	528
3327	1024	512	2728	1105	532
3583	1024	512	2914	1117	535
3839	1024	512	3106	1128	539
4095	1024	512	3296	1140	542
0	1280	512	314	1219	514
256	1280	512	514	1232	518
512	1280	512	700	1241	519
768	1280	512	886	1251	521
1024	1280	512	1075	1263	525
1280	1280	512	1273	1276	529
1536	1280	512	1454	1287	531
1792	1280	512	1635	1295	531
2048	1280	512	1822	1299	531
2303	1280	512	2016	1308	534
2559	1280	512	2222	1316	537
2815	1280	512	2419	1324	540
3071	1280	512	2597	1334	543
3327	1280	512	2782	1344	546
3583	1280	512	2969	1354	550
3839	1280	512	3159	1363	554
4095	1280	512	3347	1375	557
0	1536	512	375	1449	529
256	1536	512	569	1457	532
512	1536	512	754	1467	536
768	1536	512	943	1477	537
1024	1536	512	1135	1488	541
1280	1536	512	1330	1499	544
1536	1536	512	1504	1506	547
1792	1536	512	1688	1512	547
2048	1536	512	1878	1519	544
2303	1536	512	2070	1524	547
2559	1536	512	2280	1535	550
2815	1536	512	2467	1544	552
3071	1536	512	2645	1552	556
3327	1536	512	2828	1565	559
3583	1536	512	3017	1574	562
3839	1536	512	3204	1586	567
4095	1536	512	3388	1599	570
0	1792	512	431	1683	542
256	1792	512	622	1693	544
512	1792	512	803	1701	546
768	1792	512	992	1713	550
1024	1792	512	1188	1727	554
1280	1792	512	1375	1737	556
1536	1792	512	1547	1744	558
1792	1792	512	1735	1753	560
2048	1792	512	1925	1758	561
2303	1792	512	2121	1764	560
2559	1792	512	2330	1773	561
2815	1792	512	2504	1780	565
3071	1792	512	2683	1790	568
3327	1792	512	2866	1801	571
3583	1792	512	3052	1811	574
3839	1792	512	3240	1822	577
4095	1792	512	3421	1834	582
0	2048	512	486	1919	553
256	2048	512	672	1927	556
512	2048	512	856	1935	559
768	2048	512	1041	1946	562
1024	2048	512	1239	1960	565
1280	2048	512	1419	1970	568
1536	2048	512	1597	1977	571
1792	2048	512	1781	1982	572
2048	2048	512	1971	1986	574
2303	2048	512	2171	1993	576
2559	2048	512	2369	2001	578
2815	2048	512	2544	2013	578
3071	2048	512	2723	2024	580
3327	2048	512	2908	2034	584
3583	2048	512	3096	2044	588
3839	2048	512	3285	2057	591
4095	2048	512	3460	2073	596
0	2303	512	540	2161	567
256	2303	512	722	2170	570
512	2303	512	907	2181	573
768	2303	512	1095	2194	577
1024	2303	512	1291	2208	579
1280	2303	512	1464	2217	582
1536	2303	512	1645	2224	584
1792	2303	512	1832	2230	585
2048	2303	512	2022	2234	588
2303	2303	512	2228	2246	589
2559	2303	512	2416	2255	592
2815	2303	512	2592	2265	594
3071	2303	512	2771	2275	595
3327	2303	512	2955	2284	598
3583	2303	512	3142	2295	603
3839	2303	512	3328	2308	607
4095	2303	512	3502	2321	612
0	2559	512	593	2402	582
256	2559	512	774	2410	583
512	2559	512	959	2422	588
768	2559	512	1150	2433	591
1024	2559	512	1339	2445	594
1280	2559	512	1512	2453	597
1536	2559	512	1694	2456	597
1792	2559	512	1882	2459	599
2048	2559	512	2079	2465	601
2303	2559	512	2286	2474	604
2559	2559	512	2464	2485	608
2815	2559	512	2644	2497	609
3071	2559	512	2826	2507	612
3327	2559	512	3010	2515	615
3583	2559	512	3198	2524	619
3839	2559	512	3379	2538	624
4095	2559	512	3553	2553	628
0	2815	512	647	2637	596
256	2815	512	827	2647	600
512	2815	512	1012	2657	604
768	2815	512	1207	2671	608
1024	2815	512	1388	2681	610
1280	2815	512	1563	2687	611
1536	2815	512	1745	2691	614
1792	2815	512	1937	2695	615
2048	2815	512	2139	2701	616
2303	2815	512	2341	2708	619
2559	2815	512	2513	2722	623
2815	2815	512	2696	2734	625
3071	2815	512	2881	2746	628
3327	2815	512	3066	2755	630
3583	2815	512	3256	2765	635
3839	2815	512	3430	2780	640
4095	2815	512	3605	2793	644
0	3071	512	700	2878	614
256	3071	512	883	2886	617
512	3071	512	1068	2893	619
768	3071	512	1262	2909	623
1024	3071	512	1437	2915	626
1280	3071	512	1614	2919	626
1536	3071	512	1798	2922	627
1792	3071	512	1990	2928	630
2048	3071	512	2197	2936	631
2303	3071	512	2391	2945	634
2559	3071	512	2568	2956	638
2815	3071	512	2747	2968	641
3071	3071	512	2935	2980	645
3327	3071	512	3124	2993	647
3583	3071	512	3310	3002	652
3839	3071	512	3482	3019	655
4095	3071	512	3660	3033	661
0	3327	512	753	3105	630
256	3327	512	937	3111	633
512	3327	512	1127	3122	635
768	3327	512	1315	3135	638
1024	3327	512	1486	3141	641
1280	3327	512	1668	3141	641
1536	3327	512	1856	3145	642
1792	3327	512	2050	3153	643
2048	3327	512	2258	3160	646
2303	3327	512	2442	3167	650
2559	3327	512	2620	3177	653
2815	3327	512	2802	3190	657
3071	3327	512	2992	3204	660
3327	3327	512	3180	3217	664
3583	3327	512	3362	3230	669
3839	3327	512	3536	3242	671
4095	3327	512	3717	3254	676
0	3583	512	809	3327	646
256	3583	512	993	3335	649
512	3583	512	1186	3348	652
768	3583	512	1368	3360	655
1024	3583	512	1540	3368	655
1280	3583	512	1724	3369	658
1536	3583	512	1914	3374	659
1792	3583	512	2114	3380	660
2048	3583	512	2320	3387	662
2303	3583	512	2495	3395	665
2559	3583	512	2676	3409	669
2815	3583	512	2862	3422	673
3071	3583	512	3049	3433	676
3327	3583	512	3235	3448	681
3583	3583	512	3417	3461	686
3839	3583	512	3596	3475	689
4095	3583	512	3780	3496	693
0	3839	512	866	3563	663
256	3839	512	1051	3574	665
512	3839	512	1245	3583	669
768	3839	512	1420	3593	672
1024	3839	512	1596	3598	673
1280	3839	512	1781	3600	673
1536	3839	512	1974	3601	675
1792	3839	512	2177	3605	677
2048	3839	512	2374	3613	679
2303	3839	512	2550	3623	682
2559	3839	512	2733	3637	686
2815	3839	512	2920	3647	689
3071	3839	512	3109	3659	693
3327	3839	512	3295	3676	696
3583	3839	512	3473	3691	702
3839	3839	512	3655	3707	707
4095	3839	512	3835	3724	712
0	4095	512	922	3790	680
256	4095	512	1112	3801	683
512	4095	512	1301	3810	687
768	4095	512	1471	3818	689
1024	4095	512	1654	3820	690
1280	4095	512	1842	3820	690
1536	4095	512	2033	3821	691
1792	4095	512	2241	3826	694
2048	4095	512	2429	3835	696
2303	4095	512	2608	3846	699
2559	4095	512	2794	3857	703
2815	4095	512	2983	3873	706
3071	4095	512	3171	3886	711
3327	4095	512	3355	3897	716
3583	4095	512	3538	3918	719
3839	4095	512	3719	3934	725
4095	4095	512	3892	3950	729
0	0	768	35	6	647
256	0	768	233	18	645
512	0	768	433	28	648
768	0	768	626	40	650
1024	0	768	809	51	652
1280	0	768	997	62	656
1536	0	768	1191	73	659
1792	0	768	1380	85	663
2048	0	768	1555	95	664
2303	0	768	1743	105	665
2559	0	768	1936	116	665
2815	0	768	2134	128	666
3071	0	768	2343	139	669
3327	0	768	2524	149	672
3583	0	768	2709	160	675
3839	0	768	2895	171	679
4095	0	768	3087	182	682
0	256	768	94	258	664
256	256	768	290	270	660
512	256	768	491	280	663
768	256	768	679	291	665
1024	256	768	865	302	668
1280	256	768	1053	311	671
1536	256	768	1249	323	675
1792	256	768	1433	334	679
2048	256	768	1614	344	679
2303	256	768	1802	353	682
2559	256	768	1995	364	682
2815	256	768	2200	375	683
3071	256	768	2403	385	687
3327	256	768	2581	395	689
3583	256	768	2765	406	693
3839	256	768	2951	416	697
4095	256	768	3142	427	700
0	512	768	152	504	681
256	512	768	348	514	677
512	512	768	547	525	679
768	512	768	732	534	680
1024	512	768	919	544	683
1280	512	768	1111	554	686
1536	512	768	1304	565	690
1792	512	768	1482	576	694
2048	512	768	1667	584	694
2303	512	768	1856	593	695
2559	512	768	2051	603	698
2815	512	768	2261	613	700
3071	512	768	2455	623	703
3327	512	768	2634	633	706
3583	512	768	2818	642	710
3839	512	768	3007	653	712
4095	512	768	3199	664	717
0	768	768	210	738	696
256	768	768	409	747	693
512	768	768	600	757	694
768	768	768	784	765	696
1024	768	768	975	776	697
1280	768	768	1167	787	701
1536	768	768	1357	799	705
1792	768	768	1531	808	708
2048	768	768	1721	819	709
2303	768	768	1913	828	711
2559	768	768	2112	836	712
2815	768	768	2324	848	716
3071	768	768	2507	858	718
3327	768	768	2688	868	721
3583	768	768	2870	877	724
3839	768	768	3064	889	727
4095	768	768	3255	900	732
0	1024	768	268	977	705
256	1024	768	467	988	707
512	1024	768	656	997	709
768	1024	768	839	1006	711
1024	1024	768	1027	1016	714
1280	1024	768	1225	1029	718
1536	1024	768	1409	1040	721
1792	1024	768	1587	1049	722
2048	1024	768	1778	1061	725
2303	1024	768	1973	1070	727
2559	1024	768	2176	1079	728
2815	1024	768	2381	1089	730
3071	1024	768	2561	1100	733
3327	1024	768	2740	1109	736
3583	1024	768	2927	1120	741
3839	1024	768	3121	1133	743
4095	1024	768	3309	1144	747
0	1280	768	327	1225	721
256	1280	768	524	1236	723
512	1280	768	710	1245	726
768	1280	768	897	1255	727
1024	1280	768	1087	1267	730
1280	1280	768	1282	1279	734
1536	1280	768	1459	1288	738
1792	1280	768	1643	1296	737
2048	1280	768	1834	1304	739
2303	1280	768	2026	1309	742
2559	1280	768	2234	1320	744
2815	1280	768	2433	1331	746
3071	1280	768	2613	1341	749
3327	1280	768	2792	1348	753
3583	1280	768	2983	1358	757
3839	1280	768	3174	1369	760
4095	1280	768	3362	1378	763
0	1536	768	387	1452	736
256	1536	768	579	1462	738
512	1536	768	764	1469	742
768	1536	768	953	1480	744
1024	1536	768	1146	1492	748
1280	1536	768	1338	1502	751
1536	1536	768	1511	1508	754
1792	1536	768	1696	1515	758
2048	1536	768	1887	1521	752
2303	1536	768	2081	1526	756
2559	1536	768	2295	1540	760
2815	1536	768	2480	1549	761
3071	1536	768	2658	1557	758
3327	1536	768	2839	1570	762
3583	1536	768	3029	1580	764
3839	1536	768	3218	1590	768
4095	1536	768	3401	1601	772
0	1792	768	443	1686	751
256	1792	768	633	1697	753
512	1792	768	816	1706	757
768	1792	768	1003	1717	761
1024	1792	768	1198	1730	765
1280	1792	768	1383	1741	767
1536	1792	768	1557	1750	770
1792	1792	768	1745	1757	766
2048	1792	768	1937	1762	766
2303	1792	768	2136	1770	764
2559	1792	768	2344	1780	767
2815	1792	768	2517	1786	768
3071	1792	768	2698	1795	771
3327	1792	768	2882	1805	773
3583	1792	768	3070	1818	777
3839	1792	768	3257	1826	781
4095	1792	768	3435	1838	785
0	2048	768	498	1922	763
256	2048	768	684	1933	766
512	2048	768	869	1943	763
768	2048	768	1054	1952	767
1024	2048	768	1250	1964	772
1280	2048	768	1429	1976	774
1536	2048	768	1608	1984	777
1792	2048	768	1795	1989	778
2048	2048	768	1986	1993	779
2303	2048	768	2187	2003	781
2559	2048	768	2383	2013	782
2815	2048	768	2560	2022	781
3071	2048	768	2739	2031	784
3327	2048	768	2924	2042	787
3583	2048	768	3112	2054	792
3839	2048	768	3302	2065	795
4095	2048	768	3475	2080	799
0	2303	768	551	2166	772
256	2303	768	735	2180	777
512	2303	768	920	2190	779
768	2303	768	1108	2201	782
1024	2303	768	1301	2214	786
1280	2303	768	1475	2223	789
1536	2303	768	1656	2230	790
1792	2303	768	1845	2236	791
2048	2303	768	2038	2245	792
2303	2303	768	2245	2255	794
2559	2303	768	2432	2264	796
2815	2303	768	2609	2273	798
3071	2303	768	2788	2284	799
3327	2303	768	2973	2293	803
3583	2303	768	3160	2303	807
3839	2303	768	3344	2316	810
4095	2303	768	3518	2329	814
0	2559	768	605	2409	787
256	2559	768	787	2420	788
512	2559	768	972	2430	793
768	2559	768	1163	2441	798
1024	2559	768	1350	2452	800
1280	2559	768	1524	2461	803
1536	2559	768	1705	2465	803
1792	2559	768	1894	2470	805
2048	2559	768	2093	2477	807
2303	2559	768	2303	2486	809
2559	2559	768	2479	2495	811
2815	2559	768	2659	2505	814
3071	2559	768	2843	2515	816
3327	2559	768	3028	2523	818
3583	2559	768	3215	2535	822
3839	2559	768	3393	2547	827
4095	2559	768	3567	2561	833
0	2815	768	658	2645	803
256	2815	768	841	2656	806
512	2815	768	1024	2665	809
768	2815	768	1218	2679	813
1024	2815	768	1398	2689	815
1280	2815	768	1575	2695	817
1536	2815	768	1756	2700	819
1792	2815	768	1949	2705	820
2048	2815	768	2153	2711	822
2303	2815	768	2354	2718	824
2559	2815	768	2528	2730	827
2815	2815	768	2712	2743	830
3071	2815	768	2898	2754	833
3327	2815	768	3082	2763	835
3583	2815	768	3272	2775	839
3839	2815	768	3445	2789	845
4095	2815	768	3621	2802	849
0	3071	768	711	2885	819
256	3071	768	895	2894	822
512	3071	768	1080	2901	825
768	3071	768	1274	2918	828
1024	3071	768	1447	2923	831
1280	3071	768	1625	2927	831
1536	3071	768	1811	2930	832
1792	3071	768	2004	2938	835
2048	3071	768	2213	2946	836
2303	3071	768	2404	2954	839
2559	3071	768	2581	2966	844
2815	3071	768	2763	2978	847
3071	3071	768	2952	2990	850
3327	3071	768	3141	3002	853
3583	3071	768	3324	3013	857
3839	3071	768	3497	3027	862
4095	3071	768	3676	3041	866
0	3327	768	765	3114	835
256	3327	768	949	3119	838
512	3327	768	1139	3130	841
768	3327	768	1326	3144	846
1024	3327	768	1496	3150	848
1280	3327	768	1680	3149	848
1536	3327	768	1868	3154	849
1792	3327	768	2065	3163	851
2048	3327	768	2273	3169	852
2303	3327	768	2455	3176	856
2559	3327	768	2635	3187	859
2815	3327	768	2819	3201	863
3071	3327	768	3008	3214	866
3327	3327	768	3195	3224	870
3583	3327	768	3377	3236	874
3839	3327	768	3551	3250	878
4095	3327	768	3733	3262	883
0	3583	768	820	3336	852
256	3583	768	1004	3344	857
512	3583	768	1198	3358	859
768	3583	768	1378	3370	862
1024	3583	768	1550	3378	863
1280	3583	768	1736	3376	865
1536	3583	768	1927	3383	866
1792	3583	768	2128	3390	866
2048	3583	768	2334	3397	869
2303	3583	768	2509	3406	873
2559	3583	768	2691	3420	876
2815	3583	768	2878	3432	880
3071	3583	768	3067	3441	882
3327	3583	768	3250	3456	887
3583	3583	768	3433	3469	892
3839	3583	768	3614	3484	895
4095	3583	768	3800	3505	900
0	3839	768	877	3570	871
256	3839	768	1064	3582	873
512	3839	768	1257	3594	877
768	3839	768	1430	3602	880
1024	3839	768	1607	3605	881
1280	3839	768	1793	3607	881
1536	3839	768	1987	3611	884
1792	3839	768	2192	3615	884
2048	3839	768	2387	3623	887
2303	3839	768	2563	3634	890
2559	3839	768	2748	3648	893
2815	3839	768	2936	3658	897
3071	3839	768	3125	3670	900
3327	3839	768	3311	3688	905
3583	3839	768	3489	3701	910
3839	3839	768	3672	3717	913
4095	3839	768	3852	3735	921
0	4095	768	934	3799	889
256	4095	768	1124	3810	892
512	4095	768	1312	3819	896
768	4095	768	1482	3826	899
1024	4095	768	1664	3827	898
1280	4095	768	1853	3828	899
1536	4095	768	2049	3832	900
1792	4095	768	2256	3835	903
2048	4095	768	2441	3846	905
2303	4095	768	2622	3858	907
2559	4095	768	2808	3867	910
2815	4095	768	2998	3882	914
3071	4095	768	3186	3895	918
3327	4095	768	3370	3909	923
3583	4095	768	3550	3929	927
3839	4095	768	3732	3942	932
4095	4095	768	3906	3958	938
0	0	1024	47	8	859
256	0	1024	245	20	855
512	0	1024	446	30	857
768	0	1024	637	42	860
1024	0	1024	821	53	861
1280	0	1024	1009	65	865
1536	0	1024	1204	75	869
1792	0	1024	1391	87	874
2048	0	1024	1568	98	875
2303	0	1024	1754	108	876
2559	0	1024	1946	119	876
2815	0	1024	2146	131	877
3071	0	1024	2353	141	878
3327	0	1024	2536	152	881
3583	0	1024	2719	163	884
3839	0	1024	2905	173	888
4095	0	1024	3100	185	892
0	256	1024	106	261	877
256	256	1024	302	272	870
512	256	1024	504	283	873
768	256	1024	691	293	875
1024	256	1024	877	304	878
1280	256	1024	1066	315	883
1536	256	1024	1264	326	886
1792	256	1024	1444	337	890
2048	256	1024	1625	346	891
2303	256	1024	1813	356	891
2559	256	1024	2006	367	893
2815	256	1024	2211	378	894
3071	256	1024	2413	387	897
3327	256	1024	2593	398	900
3583	256	1024	2776	408	903
3839	256	1024	2964	418	906
4095	256	1024	3156	430	910
0	512	1024	164	507	891
256	512	1024	363	517	887
512	512	1024	559	529	888
768	512	1024	743	538	890
1024	512	1024	931	548	894
1280	512	1024	1123	558	897
1536	512	1024	1316	569	901
1792	512	1024	1492	579	906
2048	512	1024	1678	588	906
2303	512	1024	1868	597	906
2559	512	1024	2062	606	910
2815	512	1024	2273	616	911
3071	512	1024	2466	626	913
3327	512	1024	2647	636	915
3583	512	1024	2829	645	919
3839	512	1024	3020	655	922
4095	512	1024	3211	666	926
0	768	1024	222	742	907
256	768	1024	421	751	903
512	768	1024	613	760	905
768	768	1024	796	770	907
1024	768	1024	986	780	909
1280	768	1024	1179	792	913
1536	768	1024	1368	803	918
1792	768	1024	1542	812	921
2048	768	1024	1732	823	921
2303	768	1024	1925	832	923
2559	768	1024	2124	840	924
2815	768	1024	2336	851	927
3071	768	1024	2518	861	929
3327	768	1024	2700	871	931
3583	768	1024	2884	880	934
3839	768	1024	3076	891	938
4095	768	1024	3267	904	942
0	1024	1024	280	982	917
256	1024	1024	479	992	921
512	1024	1024	668	1002	921
768	1024	1024	852	1010	923
1024	1024	1024	1038	1020	926
1280	1024	1024	1237	1033	931
1536	1024	1024	1419	1045	934
1792	1024	1024	1599	1054	935
2048	1024	1024	1791	1066	938
2303	1024	1024	1983	1074	940
2559	1024	1024	2186	1082	940
2815	1024	1024	2391	1093	942
3071	1024	1024	2571	1105	944
3327	1024	1024	2753	1114	947
3583	1024	1024	2942	1125	952
3839	1024	1024	3132	1137	955
4095	1024	1024	3321	1151	959
0	1280	1024	340	1230	934
256	1280	1024	537	1241	935
512	1280	1024	722	1250	938
768	1280	1024	909	1259	940
1024	1280	1024	1099	1271	942
1280	1280	1024	1296	1286	946
1536	1280	1024	1472	1294	951
1792	1280	1024	1655	1302	950
2048	1280	1024	1845	1310	951
2303	1280	1024	2037	1315	954
2559	1280	1024	2247	1324	956
2815	1280	1024	2443	1336	959
3071	1280	1024	2625	1346	961
3327	1280	1024	2808	1354	965
3583	1280	1024	2996	1362	968
3839	1280	1024	3186	1371	971
4095	1280	1024	3373	1383	976
0	1536	1024	399	1458	950
256	1536	1024	592	1468	951
512	1536	1024	776	1475	955
768	1536	1024	965	1484	957
1024	1536	1024	1159	1497	961
1280	1536	1024	1351	1510	965
1536	1536	1024	1524	1515	968
1792	1536	1024	1709	1521	971
2048	1536	1024	1900	1528	967
2303	1536	1024	2096	1536	968
2559	1536	1024	2307	1546	972
2815	1536	1024	2490	1556	973
3071	1536	1024	2671	1565	975
3327	1536	1024	2855	1576	978
3583	1536	1024	3043	1584	981
3839	1536	1024	3231	1593	985
4095	1536	1024	3413	1605	990
0	1792	1024	455	1692	964
256	1792	1024	644	1702	966
512	1792	1024	828	1713	969
768	1792	1024	1016	1724	972
1024	1792	1024	1211	1737	976
1280	1792	1024	1395	1748	981
1536	1792	1024	1572	1758	982
1792	1792	1024	1758	1764	986
2048	1792	1024	1949	1769	984
2303	1792	1024	2149	1777	979
2559	1792	1024	2355	1786	982
2815	1792	1024	2533	1795	985
3071	1792	1024	2714	1805	986
3327	1792	1024	2898	1817	988
3583	1792	1024	3084	1826	991
3839	1792	1024	3273	1833	995
4095	1792	1024	3449	1845	999
0	2048	1024	510	1926	973
256	2048	1024	695	1937	976
512	2048	1024	881	1949	980
768	2048	1024	1069	1961	984
1024	2048	1024	1264	1973	988
1280	2048	1024	1442	1983	991
1536	2048	1024	1622	1991	992
1792	2048	1024	1809	1996	994
2048	2048	1024	1999	2004	997
2303	2048	1024	2203	2015	998
2559	2048	1024	2401	2025	993
2815	2048	1024	2577	2032	994
3071	2048	1024	2758	2042	998
3327	2048	1024	2941	2052	998
3583	2048	1024	3128	2062	1003
3839	2048	1024	3319	2072	1005
4095	2048	1024	3489	2086	1007
0	2303	1024	563	2172	984
256	2303	1024	746	2183	988
512	2303	1024	933	2199	992
768	2303	1024	1122	2213	997
1024	2303	1024	1313	2222	1001
1280	2303	1024	1488	2231	1004
1536	2303	1024	1668	2238	1005
1792	2303	1024	1856	2244	1006
2048	2303	1024	2051	2254	1009
2303	2303	1024	2260	2264	1013
2559	2303	1024	2446	2273	1013
2815	2303	1024	2623	2281	1010
3071	2303	1024	2806	2292	1012
3327	2303	1024	2991	2304	1014
3583	2303	1024	3178	2314	1018
3839	2303	1024	3360	2325	1020
4095	2303	1024	3536	2339	1023
0	2559	1024	617	2414	999
256	2559	1024	799	2428	1003
512	2559	1024	985	2443	1006
768	2559	1024	1177	2453	1011
1024	2559	1024	1362	2461	1013
1280	2559	1024	1536	2471	1015
1536	2559	1024	1718	2474	1014
1792	2559	1024	1908	2480	1015
2048	2559	1024	2109	2489	1018
2303	2559	1024	2321	2498	1019
2559	2559	1024	2495	2504	1022
2815	2559	1024	2677	2513	1026
3071	2559	1024	2862	2524	1028
3327	2559	1024	3050	2535	1028
3583	2559	1024	3234	2548	1033
3839	2559	1024	3412	2560	1036
4095	2559	1024	3587	2572	1041
0	2815	1024	669	2651	1014
256	2815	1024	853	2666	1017
512	2815	1024	1038	2680	1022
768	2815	1024	1232	2690	1024
1024	2815	1024	1412	2699	1027
1280	2815	1024	1588	2705	1029
1536	2815	1024	1770	2708	1030
1792	2815	1024	1963	2718	1033
2048	2815	1024	2169	2725	1035
2303	2815	1024	2369	2731	1036
2559	2815	1024	2546	2742	1038
2815	2815	1024	2730	2753	1043
3071	2815	1024	2916	2763	1044
3327	2815	1024	3100	2774	1046
3583	2815	1024	3288	2785	1050
3839	2815	1024	3460	2798	1054
4095	2815	1024	3637	2812	1059
0	3071	1024	722	2893	1030
256	3071	1024	907	2905	1033
512	3071	1024	1096	2915	1036
768	3071	1024	1288	2927	1040
1024	3071	1024	1460	2934	1042
1280	3071	1024	1639	2938	1044
1536	3071	1024	1826	2941	1044
1792	3071	1024	2019	2951	1046
2048	3071	1024	2229	2957	1049
2303	3071	1024	2418	2966	1052
2559	3071	1024	2596	2979	1055
2815	3071	1024	2783	2991	1057
3071	3071	1024	2972	3002	1062
3327	3071	1024	3159	3014	1065
3583	3071	1024	3340	3025	1067
3839	3071	1024	3513	3039	1071
4095	3071	1024	3696	3052	1075
0	3327	1024	777	3126	1045
256	3327	1024	962	3131	1049
512	3327	1024	1153	3141	1054
768	3327	1024	1339	3154	1057
1024	3327	1024	1509	3163	1060
1280	3327	1024	1693	3161	1059
1536	3327	1024	1883	3166	1061
1792	3327	1024	2081	3174	1062
2048	3327	1024	2292	3179	1064
2303	3327	1024	2468	3188	1067
2559	3327	1024	2650	3200	1071
2815	3327	1024	2837	3215	1074
3071	3327	1024	3025	3223	1077
3327	3327	1024	3212	3235	1081
3583	3327	1024	3395	3248	1085
3839	3327	1024	3571	3262	1089
4095	3327	1024	3754	3275	1093
0	3583	1024	832	3347	1062
256	3583	1024	1017	3355	1067
512	3583	1024	1211	3371	1070
768	3583	1024	1390	3383	1073
1024	3583	1024	1564	3389	1075
1280	3583	1024	1750	3388	1077
1536	3583	1024	1942	3395	1078
1792	3583	1024	2144	3402	1080
2048	3583	1024	2348	3408	1082
2303	3583	1024	2522	3419	1087
2559	3583	1024	2706	3433	1088
2815	3583	1024	2894	3443	1092
3071	3583	1024	3084	3452	1095
3327	3583	1024	3270	3470	1099
3583	3583	1024	3451	3483	1103
3839	3583	1024	3634	3499	1107
4095	3583	1024	3818	3518	1114
0	3839	1024	889	3580	1082
256	3839	1024	1076	3591	1087
512	3839	1024	1270	3607	1090
768	3839	1024	1443	3614	1094
1024	3839	1024	1621	3616	1094
1280	3839	1024	1806	3617	1095
1536	3839	1024	2001	3623	1097
1792	3839	1024	2208	3627	1098
2048	3839	1024	2401	3636	1101
2303	3839	1024	2579	3649	1104
2559	3839	1024	2764	3661	1106
2815	3839	1024	2953	3671	1109
3071	3839	1024	3142	3685	1113
3327	3839	1024	3328	3701	1117
3583	3839	1024	3507	3711	1122
3839	3839	1024	3690	3727	1126
4095	3839	1024	3867	3745	1133
0	4095	1024	945	3807	1103
256	4095	1024	1136	3819	1106
512	4095	1024	1326	3829	1110
768	4095	1024	1495	3835	1114
1024	4095	1024	1677	3836	1112
1280	4095	1024	1865	3839	1112
1536	4095	1024	2063	3843	1115
1792	4095	1024	2270	3847	1116
2048	4095	1024	2455	3860	1118
2303	4095	1024	2638	3872	1120
2559	4095	1024	2824	3881	1123
2815	4095	1024	3015	3893	1128
3071	4095	1024	3201	3908	1131
3327	4095	1024	3386	3921	1136
3583	4095	1024	3566	3937	1141
3839	4095	1024	3748	3951	1145
4095	4095	1024	3922	3968	1151
0	0	1280	60	10	1073
256	0	1280	257	22	1067
512	0	1280	459	32	1069
768	0	1280	649	44	1072
1024	0	1280	834	55	1075
1280	0	1280	1023	67	1079
1536	0	1280	1218	77	1086
1792	0	1280	1404	89	1089
2048	0	1280	1582	100	1091
2303	0	1280	1766	110	1091
2559	0	1280	1957	122	1092
2815	0	1280	2158	133	1093
3071	0	1280	2363	143	1094
3327	0	1280	2546	154	1097
3583	0	1280	2729	165	1100
3839	0	1280	2916	175	1102
4095	0	1280	3111	187	1107
0	256	1280	118	264	1090
256	256	1280	315	275	1082
512	256	1280	515	285	1088
768	256	1280	702	296	1092
1024	256	1280	890	307	1095
1280	256	1280	1080	318	1099
1536	256	1280	1276	329	1102
1792	256	1280	1455	340	1107
2048	256	1280	1637	350	1108
2303	256	1280	1826	360	1107
2559	256	1280	2018	370	1109
2815	256	1280	2224	380	1111
3071	256	1280	2424	390	1113
3327	256	1280	2606	401	1115
3583	256	1280	2788	411	1118
3839	256	1280	2977	421	1121
4095	256	1280	3169	433	1126
0	512	1280	177	511	1105
256	512	1280	375	521	1101
512	512	1280	570	532	1105
768	512	1280	755	541	1106
1024	512	1280	944	551	1110
1280	512	1280	1136	561	1115
1536	512	1280	1331	573	1118
1792	512	1280	1507	583	1122
2048	512	1280	1692	592	1123
2303	512	1280	1881	601	1123
2559	512	1280	2075	610	1125
2815	512	1280	2285	619	1127
3071	512	1280	2477	629	1129
3327	512	1280	2660	639	1132
3583	512	1280	2842	648	1135
3839	512	1280	3033	658	1138
4095	512	1280	3225	670	1141
0	768	1280	235	746	1121
256	768	1280	434	755	1119
512	768	1280	626	765	1122
768	768	1280	810	776	1123
1024	768	1280	998	785	1126
1280	768	1280	1192	797	1130
1536	768	1280	1381	808	1134
1792	768	1280	1556	817	1136
2048	768	1280	1746	828	1138
2303	768	1280	1938	837	1140
2559	768	1280	2138	845	1142
2815	768	1280	2349	854	1144
3071	768	1280	2530	865	1146
3327	768	1280	2713	875	1147
3583	768	1280	2899	885	1151
3839	768	1280	3089	896	1156
4095	768	1280	3281	908	1159
0	1024	1280	294	986	1134
256	1024	1280	492	996	1137
512	1024	1280	681	1007	1137
768	1024	1280	866	1016	1140
1024	1024	1280	1052	1025	1144
1280	1024	1280	1250	1038	1148
1536	1024	1280	1432	1050	1151
1792	1024	1280	1613	1060	1153
2048	1024	1280	1803	1070	1154
2303	1024	1280	1996	1078	1156
2559	1024	1280	2200	1088	1157
2815	1024	1280	2403	1098	1159
3071	1024	1280	2583	1110	1163
3327	1024	1280	2767	1119	1165
3583	1024	1280	2956	1130	1169
3839	1024	1280	3145	1142	1172
4095	1024	1280	3335	1154	1176
0	1280	1280	352	1235	1151
256	1280	1280	550	1247	1153
512	1280	1280	735	1256	1155
768	1280	1280	922	1265	1157
1024	1280	1280	1113	1278	1160
1280	1280	1280	1311	1292	1165
1536	1280	1280	1486	1299	1168
1792	1280	1280	1669	1308	1167
2048	1280	1280	1860	1316	1169
2303	1280	1280	2054	1322	1173
2559	1280	1280	2263	1333	1174
2815	1280	1280	2457	1342	1177
3071	1280	1280	2638	1351	1179
3327	1280	1280	2821	1358	1182
3583	1280	1280	3008	1367	1186
3839	1280	1280	3198	1378	1188
4095	1280	1280	3387	1388	1193
0	1536	1280	412	1463	1167
256	1536	1280	606	1474	1168
512	1536	1280	789	1481	1170
768	1536	1280	978	1490	1174
1024	1536	1280	1172	1502	1178
1280	1536	1280	1363	1514	1182
1536	1536	1280	1538	1522	1186
1792	1536	1280	1726	1529	1183
2048	1536	1280	1917	1537	1184
2303	1536	1280	2114	1544	1185
2559	1536	1280	2323	1554	1189
2815	1536	1280	2504	1562	1191
3071	1536	1280	2686	1571	1192
3327	1536	1280	2871	1580	1195
3583	1536	1280	3057	1591	1199
3839	1536	1280	3246	1602	1201
4095	1536	1280	3430	1614	1206
0	1792	1280	468	1698	1180
256	1792	1280	657	1709	1181
512	1792	1280	842	1720	1184
768	1792	1280	1029	1731	1189
1024	1792	1280	1226	1745	1192
1280	1792	1280	1410	1756	1197
1536	1792	1280	1587	1765	1198
1792	1792	1280	1774	1773	1201
2048	1792	1280	1966	1780	1203
2303	1792	1280	2168	1788	1197
2559	1792	1280	2372	1796	1198
2815	1792	1280	2549	1804	1200
3071	1792	1280	2730	1813	1203
3327	1792	1280	2915	1822	1206
3583	1792	1280	3101	1831	1208
3839	1792	1280	3289	1841	1212
4095	1792	1280	3467	1855	1216
0	2048	1280	524	1934	1188
256	2048	1280	707	1944	1192
512	2048	1280	894	1956	1196
768	2048	1280	1082	1969	1200
1024	2048	1280	1280	1984	1204
1280	2048	1280	1457	1992	1208
1536	2048	1280	1636	1999	1209
1792	2048	1280	1822	2004	1211
2048	2048	1280	2015	2012	1214
2303	2048	1280	2221	2022	1216
2559	2048	1280	2415	2031	1209
2815	2048	1280	2592	2039	1212
3071	2048	1280	2775	2050	1216
3327	2048	1280	2959	2060	1219
3583	2048	1280	3147	2071	1222
3839	2048	1280	3335	2084	1227
4095	2048	1280	3512	2099	1229
0	2303	1280	576	2182	1200
256	2303	1280	758	2193	1204
512	2303	1280	946	2206	1208
768	2303	1280	1138	2221	1214
1024	2303	1280	1329	2236	1218
1280	2303	1280	1503	2243	1221
1536	2303	1280	1684	2251	1223
1792	2303	1280	1873	2258	1223
2048	2303	1280	2071	2267	1225
2303	2303	1280	2278	2280	1229
2559	2303	1280	2461	2290	1230
2815	2303	1280	2640	2297	1228
3071	2303	1280	2820	2303	1232
3327	2303	1280	3009	2317	1235
3583	2303	1280	3200	2327	1238
3839	2303	1280	3384	2337	1240
4095	2303	1280	3556	2347	1243
0	2559	1280	629	2424	1216
256	2559	1280	811	2436	1220
512	2559	1280	998	2448	1223
768	2559	1280	1192	2463	1229
1024	2559	1280	1376	2474	1234
1280	2559	1280	1550	2480	1234
1536	2559	1280	1736	2486	1237
1792	2559	1280	1928	2493	1237
2048	2559	1280	2130	2501	1239
2303	2559	1280	2336	2508	1242
2559	2559	1280	2510	2518	1245
2815	2559	1280	2691	2527	1247
3071	2559	1280	2876	2536	1249
3327	2559	1280	3063	2546	1252
3583	2559	1280	3253	2561	1252
3839	2559	1280	3433	2571	1255
4095	2559	1280	3608	2581	1261
0	2815	1280	681	2659	1229
256	2815	1280	866	2673	1234
512	2815	1280	1052	2684	1239
768	2815	1280	1247	2700	1243
1024	2815	1280	1425	2709	1247
1280	2815	1280	1602	2715	1248
1536	2815	1280	1787	2720	1249
1792	2815	1280	1980	2726	1253
2048	2815	1280	2186	2736	1255
2303	2815	1280	2386	2747	1256
2559	2815	1280	2561	2753	1260
2815	2815	1280	2746	2768	1265
3071	2815	1280	2932	2780	1265
3327	2815	1280	3119	2789	1269
3583	2815	1280	3307	2804	1269
3839	2815	1280	3480	2814	1268
4095	2815	1280	3659	2824	1273
0	3071	1280	734	2901	1246
256	3071	1280	921	2911	1249
512	3071	1280	1111	2923	1254
768	3071	1280	1302	2940	1259
1024	3071	1280	1474	2945	1262
1280	3071	1280	1655	2950	1263
1536	3071	1280	1842	2954	1263
1792	3071	1280	2035	2958	1266
2048	3071	1280	2245	2971	1270
2303	3071	1280	2434	2983	1272
2559	3071	1280	2615	2995	1273
2815	3071	1280	2801	3004	1276
3071	3071	1280	2987	3017	1280
3327	3071	1280	3173	3030	1283
3583	3071	1280	3357	3042	1283
3839	3071	1280	3532	3053	1283
4095	3071	1280	3718	3066	1290
0	3327	1280	790	3132	1263
256	3327	1280	976	3141	1266
512	3327	1280	1168	3156	1271
768	3327	1280	1354	3169	1274
1024	3327	1280	1525	3171	1276
1280	3327	1280	1709	3175	1279
1536	3327	1280	1899	3179	1279
1792	3327	1280	2099	3185	1280
2048	3327	1280	2308	3193	1282
2303	3327	1280	2483	3203	1284
2559	3327	1280	2666	3216	1287
2815	3327	1280	2855	3229	1289
3071	3327	1280	3043	3235	1293
3327	3327	1280	3231	3253	1296
3583	3327	1280	3415	3266	1298
3839	3327	1280	3593	3274	1300
4095	3327	1280	3774	3291	1305
0	3583	1280	847	3360	1279
256	3583	1280	1032	3367	1284
512	3583	1280	1226	3386	1289
768	3583	1280	1404	3395	1290
1024	3583	1280	1579	3399	1292
1280	3583	1280	1764	3402	1294
1536	3583	1280	1960	3408	1295
1792	3583	1280	2162	3413	1295
2048	3583	1280	2361	3419	1295
2303	3583	1280	2538	3432	1300
2559	3583	1280	2722	3444	1301
2815	3583	1280	2910	3453	1303
3071	3583	1280	3100	3464	1307
3327	3583	1280	3289	3484	1310
3583	3583	1280	3469	3497	1314
3839	3583	1280	3651	3512	1319
4095	3583	1280	3832	3530	1324
0	3839	1280	902	3592	1299
256	3839	1280	1092	3604	1302
512	3839	1280	1284	3622	1304
768	3839	1280	1456	3626	1309
1024	3839	1280	1636	3627	1310
1280	3839	1280	1823	3630	1308
1536	3839	1280	2017	3634	1308
1792	3839	1280	2224	3638	1310
2048	3839	1280	2415	3649	1311
2303	3839	1280	2596	3664	1314
2559	3839	1280	2781	3673	1317
2815	3839	1280	2968	3683	1319
3071	3839	1280	3157	3697	1323
3327	3839	1280	3344	3711	1327
3583	3839	1280	3525	3720	1331
3839	3839	1280	3706	3738	1336
4095	3839	1280	3883	3754	1342
0	4095	1280	957	3815	1316
256	4095	1280	1148	3828	1319
512	4095	1280	1337	3840	1323
768	4095	1280	1509	3849	1327
1024	4095	1280	1691	3847	1323
1280	4095	1280	1881	3848	1323
1536	4095	1280	2077	3852	1326
1792	4095	1280	2285	3860	1327
2048	4095	1280	2470	3874	1329
2303	4095	1280	2654	3886	1332
2559	4095	1280	2840	3895	1335
2815	4095	1280	3028	3905	1338
3071	4095	1280	3215	3918	1340
3327	4095	1280	3401	3931	1344
3583	4095	1280	3582	3944	1350
3839	4095	1280	3764	3959	1354
4095	4095	1280	3937	3977	1359
0	0	1536	72	13	1282
256	0	1536	270	24	1286
512	0	1536	471	35	1288
768	0	1536	662	46	1293
1024	0	1536	849	58	1297
1280	0	1536	1037	69	1300
1536	0	1536	1233	80	1304
1792	0	1536	1418	91	1305
2048	0	1536	1596	102	1309
2303	0	1536	1780	112	1308
2559	0	1536	1970	124	1308
2815	0	1536	2170	135	1310
3071	0	1536	2376	145	1312
3327	0	1536	2556	156	1314
3583	0	1536	2740	168	1316
3839	0	1536	2929	179	1317
4095	0	1536	3121	189	1321
0	256	1536	131	267	1313
256	256	1536	329	278	1307
512	256	1536	528	288	1310
768	256	1536	717	300	1310
1024	256	1536	904	311	1313
1280	256	1536	1095	321	1316
1536	256	1536	1291	332	1319
1792	256	1536	1469	343	1323
2048	256	1536	1651	353	1324
2303	256	1536	1839	363	1321
2559	256	1536	2031	373	1324
2815	256	1536	2237	383	1327
3071	256	1536	2435	393	1328
3327	256	1536	2616	404	1330
3583	256	1536	2800	414	1335
3839	256	1536	2989	424	1336
4095	256	1536	3181	435	1340
0	512	1536	189	515	1323
256	512	1536	388	525	1320
512	512	1536	582	535	1321
768	512	1536	770	545	1323
1024	512	1536	960	555	1328
1280	512	1536	1153	566	1331
1536	512	1536	1345	577	1333
1792	512	1536	1521	587	1337
2048	512	1536	1705	596	1338
2303	512	1536	1895	605	1338
2559	512	1536	2091	614	1340
2815	512	1536	2301	622	1342
3071	512	1536	2488	632	1344
3327	512	1536	2670	642	1346
3583	512	1536	2854	651	1348
3839	512	1536	3046	662	1353
4095	512	1536	3238	674	1357
0	768	1536	247	750	1337
256	768	1536	447	760	1336
512	768	1536	639	770	1338
768	768	1536	823	780	1338
1024	768	1536	1012	790	1342
1280	768	1536	1208	802	1346
1536	768	1536	1394	813	1349
1792	768	1536	1572	822	1350
2048	768	1536	1760	832	1352
2303	768	1536	1951	840	1353
2559	768	1536	2152	850	1355
2815	768	1536	2362	858	1356
3071	768	1536	2541	869	1359
3327	768	1536	2724	879	1362
3583	768	1536	2912	889	1365
3839	768	1536	3103	900	1368
4095	768	1536	3293	912	1371
0	1024	1536	306	991	1349
256	1024	1536	505	1002	1351
512	1024	1536	693	1012	1353
768	1024	1536	880	1021	1354
1024	1024	1536	1066	1032	1358
1280	1024	1536	1265	1044	1362
1536	1024	1536	1446	1056	1364
1792	1024	1536	1627	1065	1366
2048	1024	1536	1816	1073	1366
2303	1024	1536	2009	1083	1368
2559	1024	1536	2215	1093	1371
2815	1024	1536	2416	1103	1373
3071	1024	1536	2597	1115	1376
3327	1024	1536	2780	1124	1377
3583	1024	1536	2967	1134	1381
3839	1024	1536	3158	1146	1385
4095	1024	1536	3347	1157	1386
0	1280	1536	366	1240	1365
256	1280	1536	563	1252	1366
512	1280	1536	748	1262	1368
768	1280	1536	936	1272	1372
1024	1280	1536	1127	1285	1375
1280	1280	1536	1323	1296	1378
1536	1280	1536	1499	1306	1380
1792	1280	1536	1684	1314	1381
2048	1280	1536	1876	1322	1382
2303	1280	1536	2070	1330	1385
2559	1280	1536	2280	1339	1386
2815	1280	1536	2470	1348	1389
3071	1280	1536	2650	1355	1390
3327	1280	1536	2832	1361	1392
3583	1280	1536	3022	1372	1396
3839	1280	1536	3211	1383	1398
4095	1280	1536	3398	1392	1401
0	1536	1536	424	1468	1379
256	1536	1536	618	1478	1381
512	1536	1536	802	1487	1382
768	1536	1536	991	1497	1386
1024	1536	1536	1186	1508	1390
1280	1536	1536	1375	1519	1394
1536	1536	1536	1552	1528	1396
1792	1536	1536	1743	1537	1391
2048	1536	1536	1934	1545	1394
2303	1536	1536	2130	1551	1396
2559	1536	1536	2339	1560	1398
2815	1536	1536	2517	1569	1399
3071	1536	1536	2699	1576	1399
3327	1536	1536	2885	1586	1402
3583	1536	1536	3071	1597	1406
3839	1536	1536	3262	1608	1408
4095	1536	1536	3444	1621	1411
0	1792	1536	480	1704	1388
256	1792	1536	669	1716	1390
512	1792	1536	856	1727	1393
768	1792	1536	1043	1738	1398
1024	1792	1536	1240	1753	1401
1280	1792	1536	1423	1763	1406
1536	1792	1536	1602	1773	1407
1792	1792	1536	1788	1782	1409
2048	1792	1536	1983	1788	1411
2303	1792	1536	2185	1796	1403
2559	1792	1536	2386	1804	1404
2815	1792	1536	2561	1812	1406
3071	1792	1536	2743	1820	1409
3327	1792	1536	2929	1829	1412
3583	1792	1536	3116	1838	1415
3839	1792	1536	3307	1848	1417
4095	1792	1536	3482	1862	1421
0	2048	1536	536	1940	1395
256	2048	1536	719	1950	1399
512	2048	1536	906	1963	1403
768	2048	1536	1098	1977	1409
1024	2048	1536	1294	1992	1413
1280	2048	1536	1470	2000	1417
1536	2048	1536	1651	2008	1417
1792	2048	1536	1837	2015	1418
2048	2048	1536	2032	2021	1420
2303	2048	1536	2239	2030	1422
2559	2048	1536	2430	2039	1415
2815	2048	1536	2607	2048	1418
3071	2048	1536	2791	2059	1421
3327	2048	1536	2975	2069	1424
3583	2048	1536	3164	2079	1425
3839	2048	1536	3352	2090	1429
4095	2048	1536	3525	2104	1433
0	2303	1536	588	2186	1406
256	2303	1536	769	2198	1410
512	2303	1536	958	2211	1414
768	2303	1536	1151	2227	1419
1024	2303	1536	1342	2243	1425
1280	2303	1536	1517	2253	1428
1536	2303	1536	1699	2260	1428
1792	2303	1536	1889	2268	1429
2048	2303	1536	2087	2279	1429
2303	2303	1536	2297	2292	1432
2559	2303	1536	2476	2300	1434
2815	2303	1536	2654	2308	1431
3071	2303	1536	2838	2316	1434
3327	2303	1536	3026	2327	1437
3583	2303	1536	3214	2336	1438
3839	2303	1536	3397	2345	1442
4095	2303	1536	3571	2355	1446
0	2559	1536	640	2429	1418
256	2559	1536	823	2442	1423
512	2559	1536	1010	2452	1426
768	2559	1536	1205	2469	1431
1024	2559	1536	1389	2481	1436
1280	2559	1536	1564	2489	1437
1536	2559	1536	1751	2493	1439
1792	2559	1536	1944	2501	1440
2048	2559	1536	2146	2511	1442
2303	2559	1536	2352	2522	1445
2559	2559	1536	2525	2530	1447
2815	2559	1536	2706	2539	1448
3071	2559	1536	2891	2548	1451
3327	2559	1536	3079	2555	1450
3583	2559	1536	3264	2567	1454
3839	2559	1536	3443	2578	1456
4095	2559	1536	3622	2590	1460
0	2815	1536	693	2665	1431
256	2815	1536	878	2678	1435
512	2815	1536	1065	2691	1439
768	2815	1536	1260	2707	1443
1024	2815	1536	1437	2717	1448
1280	2815	1536	1617	2725	1450
1536	2815	1536	1804	2731	1449
1792	2815	1536	1997	2738	1452
2048	2815	1536	2204	2748	1455
2303	2815	1536	2399	2757	1459
2559	2815	1536	2576	2764	1460
2815	2815	1536	2759	2776	1464
3071	2815	1536	2947	2789	1467
3327	2815	1536	3136	2802	1469
3583	2815	1536	3321	2813	1471
3839	2815	1536	3496	2824	1471
4095	2815	1536	3676	2834	1473
0	3071	1536	746	2904	1444
256	3071	1536	933	2919	1449
512	3071	1536	1123	2932	1454
768	3071	1536	1313	2946	1459
1024	3071	1536	1487	2954	1461
1280	3071	1536	1670	2961	1463
1536	3071	1536	1859	2966	1463
1792	3071	1536	2054	2973	1464
2048	3071	1536	2262	2982	1468
2303	3071	1536	2445	2991	1469
2559	3071	1536	2626	3001	1473
2815	3071	1536	2812	3014	1477
3071	3071	1536	3002	3026	1480
3327	3071	1536	3190	3039	1486
3583	3071	1536	3373	3050	1487
3839	3071	1536	3550	3058	1486
4095	3071	1536	3735	3072	1489
0	3327	1536	802	3138	1460
256	3327	1536	987	3150	1463
512	3327	1536	1181	3162	1469
768	3327	1536	1366	3173	1473
1024	3327	1536	1537	3182	1473
1280	3327	1536	1723	3186	1477
1536	3327	1536	1917	3192	1478
1792	3327	1536	2117	3198	1480
2048	3327	1536	2324	3205	1482
2303	3327	1536	2497	3214	1485
2559	3327	1536	2679	3225	1487
2815	3327	1536	2868	3238	1490
3071	3327	1536	3062	3248	1493
3327	3327	1536	3247	3260	1499
3583	3327	1536	3428	3272	1500
3839	3327	1536	3607	3284	1502
4095	3327	1536	3788	3295	1506
0	3583	1536	858	3363	1476
256	3583	1536	1044	3376	1480
512	3583	1536	1238	3388	1484
768	3583	1536	1416	3399	1486
1024	3583	1536	1594	3407	1489
1280	3583	1536	1780	3410	1491
1536	3583	1536	1974	3417	1493
1792	3583	1536	2178	3424	1495
2048	3583	1536	2377	3430	1497
2303	3583	1536	2553	3439	1500
2559	3583	1536	2737	3451	1503
2815	3583	1536	2925	3463	1505
3071	3583	1536	3117	3477	1511
3327	3583	1536	3306	3490	1514
3583	3583	1536	3484	3503	1515
3839	3583	1536	3664	3515	1519
4095	3583	1536	3842	3529	1523
0	3839	1536	915	3602	1493
256	3839	1536	1104	3614	1497
512	3839	1536	1294	3622	1500
768	3839	1536	1467	3630	1503
1024	3839	1536	1650	3633	1504
1280	3839	1536	1838	3635	1503
1536	3839	1536	2028	3642	1506
1792	3839	1536	2240	3650	1508
2048	3839	1536	2431	3659	1510
2303	3839	1536	2608	3669	1513
2559	3839	1536	2792	3681	1518
2815	3839	1536	2981	3692	1520
3071	3839	1536	3171	3703	1524
3327	3839	1536	3359	3715	1528
3583	3839	1536	3540	3728	1533
3839	3839	1536	3720	3744	1538
4095	3839	1536	3895	3759	1542
0	4095	1536	971	3823	1511
256	4095	1536	1161	3835	1516
512	4095	1536	1347	3848	1517
768	4095	1536	1519	3857	1520
1024	4095	1536	1705	3852	1521
1280	4095	1536	1896	3854	1521
1536	4095	1536	2093	3862	1524
1792	4095	1536	2304	3872	1526
2048	4095	1536	2485	3881	1529
2303	4095	1536	2665	3893	1532
2559	4095	1536	2850	3903	1534
2815	4095	1536	3040	3911	1537
3071	4095	1536	3227	3923	1541
3327	4095	1536	3412	3936	1545
3583	4095	1536	3594	3950	1550
3839	4095	1536	3777	3963	1556
4095	4095	1536	3949	3979	1561
0	0	1792	84	15	1489
256	0	1792	282	26	1490
512	0	1792	483	37	1493
768	0	1792	673	48	1496
1024	0	1792	860	60	1498
1280	0	1792	1049	71	1501
1536	0	1792	1245	82	1504
1792	0	1792	1428	94	1505
2048	0	1792	1606	105	1502
2303	0	1792	1789	115	1505
2559	0	1792	1979	127	1500
2815	0	1792	2182	138	1499
3071	0	1792	2387	148	1501
3327	0	1792	2565	159	1504
3583	0	1792	2747	170	1508
3839	0	1792	2937	181	1512
4095	0	1792	3132	192	1514
0	256	1792	143	269	1507
256	256	1792	341	281	1508
512	256	1792	541	292	1510
768	256	1792	727	302	1513
1024	256	1792	916	313	1516
1280	256	1792	1108	324	1519
1536	256	1792	1305	335	1522
1792	256	1792	1481	346	1523
2048	256	1792	1663	356	1522
2303	256	1792	1850	366	1519
2559	256	1792	2043	375	1522
2815	256	1792	2251	386	1522
3071	256	1792	2446	396	1526
3327	256	1792	2624	406	1530
3583	256	1792	2807	417	1533
3839	256	1792	2999	427	1536
4095	256	1792	3192	438	1540
0	512	1792	201	517	1536
256	512	1792	400	528	1525
512	512	1792	595	539	1523
768	512	1792	781	549	1526
1024	512	1792	971	560	1532
1280	512	1792	1165	570	1534
1536	512	1792	1358	581	1535
1792	512	1792	1533	591	1538
2048	512	1792	1716	598	1536
2303	512	1792	1906	607	1534
2559	512	1792	2104	616	1536
2815	512	1792	2315	625	1539
3071	512	1792	2497	635	1542
3327	512	1792	2677	644	1546
3583	512	1792	2861	653	1550
3839	512	1792	3057	664	1553
4095	512	1792	3247	675	1557
0	768	1792	260	753	1549
256	768	1792	459	763	1541
512	768	1792	651	774	1542
768	768	1792	836	785	1541
1024	768	1792	1023	794	1543
1280	768	1792	1221	805	1549
1536	768	1792	1408	817	1550
1792	768	1792	1587	827	1551
2048	768	1792	1773	834	1551
2303	768	1792	1965	844	1553
2559	768	1792	2165	852	1556
2815	768	1792	2372	861	1559
3071	768	1792	2550	871	1561
3327	768	1792	2731	881	1567
3583	768	1792	2919	891	1569
3839	768	1792	3111	901	1570
4095	768	1792	3300	913	1575
0	1024	1792	318	994	1552
256	1024	1792	517	1006	1555
512	1024	1792	705	1016	1555
768	1024	1792	892	1027	1556
1024	1024	1792	1080	1037	1558
1280	1024	1792	1280	1050	1567
1536	1024	1792	1460	1061	1568
1792	1024	1792	1640	1069	1570
2048	1024	1792	1827	1076	1573
2303	1024	1792	2022	1088	1573
2559	1024	1792	2228	1096	1576
2815	1024	1792	2426	1106	1578
3071	1024	1792	2606	1117	1582
3327	1024	1792	2788	1126	1583
3583	1024	1792	2975	1137	1585
3839	1024	1792	3165	1148	1589
4095	1024	1792	3353	1159	1590
0	1280	1792	378	1243	1565
256	1280	1792	574	1255	1569
512	1280	1792	761	1267	1571
768	1280	1792	949	1277	1575
1024	1280	1792	1141	1289	1579
1280	1280	1792	1335	1301	1583
1536	1280	1792	1512	1311	1585
1792	1280	1792	1697	1319	1587
2048	1280	1792	1889	1327	1588
2303	1280	1792	2083	1333	1590
2559	1280	1792	2293	1341	1593
2815	1280	1792	2479	1350	1594
3071	1280	1792	2659	1358	1595
3327	1280	1792	2842	1364	1597
3583	1280	1792	3030	1375	1600
3839	1280	1792	3219	1385	1604
4095	1280	1792	3407	1393	1607
0	1536	1792	436	1471	1580
256	1536	1792	629	1481	1584
512	1536	1792	815	1490	1586
768	1536	1792	1004	1501	1589
1024	1536	1792	1199	1513	1596
1280	1536	1792	1387	1523	1600
1536	1536	1792	1565	1532	1602
1792	1536	1792	1755	1541	1598
2048	1536	1792	1946	1550	1599
2303	1536	1792	2143	1556	1600
2559	1536	1792	2351	1563	1601
2815	1536	1792	2527	1572	1602
3071	1536	1792	2708	1581	1605
3327	1536	1792	2894	1591	1607
3583	1536	1792	3080	1601	1611
3839	1536	1792	3273	1613	1614
4095	1536	1792	3453	1624	1619
0	1792	1792	494	1708	1589
256	1792	1792	680	1719	1594
512	1792	1792	867	1730	1597
768	1792	1792	1056	1744	1602
1024	1792	1792	1251	1757	1607
1280	1792	1792	1434	1767	1612
1536	1792	1792	1614	1777	1614
1792	1792	1792	1800	1787	1614
2048	1792	1792	1996	1792	1614
2303	1792	1792	2199	1799	1610
2559	1792	1792	2397	1808	1611
2815	1792	1792	2571	1816	1614
3071	1792	1792	2754	1824	1616
3327	1792	1792	2940	1833	1620
3583	1792	1792	3127	1843	1623
3839	1792	1792	3319	1853	1625
4095	1792	1792	3491	1864	1630
0	2048	1792	547	1942	1598
256	2048	1792	730	1952	1601
512	2048	1792	918	1966	1606
768	2048	1792	1110	1982	1613
1024	2048	1792	1305	1996	1620
1280	2048	1792	1480	2005	1624
1536	2048	1792	1662	2014	1625
1792	2048	1792	1850	2023	1625
2048	2048	1792	2046	2029	1628
2303	2048	1792	2254	2038	1629
2559	2048	1792	2442	2046	1625
2815	2048	1792	2618	2054	1627
3071	2048	1792	2802	2063	1629
3327	2048	1792	2986	2074	1633
3583	2048	1792	3174	2083	1635
3839	2048	1792	3359	2092	1637
4095	2048	1792	3531	2105	1642
0	2303	1792	597	2185	1610
256	2303	1792	779	2199	1614
512	2303	1792	968	2213	1618
768	2303	1792	1162	2229	1624
1024	2303	1792	1352	2244	1630
1280	2303	1792	1526	2257	1633
1536	2303	1792	1711	2264	1635
1792	2303	1792	1902	2274	1637
2048	2303	1792	2102	2285	1639
2303	2303	1792	2313	2298	1642
2559	2303	1792	2488	2305	1644
2815	2303	1792	2666	2313	1641
3071	2303	1792	2850	2322	1644
3327	2303	1792	3035	2331	1647
3583	2303	1792	3221	2339	1648
3839	2303	1792	3403	2349	1652
4095	2303	1792	3580	2358	1656
0	2559	1792	650	2429	1621
256	2559	1792	833	2442	1626
512	2559	1792	1020	2454	1631
768	2559	1792	1216	2470	1636
1024	2559	1792	1399	2482	1642
1280	2559	1792	1575	2491	1645
1536	2559	1792	1762	2498	1647
1792	2559	1792	1955	2506	1650
2048	2559	1792	2158	2516	1652
2303	2559	1792	2363	2526	1657
2559	2559	1792	2539	2536	1660
2815	2559	1792	2717	2543	1660
3071	2559	1792	2900	2550	1660
3327	2559	1792	3086	2558	1662
3583	2559	1792	3273	2570	1666
3839	2559	1792	3452	2582	1668
4095	2559	1792	3632	2594	1671
0	2815	1792	702	2663	1635
256	2815	1792	888	2677	1641
512	2815	1792	1076	2693	1646
768	2815	1792	1270	2706	1651
1024	2815	1792	1447	2717	1656
1280	2815	1792	1629	2728	1659
1536	2815	1792	1818	2736	1661
1792	2815	1792	2010	2743	1664
2048	2815	1792	2216	2752	1666
2303	2815	1792	2409	2760	1670
2559	2815	1792	2587	2768	1671
2815	2815	1792	2768	2781	1676
3071	2815	1792	2954	2793	1679
3327	2815	1792	3143	2804	1681
3583	2815	1792	3330	2815	1682
3839	2815	1792	3507	2827	1686
4095	2815	1792	3686	2837	1687
0	3071	1792	757	2901	1651
256	3071	1792	942	2916	1657
512	3071	1792	1133	2931	1662
768	3071	1792	1322	2944	1667
1024	3071	1792	1496	2955	1672
1280	3071	1792	1681	2963	1674
1536	3071	1792	1871	2970	1676
1792	3071	1792	2066	2977	1677
2048	3071	1792	2273	2987	1681
2303	3071	1792	2456	2995	1683
2559	3071	1792	2636	3005	1685
2815	3071	1792	2823	3018	1690
3071	3071	1792	3012	3033	1695
3327	3071	1792	3198	3042	1698
3583	3071	1792	3380	3050	1701
3839	3071	1792	3557	3057	1700
4095	3071	1792	3739	3071	1703
0	3327	1792	811	3133	1668
256	3327	1792	995	3145	1672
512	3327	1792	1189	3160	1678
768	3327	1792	1373	3172	1683
1024	3327	1792	1547	3180	1686
1280	3327	1792	1734	3185	1690
1536	3327	1792	1927	3192	1691
1792	3327	1792	2127	3199	1693
2048	3327	1792	2333	3207	1695
2303	3327	1792	2510	3217	1699
2559	3327	1792	2691	3229	1700
2815	3327	1792	2876	3240	1704
3071	3327	1792	3066	3248	1709
3327	3327	1792	3254	3260	1713
3583	3327	1792	3436	3272	1716
3839	3327	1792	3616	3283	1717
4095	3327	1792	3792	3293	1721
0	3583	1792	866	3355	1684
256	3583	1792	1052	3371	1690
512	3583	1792	1245	3386	1695
768	3583	1792	1423	3395	1700
1024	3583	1792	1603	3402	1701
1280	3583	1792	1789	3408	1703
1536	3583	1792	1983	3416	1705
1792	3583	1792	2188	3423	1707
2048	3583	1792	2385	3430	1710
2303	3583	1792	2563	3438	1713
2559	3583	1792	2744	3451	1718
2815	3583	1792	2932	3464	1720
3071	3583	1792	3123	3476	1722
3327	3583	1792	3312	3487	1727
3583	3583	1792	3492	3499	1730
3839	3583	1792	3670	3513	1735
4095	3583	1792	3845	3528	1738
0	3839	1792	921	3590	1703
256	3839	1792	1110	3603	1708
512	3839	1792	1299	3615	1713
768	3839	1792	1474	3623	1716
1024	3839	1792	1659	3628	1718
1280	3839	1792	1848	3635	1718
1536	3839	1792	2037	3643	1717
1792	3839	1792	2249	3649	1721
2048	3839	1792	2437	3655	1724
2303	3839	1792	2615	3663	1727
2559	3839	1792	2798	3672	1731
2815	3839	1792	2988	3689	1736
3071	3839	1792	3178	3700	1740
3327	3839	1792	3366	3710	1745
3583	3839	1792	3549	3724	1748
3839	3839	1792	3724	3739	1753
4095	3839	1792	3898	3752	1756
0	4095	1792	978	3810	1722
256	4095	1792	1167	3826	1727
512	4095	1792	1352	3838	1730
768	4095	1792	1525	3842	1730
1024	4095	1792	1714	3849	1734
1280	4095	1792	1905	3857	1733
1536	4095	1792	2103	3865	1735
1792	4095	1792	2314	3872	1739
2048	4095	1792	2492	3878	1739
2303	4095	1792	2672	3886	1742
2559	4095	1792	2855	3895	1748
2815	4095	1792	3045	3909	1751
3071	4095	1792	3233	3918	1756
3327	4095	1792	3419	3931	1758
3583	4095	1792	3601	3948	1765
3839	4095	1792	3781	3957	1769
4095	4095	1792	3951	3971	1772
0	0	2048	95	17	1700
256	0	2048	293	28	1699
512	0	2048	492	40	1702
768	0	2048	680	50	1704
1024	0	2048	866	62	1706
1280	0	2048	1053	73	1709
1536	0	2048	1249	84	1712
1792	0	2048	1430	95	1714
2048	0	2048	1609	106	1712
2303	0	2048	1794	116	1714
2559	0	2048	1985	128	1710
2815	0	2048	2186	139	1708
3071	0	2048	2387	149	1711
3327	0	2048	2563	160	1715
3583	0	2048	2745	171	1717
3839	0	2048	2932	182	1719
4095	0	2048	3122	192	1722
0	256	2048	154	270	1717
256	256	2048	351	282	1718
512	256	2048	549	293	1720
768	256	2048	736	303	1724
1024	256	2048	924	314	1727
1280	256	2048	1114	324	1730
1536	256	2048	1310	336	1734
1792	256	2048	1486	346	1736
2048	256	2048	1668	356	1735
2303	256	2048	1856	366	1733
2559	256	2048	2049	376	1735
2815	256	2048	2254	386	1735
3071	256	2048	2446	395	1739
3327	256	2048	2624	406	1742
3583	256	2048	2805	416	1746
3839	256	2048	2994	425	1746
4095	256	2048	3184	436	1748
0	512	2048	212	517	1744
256	512	2048	411	528	1736
512	512	2048	605	539	1736
768	512	2048	789	550	1740
1024	512	2048	979	560	1744
1280	512	2048	1172	569	1746
1536	512	2048	1361	580	1749
1792	512	2048	1536	589	1751
2048	512	2048	1723	597	1751
2303	512	2048	1913	606	1752
2559	512	2048	2108	615	1751
2815	512	2048	2318	623	1755
3071	512	2048	2497	633	1758
3327	512	2048	2677	643	1760
3583	512	2048	2862	653	1760
3839	512	2048	3050	662	1763
4095	512	2048	3239	673	1766
0	768	2048	270	753	1749
256	768	2048	469	763	1752
512	768	2048	659	774	1754
768	768	2048	845	784	1755
1024	768	2048	1031	793	1758
1280	768	2048	1228	804	1764
1536	768	2048	1412	815	1766
1792	768	2048	1591	824	1764
2048	768	2048	1779	833	1768
2303	768	2048	1971	841	1767
2559	768	2048	2172	851	1770
2815	768	2048	2375	859	1771
3071	768	2048	2552	870	1774
3327	768	2048	2733	880	1774
3583	768	2048	2918	889	1776
3839	768	2048	3103	899	1780
4095	768	2048	3296	912	1784
0	1024	2048	328	991	1764
256	1024	2048	529	1005	1768
512	1024	2048	714	1015	1769
768	1024	2048	902	1026	1774
1024	1024	2048	1092	1037	1779
1280	1024	2048	1287	1048	1783
1536	1024	2048	1466	1059	1785
1792	1024	2048	1648	1068	1783
2048	1024	2048	1836	1077	1785
2303	1024	2048	2031	1089	1788
2559	1024	2048	2235	1096	1788
2815	1024	2048	2428	1104	1788
3071	1024	2048	2607	1114	1789
3327	1024	2048	2789	1122	1793
3583	1024	2048	2973	1134	1795
3839	1024	2048	3162	1146	1799
4095	1024	2048	3356	1157	1805
0	1280	2048	388	1241	1779
256	1280	2048	583	1253	1782
512	1280	2048	768	1263	1786
768	1280	2048	957	1276	1791
1024	1280	2048	1151	1289	1794
1280	1280	2048	1344	1302	1800
1536	1280	2048	1520	1311	1802
1792	1280	2048	1706	1318	1802
2048	1280	2048	1896	1326	1806
2303	1280	2048	2091	1335	1802
2559	1280	2048	2299	1339	1805
2815	1280	2048	2481	1346	1806
3071	1280	2048	2661	1354	1809
3327	1280	2048	2845	1362	1811
3583	1280	2048	3031	1373	1813
3839	1280	2048	3222	1382	1818
4095	1280	2048	3410	1392	1823
0	1536	2048	446	1467	1797
256	1536	2048	638	1477	1799
512	1536	2048	824	1487	1803
768	1536	2048	1012	1498	1806
1024	1536	2048	1207	1511	1814
1280	1536	2048	1395	1522	1820
1536	1536	2048	1574	1530	1820
1792	1536	2048	1760	1539	1815
2048	1536	2048	1952	1546	1815
2303	1536	2048	2151	1554	1816
2559	1536	2048	2358	1563	1818
2815	1536	2048	2536	1572	1819
3071	1536	2048	2715	1581	1822
3327	1536	2048	2898	1592	1824
3583	1536	2048	3085	1602	1828
3839	1536	2048	3278	1613	1832
4095	1536	2048	3456	1623	1836
0	1792	2048	503	1702	1812
256	1792	2048	688	1715	1806
512	1792	2048	875	1727	1812
768	1792	2048	1065	1739	1818
1024	1792	2048	1259	1756	1826
1280	1792	2048	1441	1765	1828
1536	1792	2048	1622	1774	1830
1792	1792	2048	1811	1784	1832
2048	1792	2048	2005	1790	1826
2303	1792	2048	2209	1798	1829
2559	1792	2048	2406	1809	1830
2815	1792	2048	2580	1817	1832
3071	1792	2048	2763	1824	1833
3327	1792	2048	2947	1834	1837
3583	1792	2048	3135	1845	1842
3839	1792	2048	3324	1854	1842
4095	1792	2048	3496	1864	1846
0	2048	2048	555	1936	1806
256	2048	2048	739	1950	1811
512	2048	2048	927	1965	1818
768	2048	2048	1119	1980	1826
1024	2048	2048	1312	1996	1832
1280	2048	2048	1485	2004	1838
1536	2048	2048	1670	2015	1840
1792	2048	2048	1861	2027	1841
2048	2048	2048	2058	2037	1844
2303	2048	2048	2267	2045	1848
2559	2048	2048	2453	2051	1846
2815	2048	2048	2627	2056	1845
3071	2048	2048	2810	2063	1846
3327	2048	2048	2995	2076	1850
3583	2048	2048	3181	2085	1853
3839	2048	2048	3363	2095	1855
4095	2048	2048	3537	2107	1859
0	2303	2048	606	2182	1821
256	2303	2048	789	2197	1825
512	2303	2048	977	2211	1830
768	2303	2048	1172	2228	1837
1024	2303	2048	1360	2243	1843
1280	2303	2048	1531	2257	1847
1536	2303	2048	1720	2267	1852
1792	2303	2048	1913	2278	1854
2048	2303	2048	2115	2289	1858
2303	2303	2048	2327	2301	1863
2559	2303	2048	2501	2309	1863
2815	2303	2048	2677	2316	1861
3071	2303	2048	2859	2324	1862
3327	2303	2048	3044	2333	1865
3583	2303	2048	3228	2341	1866
3839	2303	2048	3409	2351	1869
4095	2303	2048	3587	2360	1873
0	2559	2048	658	2423	1832
256	2559	2048	841	2437	1836
512	2559	2048	1029	2454	1845
768	2559	2048	1225	2469	1851
1024	2559	2048	1407	2480	1857
1280	2559	2048	1584	2490	1861
1536	2559	2048	1771	2501	1864
1792	2559	2048	1966	2510	1868
2048	2559	2048	2170	2518	1872
2303	2559	2048	2373	2528	1875
2559	2559	2048	2551	2540	1879
2815	2559	2048	2728	2544	1878
3071	2559	2048	2910	2550	1878
3327	2559	2048	3096	2560	1881
3583	2559	2048	3283	2572	1882
3839	2559	2048	3460	2583	1885
4095	2559	2048	3640	2595	1889
0	2815	2048	710	2656	1846
256	2815	2048	896	2673	1854
512	2815	2048	1086	2690	1861
768	2815	2048	1279	2703	1866
1024	2815	2048	1455	2716	1871
1280	2815	2048	1639	2727	1876
1536	2815	2048	1829	2737	1879
1792	2815	2048	2021	2747	1882
2048	2815	2048	2228	2754	1884
2303	2815	2048	2418	2763	1887
2559	2815	2048	2597	2773	1889
2815	2815	2048	2780	2785	1894
3071	2815	2048	2965	2796	1897
3327	2815	2048	3152	2805	1898
3583	2815	2048	3338	2816	1897
3839	2815	2048	3516	2827	1901
4095	2815	2048	3693	2836	1904
0	3071	2048	765	2894	1864
256	3071	2048	950	2910	1870
512	3071	2048	1141	2926	1875
768	3071	2048	1330	2940	1881
1024	3071	2048	1503	2954	1888
1280	3071	2048	1691	2962	1890
1536	3071	2048	1882	2970	1893
1792	3071	2048	2078	2980	1895
2048	3071	2048	2285	2990	1899
2303	3071	2048	2468	3000	1901
2559	3071	2048	2649	3012	1901
2815	3071	2048	2834	3024	1907
3071	3071	2048	3025	3036	1912
3327	3071	2048	3208	3044	1914
3583	3071	2048	3390	3052	1915
3839	3071	2048	3567	3060	1918
4095	3071	2048	3746	3071	1921
0	3327	2048	819	3127	1880
256	3327	2048	1003	3139	1885
512	3327	2048	1196	3155	1892
768	3327	2048	1380	3169	1899
1024	3327	2048	1556	3177	1903
1280	3327	2048	1743	3183	1904
1536	3327	2048	1937	3192	1907
1792	3327	2048	2139	3202	1909
2048	3327	2048	2343	3212	1912
2303	3327	2048	2522	3221	1916
2559	3327	2048	2703	3231	1916
2815	3327	2048	2887	3240	1921
3071	3327	2048	3076	3250	1926
3327	3327	2048	3264	3263	1929
3583	3327	2048	3445	3274	1932
3839	3327	2048	3625	3284	1935
4095	3327	2048	3806	3295	1939
0	3583	2048	873	3350	1897
256	3583	2048	1059	3364	1905
512	3583	2048	1252	3382	1909
768	3583	2048	1430	3392	1914
1024	3583	2048	1612	3400	1915
1280	3583	2048	1799	3406	1918
1536	3583	2048	1994	3417	1922
1792	3583	2048	2201	3427	1923
2048	3583	2048	2396	3435	1925
2303	3583	2048	2574	3442	1927
2559	3583	2048	2755	3455	1932
2815	3583	2048	2943	3466	1936
3071	3583	2048	3134	3478	1939
3327	3583	2048	3322	3490	1944
3583	3583	2048	3498	3503	1949
3839	3583	2048	3679	3515	1953
4095	3583	2048	3858	3528	1957
0	3839	2048	928	3581	1916
256	3839	2048	1117	3595	1921
512	3839	2048	1306	3610	1925
768	3839	2048	1481	3619	1929
1024	3839	2048	1667	3627	1931
1280	3839	2048	1857	3635	1933
1536	3839	2048	2052	3643	1934
1792	3839	2048	2262	3651	1938
2048	3839	2048	2448	3658	1940
2303	3839	2048	2626	3667	1943
2559	3839	2048	2810	3678	1948
2815	3839	2048	2998	3691	1953
3071	3839	2048	3186	3702	1955
3327	3839	2048	3373	3713	1960
3583	3839	2048	3552	3728	1964
3839	3839	2048	3733	3739	1969
4095	3839	2048	3907	3751	1974
0	4095	2048	984	3803	1935
256	4095	2048	1175	3820	1939
512	4095	2048	1360	3833	1943
768	4095	2048	1535	3841	1944
1024	4095	2048	1722	3849	1947
1280	4095	2048	1915	3857	1949
1536	4095	2048	2115	3863	1950
1792	4095	2048	2323	3869	1952
2048	4095	2048	2500	3877	1956
2303	4095	2048	2682	3886	1959
2559	4095	2048	2866	3898	1965
2815	4095	2048	3056	3914	1969
3071	4095	2048	3245	3923	1972
3327	4095	2048	3427	3936	1977
3583	4095	2048	3606	3951	1983
3839	4095	2048	3786	3957	1987
4095	4095	2048	3955	3971	1990
0	0	2303	106	19	1915
256	0	2303	302	30	1910
512	0	2303	500	42	1914
768	0	2303	687	52	1917
1024	0	2303	872	63	1917
1280	0	2303	1058	75	1919
1536	0	2303	1254	86	1924
1792	0	2303	1433	97	1927
2048	0	2303	1613	108	1926
2303	0	2303	1797	118	1920
2559	0	2303	1988	130	1923
2815	0	2303	2189	140	1921
3071	0	2303	2386	150	1921
3327	0	2303	2563	161	1925
3583	0	2303	2745	172	1925
3839	0	2303	2930	182	1926
4095	0	2303	3118	192	1930
0	256	2303	165	271	1930
256	256	2303	362	283	1930
512	256	2303	558	293	1934
768	256	2303	744	304	1937
1024	256	2303	931	315	1939
1280	256	2303	1120	325	1943
1536	256	2303	1314	336	1947
1792	256	2303	1491	346	1950
2048	256	2303	1674	357	1949
2303	256	2303	1861	366	1946
2559	256	2303	2052	375	1948
2815	256	2303	2259	385	1948
3071	256	2303	2448	395	1950
3327	256	2303	2626	405	1952
3583	256	2303	2807	416	1955
3839	256	2303	2993	425	1955
4095	256	2303	3182	436	1957
0	512	2303	223	516	1952
256	512	2303	421	527	1948
512	512	2303	614	538	1950
768	512	2303	798	549	1954
1024	512	2303	987	560	1958
1280	512	2303	1180	569	1962
1536	512	2303	1368	579	1963
1792	512	2303	1543	589	1966
2048	512	2303	1730	596	1965
2303	512	2303	1918	606	1965
2559	512	2303	2114	614	1965
2815	512	2303	2323	623	1967
3071	512	2303	2502	633	1968
3327	512	2303	2682	643	1970
3583	512	2303	2865	653	1971
3839	512	2303	3051	662	1975
4095	512	2303	3242	673	1976
0	768	2303	281	752	1960
256	768	2303	479	762	1964
512	768	2303	668	773	1968
768	768	2303	855	783	1971
1024	768	2303	1042	794	1976
1280	768	2303	1238	804	1979
1536	768	2303	1421	815	1981
1792	768	2303	1599	823	1981
2048	768	2303	1785	832	1983
2303	768	2303	1977	841	1984
2559	768	2303	2179	851	1983
2815	768	2303	2381	860	1983
3071	768	2303	2559	870	1986
3327	768	2303	2739	880	1987
3583	768	2303	2924	889	1990
3839	768	2303	3110	900	1994
4095	768	2303	3301	911	1998
0	1024	2303	339	990	1976
256	1024	2303	539	1003	1981
512	1024	2303	722	1014	1983
768	1024	2303	911	1026	1989
1024	1024	2303	1102	1036	1996
1280	1024	2303	1296	1048	1999
1536	1024	2303	1473	1059	2001
1792	1024	2303	1655	1067	1999
2048	1024	2303	1843	1076	1999
2303	1024	2303	2037	1087	2002
2559	1024	2303	2244	1095	2002
2815	1024	2303	2436	1104	2001
3071	1024	2303	2614	1114	2004
3327	1024	2303	2797	1123	2006
3583	1024	2303	2979	1133	2009
3839	1024	2303	3168	1145	2012
4095	1024	2303	3359	1158	2017
0	1280	2303	398	1240	1993
256	1280	2303	592	1252	1999
512	1280	2303	777	1264	2002
768	1280	2303	967	1278	2005
1024	1280	2303	1161	1291	2012
1280	1280	2303	1352	1301	2015
1536	1280	2303	1527	1308	2019
1792	1280	2303	1711	1316	2017
2048	1280	2303	1902	1324	2017
2303	1280	2303	2100	1334	2018
2559	1280	2303	2310	1339	2021
2815	1280	2303	2490	1347	2022
3071	1280	2303	2668	1355	2023
3327	1280	2303	2850	1363	2024
3583	1280	2303	3036	1373	2029
3839	1280	2303	3227	1383	2032
4095	1280	2303	3413	1392	2038
0	1536	2303	455	1463	2011
256	1536	2303	646	1475	2015
512	1536	2303	832	1486	2019
768	1536	2303	1021	1498	2024
1024	1536	2303	1217	1508	2030
1280	1536	2303	1403	1519	2036
1536	1536	2303	1581	1527	2035
1792	1536	2303	1767	1536	2031
2048	1536	2303	1964	1546	2037
2303	1536	2303	2164	1555	2034
2559	1536	2303	2367	1564	2035
2815	1536	2303	2545	1576	2039
3071	1536	2303	2723	1584	2039
3327	1536	2303	2906	1593	2042
3583	1536	2303	3095	1603	2044
3839	1536	2303	3281	1613	2049
4095	1536	2303	3456	1622	2052
0	1792	2303	512	1697	2021
256	1792	2303	696	1711	2027
512	1792	2303	883	1725	2032
768	1792	2303	1073	1739	2040
1024	1792	2303	1268	1752	2044
1280	1792	2303	1447	1762	2052
1536	1792	2303	1630	1773	2052
1792	1792	2303	1820	1784	2049
2048	1792	2303	2012	1794	2049
2303	1792	2303	2219	1803	2051
2559	1792	2303	2415	1813	2052
2815	1792	2303	2590	1821	2050
3071	1792	2303	2773	1827	2054
3327	1792	2303	2958	1837	2058
3583	1792	2303	3145	1847	2058
3839	1792	2303	3329	1855	2059
4095	1792	2303	3502	1864	2061
0	2048	2303	565	1936	2024
256	2048	2303	749	1949	2028
512	2048	2303	935	1964	2037
768	2048	2303	1127	1979	2046
1024	2048	2303	1321	1994	2056
1280	2048	2303	1492	2003	2059
1536	2048	2303	1680	2014	2062
1792	2048	2303	1875	2029	2065
2048	2048	2303	2076	2046	2066
2303	2048	2303	2283	2050	2063
2559	2048	2303	2467	2054	2065
2815	2048	2303	2641	2060	2065
3071	2048	2303	2821	2070	2067
3327	2048	2303	3010	2082	2070
3583	2048	2303	3194	2091	2072
3839	2048	2303	3373	2101	2074
4095	2048	2303	3547	2112	2075
0	2303	2303	617	2181	2034
256	2303	2303	800	2195	2041
512	2303	2303	985	2211	2044
768	2303	2303	1182	2228	2055
1024	2303	2303	1369	2242	2064
1280	2303	2303	1540	2257	2060
1536	2303	2303	1731	2269	2069
1792	2303	2303	1925	2284	2072
2048	2303	2303	2129	2297	2076
2303	2303	2303	2343	2305	2082
2559	2303	2303	2515	2317	2082
2815	2303	2303	2690	2323	2080
3071	2303	2303	2871	2328	2082
3327	2303	2303	3058	2337	2084
3583	2303	2303	3240	2345	2085
3839	2303	2303	3420	2355	2087
4095	2303	2303	3598	2364	2090
0	2559	2303	667	2419	2042
256	2559	2303	852	2435	2050
512	2559	2303	1040	2454	2058
768	2559	2303	1235	2468	2066
1024	2559	2303	1416	2481	2071
1280	2559	2303	1596	2493	2077
1536	2559	2303	1782	2502	2081
1792	2559	2303	1980	2513	2085
2048	2559	2303	2186	2523	2089
2303	2559	2303	2385	2533	2094
2559	2559	2303	2562	2543	2097
2815	2559	2303	2744	2549	2098
3071	2559	2303	2928	2556	2097
3327	2559	2303	3113	2565	2099
3583	2559	2303	3295	2574	2100
3839	2559	2303	3472	2584	2101
4095	2559	2303	3651	2596	2106
0	2815	2303	719	2652	2059
256	2815	2303	906	2671	2066
512	2815	2303	1096	2689	2074
768	2815	2303	1288	2705	2081
1024	2815	2303	1464	2719	2086
1280	2815	2303	1649	2729	2091
1536	2815	2303	1839	2738	2096
1792	2815	2303	2035	2751	2100
2048	2815	2303	2241	2760	2103
2303	2815	2303	2430	2772	2104
2559	2815	2303	2610	2782	2106
2815	2815	2303	2796	2792	2113
3071	2815	2303	2981	2801	2115
3327	2815	2303	3167	2810	2113
3583	2815	2303	3350	2819	2114
3839	2815	2303	3526	2829	2119
4095	2815	2303	3703	2839	2123
0	3071	2303	774	2892	2076
256	3071	2303	958	2908	2081
512	3071	2303	1149	2925	2089
768	3071	2303	1338	2941	2096
1024	3071	2303	1512	2954	2101
1280	3071	2303	1700	2963	2104
1536	3071	2303	1894	2973	2106
1792	3071	2303	2092	2986	2111
2048	3071	2303	2301	2996	2118
2303	3071	2303	2482	3006	2119
2559	3071	2303	2663	3018	2121
2815	3071	2303	2848	3030	2127
3071	3071	2303	3039	3039	2130
3327	3071	2303	3222	3048	2132
3583	3071	2303	3403	3057	2133
3839	3071	2303	3580	3065	2136
4095	3071	2303	3756	3074	2142
0	3327	2303	827	3126	2092
256	3327	2303	1011	3138	2099
512	3327	2303	1204	3154	2107
768	3327	2303	1388	3167	2113
1024	3327	2303	1568	3178	2117
1280	3327	2303	1753	3185	2119
1536	3327	2303	1950	3197	2122
1792	3327	2303	2153	3208	2127
2048	3327	2303	2357	3219	2130
2303	3327	2303	2535	3226	2132
2559	3327	2303	2716	3234	2135
2815	3327	2303	2900	3244	2139
3071	3327	2303	3091	3257	2144
3327	3327	2303	3280	3271	2148
3583	3327	2303	3457	3280	2151
3839	3327	2303	3635	3288	2155
4095	3327	2303	3815	3299	2157
0	3583	2303	882	3349	2110
256	3583	2303	1068	3363	2119
512	3583	2303	1262	3380	2124
768	3583	2303	1439	3391	2128
1024	3583	2303	1621	3401	2130
1280	3583	2303	1811	3410	2133
1536	3583	2303	2007	3422	2138
1792	3583	2303	2216	3433	2141
2048	3583	2303	2409	3441	2143
2303	3583	2303	2586	3451	2145
2559	3583	2303	2769	3462	2150
2815	3583	2303	2957	3472	2154
3071	3583	2303	3146	3483	2159
3327	3583	2303	3336	3496	2163
3583	3583	2303	3510	3511	2169
3839	3583	2303	3690	3523	2172
4095	3583	2303	3867	3534	2176
0	3839	2303	938	3579	2129
256	3839	2303	1127	3594	2136
512	3839	2303	1315	3609	2140
768	3839	2303	1489	3618	2143
1024	3839	2303	1676	3627	2146
1280	3839	2303	1869	3637	2149
1536	3839	2303	2066	3646	2152
1792	3839	2303	2276	3655	2156
2048	3839	2303	2460	3664	2158
2303	3839	2303	2640	3675	2162
2559	3839	2303	2825	3687	2166
2815	3839	2303	3010	3696	2170
3071	3839	2303	3200	3706	2174
3327	3839	2303	3387	3719	2178
3583	3839	2303	3565	3737	2187
3839	3839	2303	3745	3744	2189
4095	3839	2303	3914	3755	2193
0	4095	2303	993	3803	2148
256	4095	2303	1185	3820	2155
512	4095	2303	1369	3833	2158
768	4095	2303	1545	3842	2161
1024	4095	2303	1732	3849	2162
1280	4095	2303	1926	3856	2165
1536	4095	2303	2128	3865	2168
1792	4095	2303	2335	3874	2170
2048	4095	2303	2511	3881	2174
2303	4095	2303	2695	3891	2177
2559	4095	2303	2881	3902	2182
2815	4095	2303	3069	3917	2187
3071	4095	2303	3259	3925	2189
3327	4095	2303	3439	3939	2195
3583	4095	2303	3617	3955	2203
3839	4095	2303	3798	3962	2207
4095	4095	2303	3967	3978	2212
0	0	2559	117	21	2131
256	0	2559	313	32	2127
512	0	2559	510	44	2128
768	0	2559	695	54	2131
1024	0	2559	880	65	2132
1280	0	2559	1066	77	2135
1536	0	2559	1261	87	2140
1792	0	2559	1440	99	2144
2048	0	2559	1618	110	2143
2303	0	2559	1801	119	2137
2559	0	2559	1991	131	2138
2815	0	2559	2193	142	2137
3071	0	2559	2389	151	2137
3327	0	2559	2566	162	2138
3583	0	2559	2747	173	2141
3839	0	2559	2934	184	2142
4095	0	2559	3122	194	2146
0	256	2559	176	271	2145
256	256	2559	373	284	2145
512	256	2559	569	294	2149
768	256	2559	752	305	2151
1024	256	2559	939	316	2155
1280	256	2559	1131	326	2160
1536	256	2559	1322	337	2164
1792	256	2559	1499	348	2166
2048	256	2559	1681	358	2165
2303	256	2559	1867	367	2163
2559	256	2559	2058	376	2161
2815	256	2559	2267	386	2164
3071	256	2559	2453	396	2165
3327	256	2559	2631	406	2167
3583	256	2559	2814	417	2170
3839	256	2559	2996	426	2171
4095	256	2559	3185	437	2174
0	512	2559	234	516	2164
256	512	2559	432	528	2162
512	512	2559	624	539	2166
768	512	2559	807	549	2172
1024	512	2559	995	560	2175
1280	512	2559	1190	569	2179
1536	512	2559	1377	580	2180
1792	512	2559	1551	590	2182
2048	512	2559	1737	597	2184
2303	512	2559	1926	606	2182
2559	512	2559	2123	615	2182
2815	512	2559	2333	624	2183
3071	512	2559	2508	634	2184
3327	512	2559	2689	644	2187
3583	512	2559	2873	654	2189
3839	512	2559	3057	663	2193
4095	512	2559	3247	674	2195
0	768	2559	292	751	2174
256	768	2559	491	762	2179
512	768	2559	679	773	2186
768	768	2559	865	784	2188
1024	768	2559	1052	795	2193
1280	768	2559	1247	805	2198
1536	768	2559	1429	815	2199
1792	768	2559	1607	825	2200
2048	768	2559	1792	832	2200
2303	768	2559	1984	841	2200
2559	768	2559	2188	852	2200
2815	768	2559	2390	861	2201
3071	768	2559	2565	871	2204
3327	768	2559	2746	882	2206
3583	768	2559	2931	891	2210
3839	768	2559	3118	901	2213
4095	768	2559	3306	911	2216
0	1024	2559	350	990	2191
256	1024	2559	548	1003	2197
512	1024	2559	733	1015	2200
768	1024	2559	921	1027	2207
1024	1024	2559	1112	1038	2213
1280	1024	2559	1306	1049	2218
1536	1024	2559	1480	1060	2220
1792	1024	2559	1662	1068	2219
2048	1024	2559	1850	1076	2217
2303	1024	2559	2044	1086	2218
2559	1024	2559	2254	1095	2221
2815	1024	2559	2445	1106	2223
3071	1024	2559	2622	1116	2225
3327	1024	2559	2805	1126	2228
3583	1024	2559	2988	1136	2230
3839	1024	2559	3177	1147	2234
4095	1024	2559	3365	1158	2236
0	1280	2559	409	1240	2209
256	1280	2559	603	1253	2216
512	1280	2559	788	1266	2219
768	1280	2559	976	1277	2224
1024	1280	2559	1171	1290	2231
1280	1280	2559	1362	1302	2234
1536	1280	2559	1534	1310	2238
1792	1280	2559	1720	1316	2236
2048	1280	2559	1912	1324	2235
2303	1280	2559	2111	1333	2240
2559	1280	2559	2323	1340	2242
2815	1280	2559	2502	1348	2244
3071	1280	2559	2679	1357	2244
3327	1280	2559	2862	1365	2246
3583	1280	2559	3051	1374	2250
3839	1280	2559	3238	1383	2252
4095	1280	2559	3420	1392	2256
0	1536	2559	467	1462	2225
256	1536	2559	655	1473	2232
512	1536	2559	841	1485	2236
768	1536	2559	1032	1497	2242
1024	1536	2559	1227	1509	2246
1280	1536	2559	1410	1519	2254
1536	1536	2559	1588	1526	2255
1792	1536	2559	1775	1536	2251
2048	1536	2559	1971	1547	2254
2303	1536	2559	2175	1556	2256
2559	1536	2559	2380	1567	2257
2815	1536	2559	2554	1576	2259
3071	1536	2559	2733	1585	2259
3327	1536	2559	2918	1594	2263
3583	1536	2559	3104	1604	2265
3839	1536	2559	3289	1614	2268
4095	1536	2559	3466	1625	2273
0	1792	2559	523	1696	2234
256	1792	2559	707	1709	2240
512	1792	2559	894	1724	2246
768	1792	2559	1085	1740	2255
1024	1792	2559	1280	1754	2260
1280	1792	2559	1456	1762	2265
1536	1792	2559	1637	1773	2268
1792	1792	2559	1828	1787	2269
2048	1792	2559	2025	1799	2270
2303	1792	2559	2234	1808	2272
2559	1792	2559	2428	1816	2269
2815	1792	2559	2601	1825	2270
3071	1792	2559	2784	1833	2273
3327	1792	2559	2966	1840	2276
3583	1792	2559	3151	1848	2276
3839	1792	2559	3334	1857	2279
4095	1792	2559	3511	1869	2284
0	2048	2559	575	1933	2241
256	2048	2559	758	1947	2245
512	2048	2559	946	1963	2254
768	2048	2559	1140	1979	2264
1024	2048	2559	1332	1993	2272
1280	2048	2559	1502	2004	2277
1536	2048	2559	1690	2017	2279
1792	2048	2559	1885	2030	2283
2048	2048	2559	2085	2042	2289
2303	2048	2559	2298	2050	2290
2559	2048	2559	2478	2059	2284
2815	2048	2559	2653	2066	2286
3071	2048	2559	2834	2074	2286
3327	2048	2559	3021	2083	2291
3583	2048	2559	3203	2093	2291
3839	2048	2559	3384	2103	2295
4095	2048	2559	3563	2116	2298
0	2303	2559	626	2181	2252
256	2303	2559	809	2196	2261
512	2303	2559	996	2214	2266
768	2303	2559	1193	2232	2276
1024	2303	2559	1379	2247	2284
1280	2303	2559	1552	2260	2289
1536	2303	2559	1744	2274	2294
1792	2303	2559	1939	2289	2301
2048	2303	2559	2142	2301	2303
2303	2303	2559	2356	2313	2308
2559	2303	2559	2530	2325	2302
2815	2303	2559	2705	2330	2303
3071	2303	2559	2887	2336	2306
3327	2303	2559	3072	2345	2309
3583	2303	2559	3256	2354	2309
3839	2303	2559	3438	2362	2314
4095	2303	2559	3617	2370	2314
0	2559	2559	678	2422	2265
256	2559	2559	863	2438	2274
512	2559	2559	1050	2455	2283
768	2559	2559	1246	2473	2289
1024	2559	2559	1427	2486	2298
1280	2559	2559	1609	2496	2305
1536	2559	2559	1798	2505	2310
1792	2559	2559	1993	2518	2313
2048	2559	2559	2200	2532	2317
2303	2559	2559	2399	2543	2323
2559	2559	2559	2578	2550	2319
2815	2559	2559	2760	2561	2323
3071	2559	2559	2942	2568	2320
3327	2559	2559	3128	2573	2321
3583	2559	2559	3314	2583	2323
3839	2559	2559	3490	2592	2325
4095	2559	2559	3666	2603	2328
0	2815	2559	731	2657	2275
256	2815	2559	916	2674	2284
512	2815	2559	1106	2692	2295
768	2815	2559	1299	2708	2304
1024	2815	2559	1475	2721	2307
1280	2815	2559	1661	2732	2312
1536	2815	2559	1851	2743	2319
1792	2815	2559	2048	2755	2326
2048	2815	2559	2259	2772	2322
2303	2815	2559	2449	2783	2326
2559	2815	2559	2629	2791	2328
2815	2815	2559	2811	2800	2334
3071	2815	2559	2999	2810	2337
3327	2815	2559	3184	2819	2336
3583	2815	2559	3367	2828	2339
3839	2815	2559	3544	2839	2342
4095	2815	2559	3717	2846	2346
0	3071	2559	784	2896	2299
256	3071	2559	969	2913	2302
512	3071	2559	1161	2930	2311
768	3071	2559	1349	2945	2314
1024	3071	2559	1523	2957	2315
1280	3071	2559	1713	2968	2318
1536	3071	2559	1908	2979	2325
1792	3071	2559	2108	2992	2332
2048	3071	2559	2319	3005	2339
2303	3071	2559	2498	3012	2340
2559	3071	2559	2680	3023	2344
2815	3071	2559	2864	3035	2350
3071	3071	2559	3055	3047	2352
3327	3071	2559	3238	3056	2354
3583	3071	2559	3418	3064	2355
3839	3071	2559	3595	3071	2356
4095	3071	2559	3771	3080	2363
0	3327	2559	839	3128	2309
256	3327	2559	1024	3144	2317
512	3327	2559	1217	3159	2323
768	3327	2559	1398	3171	2328
1024	3327	2559	1578	3182	2334
1280	3327	2559	1767	3194	2338
1536	3327	2559	1963	3203	2339
1792	3327	2559	2169	3213	2346
2048	3327	2559	2372	3224	2353
2303	3327	2559	2550	3233	2353
2559	3327	2559	2731	3241	2356
2815	3327	2559	2917	3253	2360
3071	3327	2559	3107	3266	2366
3327	3327	2559	3299	3282	2373
3583	3327	2559	3472	3289	2372
3839	3327	2559	3647	3296	2375
4095	3327	2559	3823	3308	2380
0	3583	2559	895	3353	2326
256	3583	2559	1082	3370	2334
512	3583	2559	1274	3385	2342
768	3583	2559	1449	3393	2345
1024	3583	2559	1633	3405	2349
1280	3583	2559	1825	3418	2352
1536	3583	2559	2021	3429	2356
1792	3583	2559	2230	3438	2360
2048	3583	2559	2422	3448	2363
2303	3583	2559	2601	3460	2366
2559	3583	2559	2785	3472	2371
2815	3583	2559	2972	3482	2375
3071	3583	2559	3162	3494	2380
3327	3583	2559	3353	3505	2383
3583	3583	2559	3527	3521	2391
3839	3583	2559	3703	3532	2394
4095	3583	2559	3877	3542	2398
0	3839	2559	951	3584	2345
256	3839	2559	1140	3599	2354
512	3839	2559	1328	3613	2359
768	3839	2559	1501	3620	2361
1024	3839	2559	1688	3631	2365
1280	3839	2559	1882	3642	2368
1536	3839	2559	2081	3652	2371
1792	3839	2559	2293	3662	2376
2048	3839	2559	2474	3671	2378
2303	3839	2559	2656	3683	2382
2559	3839	2559	2841	3696	2386
2815	3839	2559	3027	3705	2390
3071	3839	2559	3217	3715	2395
3327	3839	2559	3402	3728	2399
3583	3839	2559	3580	3745	2407
3839	3839	2559	3758	3751	2412
4095	3839	2559	3926	3763	2414
0	4095	2559	1005	3809	2365
256	4095	2559	1198	3823	2373
512	4095	2559	1380	3835	2377
768	4095	2559	1557	3845	2380
1024	4095	2559	1744	3852	2380
1280	4095	2559	1939	3860	2382
1536	4095	2559	2144	3870	2386
1792	4095	2559	2349	3882	2389
2048	4095	2559	2525	3890	2394
2303	4095	2559	2710	3900	2397
2559	4095	2559	2898	3910	2401
2815	4095	2559	3084	3922	2407
3071	4095	2559	3273	3930	2409
3327	4095	2559	3453	3946	2415
3583	4095	2559	3632	3961	2422
3839	4095	2559	3813	3970	2427
4095	4095	2559	3983	3987	2434
0	0	2815	130	23	2336
256	0	2815	324	34	2349
512	0	2815	520	46	2348
768	0	2815	704	56	2351
1024	0	2815	889	67	2353
1280	0	2815	1076	79	2357
1536	0	2815	1271	89	2365
1792	0	2815	1447	100	2363
2048	0	2815	1625	111	2360
2303	0	2815	1808	122	2357
2559	0	2815	1998	133	2354
2815	0	2815	2202	144	2355
3071	0	2815	2396	153	2358
3327	0	2815	2574	164	2359
3583	0	2815	2755	175	2362
3839	0	2815	2943	186	2366
4095	0	2815	3132	196	2371
0	256	2815	187	273	2363
256	256	2815	385	286	2364
512	256	2815	580	296	2367
768	256	2815	763	306	2370
1024	256	2815	950	317	2375
1280	256	2815	1142	328	2380
1536	256	2815	1334	339	2383
1792	256	2815	1507	350	2385
2048	256	2815	1689	359	2385
2303	256	2815	1875	368	2383
2559	256	2815	2068	378	2380
2815	256	2815	2277	389	2383
3071	256	2815	2461	398	2384
3327	256	2815	2640	409	2387
3583	256	2815	2824	420	2391
3839	256	2815	3007	428	2392
4095	256	2815	3196	440	2395
0	512	2815	245	518	2379
256	512	2815	444	530	2378
512	512	2815	635	540	2385
768	512	2815	818	550	2393
1024	512	2815	1005	561	2392
1280	512	2815	1201	571	2397
1536	512	2815	1387	582	2401
1792	512	2815	1560	591	2400
2048	512	2815	1746	598	2402
2303	512	2815	1935	608	2399
2559	512	2815	2134	617	2399
2815	512	2815	2345	626	2401
3071	512	2815	2518	636	2403
3327	512	2815	2699	647	2407
3583	512	2815	2884	657	2410
3839	512	2815	3069	665	2413
4095	512	2815	3258	675	2416
0	768	2815	303	753	2392
256	768	2815	504	764	2397
512	768	2815	689	776	2404
768	768	2815	875	786	2407
1024	768	2815	1062	796	2412
1280	768	2815	1256	806	2416
1536	768	2815	1437	817	2417
1792	768	2815	1617	826	2418
2048	768	2815	1802	834	2416
2303	768	2815	1994	844	2417
2559	768	2815	2200	854	2418
2815	768	2815	2399	863	2421
3071	768	2815	2574	874	2425
3327	768	2815	2757	884	2428
3583	768	2815	2943	893	2431
3839	768	2815	3129	904	2434
4095	768	2815	3317	913	2437
0	1024	2815	363	993	2409
256	1024	2815	559	1005	2415
512	1024	2815	744	1017	2421
768	1024	2815	931	1030	2426
1024	1024	2815	1123	1040	2430
1280	1024	2815	1315	1050	2438
1536	1024	2815	1489	1061	2439
1792	1024	2815	1671	1070	2437
2048	1024	2815	1860	1078	2435
2303	1024	2815	2055	1088	2437
2559	1024	2815	2266	1098	2442
2815	1024	2815	2455	1109	2445
3071	1024	2815	2634	1120	2447
3327	1024	2815	2816	1129	2448
3583	1024	2815	3002	1140	2452
3839	1024	2815	3190	1150	2455
4095	1024	2815	3375	1161	2457
0	1280	2815	420	1241	2427
256	1280	2815	613	1254	2433
512	1280	2815	798	1267	2437
768	1280	2815	986	1277	2442
1024	1280	2815	1181	1290	2450
1280	1280	2815	1370	1302	2451
1536	1280	2815	1542	1310	2456
1792	1280	2815	1730	1316	2455
2048	1280	2815	1923	1324	2454
2303	1280	2815	2121	1334	2459
2559	1280	2815	2334	1343	2462
2815	1280	2815	2512	1352	2464
3071	1280	2815	2691	1361	2465
3327	1280	2815	2874	1368	2466
3583	1280	2815	3064	1378	2470
3839	1280	2815	3249	1387	2474
4095	1280	2815	3430	1396	2477
0	1536	2815	479	1463	2442
256	1536	2815	666	1474	2448
512	1536	2815	853	1485	2452
768	1536	2815	1043	1499	2460
1024	1536	2815	1238	1510	2464
1280	1536	2815	1420	1521	2472
1536	1536	2815	1599	1530	2465
1792	1536	2815	1784	1539	2469
2048	1536	2815	1979	1549	2471
2303	1536	2815	2184	1558	2475
2559	1536	2815	2389	1569	2476
2815	1536	2815	2565	1580	2478
3071	1536	2815	2746	1588	2480
3327	1536	2815	2929	1598	2482
3583	1536	2815	3116	1608	2485
3839	1536	2815	3302	1618	2488
4095	1536	2815	3478	1629	2492
0	1792	2815	534	1697	2451
256	1792	2815	718	1711	2456
512	1792	2815	905	1725	2462
768	1792	2815	1096	1740	2471
1024	1792	2815	1292	1756	2477
1280	1792	2815	1466	1765	2482
1536	1792	2815	1649	1778	2486
1792	1792	2815	1840	1790	2487
2048	1792	2815	2035	1800	2486
2303	1792	2815	2245	1809	2489
2559	1792	2815	2438	1818	2490
2815	1792	2815	2614	1827	2490
3071	1792	2815	2796	1835	2493
3327	1792	2815	2979	1843	2495
3583	1792	2815	3165	1852	2497
3839	1792	2815	3349	1862	2499
4095	1792	2815	3526	1874	2503
0	2048	2815	585	1933	2457
256	2048	2815	768	1946	2461
512	2048	2815	955	1962	2471
768	2048	2815	1150	1978	2481
1024	2048	2815	1342	1993	2488
1280	2048	2815	1514	2005	2493
1536	2048	2815	1702	2018	2497
1792	2048	2815	1895	2030	2501
2048	2048	2815	2095	2040	2503
2303	2048	2815	2307	2050	2507
2559	2048	2815	2488	2060	2505
2815	2048	2815	2666	2068	2508
3071	2048	2815	2850	2078	2506
3327	2048	2815	3036	2088	2510
3583	2048	2815	3219	2099	2511
3839	2048	2815	3401	2110	2512
4095	2048	2815	3579	2121	2516
0	2303	2815	637	2183	2467
256	2303	2815	820	2199	2476
512	2303	2815	1006	2216	2482
768	2303	2815	1203	2235	2491
1024	2303	2815	1388	2249	2500
1280	2303	2815	1563	2262	2507
1536	2303	2815	1755	2275	2510
1792	2303	2815	1950	2290	2517
2048	2303	2815	2154	2303	2518
2303	2303	2815	2364	2317	2524
2559	2303	2815	2540	2325	2522
2815	2303	2815	2719	2332	2524
3071	2303	2815	2903	2341	2527
3327	2303	2815	3091	2349	2525
3583	2303	2815	3273	2358	2527
3839	2303	2815	3455	2367	2531
4095	2303	2815	3633	2376	2533
0	2559	2815	689	2427	2482
256	2559	2815	874	2442	2491
512	2559	2815	1062	2459	2501
768	2559	2815	1256	2476	2505
1024	2559	2815	1436	2488	2514
1280	2559	2815	1620	2500	2520
1536	2559	2815	1810	2511	2524
1792	2559	2815	2006	2520	2530
2048	2559	2815	2215	2536	2535
2303	2559	2815	2413	2550	2542
2559	2559	2815	2597	2562	2541
2815	2559	2815	2779	2568	2544
3071	2559	2815	2960	2574	2543
3327	2559	2815	3144	2582	2539
3583	2559	2815	3330	2591	2543
3839	2559	2815	3508	2602	2546
4095	2559	2815	3685	2612	2549
0	2815	2815	742	2661	2496
256	2815	2815	927	2678	2506
512	2815	2815	1118	2696	2516
768	2815	2815	1310	2713	2525
1024	2815	2815	1485	2726	2530
1280	2815	2815	1672	2737	2533
1536	2815	2815	1866	2748	2537
1792	2815	2815	2064	2759	2543
2048	2815	2815	2273	2777	2547
2303	2815	2815	2463	2790	2554
2559	2815	2815	2647	2800	2559
2815	2815	2815	2831	2812	2562
3071	2815	2815	3018	2821	2566
3327	2815	2815	3201	2828	2555
3583	2815	2815	3383	2836	2558
3839	2815	2815	3560	2845	2561
4095	2815	2815	3735	2854	2566
0	3071	2815	795	2902	2516
256	3071	2815	981	2920	2520
512	3071	2815	1174	2937	2531
768	3071	2815	1360	2951	2538
1024	3071	2815	1535	2963	2541
1280	3071	2815	1726	2977	2545
1536	3071	2815	1921	2986	2551
1792	3071	2815	2122	2997	2556
2048	3071	2815	2334	3014	2562
2303	3071	2815	2515	3024	2566
2559	3071	2815	2699	3036	2571
2815	3071	2815	2884	3047	2578
3071	3071	2815	3071	3056	2581
3327	3071	2815	3257	3064	2579
3583	3071	2815	3435	3072	2576
3839	3071	2815	3612	3080	2583
4095	3071	2815	3795	3092	2585
0	3327	2815	850	3136	2530
256	3327	2815	1036	3150	2540
512	3327	2815	1230	3165	2544
768	3327	2815	1410	3177	2550
1024	3327	2815	1591	3188	2555
1280	3327	2815	1779	3198	2559
1536	3327	2815	1977	3210	2564
1792	3327	2815	2184	3220	2565
2048	3327	2815	2384	3230	2574
2303	3327	2815	2564	3243	2577
2559	3327	2815	2749	3253	2582
2815	3327	2815	2938	3263	2587
3071	3327	2815	3127	3275	2585
3327	3327	2815	3315	3289	2593
3583	3327	2815	3487	3296	2594
3839	3327	2815	3664	3306	2598
4095	3327	2815	3842	3319	2600
0	3583	2815	906	3358	2549
256	3583	2815	1095	3373	2558
512	3583	2815	1288	3390	2562
768	3583	2815	1462	3402	2565
1024	3583	2815	1646	3412	2566
1280	3583	2815	1838	3422	2571
1536	3583	2815	2035	3436	2573
1792	3583	2815	2245	3446	2578
2048	3583	2815	2437	3455	2580
2303	3583	2815	2615	3465	2581
2559	3583	2815	2802	3481	2588
2815	3583	2815	2993	3495	2596
3071	3583	2815	3183	3508	2601
3327	3583	2815	3370	3520	2604
3583	3583	2815	3543	3530	2608
3839	3583	2815	3720	3537	2613
4095	3583	2815	3894	3547	2618
0	3839	2815	962	3590	2566
256	3839	2815	1153	3604	2572
512	3839	2815	1341	3619	2576
768	3839	2815	1516	3632	2580
1024	3839	2815	1702	3642	2584
1280	3839	2815	1896	3650	2586
1536	3839	2815	2098	3659	2587
1792	3839	2815	2309	3669	2592
2048	3839	2815	2489	3678	2595
2303	3839	2815	2671	3692	2600
2559	3839	2815	2858	3708	2605
2815	3839	2815	3046	3718	2610
3071	3839	2815	3233	3728	2614
3327	3839	2815	3414	3740	2617
3583	3839	2815	3592	3752	2623
3839	3839	2815	3776	3761	2631
4095	3839	2815	3942	3773	2635
0	4095	2815	1019	3816	2586
256	4095	2815	1212	3828	2591
512	4095	2815	1393	3842	2593
768	4095	2815	1571	3855	2596
1024	4095	2815	1758	3862	2599
1280	4095	2815	1954	3869	2601
1536	4095	2815	2160	3878	2604
1792	4095	2815	2364	3889	2608
2048	4095	2815	2542	3900	2613
2303	4095	2815	2726	3912	2617
2559	4095	2815	2914	3923	2620
2815	4095	2815	3101	3934	2626
3071	4095	2815	3290	3942	2629
3327	4095	2815	3469	3956	2634
3583	4095	2815	3648	3969	2642
3839	4095	2815	3830	3983	2649
4095	4095	2815	3999	3998	2654
0	0	3071	141	25	2555
256	0	3071	336	36	2556
512	0	3071	534	48	2559
768	0	3071	717	58	2560
1024	0	3071	902	69	2560
1280	0	3071	1089	81	2563
1536	0	3071	1282	91	2567
1792	0	3071	1459	102	2567
2048	0	3071	1637	113	2562
2303	0	3071	1821	124	2554
2559	0	3071	2010	135	2558
2815	0	3071	2217	146	2551
3071	0	3071	2409	156	2553
3327	0	3071	2588	167	2558
3583	0	3071	2772	178	2586
3839	0	3071	2959	188	2588
4095	0	3071	3147	198	2591
0	256	3071	200	276	2585
256	256	3071	397	288	2582
512	256	3071	590	298	2587
768	256	3071	774	309	2591
1024	256	3071	961	320	2591
1280	256	3071	1153	330	2597
1536	256	3071	1343	341	2599
1792	256	3071	1518	352	2602
2048	256	3071	1701	362	2599
2303	256	3071	1888	371	2593
2559	256	3071	2081	381	2595
2815	256	3071	2291	391	2596
3071	256	3071	2475	401	2600
3327	256	3071	2655	412	2605
3583	256	3071	2839	423	2612
3839	256	3071	3024	431	2613
4095	256	3071	3213	443	2616
0	512	3071	258	522	2608
256	512	3071	456	533	2605
512	512	3071	646	543	2607
768	512	3071	830	554	2608
1024	512	3071	1016	563	2611
1280	512	3071	1211	574	2618
1536	512	3071	1396	585	2620
1792	512	3071	1571	593	2617
2048	512	3071	1756	600	2619
2303	512	3071	1946	610	2617
2559	512	3071	2145	620	2615
2815	512	3071	2353	629	2616
3071	512	3071	2531	639	2620
3327	512	3071	2713	650	2624
3583	512	3071	2898	660	2628
3839	512	3071	3085	669	2630
4095	512	3071	3275	679	2636
0	768	3071	315	756	2612
256	768	3071	515	765	2617
512	768	3071	699	777	2621
768	768	3071	886	788	2627
1024	768	3071	1075	797	2633
1280	768	3071	1268	810	2636
1536	768	3071	1448	821	2635
1792	768	3071	1629	830	2634
2048	768	3071	1815	837	2633
2303	768	3071	2005	847	2634
2559	768	3071	2212	857	2636
2815	768	3071	2410	866	2639
3071	768	3071	2587	877	2643
3327	768	3071	2774	888	2647
3583	768	3071	2958	898	2649
3839	768	3071	3146	908	2652
4095	768	3071	3334	917	2656
0	1024	3071	375	996	2632
256	1024	3071	571	1008	2635
512	1024	3071	755	1019	2638
768	1024	3071	942	1032	2644
1024	1024	3071	1134	1043	2649
1280	1024	3071	1326	1053	2655
1536	1024	3071	1499	1063	2655
1792	1024	3071	1684	1072	2653
2048	1024	3071	1873	1082	2653
2303	1024	3071	2067	1092	2654
2559	1024	3071	2279	1102	2660
2815	1024	3071	2468	1113	2662
3071	1024	3071	2647	1123	2665
3327	1024	3071	2831	1134	2668
3583	1024	3071	3018	1144	2670
3839	1024	3071	3205	1154	2674
4095	1024	3071	3389	1165	2678
0	1280	3071	433	1243	2646
256	1280	3071	624	1256	2650
512	1280	3071	809	1267	2652
768	1280	3071	998	1280	2659
1024	1280	3071	1192	1293	2668
1280	1280	3071	1380	1303	2669
1536	1280	3071	1553	1310	2670
1792	1280	3071	1739	1316	2671
2048	1280	3071	1933	1327	2671
2303	1280	3071	2134	1337	2673
2559	1280	3071	2345	1345	2678
2815	1280	3071	2524	1355	2679
3071	1280	3071	2703	1364	2682
3327	1280	3071	2887	1372	2685
3583	1280	3071	3076	1382	2688
3839	1280	3071	3262	1392	2692
4095	1280	3071	3443	1400	2695
0	1536	3071	491	1466	2659
256	1536	3071	678	1477	2663
512	1536	3071	865	1488	2667
768	1536	3071	1054	1502	2677
1024	1536	3071	1251	1513	2682
1280	1536	3071	1432	1525	2687
1536	1536	3071	1610	1534	2681
1792	1536	3071	1795	1542	2685
2048	1536	3071	1990	1552	2684
2303	1536	3071	2195	1560	2688
2559	1536	3071	2397	1572	2691
2815	1536	3071	2578	1584	2693
3071	1536	3071	2758	1592	2695
3327	1536	3071	2942	1602	2697
3583	1536	3071	3131	1613	2701
3839	1536	3071	3316	1624	2705
4095	1536	3071	3494	1634	2708
0	1792	3071	545	1702	2665
256	1792	3071	729	1715	2670
512	1792	3071	916	1728	2676
768	1792	3071	1107	1743	2685
1024	1792	3071	1304	1759	2694
1280	1792	3071	1476	1770	2696
1536	1792	3071	1661	1781	2700
1792	1792	3071	1852	1792	2698
2048	1792	3071	2046	1800	2696
2303	1792	3071	2255	1810	2703
2559	1792	3071	2448	1821	2705
2815	1792	3071	2626	1831	2706
3071	1792	3071	2808	1838	2710
3327	1792	3071	2995	1847	2711
3583	1792	3071	3182	1857	2713
3839	1792	3071	3366	1867	2717
4095	1792	3071	3545	1879	2720
0	2048	3071	596	1935	2668
256	2048	3071	779	1949	2676
512	2048	3071	967	1964	2683
768	2048	3071	1161	1980	2693
1024	2048	3071	1352	1996	2701
1280	2048	3071	1525	2007	2707
1536	2048	3071	1712	2019	2712
1792	2048	3071	1906	2030	2714
2048	2048	3071	2105	2040	2714
2303	2048	3071	2317	2051	2721
2559	2048	3071	2498	2062	2721
2815	2048	3071	2679	2072	2724
3071	2048	3071	2864	2085	2724
3327	2048	3071	3050	2095	2728
3583	2048	3071	3234	2105	2729
3839	2048	3071	3417	2114	2730
4095	2048	3071	3596	2126	2734
0	2303	3071	648	2187	2680
256	2303	3071	832	2202	2688
512	2303	3071	1019	2220	2695
768	2303	3071	1214	2237	2705
1024	2303	3071	1398	2251	2713
1280	2303	3071	1577	2265	2719
1536	2303	3071	1765	2276	2722
1792	2303	3071	1961	2293	2728
2048	2303	3071	2167	2307	2731
2303	2303	3071	2374	2320	2738
2559	2303	3071	2553	2327	2737
2815	2303	3071	2735	2337	2740
3071	2303	3071	2921	2347	2744
3327	2303	3071	3109	2355	2742
3583	2303	3071	3290	2361	2744
3839	2303	3071	3469	2370	2747
4095	2303	3071	3647	2380	2752
0	2559	3071	702	2432	2696
256	2559	3071	886	2447	2705
512	2559	3071	1074	2463	2714
768	2559	3071	1267	2478	2719
1024	2559	3071	1447	2492	2727
1280	2559	3071	1632	2503	2732
1536	2559	3071	1822	2513	2734
1792	2559	3071	2019	2524	2740
2048	2559	3071	2228	2538	2746
2303	2559	3071	2426	2552	2754
2559	2559	3071	2611	2565	2754
2815	2559	3071	2792	2572	2760
3071	2559	3071	2976	2581	2760
3327	2559	3071	3163	2590	2761
3583	2559	3071	3348	2599	2761
3839	2559	3071	3524	2609	2765
4095	2559	3071	3700	2619	2768
0	2815	3071	755	2668	2710
256	2815	3071	940	2685	2719
512	2815	3071	1131	2702	2728
768	2815	3071	1321	2718	2736
1024	2815	3071	1497	2731	2741
1280	2815	3071	1686	2743	2745
1536	2815	3071	1880	2754	2748
1792	2815	3071	2077	2763	2756
2048	2815	3071	2290	2780	2760
2303	2815	3071	2479	2795	2766
2559	2815	3071	2663	2808	2772
2815	2815	3071	2849	2822	2778
3071	2815	3071	3037	2828	2782
3327	2815	3071	3221	2836	2777
3583	2815	3071	3403	2845	2778
3839	2815	3071	3580	2853	2782
4095	2815	3071	3756	2862	2786
0	3071	3071	808	2910	2728
256	3071	3071	995	2926	2734
512	3071	3071	1187	2944	2743
768	3071	3071	1372	2957	2751
1024	3071	3071	1549	2968	2756
1280	3071	3071	1740	2982	2759
1536	3071	3071	1935	2991	2763
1792	3071	3071	2139	3002	2768
2048	3071	3071	2349	3017	2776
2303	3071	3071	2531	3029	2780
2559	3071	3071	2715	3043	2786
2815	3071	3071	2902	3056	2793
3071	3071	3071	3094	3064	2797
3327	3071	3071	3280	3072	2800
3583	3071	3071	3458	3080	2795
3839	3071	3071	3634	3090	2801
4095	3071	3071	3813	3101	2804
0	3327	3071	863	3143	2745
256	3327	3071	1050	3156	2755
512	3327	3071	1244	3171	2759
768	3327	3071	1423	3183	2765
1024	3327	3071	1605	3194	2768
1280	3327	3071	1795	3203	2772
1536	3327	3071	1992	3216	2777
1792	3327	3071	2200	3226	2781
2048	3327	3071	2399	3236	2789
2303	3327	3071	2580	3246	2796
2559	3327	3071	2766	3260	2799
2815	3327	3071	2955	3274	2806
3071	3327	3071	3144	3288	2809
3327	3327	3071	3331	3298	2814
3583	3327	3071	3509	3305	2816
3839	3327	3071	3686	3313	2812
4095	3327	3071	3861	3321	2816
0	3583	3071	920	3366	2763
256	3583	3071	1110	3381	2771
512	3583	3071	1301	3395	2777
768	3583	3071	1475	3408	2781
1024	3583	3071	1660	3418	2783
1280	3583	3071	1854	3429	2788
1536	3583	3071	2052	3442	2794
1792	3583	3071	2263	3452	2797
2048	3583	3071	2454	3462	2801
2303	3583	3071	2636	3475	2805
2559	3583	3071	2820	3494	2810
2815	3583	3071	3013	3504	2816
3071	3583	3071	3201	3515	2822
3327	3583	3071	3383	3526	2827
3583	3583	3071	3562	3535	2831
3839	3583	3071	3740	3545	2833
4095	3583	3071	3911	3558	2833
0	3839	3071	977	3598	2783
256	3839	3071	1168	3612	2790
512	3839	3071	1355	3625	2795
768	3839	3071	1529	3635	2796
1024	3839	3071	1717	3647	2800
1280	3839	3071	1912	3658	2804
1536	3839	3071	2114	3666	2808
1792	3839	3071	2326	3675	2811
2048	3839	3071	2505	3688	2816
2303	3839	3071	2688	3704	2822
2559	3839	3071	2876	3718	2830
2815	3839	3071	3068	3724	2833
3071	3839	3071	3253	3736	2836
3327	3839	3071	3433	3748	2840
3583	3839	3071	3614	3758	2843
3839	3839	3071	3794	3771	2846
4095	3839	3071	3959	3781	2852
0	4095	3071	1034	3828	2802
256	4095	3071	1227	3839	2806
512	4095	3071	1406	3850	2810
768	4095	3071	1586	3861	2811
1024	4095	3071	1773	3869	2815
1280	4095	3071	1967	3878	2819
1536	4095	3071	2174	3887	2821
1792	4095	3071	2379	3895	2826
2048	4095	3071	2556	3909	2829
2303	4095	3071	2743	3925	2837
2559	4095	3071	2933	3937	2842
2815	4095	3071	3121	3946	2839
3071	4095	3071	3310	3956	2845
3327	4095	3071	3489	3972	2851
3583	4095	3071	3668	3986	2859
3839	4095	3071	3848	3997	2868
4095	4095	3071	4016	4009	2871
0	0	3327	153	27	2772
256	0	3327	348	39	2773
512	0	3327	546	50	2774
768	0	3327	729	60	2777
1024	0	3327	915	72	2779
1280	0	3327	1104	83	2781
1536	0	3327	1295	93	2783
1792	0	3327	1471	104	2782
2048	0	3327	1651	115	2777
2303	0	3327	1833	126	2772
2559	0	3327	2024	137	2774
2815	0	3327	2233	148	2771
3071	0	3327	2425	159	2771
3327	0	3327	2604	169	2776
3583	0	3327	2788	180	2778
3839	0	3327	2974	191	2783
4095	0	3327	3164	201	2786
0	256	3327	212	279	2796
256	256	3327	409	291	2798
512	256	3327	604	301	2803
768	256	3327	787	311	2806
1024	256	3327	974	322	2808
1280	256	3327	1166	332	2810
1536	256	3327	1354	343	2811
1792	256	3327	1529	353	2815
2048	256	3327	1712	364	2811
2303	256	3327	1900	373	2807
2559	256	3327	2095	382	2806
2815	256	3327	2307	393	2809
3071	256	3327	2489	403	2813
3327	256	3327	2670	414	2817
3583	256	3327	2856	424	2818
3839	256	3327	3041	434	2822
4095	256	3327	3229	445	2825
0	512	3327	269	525	2812
256	512	3327	469	535	2818
512	512	3327	657	545	2821
768	512	3327	842	556	2820
1024	512	3327	1029	565	2824
1280	512	3327	1223	576	2830
1536	512	3327	1406	586	2832
1792	512	3327	1583	596	2826
2048	512	3327	1770	604	2830
2303	512	3327	1960	613	2828
2559	512	3327	2161	623	2828
2815	512	3327	2367	631	2828
3071	512	3327	2545	641	2833
3327	512	3327	2728	652	2836
3583	512	3327	2915	663	2841
3839	512	3327	3104	673	2845
4095	512	3327	3290	683	2848
0	768	3327	327	758	2828
256	768	3327	528	768	2832
512	768	3327	712	780	2838
768	768	3327	898	791	2837
1024	768	3327	1087	800	2846
1280	768	3327	1282	813	2850
1536	768	3327	1460	823	2849
1792	768	3327	1641	832	2845
2048	768	3327	1826	840	2844
2303	768	3327	2018	851	2848
2559	768	3327	2227	860	2847
2815	768	3327	2423	869	2849
3071	768	3327	2601	879	2855
3327	768	3327	2787	891	2860
3583	768	3327	2974	901	2862
3839	768	3327	3162	912	2865
4095	768	3327	3349	922	2871
0	1024	3327	386	998	2844
256	1024	3327	582	1009	2848
512	1024	3327	766	1023	2852
768	1024	3327	954	1033	2855
1024	1024	3327	1147	1043	2862
1280	1024	3327	1340	1056	2859
1536	1024	3327	1513	1067	2863
1792	1024	3327	1696	1075	2865
2048	1024	3327	1885	1086	2866
2303	1024	3327	2080	1096	2868
2559	1024	3327	2293	1104	2871
2815	1024	3327	2479	1114	2875
3071	1024	3327	2659	1126	2878
3327	1024	3327	2845	1137	2882
3583	1024	3327	3033	1147	2886
3839	1024	3327	3218	1158	2890
4095	1024	3327	3402	1169	2894
0	1280	3327	445	1245	2859
256	1280	3327	636	1258	2862
512	1280	3327	822	1270	2867
768	1280	3327	1010	1282	2870
1024	1280	3327	1206	1295	2880
1280	1280	3327	1392	1306	2883
1536	1280	3327	1565	1314	2885
1792	1280	3327	1752	1321	2885
2048	1280	3327	1946	1332	2884
2303	1280	3327	2148	1341	2884
2559	1280	3327	2357	1348	2888
2815	1280	3327	2537	1356	2890
3071	1280	3327	2719	1366	2896
3327	1280	3327	2903	1376	2901
3583	1280	3327	3091	1385	2904
3839	1280	3327	3277	1395	2907
4095	1280	3327	3458	1405	2910
0	1536	3327	504	1472	2871
256	1536	3327	691	1481	2875
512	1536	3327	877	1492	2880
768	1536	3327	1066	1505	2886
1024	1536	3327	1263	1519	2896
1280	1536	3327	1442	1528	2900
1536	1536	3327	1623	1536	2893
1792	1536	3327	1811	1545	2893
2048	1536	3327	2005	1554	2893
2303	1536	3327	2209	1563	2898
2559	1536	3327	2409	1574	2903
2815	1536	3327	2589	1584	2902
3071	1536	3327	2772	1595	2906
3327	1536	3327	2957	1606	2909
3583	1536	3327	3147	1617	2913
3839	1536	3327	3333	1629	2916
4095	1536	3327	3511	1639	2920
0	1792	3327	558	1707	2875
256	1792	3327	742	1721	2880
512	1792	3327	928	1734	2886
768	1792	3327	1120	1749	2895
1024	1792	3327	1314	1764	2906
1280	1792	3327	1487	1773	2908
1536	1792	3327	1672	1784	2910
1792	1792	3327	1863	1793	2905
2048	1792	3327	2058	1801	2904
2303	1792	3327	2267	1813	2912
2559	1792	3327	2458	1824	2914
2815	1792	3327	2639	1835	2916
3071	1792	3327	2821	1844	2920
3327	1792	3327	3010	1854	2923
3583	1792	3327	3197	1864	2926
3839	1792	3327	3382	1873	2931
4095	1792	3327	3562	1885	2933
0	2048	3327	609	1942	2877
256	2048	3327	792	1957	2886
512	2048	3327	980	1971	2893
768	2048	3327	1173	1986	2903
1024	2048	3327	1361	2000	2912
1280	2048	3327	1535	2011	2917
1536	2048	3327	1723	2021	2921
1792	2048	3327	1917	2032	2921
2048	2048	3327	2118	2041	2922
2303	2048	3327	2329	2052	2932
2559	2048	3327	2510	2066	2931
2815	2048	3327	2693	2078	2933
3071	2048	3327	2877	2090	2937
3327	2048	3327	3064	2101	2940
3583	2048	3327	3251	2110	2942
3839	2048	3327	3433	2120	2943
4095	2048	3327	3612	2131	2946
0	2303	3327	660	2191	2890
256	2303	3327	845	2207	2898
512	2303	3327	1032	2225	2909
768	2303	3327	1226	2241	2916
1024	2303	3327	1409	2255	2922
1280	2303	3327	1589	2269	2927
1536	2303	3327	1776	2278	2931
1792	2303	3327	1974	2296	2935
2048	2303	3327	2181	2310	2941
2303	2303	3327	2384	2324	2947
2559	2303	3327	2566	2330	2945
2815	2303	3327	2749	2341	2951
3071	2303	3327	2936	2352	2955
3327	2303	3327	3124	2361	2956
3583	2303	3327	3308	2367	2959
3839	2303	3327	3484	2374	2960
4095	2303	3327	3661	2384	2964
0	2559	3327	714	2436	2907
256	2559	3327	898	2451	2914
512	2559	3327	1088	2467	2922
768	2559	3327	1281	2483	2930
1024	2559	3327	1458	2495	2935
1280	2559	3327	1643	2506	2940
1536	2559	3327	1836	2516	2943
1792	2559	3327	2032	2528	2948
2048	2559	3327	2242	2541	2955
2303	2559	3327	2438	2553	2961
2559	2559	3327	2621	2566	2962
2815	2559	3327	2805	2576	2969
3071	2559	3327	2993	2587	2973
3327	2559	3327	3180	2598	2976
3583	2559	3327	3366	2607	2975
3839	2559	3327	3541	2617	2977
4095	2559	3327	3716	2627	2982
0	2815	3327	767	2675	2921
256	2815	3327	954	2691	2930
512	2815	3327	1144	2707	2937
768	2815	3327	1334	2722	2944
1024	2815	3327	1509	2734	2950
1280	2815	3327	1699	2747	2954
1536	2815	3327	1893	2758	2957
1792	2815	3327	2092	2768	2964
2048	2815	3327	2306	2783	2969
2303	2815	3327	2492	2798	2974
2559	2815	3327	2676	2813	2979
2815	2815	3327	2864	2828	2986
3071	2815	3327	3055	2836	2991
3327	2815	3327	3239	2845	2992
3583	2815	3327	3420	2854	2991
3839	2815	3327	3596	2862	2994
4095	2815	3327	3774	2871	2998
0	3071	3327	821	2918	2939
256	3071	3327	1009	2934	2946
512	3071	3327	1201	2950	2955
768	3071	3327	1385	2963	2961
1024	3071	3327	1563	2973	2965
1280	3071	3327	1754	2985	2967
1536	3071	3327	1951	2996	2972
1792	3071	3327	2157	3007	2979
2048	3071	3327	2365	3021	2984
2303	3071	3327	2544	3035	2990
2559	3071	3327	2730	3051	2995
2815	3071	3327	2920	3065	3003
3071	3071	3327	3113	3075	3008
3327	3071	3327	3301	3081	3010
3583	3071	3327	3478	3090	3006
3839	3071	3327	3654	3099	3012
4095	3071	3327	3828	3109	3015
0	3327	3327	877	3150	2956
256	3327	3327	1065	3164	2965
512	3327	3327	1259	3180	2969
768	3327	3327	1437	3190	2976
1024	3327	3327	1620	3200	2979
1280	3327	3327	1811	3211	2981
1536	3327	3327	2009	3222	2986
1792	3327	3327	2218	3233	2991
2048	3327	3327	2417	3245	2997
2303	3327	3327	2596	3259	3005
2559	3327	3327	2784	3270	3008
2815	3327	3327	2972	3286	3018
3071	3327	3327	3162	3299	3023
3327	3327	3327	3355	3308	3024
3583	3327	3327	3529	3313	3027
3839	3327	3327	3704	3321	3025
4095	3327	3327	3879	3332	3030
0	3583	3327	934	3375	2974
256	3583	3327	1124	3390	2981
512	3583	3327	1314	3406	2988
768	3583	3327	1490	3416	2991
1024	3583	3327	1676	3428	2993
1280	3583	3327	1869	3439	2997
1536	3583	3327	2069	3450	3001
1792	3583	3327	2280	3462	3004
2048	3583	3327	2469	3473	3009
2303	3583	3327	2650	3485	3018
2559	3583	3327	2837	3501	3024
2815	3583	3327	3027	3513	3028
3071	3583	3327	3217	3525	3035
3327	3583	3327	3403	3537	3038
3583	3583	3327	3581	3545	3043
3839	3583	3327	3759	3556	3043
4095	3583	3327	3930	3570	3047
0	3839	3327	991	3608	2991
256	3839	3327	1184	3624	2999
512	3839	3327	1369	3637	3003
768	3839	3327	1544	3645	3005
1024	3839	3327	1732	3658	3007
1280	3839	3327	1926	3666	3012
1536	3839	3327	2129	3675	3016
1792	3839	3327	2341	3687	3019
2048	3839	3327	2518	3697	3023
2303	3839	3327	2703	3712	3030
2559	3839	3327	2892	3726	3037
2815	3839	3327	3082	3736	3042
3071	3839	3327	3273	3748	3046
3327	3839	3327	3456	3762	3050
3583	3839	3327	3635	3775	3056
3839	3839	3327	3813	3784	3060
4095	3839	3327	3978	3793	3066
0	4095	3327	1048	3839	3013
256	4095	3327	1242	3850	3016
512	4095	3327	1421	3862	3020
768	4095	3327	1601	3871	3020
1024	4095	3327	1788	3878	3023
1280	4095	3327	1983	3886	3026
1536	4095	3327	2191	3895	3030
1792	4095	3327	2393	3905	3034
2048	4095	3327	2572	3922	3038
2303	4095	3327	2757	3935	3043
2559	4095	3327	2948	3946	3051
2815	4095	3327	3139	3957	3057
3071	4095	3327	3328	3966	3061
3327	4095	3327	3509	3984	3067
3583	4095	3327	3686	3997	3077
3839	4095	3327	3863	4007	3082
4095	4095	3327	4033	4020	3087
0	0	3583	166	29	2987
256	0	3583	360	41	2986
512	0	3583	557	52	2987
768	0	3583	741	62	2990
1024	0	3583	927	74	2991
1280	0	3583	1117	85	2993
1536	0	3583	1309	95	2992
1792	0	3583	1483	107	2994
2048	0	3583	1663	118	2991
2303	0	3583	1848	128	2986
2559	0	3583	2036	139	2986
2815	0	3583	2247	150	2984
3071	0	3583	2438	161	2985
3327	0	3583	2618	171	2990
3583	0	3583	2803	182	2992
3839	0	3583	2992	193	2999
4095	0	3583	3183	204	3004
0	256	3583	224	282	3008
256	256	3583	422	293	3009
512	256	3583	615	303	3012
768	256	3583	799	313	3015
1024	256	3583	986	324	3017
1280	256	3583	1180	335	3019
1536	256	3583	1368	345	3021
1792	256	3583	1540	356	3023
2048	256	3583	1725	367	3022
2303	256	3583	1913	375	3019
2559	256	3583	2110	385	3017
2815	256	3583	2321	395	3019
3071	256	3583	2501	405	3022
3327	256	3583	2683	417	3025
3583	256	3583	2870	428	3029
3839	256	3583	3059	437	3033
4095	256	3583	3246	449	3039
0	512	3583	281	528	3024
256	512	3583	481	538	3025
512	512	3583	669	547	3031
768	512	3583	855	558	3030
1024	512	3583	1043	568	3033
1280	512	3583	1238	578	3039
1536	512	3583	1420	589	3041
1792	512	3583	1595	598	3039
2048	512	3583	1781	608	3040
2303	512	3583	1973	616	3038
2559	512	3583	2177	625	3039
2815	512	3583	2380	634	3040
3071	512	3583	2558	645	3043
3327	512	3583	2743	655	3046
3583	512	3583	2930	666	3051
3839	512	3583	3118	676	3057
4095	512	3583	3306	687	3059
0	768	3583	340	762	3040
256	768	3583	541	772	3042
512	768	3583	725	784	3046
768	768	3583	910	795	3047
1024	768	3583	1101	804	3054
1280	768	3583	1296	815	3057
1536	768	3583	1471	826	3058
1792	768	3583	1652	835	3055
2048	768	3583	1840	844	3055
2303	768	3583	2032	854	3058
2559	768	3583	2241	864	3058
2815	768	3583	2436	873	3059
3071	768	3583	2616	883	3064
3327	768	3583	2801	894	3067
3583	768	3583	2988	904	3074
3839	768	3583	3178	916	3077
4095	768	3583	3366	927	3081
0	1024	3583	400	1003	3052
256	1024	3583	594	1015	3056
512	1024	3583	778	1027	3059
768	1024	3583	967	1038	3065
1024	1024	3583	1161	1048	3072
1280	1024	3583	1351	1059	3074
1536	1024	3583	1522	1072	3077
1792	1024	3583	1708	1079	3075
2048	1024	3583	1900	1089	3073
2303	1024	3583	2097	1099	3073
2559	1024	3583	2307	1108	3076
2815	1024	3583	2492	1118	3080
3071	1024	3583	2673	1129	3084
3327	1024	3583	2858	1142	3087
3583	1024	3583	3050	1151	3092
3839	1024	3583	3236	1163	3096
4095	1024	3583	3420	1175	3103
0	1280	3583	459	1251	3067
256	1280	3583	649	1263	3071
512	1280	3583	834	1273	3078
768	1280	3583	1025	1287	3083
1024	1280	3583	1221	1301	3093
1280	1280	3583	1405	1312	3094
1536	1280	3583	1580	1321	3093
1792	1280	3583	1766	1326	3095
2048	1280	3583	1960	1333	3092
2303	1280	3583	2162	1341	3092
2559	1280	3583	2368	1349	3097
2815	1280	3583	2547	1360	3101
3071	1280	3583	2731	1371	3103
3327	1280	3583	2919	1380	3108
3583	1280	3583	3109	1389	3115
3839	1280	3583	3297	1400	3119
4095	1280	3583	3478	1411	3123
0	1536	3583	517	1474	3085
256	1536	3583	704	1485	3089
512	1536	3583	889	1497	3093
768	1536	3583	1079	1508	3103
1024	1536	3583	1277	1522	3108
1280	1536	3583	1454	1533	3114
1536	1536	3583	1635	1541	3105
1792	1536	3583	1822	1548	3103
2048	1536	3583	2017	1556	3107
2303	1536	3583	2223	1567	3112
2559	1536	3583	2421	1578	3112
2815	1536	3583	2602	1590	3117
3071	1536	3583	2787	1599	3113
3327	1536	3583	2975	1612	3119
3583	1536	3583	3164	1624	3122
3839	1536	3583	3353	1635	3125
4095	1536	3583	3531	1646	3130
0	1792	3583	567	1710	3095
256	1792	3583	752	1724	3100
512	1792	3583	941	1736	3107
768	1792	3583	1133	1751	3115
1024	1792	3583	1328	1766	3126
1280	1792	3583	1500	1779	3130
1536	1792	3583	1685	1789	3127
1792	1792	3583	1876	1798	3112
2048	1792	3583	2072	1809	3118
2303	1792	3583	2280	1816	3120
2559	1792	3583	2472	1825	3121
2815	1792	3583	2655	1836	3123
3071	1792	3583	2835	1848	3125
3327	1792	3583	3026	1859	3132
3583	1792	3583	3213	1870	3135
3839	1792	3583	3400	1880	3137
4095	1792	3583	3579	1891	3140
0	2048	3583	621	1943	3098
256	2048	3583	803	1957	3106
512	2048	3583	992	1972	3110
768	2048	3583	1186	1987	3110
1024	2048	3583	1373	2002	3118
1280	2048	3583	1548	2015	3120
1536	2048	3583	1737	2024	3125
1792	2048	3583	1931	2035	3130
2048	2048	3583	2133	2046	3133
2303	2048	3583	2343	2056	3135
2559	2048	3583	2526	2071	3133
2815	2048	3583	2709	2081	3136
3071	2048	3583	2892	2092	3143
3327	2048	3583	3080	2104	3146
3583	2048	3583	3270	2117	3149
3839	2048	3583	3451	2127	3150
4095	2048	3583	3628	2137	3149
0	2303	3583	672	2197	3095
256	2303	3583	857	2213	3104
512	2303	3583	1044	2232	3115
768	2303	3583	1239	2249	3122
1024	2303	3583	1420	2262	3129
1280	2303	3583	1600	2273	3133
1536	2303	3583	1789	2283	3136
1792	2303	3583	1986	2297	3140
2048	2303	3583	2193	2312	3146
2303	2303	3583	2396	2326	3150
2559	2303	3583	2577	2333	3148
2815	2303	3583	2761	2344	3155
3071	2303	3583	2949	2354	3159
3327	2303	3583	3139	2364	3163
3583	2303	3583	3328	2374	3167
3839	2303	3583	3504	2381	3165
4095	2303	3583	3679	2391	3168
0	2559	3583	725	2442	3112
256	2559	3583	910	2457	3120
512	2559	3583	1101	2473	3130
768	2559	3583	1295	2489	3140
1024	2559	3583	1470	2499	3142
1280	2559	3583	1656	2509	3146
1536	2559	3583	1849	2521	3150
1792	2559	3583	2046	2534	3152
2048	2559	3583	2257	2546	3159
2303	2559	3583	2450	2557	3163
2559	2559	3583	2632	2568	3164
2815	2559	3583	2819	2580	3174
3071	2559	3583	3008	2593	3178
3327	2559	3583	3197	2605	3182
3583	2559	3583	3384	2616	3181
3839	2559	3583	3559	2625	3183
4095	2559	3583	3735	2636	3188
0	2815	3583	778	2682	3132
256	2815	3583	967	2697	3139
512	2815	3583	1158	2712	3145
768	2815	3583	1346	2726	3150
1024	2815	3583	1522	2740	3153
1280	2815	3583	1711	2750	3156
1536	2815	3583	1908	2763	3161
1792	2815	3583	2111	2776	3168
2048	2815	3583	2322	2787	3174
2303	2815	3583	2502	2801	3176
2559	2815	3583	2687	2815	3181
2815	2815	3583	2878	2832	3190
3071	2815	3583	3072	2844	3196
3327	2815	3583	3257	2852	3197
3583	2815	3583	3435	2861	3197
3839	2815	3583	3611	2871	3199
4095	2815	3583	3792	2881	3204
0	3071	3583	834	2925	3145
256	3071	3583	1022	2941	3152
512	3071	3583	1216	2957	3161
768	3071	3583	1399	2970	3166
1024	3071	3583	1579	2981	3169
1280	3071	3583	1768	2991	3171
1536	3071	3583	1967	3001	3175
1792	3071	3583	2174	3014	3182
2048	3071	3583	2380	3027	3186
2303	3071	3583	2557	3040	3191
2559	3071	3583	2745	3056	3198
2815	3071	3583	2937	3071	3206
3071	3071	3583	3129	3083	3211
3327	3071	3583	3318	3091	3214
3583	3071	3583	3496	3099	3212
3839	3071	3583	3670	3107	3215
4095	3071	3583	3845	3116	3220
0	3327	3583	892	3158	3162
256	3327	3583	1080	3173	3170
512	3327	3583	1275	3189	3176
768	3327	3583	1451	3199	3182
1024	3327	3583	1635	3209	3185
1280	3327	3583	1827	3219	3185
1536	3327	3583	2025	3228	3189
1792	3327	3583	2235	3241	3193
2048	3327	3583	2432	3254	3198
2303	3327	3583	2613	3266	3206
2559	3327	3583	2799	3280	3211
2815	3327	3583	2989	3295	3220
3071	3327	3583	3181	3307	3226
3327	3327	3583	3375	3318	3228
3583	3327	3583	3546	3322	3230
3839	3327	3583	3721	3331	3233
4095	3327	3583	3896	3343	3237
0	3583	3583	948	3384	3178
256	3583	3583	1139	3401	3186
512	3583	3583	1330	3417	3193
768	3583	3583	1505	3428	3195
1024	3583	3583	1692	3439	3198
1280	3583	3583	1885	3449	3199
1536	3583	3583	2085	3459	3203
1792	3583	3583	2297	3470	3205
2048	3583	3583	2483	3480	3211
2303	3583	3583	2666	3494	3218
2559	3583	3583	2854	3509	3225
2815	3583	3583	3044	3521	3230
3071	3583	3583	3235	3535	3237
3327	3583	3583	3421	3549	3241
3583	3583	3583	3602	3558	3245
3839	3583	3583	3780	3570	3248
4095	3583	3583	3948	3580	3256
0	3839	3583	1005	3620	3197
256	3839	3583	1199	3636	3204
512	3839	3583	1383	3650	3207
768	3839	3583	1559	3659	3210
1024	3839	3583	1748	3666	3210
1280	3839	3583	1943	3676	3215
1536	3839	3583	2147	3686	3219
1792	3839	3583	2356	3694	3220
2048	3839	3583	2534	3706	3223
2303	3839	3583	2718	3722	3230
2559	3839	3583	2908	3737	3237
2815	3839	3583	3101	3748	3245
3071	3839	3583	3290	3758	3247
3327	3839	3583	3472	3771	3253
3583	3839	3583	3650	3783	3263
3839	3839	3583	3830	3795	3268
4095	3839	3583	3999	3807	3272
0	4095	3583	1063	3852	3218
256	4095	3583	1258	3865	3221
512	4095	3583	1436	3875	3224
768	4095	3583	1615	3883	3224
1024	4095	3583	1803	3888	3226
1280	4095	3583	2001	3899	3229
1536	4095	3583	2209	3906	3233
1792	4095	3583	2409	3916	3235
2048	4095	3583	2590	3934	3240
2303	4095	3583	2776	3945	3243
2559	4095	3583	2966	3956	3251
2815	4095	3583	3157	3968	3260
3071	4095	3583	3346	3981	3264
3327	4095	3583	3528	3998	3267
3583	4095	3583	3706	4010	3273
3839	4095	3583	3882	4020	3283
4095	4095	3583	4053	4034	3288
0	0	3839	178	31	3201
256	0	3839	374	43	3198
512	0	3839	570	54	3198
768	0	3839	755	64	3201
1024	0	3839	941	76	3202
1280	0	3839	1132	87	3205
1536	0	3839	1324	98	3207
1792	0	3839	1496	109	3207
2048	0	3839	1678	121	3206
2303	0	3839	1864	131	3200
2559	0	3839	2053	141	3193
2815	0	3839	2265	152	3195
3071	0	3839	2455	164	3195
3327	0	3839	2635	174	3200
3583	0	3839	2822	184	3204
3839	0	3839	3012	196	3211
4095	0	3839	3203	207	3218
0	256	3839	236	284	3219
256	256	3839	436	296	3218
512	256	3839	628	306	3220
768	256	3839	812	316	3222
1024	256	3839	1000	327	3223
1280	256	3839	1195	339	3228
1536	256	3839	1382	348	3230
1792	256	3839	1554	359	3229
2048	256	3839	1740	370	3231
2303	256	3839	1929	378	3225
2559	256	3839	2128	388	3222
2815	256	3839	2339	399	3224
3071	256	3839	2517	409	3226
3327	256	3839	2699	420	3229
3583	256	3839	2887	431	3233
3839	256	3839	3078	441	3238
4095	256	3839	3267	453	3246
0	512	3839	293	531	3227
256	512	3839	494	542	3231
512	512	3839	682	551	3236
768	512	3839	868	562	3237
1024	512	3839	1057	573	3241
1280	512	3839	1253	582	3246
1536	512	3839	1433	592	3247
1792	512	3839	1611	603	3246
2048	512	3839	1795	611	3246
2303	512	3839	1988	619	3244
2559	512	3839	2194	628	3243
2815	512	3839	2396	637	3243
3071	512	3839	2573	648	3247
3327	512	3839	2758	659	3250
3583	512	3839	2946	669	3253
3839	512	3839	3136	679	3260
4095	512	3839	3325	691	3263
0	768	3839	352	767	3245
256	768	3839	553	776	3248
512	768	3839	738	788	3253
768	768	3839	925	799	3255
1024	768	3839	1117	809	3259
1280	768	3839	1312	819	3263
1536	768	3839	1484	830	3266
1792	768	3839	1666	841	3262
2048	768	3839	1856	850	3259
2303	768	3839	2048	858	3262
2559	768	3839	2257	867	3262
2815	768	3839	2450	876	3262
3071	768	3839	2631	887	3265
3327	768	3839	2817	898	3269
3583	768	3839	3007	909	3274
3839	768	3839	3196	920	3279
4095	768	3839	3383	931	3284
0	1024	3839	413	1010	3259
256	1024	3839	608	1020	3263
512	1024	3839	790	1032	3270
768	1024	3839	981	1044	3271
1024	1024	3839	1175	1053	3279
1280	1024	3839	1364	1064	3282
1536	1024	3839	1535	1078	3283
1792	1024	3839	1722	1086	3277
2048	1024	3839	1915	1094	3276
2303	1024	3839	2112	1103	3276
2559	1024	3839	2322	1112	3279
2815	1024	3839	2506	1122	3281
3071	1024	3839	2690	1134	3285
3327	1024	3839	2877	1146	3290
3583	1024	3839	3069	1157	3295
3839	1024	3839	3257	1168	3299
4095	1024	3839	3440	1180	3304
0	1280	3839	473	1257	3277
256	1280	3839	663	1269	3279
512	1280	3839	849	1280	3285
768	1280	3839	1038	1293	3290
1024	1280	3839	1233	1305	3298
1280	1280	3839	1417	1316	3296
1536	1280	3839	1595	1327	3295
1792	1280	3839	1781	1331	3295
2048	1280	3839	1976	1339	3292
2303	1280	3839	2179	1347	3295
2559	1280	3839	2385	1355	3297
2815	1280	3839	2564	1364	3301
3071	1280	3839	2747	1376	3303
3327	1280	3839	2935	1385	3309
3583	1280	3839	3128	1394	3318
3839	1280	3839	3317	1405	3321
4095	1280	3839	3499	1416	3327
0	1536	3839	530	1481	3290
256	1536	3839	716	1493	3294
512	1536	3839	903	1504	3299
768	1536	3839	1094	1515	3306
1024	1536	3839	1292	1526	3309
1280	1536	3839	1467	1537	3319
1536	1536	3839	1649	1546	3304
1792	1536	3839	1839	1553	3300
2048	1536	3839	2032	1562	3303
2303	1536	3839	2239	1572	3310
2559	1536	3839	2437	1583	3314
2815	1536	3839	2618	1596	3317
3071	1536	3839	2802	1606	3320
3327	1536	3839	2992	1616	3327
3583	1536	3839	3182	1628	3334
3839	1536	3839	3372	1641	3339
4095	1536	3839	3552	1652	3343
0	1792	3839	581	1719	3298
256	1792	3839	765	1732	3302
512	1792	3839	955	1744	3307
768	1792	3839	1147	1758	3315
1024	1792	3839	1339	1773	3323
1280	1792	3839	1513	1783	3327
1536	1792	3839	1698	1791	3327
1792	1792	3839	1890	1799	3310
2048	1792	3839	2087	1810	3316
2303	1792	3839	2295	1821	3318
2559	1792	3839	2485	1832	3321
2815	1792	3839	2669	1842	3322
3071	1792	3839	2852	1851	3330
3327	1792	3839	3044	1863	3334
3583	1792	3839	3235	1876	3341
3839	1792	3839	3420	1887	3345
4095	1792	3839	3596	1896	3349
0	2048	3839	634	1953	3297
256	2048	3839	817	1966	3305
512	2048	3839	1005	1982	3310
768	2048	3839	1200	1997	3317
1024	2048	3839	1384	2010	3324
1280	2048	3839	1560	2019	3330
1536	2048	3839	1750	2029	3333
1792	2048	3839	1947	2041	3329
2048	2048	3839	2150	2052	3324
2303	2048	3839	2357	2062	3329
2559	2048	3839	2538	2074	3332
2815	2048	3839	2720	2084	3335
3071	2048	3839	2907	2096	3341
3327	2048	3839	3097	2110	3344
3583	2048	3839	3288	2121	3347
3839	2048	3839	3468	2131	3349
4095	2048	3839	3647	2143	3351
0	2303	3839	686	2205	3298
256	2303	3839	870	2219	3307
512	2303	3839	1057	2238	3318
768	2303	3839	1253	2255	3322
1024	2303	3839	1433	2268	3332
1280	2303	3839	1616	2278	3336
1536	2303	3839	1802	2289	3339
1792	2303	3839	2000	2302	3343
2048	2303	3839	2209	2315	3345
2303	2303	3839	2410	2327	3344
2559	2303	3839	2589	2332	3347
2815	2303	3839	2776	2344	3354
3071	2303	3839	2964	2357	3357
3327	2303	3839	3153	2369	3359
3583	2303	3839	3344	2377	3367
3839	2303	3839	3526	2389	3367
4095	2303	3839	3702	2400	3369
0	2559	3839	738	2451	3311
256	2559	3839	925	2464	3320
512	2559	3839	1115	2479	3329
768	2559	3839	1308	2494	3337
1024	2559	3839	1486	2506	3341
1280	2559	3839	1672	2517	3343
1536	2559	3839	1865	2527	3344
1792	2559	3839	2062	2537	3353
2048	2559	3839	2274	2550	3356
2303	2559	3839	2463	2561	3360
2559	2559	3839	2645	2572	3363
2815	2559	3839	2832	2586	3372
3071	2559	3839	3024	2596	3377
3327	2559	3839	3215	2610	3380
3583	2559	3839	3404	2623	3381
3839	2559	3839	3580	2633	3382
4095	2559	3839	3754	2643	3389
0	2815	3839	791	2691	3335
256	2815	3839	980	2704	3338
512	2815	3839	1172	2720	3342
768	2815	3839	1360	2736	3350
1024	2815	3839	1538	2750	3356
1280	2815	3839	1728	2760	3357
1536	2815	3839	1925	2769	3360
1792	2815	3839	2127	2780	3363
2048	2815	3839	2336	2792	3368
2303	2815	3839	2514	2804	3369
2559	2815	3839	2701	2818	3378
2815	2815	3839	2893	2835	3389
3071	2815	3839	3086	2848	3393
3327	2815	3839	3273	2856	3397
3583	2815	3839	3452	2867	3398
3839	2815	3839	3628	2879	3399
4095	2815	3839	3809	2889	3406
0	3071	3839	849	2932	3347
256	3071	3839	1036	2947	3351
512	3071	3839	1230	2964	3359
768	3071	3839	1413	2977	3367
1024	3071	3839	1595	2988	3371
1280	3071	3839	1785	2999	3372
1536	3071	3839	1982	3006	3372
1792	3071	3839	2189	3019	3377
2048	3071	3839	2393	3033	3383
2303	3071	3839	2572	3042	3386
2559	3071	3839	2760	3058	3395
2815	3071	3839	2950	3073	3403
3071	3071	3839	3141	3088	3410
3327	3071	3839	3332	3099	3414
3583	3071	3839	3508	3107	3415
3839	3071	3839	3684	3116	3419
4095	3071	3839	3864	3125	3425
0	3327	3839	906	3166	3364
256	3327	3839	1096	3181	3369
512	3327	3839	1290	3197	3378
768	3327	3839	1467	3209	3385
1024	3327	3839	1651	3219	3385
1280	3327	3839	1843	3227	3383
1536	3327	3839	2040	3234	3388
1792	3327	3839	2251	3247	3392
2048	3327	3839	2446	3260	3397
2303	3327	3839	2627	3270	3404
2559	3327	3839	2814	3287	3410
2815	3327	3839	3005	3300	3418
3071	3327	3839	3199	3313	3426
3327	3327	3839	3389	3326	3431
3583	3327	3839	3563	3333	3433
3839	3327	3839	3741	3343	3439
4095	3327	3839	3914	3354	3444
0	3583	3839	963	3396	3382
256	3583	3839	1157	3413	3390
512	3583	3839	1347	3429	3396
768	3583	3839	1519	3443	3397
1024	3583	3839	1707	3449	3399
1280	3583	3839	1902	3457	3401
1536	3583	3839	2102	3468	3405
1792	3583	3839	2313	3476	3408
2048	3583	3839	2498	3487	3412
2303	3583	3839	2682	3503	3418
2559	3583	3839	2872	3519	3426
2815	3583	3839	3064	3531	3433
3071	3583	3839	3256	3545	3439
3327	3583	3839	3440	3559	3444
3583	3583	3839	3621	3571	3451
3839	3583	3839	3799	3582	3456
4095	3583	3839	3967	3591	3460
0	3839	3839	1020	3634	3402
256	3839	3839	1216	3649	3409
512	3839	3839	1398	3663	3412
768	3839	3839	1575	3672	3414
1024	3839	3839	1763	3675	3414
1280	3839	3839	1960	3687	3419
1536	3839	3839	2165	3696	3423
1792	3839	3839	2372	3702	3423
2048	3839	3839	2552	3716	3425
2303	3839	3839	2736	3731	3433
2559	3839	3839	2926	3746	3441
2815	3839	3839	3119	3758	3449
3071	3839	3839	3308	3768	3454
3327	3839	3839	3489	3781	3456
3583	3839	3839	3668	3794	3464
3839	3839	3839	3849	3807	3472
4095	3839	3839	4019	3820	3478
0	4095	3839	1078	3867	3425
256	4095	3839	1274	3882	3429
512	4095	3839	1451	3890	3428
768	4095	3839	1631	3896	3427
1024	4095	3839	1820	3900	3429
1280	4095	3839	2019	3912	3432
1536	4095	3839	2227	3919	3438
1792	4095	3839	2426	3929	3440
2048	4095	3839	2609	3944	3444
2303	4095	3839	2794	3956	3451
2559	4095	3839	2984	3968	3456
2815	4095	3839	3175	3982	3462
3071	4095	3839	3364	3994	3468
3327	4095	3839	3546	4012	3472
3583	4095	3839	3725	4024	3477
3839	4095	3839	3901	4034	3487
4095	4095	3839	4075	4051	3496
0	0	4095	191	34	3411
256	0	4095	389	45	3408
512	0	4095	585	57	3410
768	0	4095	770	67	3413
1024	0	4095	957	78	3416
1280	0	4095	1150	90	3420
1536	0	4095	1342	100	3425
1792	0	4095	1512	111	3423
2048	0	4095	1695	124	3421
2303	0	4095	1883	134	3414
2559	0	4095	2075	144	3404
2815	0	4095	2286	155	3405
3071	0	4095	2474	167	3405
3327	0	4095	2654	177	3410
3583	0	4095	2841	188	3418
3839	0	4095	3034	199	3422
4095	0	4095	3224	210	3430
0	256	4095	249	288	3424
256	256	4095	450	300	3426
512	256	4095	642	310	3429
768	256	4095	827	320	3430
1024	256	4095	1017	331	3432
1280	256	4095	1211	342	3437
1536	256	4095	1397	352	3440
1792	256	4095	1571	364	3439
2048	256	4095	1756	374	3437
2303	256	4095	1947	382	3432
2559	256	4095	2148	392	3429
2815	256	4095	2358	402	3431
3071	256	4095	2536	412	3433
3327	256	4095	2718	424	3437
3583	256	4095	2905	435	3442
3839	256	4095	3097	445	3445
4095	256	4095	3288	458	3455
0	512	4095	307	535	3436
256	512	4095	508	547	3440
512	512	4095	696	557	3443
768	512	4095	883	567	3446
1024	512	4095	1072	577	3449
1280	512	4095	1267	587	3454
1536	512	4095	1447	597	3456
1792	512	4095	1627	608	3454
2048	512	4095	1813	616	3449
2303	512	4095	2005	624	3450
2559	512	4095	2212	633	3450
2815	512	4095	2413	642	3449
3071	512	4095	2591	653	3453
3327	512	4095	2777	663	3457
3583	512	4095	2964	674	3461
3839	512	4095	3155	684	3468
4095	512	4095	3346	696	3472
0	768	4095	366	773	3453
256	768	4095	565	782	3456
512	768	4095	751	793	3460
768	768	4095	939	804	3463
1024	768	4095	1132	814	3468
1280	768	4095	1326	825	3472
1536	768	4095	1498	836	3473
1792	768	4095	1682	847	3467
2048	768	4095	1873	854	3462
2303	768	4095	2064	862	3466
2559	768	4095	2273	871	3467
2815	768	4095	2465	881	3467
3071	768	4095	2648	892	3471
3327	768	4095	2835	902	3477
3583	768	4095	3027	913	3483
3839	768	4095	3215	925	3489
4095	768	4095	3402	936	3494
0	1024	4095	427	1016	3468
256	1024	4095	621	1026	3471
512	1024	4095	805	1038	3477
768	1024	4095	996	1050	3478
1024	1024	4095	1190	1060	3486
1280	1024	4095	1378	1071	3489
1536	1024	4095	1550	1083	3489
1792	1024	4095	1738	1091	3483
2048	1024	4095	1930	1099	3481
2303	1024	4095	2128	1108	3482
2559	1024	4095	2338	1116	3486
2815	1024	4095	2522	1128	3487
3071	1024	4095	2707	1139	3492
3327	1024	4095	2894	1150	3499
3583	1024	4095	3087	1162	3503
3839	1024	4095	3277	1174	3512
4095	1024	4095	3461	1187	3517
0	1280	4095	486	1264	3485
256	1280	4095	676	1276	3488
512	1280	4095	862	1287	3491
768	1280	4095	1051	1299	3496
1024	1280	4095	1248	1311	3503
1280	1280	4095	1429	1321	3503
1536	1280	4095	1608	1331	3501
1792	1280	4095	1797	1336	3499
2048	1280	4095	1991	1344	3497
2303	1280	4095	2194	1353	3501
2559	1280	4095	2399	1360	3505
2815	1280	4095	2581	1369	3508
3071	1280	4095	2764	1380	3514
3327	1280	4095	2954	1390	3518
3583	1280	4095	3146	1401	3526
3839	1280	4095	3336	1412	3530
4095	1280	4095	3519	1423	3537
0	1536	4095	544	1491	3498
256	1536	4095	730	1500	3503
512	1536	4095	918	1511	3506
768	1536	4095	1109	1521	3511
1024	1536	4095	1306	1532	3515
1280	1536	4095	1480	1543	3513
1536	1536	4095	1663	1551	3508
1792	1536	4095	1853	1559	3506
2048	1536	4095	2048	1570	3508
2303	1536	4095	2256	1578	3515
2559	1536	4095	2453	1589	3518
2815	1536	4095	2635	1600	3522
3071	1536	4095	2819	1612	3526
3327	1536	4095	3010	1623	3532
3583	1536	4095	3200	1634	3538
3839	1536	4095	3388	1647	3544
4095	1536	4095	3570	1659	3548
0	1792	4095	594	1729	3502
256	1792	4095	779	1740	3507
512	1792	4095	969	1752	3513
768	1792	4095	1161	1765	3520
1024	1792	4095	1352	1779	3526
1280	1792	4095	1526	1789	3531
1536	1792	4095	1713	1797	3534
1792	1792	4095	1906	1806	3516
2048	1792	4095	2105	1816	3521
2303	1792	4095	2313	1826	3522
2559	1792	4095	2500	1837	3525
2815	1792	4095	2685	1849	3530
3071	1792	4095	2872	1859	3533
3327	1792	4095	3061	1868	3538
3583	1792	4095	3250	1881	3543
3839	1792	4095	3436	1892	3550
4095	1792	4095	3618	1903	3554
0	2048	4095	646	1963	3502
256	2048	4095	830	1976	3509
512	2048	4095	1018	1990	3515
768	2048	4095	1214	2005	3523
1024	2048	4095	1397	2016	3531
1280	2048	4095	1575	2024	3535
1536	2048	4095	1764	2034	3537
1792	2048	4095	1960	2045	3538
2048	2048	4095	2165	2057	3531
2303	2048	4095	2372	2068	3532
2559	2048	4095	2551	2079	3536
2815	2048	4095	2735	2089	3538
3071	2048	4095	2925	2101	3543
3327	2048	4095	3115	2115	3550
3583	2048	4095	3303	2129	3553
3839	2048	4095	3488	2140	3557
4095	2048	4095	3669	2152	3561
0	2303	4095	698	2214	3508
256	2303	4095	883	2227	3515
512	2303	4095	1071	2243	3526
768	2303	4095	1268	2261	3531
1024	2303	4095	1448	2275	3541
1280	2303	4095	1630	2285	3542
1536	2303	4095	1820	2295	3544
1792	2303	4095	2015	2305	3547
2048	2303	4095	2225	2318	3552
2303	2303	4095	2422	2330	3546
2559	2303	4095	2601	2340	3551
2815	2303	4095	2790	2350	3554
3071	2303	4095	2981	2362	3562
3327	2303	4095	3172	2376	3565
3583	2303	4095	3359	2387	3569
3839	2303	4095	3541	2396	3571
4095	2303	4095	3717	2407	3576
0	2559	4095	751	2460	3521
256	2559	4095	938	2472	3529
512	2559	4095	1129	2486	3539
768	2559	4095	1321	2502	3548
1024	2559	4095	1500	2514	3553
1280	2559	4095	1687	2522	3553
1536	2559	4095	1880	2532	3553
1792	2559	4095	2077	2544	3554
2048	2559	4095	2287	2552	3557
2303	2559	4095	2475	2566	3566
2559	2559	4095	2659	2579	3566
2815	2559	4095	2851	2587	3570
3071	2559	4095	3041	2603	3578
3327	2559	4095	3231	2616	3583
3583	2559	4095	3416	2626	3586
3839	2559	4095	3590	2637	3590
4095	2559	4095	3769	2650	3593
0	2815	4095	806	2698	3539
256	2815	4095	994	2713	3543
512	2815	4095	1188	2730	3551
768	2815	4095	1374	2744	3559
1024	2815	4095	1552	2756	3564
1280	2815	4095	1743	2765	3567
1536	2815	4095	1939	2778	3569
1792	2815	4095	2142	2787	3569
2048	2815	4095	2353	2796	3572
2303	2815	4095	2527	2813	3576
2559	2815	4095	2715	2827	3582
2815	2815	4095	2908	2841	3586
3071	2815	4095	3095	2854	3595
3327	2815	4095	3286	2861	3598
3583	2815	4095	3467	2873	3603
3839	2815	4095	3645	2886	3605
4095	2815	4095	3826	2897	3615
0	3071	4095	864	2941	3554
256	3071	4095	1050	2957	3562
512	3071	4095	1246	2974	3566
768	3071	4095	1426	2984	3573
1024	3071	4095	1609	2993	3574
1280	3071	4095	1800	3004	3576
1536	3071	4095	1996	3014	3580
1792	3071	4095	2206	3026	3582
2048	3071	4095	2410	3039	3588
2303	3071	4095	2582	3054	3591
2559	3071	4095	2772	3064	3597
2815	3071	4095	2964	3078	3606
3071	3071	4095	3154	3094	3613
3327	3071	4095	3343	3106	3618
3583	3071	4095	3522	3116	3625
3839	3071	4095	3701	3126	3629
4095	3071	4095	3883	3137	3633
0	3327	4095	920	3177	3571
256	3327	4095	1110	3191	3579
512	3327	4095	1304	3207	3582
768	3327	4095	1480	3215	3586
1024	3327	4095	1666	3224	3585
1280	3327	4095	1860	3233	3589
1536	3327	4095	2056	3241	3592
1792	3327	4095	2267	3254	3598
2048	3327	4095	2458	3267	3604
2303	3327	4095	2638	3279	3608
2559	3327	4095	2829	3290	3612
2815	3327	4095	3021	3305	3621
3071	3327	4095	3213	3318	3629
3327	3327	4095	3401	3331	3634
3583	3327	4095	3580	3343	3640
3839	3327	4095	3762	3355	3645
4095	3327	4095	3935	3366	3653
0	3583	4095	978	3410	3588
256	3583	4095	1172	3426	3601
512	3583	4095	1361	3440	3606
768	3583	4095	1534	3448	3604
1024	3583	4095	1724	3457	3606
1280	3583	4095	1918	3465	3610
1536	3583	4095	2119	3474	3613
1792	3583	4095	2332	3483	3615
2048	3583	4095	2514	3498	3617
2303	3583	4095	2697	3513	3623
2559	3583	4095	2886	3526	3632
2815	3583	4095	3083	3542	3642
3071	3583	4095	3274	3554	3646
3327	3583	4095	3458	3567	3650
3583	3583	4095	3636	3581	3655
3839	3583	4095	3815	3590	3662
4095	3583	4095	3987	3603	3668
0	3839	4095	1035	3649	3610
256	3839	4095	1234	3666	3619
512	3839	4095	1415	3677	3622
768	3839	4095	1590	3683	3621
1024	3839	4095	1780	3689	3620
1280	3839	4095	1976	3697	3623
1536	3839	4095	2183	3705	3629
1792	3839	4095	2390	3713	3633
2048	3839	4095	2569	3726	3631
2303	3839	4095	2753	3741	3641
2559	3839	4095	2944	3754	3650
2815	3839	4095	3137	3767	3653
3071	3839	4095	3327	3779	3661
3327	3839	4095	3511	3796	3664
3583	3839	4095	3690	3809	3670
3839	3839	4095	3869	3818	3678
4095	3839	4095	4039	3831	3685
0	4095	4095	1096	3882	3633
256	4095	4095	1291	3899	3639
512	4095	4095	1466	3905	3637
768	4095	4095	1647	3911	3636
1024	4095	4095	1838	3915	3638
1280	4095	4095	2034	3923	3638
1536	4095	4095	2246	3933	3646
1792	4095	4095	2444	3942	3648
2048	4095	4095	2626	3953	3650
2303	4095	4095	2813	3968	3659
2559	4095	4095	3002	3983	3663
2815	4095	4095	3193	3996	3666
3071	4095	4095	3382	4007	3673
3327	4095	4095	3565	4026	3679
3583	4095	4095	3745	4038	3686
3839	4095	4095	3921	4050	3694
4095	4095	4095	4095	4066	3706
