0	0	0	0	0	0
256	0	0	188	11	4
512	0	0	378	22	7
768	0	0	566	33	11
1024	0	0	755	44	15
1280	0	0	944	55	18
1536	0	0	1133	65	22
1792	0	0	1321	76	26
2048	0	0	1511	87	30
2303	0	0	1698	98	33
2559	0	0	1887	109	37
2815	0	0	2076	120	41
3071	0	0	2265	131	44
3327	0	0	2453	142	48
3583	0	0	2642	153	52
3839	0	0	2831	164	55
4095	0	0	3019	173	58
0	256	0	56	243	17
256	256	0	245	254	21
512	256	0	433	265	25
768	256	0	623	276	28
1024	256	0	811	286	32
1280	256	0	1000	297	36
1536	256	0	1189	308	39
1792	256	0	1378	318	43
2048	256	0	1566	329	47
2303	256	0	1755	340	50
2559	256	0	1943	351	54
2815	256	0	2132	362	57
3071	256	0	2321	373	60
3327	256	0	2509	384	64
3583	256	0	2698	395	68
3839	256	0	2887	405	72
4095	256	0	3076	416	75
0	512	0	112	485	34
256	512	0	300	496	38
512	512	0	490	507	42
768	512	0	678	517	46
1024	512	0	867	528	49
1280	512	0	1056	539	53
1536	512	0	1245	550	57
1792	512	0	1433	561	59
2048	512	0	1622	572	63
2303	512	0	1810	583	67
2559	512	0	1999	594	70
2815	512	0	2188	605	74
3071	512	0	2377	616	78
3327	512	0	2565	626	81
3583	512	0	2754	637	85
3839	512	0	2943	648	89
4095	512	0	3131	659	92
0	768	0	168	728	52
256	768	0	357	739	55
512	768	0	545	749	58
768	768	0	735	760	62
1024	768	0	923	771	65
1280	768	0	1112	782	69
1536	768	0	1301	793	73
1792	768	0	1489	804	77
2048	768	0	1678	815	80
2303	768	0	1867	826	84
2559	768	0	2055	837	88
2815	768	0	2244	848	91
3071	768	0	2433	858	95
3327	768	0	2621	869	99
3583	768	0	2810	880	102
3839	768	0	2999	891	106
4095	768	0	3188	902	110
0	1024	0	224	970	68
256	1024	0	412	981	72
512	1024	0	602	992	75
768	1024	0	790	1003	79
1024	1024	0	979	1014	83
1280	1024	0	1168	1025	86
1536	1024	0	1356	1036	90
1792	1024	0	1545	1047	94
2048	1024	0	1734	1058	97
2303	1024	0	1922	1068	101
2559	1024	0	2111	1079	105
2815	1024	0	2300	1089	109
3071	1024	0	2488	1100	112
3327	1024	0	2677	1111	116
3583	1024	0	2866	1122	120
3839	1024	0	3055	1133	123
4095	1024	0	3243	1144	127
0	1280	0	280	1212	85
256	1280	0	469	1223	89
512	1280	0	657	1234	93
768	1280	0	847	1245	96
1024	1280	0	1035	1256	100
1280	1280	0	1223	1267	104
1536	1280	0	1413	1278	107
1792	1280	0	1601	1289	111
2048	1280	0	1790	1300	115
2303	1280	0	1979	1310	118
2559	1280	0	2167	1321	122
2815	1280	0	2355	1332	126
3071	1280	0	2545	1343	129
3327	1280	0	2733	1354	133
3583	1280	0	2922	1365	137
3839	1280	0	3111	1376	141
4095	1280	0	3300	1387	144
0	1536	0	336	1455	102
256	1536	0	524	1466	106
512	1536	0	714	1477	110
768	1536	0	902	1488	114
1024	1536	0	1091	1499	117
1280	1536	0	1280	1510	121
1536	1536	0	1468	1521	125
1792	1536	0	1657	1532	128
2048	1536	0	1846	1542	132
2303	1536	0	2034	1553	136
2559	1536	0	2222	1564	139
2815	1536	0	2412	1575	143
3071	1536	0	2600	1586	147
3327	1536	0	2789	1597	150
3583	1536	0	2978	1608	154
3839	1536	0	3167	1619	158
4095	1536	0	3356	1630	161
0	1792	0	392	1698	120
256	1792	0	581	1709	123
512	1792	0	769	1720	127
768	1792	0	959	1731	131
1024	1792	0	1147	1742	134
1280	1792	0	1335	1753	138
1536	1792	0	1525	1763	142
1792	1792	0	1713	1774	146
2048	1792	0	1902	1785	149
2303	1792	0	2090	1796	153
2559	1792	0	2279	1807	157
2815	1792	0	2467	1818	160
3071	1792	0	2657	1828	164
3327	1792	0	2845	1839	168
3583	1792	0	3034	1850	171
3839	1792	0	3223	1861	174
4095	1792	0	3412	1872	178
0	2048	0	448	1941	137
256	2048	0	636	1952	141
512	2048	0	826	1963	144
768	2048	0	1014	1973	148
1024	2048	0	1202	1984	152
1280	2048	0	1392	1994	155
1536	2048	0	1580	2005	159
1792	2048	0	1769	2016	163
2048	2048	0	1958	2027	166
2303	2048	0	2146	2038	170
2559	2048	0	2334	2049	173
2815	2048	0	2524	2060	177
3071	2048	0	2712	2071	180
3327	2048	0	2901	2082	184
3583	2048	0	3090	2093	188
3839	2048	0	3279	2104	191
4095	2048	0	3468	2114	195
0	2303	0	504	2182	154
256	2303	0	692	2193	158
512	2303	0	881	2204	162
768	2303	0	1070	2215	165
1024	2303	0	1259	2225	169
1280	2303	0	1447	2236	172
1536	2303	0	1637	2247	175
1792	2303	0	1825	2258	179
2048	2303	0	2013	2269	183
2303	2303	0	2202	2280	186
2559	2303	0	2391	2291	190
2815	2303	0	2579	2302	194
3071	2303	0	2768	2313	197
3327	2303	0	2957	2324	201
3583	2303	0	3145	2334	205
3839	2303	0	3335	2345	208
4095	2303	0	3523	2356	212
0	2559	0	559	2425	171
256	2559	0	748	2436	174
512	2559	0	937	2446	178
768	2559	0	1126	2457	181
1024	2559	0	1314	2468	185
1280	2559	0	1504	2479	189
1536	2559	0	1692	2490	193
1792	2559	0	1880	2501	196
2048	2559	0	2070	2512	200
2303	2559	0	2258	2523	204
2559	2559	0	2446	2534	207
2815	2559	0	2635	2545	211
3071	2559	0	2824	2556	215
3327	2559	0	3013	2566	218
3583	2559	0	3202	2577	222
3839	2559	0	3390	2588	226
4095	2559	0	3580	2599	229
0	2815	0	616	2668	188
256	2815	0	804	2678	191
512	2815	0	993	2689	195
768	2815	0	1182	2700	199
1024	2815	0	1371	2711	202
1280	2815	0	1559	2722	206
1536	2815	0	1748	2733	210
1792	2815	0	1937	2744	213
2048	2815	0	2125	2754	217
2303	2815	0	2314	2765	221
2559	2815	0	2502	2776	224
2815	2815	0	2691	2787	228
3071	2815	0	2880	2797	232
3327	2815	0	3069	2808	236
3583	2815	0	3257	2819	239
3839	2815	0	3447	2830	243
4095	2815	0	3635	2841	247
0	3071	0	671	2909	205
256	3071	0	860	2920	209
512	3071	0	1049	2931	212
768	3071	0	1238	2942	216
1024	3071	0	1426	2953	220
1280	3071	0	1615	2964	223
1536	3071	0	1804	2975	227
1792	3071	0	1992	2986	231
2048	3071	0	2182	2997	234
2303	3071	0	2369	3008	238
2559	3071	0	2559	3018	242
2815	3071	0	2747	3029	245
3071	3071	0	2936	3040	249
3327	3071	0	3125	3051	253
3583	3071	0	3314	3062	256
3839	3071	0	3502	3073	260
4095	3071	0	3692	3084	264
0	3327	0	728	3152	222
256	3327	0	916	3163	226
512	3327	0	1105	3174	229
768	3327	0	1294	3185	233
1024	3327	0	1482	3196	237
1280	3327	0	1671	3207	241
1536	3327	0	1860	3218	244
1792	3327	0	2049	3229	248
2048	3327	0	2237	3240	252
2303	3327	0	2426	3250	255
2559	3327	0	2614	3261	259
2815	3327	0	2803	3272	263
3071	3327	0	2992	3283	266
3327	3327	0	3181	3294	270
3583	3327	0	3369	3305	274
3839	3327	0	3559	3316	277
4095	3327	0	3747	3327	281
0	3583	0	783	3395	239
256	3583	0	972	3406	243
512	3583	0	1161	3417	247
768	3583	0	1349	3428	250
1024	3583	0	1538	3439	254
1280	3583	0	1727	3450	258
1536	3583	0	1916	3461	261
1792	3583	0	2104	3471	265
2048	3583	0	2294	3482	269
2303	3583	0	2481	3493	273
2559	3583	0	2671	3503	276
2815	3583	0	2859	3514	280
3071	3583	0	3048	3525	284
3327	3583	0	3237	3536	286
3583	3583	0	3426	3547	290
3839	3583	0	3614	3558	294
4095	3583	0	3804	3569	297
0	3839	0	840	3638	257
256	3839	0	1028	3648	260
512	3839	0	1216	3659	264
768	3839	0	1406	3670	268
1024	3839	0	1594	3681	271
1280	3839	0	1783	3692	275
1536	3839	0	1972	3702	279
1792	3839	0	2161	3713	282
2048	3839	0	2349	3724	285
2303	3839	0	2538	3735	289
2559	3839	0	2726	3746	292
2815	3839	0	2915	3757	296
3071	3839	0	3104	3768	300
3327	3839	0	3293	3779	304
3583	3839	0	3481	3790	307
3839	3839	0	3671	3801	311
4095	3839	0	3859	3811	315
0	4095	0	895	3880	274
256	4095	0	1083	3891	278
512	4095	0	1273	3902	281
768	4095	0	1461	3913	284
1024	4095	0	1650	3924	288
1280	4095	0	1839	3934	291
1536	4095	0	2028	3945	295
1792	4095	0	2217	3956	299
2048	4095	0	2406	3967	302
2303	4095	0	2593	3978	306
2559	4095	0	2783	3989	310
2815	4095	0	2971	4000	313
3071	4095	0	3160	4011	317
3327	4095	0	3349	4022	321
3583	4095	0	3538	4033	324
3839	4095	0	3726	4043	328
4095	4095	0	3915	4054	332
0	0	256	11	2	211
256	0	256	200	13	215
512	0	256	389	24	219
768	0	256	578	35	222
1024	0	256	766	46	226
1280	0	256	956	57	230
1536	0	256	1144	67	233
1792	0	256	1332	78	237
2048	0	256	1522	89	241
2303	0	256	1710	100	244
2559	0	256	1898	111	248
2815	0	256	2087	122	252
3071	0	256	2276	132	255
3327	0	256	2464	143	259
3583	0	256	2654	154	263
3839	0	256	2842	165	267
4095	0	256	3031	175	270
0	256	256	67	245	228
256	256	256	256	256	232
512	256	256	445	267	236
768	256	256	633	277	240
1024	256	256	823	287	243
1280	256	256	1011	298	247
1536	256	256	1199	309	251
1792	256	256	1389	320	254
2048	256	256	1577	331	258
2303	256	256	1765	342	262
2559	256	256	1955	353	265
2815	256	256	2143	364	269
3071	256	256	2332	375	273
3327	256	256	2521	386	276
3583	256	256	2709	397	280
3839	256	256	2899	407	284
4095	256	256	3087	418	286
0	512	256	123	487	246
256	512	256	312	498	249
512	512	256	501	509	253
768	512	256	690	519	257
1024	512	256	878	530	260
1280	512	256	1067	541	264
1536	512	256	1256	552	268
1792	512	256	1444	563	272
2048	512	256	1634	574	275
2303	512	256	1822	585	279
2559	512	256	2010	596	283
2815	512	256	2199	607	285
3071	512	256	2388	618	289
3327	512	256	2576	628	293
3583	512	256	2766	639	296
3839	512	256	2954	650	300
4095	512	256	3143	661	304
0	768	256	179	730	263
256	768	256	368	740	267
512	768	256	557	751	270
768	768	256	745	762	274
1024	768	256	934	773	278
1280	768	256	1123	784	281
1536	768	256	1311	795	284
1792	768	256	1501	806	288
2048	768	256	1689	817	291
2303	768	256	1877	828	295
2559	768	256	2066	839	299
2815	768	256	2255	850	303
3071	768	256	2444	860	306
3327	768	256	2633	871	310
3583	768	256	2821	882	314
3839	768	256	3011	893	317
4095	768	256	3199	903	321
0	1024	256	235	972	280
256	1024	256	424	983	284
512	1024	256	613	994	287
768	1024	256	801	1005	290
1024	1024	256	990	1016	294
1280	1024	256	1179	1027	298
1536	1024	256	1368	1038	301
1792	1024	256	1556	1048	305
2048	1024	256	1746	1059	309
2303	1024	256	1933	1070	312
2559	1024	256	2122	1081	316
2815	1024	256	2311	1091	320
3071	1024	256	2500	1102	323
3327	1024	256	2688	1113	327
3583	1024	256	2878	1124	331
3839	1024	256	3066	1135	335
4095	1024	256	3255	1146	338
0	1280	256	291	1214	296
256	1280	256	480	1225	300
512	1280	256	669	1236	304
768	1280	256	857	1247	308
1024	1280	256	1046	1258	311
1280	1280	256	1235	1269	315
1536	1280	256	1423	1280	319
1792	1280	256	1613	1291	322
2048	1280	256	1801	1302	326
2303	1280	256	1990	1312	330
2559	1280	256	2178	1323	333
2815	1280	256	2367	1334	337
3071	1280	256	2556	1345	341
3327	1280	256	2745	1356	344
3583	1280	256	2933	1367	348
3839	1280	256	3123	1378	352
4095	1280	256	3311	1389	355
0	1536	256	347	1457	314
256	1536	256	536	1468	317
512	1536	256	725	1479	321
768	1536	256	913	1490	325
1024	1536	256	1102	1501	328
1280	1536	256	1291	1512	332
1536	1536	256	1480	1523	336
1792	1536	256	1668	1534	340
2048	1536	256	1858	1544	343
2303	1536	256	2045	1555	347
2559	1536	256	2234	1566	351
2815	1536	256	2423	1577	354
3071	1536	256	2612	1588	358
3327	1536	256	2800	1599	362
3583	1536	256	2990	1610	365
3839	1536	256	3178	1621	369
4095	1536	256	3366	1632	373
0	1792	256	403	1700	331
256	1792	256	592	1711	335
512	1792	256	780	1722	338
768	1792	256	969	1733	342
1024	1792	256	1158	1744	346
1280	1792	256	1347	1755	349
1536	1792	256	1536	1765	353
1792	1792	256	1725	1776	357
2048	1792	256	1913	1787	360
2303	1792	256	2102	1797	364
2559	1792	256	2290	1808	368
2815	1792	256	2479	1819	372
3071	1792	256	2668	1830	375
3327	1792	256	2857	1841	379
3583	1792	256	3045	1852	383
3839	1792	256	3234	1863	386
4095	1792	256	3423	1874	390
0	2048	256	459	1942	348
256	2048	256	647	1953	352
512	2048	256	837	1964	356
768	2048	256	1025	1975	359
1024	2048	256	1214	1986	363
1280	2048	256	1403	1996	367
1536	2048	256	1592	2007	370
1792	2048	256	1780	2018	374
2048	2048	256	1970	2029	378
2303	2048	256	2157	2040	381
2559	2048	256	2346	2051	385
2815	2048	256	2535	2062	389
3071	2048	256	2724	2073	392
3327	2048	256	2912	2084	396
3583	2048	256	3101	2095	399
3839	2048	256	3290	2105	403
4095	2048	256	3478	2116	406
0	2303	256	514	2184	365
256	2303	256	704	2195	369
512	2303	256	892	2206	373
768	2303	256	1081	2217	376
1024	2303	256	1270	2227	380
1280	2303	256	1458	2238	384
1536	2303	256	1648	2249	387
1792	2303	256	1836	2260	391
2048	2303	256	2025	2271	395
2303	2303	256	2213	2282	398
2559	2303	256	2402	2293	401
2815	2303	256	2590	2304	405
3071	2303	256	2780	2315	409
3327	2303	256	2968	2326	412
3583	2303	256	3157	2336	416
3839	2303	256	3346	2347	420
4095	2303	256	3535	2358	423
0	2559	256	571	2427	383
256	2559	256	759	2438	386
512	2559	256	949	2448	390
768	2559	256	1137	2459	394
1024	2559	256	1325	2470	397
1280	2559	256	1515	2481	400
1536	2559	256	1703	2492	404
1792	2559	256	1892	2503	407
2048	2559	256	2081	2514	411
2303	2559	256	2269	2525	415
2559	2559	256	2457	2536	418
2815	2559	256	2647	2547	422
3071	2559	256	2835	2558	426
3327	2559	256	3024	2567	430
3583	2559	256	3213	2578	433
3839	2559	256	3402	2589	437
4095	2559	256	3590	2600	441
0	2815	256	626	2670	399
256	2815	256	816	2680	403
512	2815	256	1004	2691	406
768	2815	256	1193	2702	410
1024	2815	256	1382	2712	414
1280	2815	256	1570	2723	417
1536	2815	256	1760	2734	421
1792	2815	256	1948	2745	425
2048	2815	256	2137	2756	428
2303	2815	256	2325	2767	432
2559	2815	256	2514	2778	436
2815	2815	256	2702	2788	439
3071	2815	256	2892	2799	443
3327	2815	256	3080	2810	447
3583	2815	256	3269	2821	450
3839	2815	256	3458	2832	454
4095	2815	256	3647	2843	458
0	3071	256	683	2911	416
256	3071	256	871	2922	420
512	3071	256	1060	2933	423
768	3071	256	1249	2944	427
1024	3071	256	1437	2955	431
1280	3071	256	1627	2966	435
1536	3071	256	1815	2977	438
1792	3071	256	2004	2988	442
2048	3071	256	2193	2999	446
2303	3071	256	2381	3010	449
2559	3071	256	2569	3020	453
2815	3071	256	2759	3031	457
3071	3071	256	2947	3042	460
3327	3071	256	3136	3053	464
3583	3071	256	3325	3064	468
3839	3071	256	3514	3075	471
4095	3071	256	3702	3086	475
0	3327	256	739	3154	433
256	3327	256	927	3165	437
512	3327	256	1116	3176	441
768	3327	256	1305	3187	444
1024	3327	256	1494	3198	448
1280	3327	256	1682	3209	452
1536	3327	256	1872	3220	455
1792	3327	256	2060	3231	459
2048	3327	256	2249	3242	463
2303	3327	256	2437	3252	467
2559	3327	256	2626	3263	470
2815	3327	256	2814	3274	474
3071	3327	256	3004	3285	478
3327	3327	256	3192	3296	481
3583	3327	256	3381	3307	485
3839	3327	256	3570	3318	489
4095	3327	256	3758	3329	492
0	3583	256	794	3397	451
256	3583	256	983	3408	454
512	3583	256	1172	3419	458
768	3583	256	1361	3430	462
1024	3583	256	1549	3441	465
1280	3583	256	1739	3452	469
1536	3583	256	1927	3463	473
1792	3583	256	2116	3473	476
2048	3583	256	2305	3483	480
2303	3583	256	2493	3494	484
2559	3583	256	2681	3505	487
2815	3583	256	2871	3516	491
3071	3583	256	3059	3527	495
3327	3583	256	3248	3538	499
3583	3583	256	3437	3549	502
3839	3583	256	3625	3560	506
4095	3583	256	3814	3571	510
0	3839	256	851	3639	468
256	3839	256	1039	3650	472
512	3839	256	1228	3661	475
768	3839	256	1417	3672	479
1024	3839	256	1606	3683	483
1280	3839	256	1794	3694	486
1536	3839	256	1984	3704	490
1792	3839	256	2172	3715	494
2048	3839	256	2361	3726	497
2303	3839	256	2549	3737	501
2559	3839	256	2738	3748	505
2815	3839	256	2926	3759	508
3071	3839	256	3116	3770	512
3327	3839	256	3304	3781	515
3583	3839	256	3492	3792	518
3839	3839	256	3682	3803	522
4095	3839	256	3870	3813	526
0	4095	256	906	3882	485
256	4095	256	1095	3893	489
512	4095	256	1284	3904	492
768	4095	256	1473	3915	496
1024	4095	256	1661	3925	500
1280	4095	256	1851	3936	504
1536	4095	256	2039	3947	507
1792	4095	256	2228	3958	511
2048	4095	256	2417	3969	514
2303	4095	256	2605	3980	517
2559	4095	256	2793	3991	521
2815	4095	256	2983	4002	525
3071	4095	256	3171	4013	528
3327	4095	256	3359	4024	532
3583	4095	256	3549	4035	536
3839	4095	256	3737	4045	539
4095	4095	256	3926	4056	543
0	0	512	23	4	422
256	0	512	211	15	426
512	0	512	400	26	430
768	0	512	589	37	434
1024	0	512	777	48	437
1280	0	512	967	58	441
1536	0	512	1155	69	445
1792	0	512	1344	80	448
2048	0	512	1533	91	452
2303	0	512	1721	101	456
2559	0	512	1909	112	459
2815	0	512	2099	123	463
3071	0	512	2287	134	467
3327	0	512	2476	145	470
3583	0	512	2665	156	474
3839	0	512	2854	167	478
4095	0	512	3042	177	481
0	256	512	78	246	440
256	256	512	268	257	443
512	256	512	456	268	447
768	256	512	644	279	451
1024	256	512	834	289	454
1280	256	512	1022	300	458
1536	256	512	1211	311	462
1792	256	512	1400	322	466
2048	256	512	1589	333	469
2303	256	512	1776	344	473
2559	256	512	1966	355	477
2815	256	512	2154	366	480
3071	256	512	2343	377	484
3327	256	512	2532	388	488
3583	256	512	2721	398	491
3839	256	512	2909	409	495
4095	256	512	3099	420	499
0	512	512	135	489	457
256	512	512	323	500	461
512	512	512	512	511	464
768	512	512	701	521	468
1024	512	512	889	532	472
1280	512	512	1079	543	475
1536	512	512	1267	554	479
1792	512	512	1456	565	483
2048	512	512	1645	576	486
2303	512	512	1833	587	490
2559	512	512	2021	598	494
2815	512	512	2211	609	498
3071	512	512	2399	620	501
3327	512	512	2588	630	505
3583	512	512	2777	641	509
3839	512	512	2966	652	512
4095	512	512	3154	663	515
0	768	512	190	732	474
256	768	512	380	742	478
512	768	512	568	753	482
768	768	512	756	764	485
1024	768	512	946	775	489
1280	768	512	1134	786	493
1536	768	512	1323	797	496
1792	768	512	1512	808	500
2048	768	512	1701	819	504
2303	768	512	1888	830	507
2559	768	512	2078	841	511
2815	768	512	2266	852	514
3071	768	512	2455	861	517
3327	768	512	2644	872	521
3583	768	512	2833	883	525
3839	768	512	3021	894	529
4095	768	512	3210	905	532
0	1024	512	247	974	491
256	1024	512	435	985	495
512	1024	512	624	996	499
768	1024	512	813	1006	503
1024	1024	512	1001	1017	506
1280	1024	512	1191	1028	510
1536	1024	512	1379	1039	513
1792	1024	512	1568	1050	516
2048	1024	512	1757	1061	520
2303	1024	512	1945	1072	524
2559	1024	512	2133	1082	527
2815	1024	512	2323	1093	531
3071	1024	512	2511	1104	535
3327	1024	512	2700	1115	538
3583	1024	512	2889	1126	542
3839	1024	512	3077	1137	546
4095	1024	512	3266	1148	549
0	1280	512	302	1216	509
256	1280	512	491	1227	512
512	1280	512	680	1238	515
768	1280	512	868	1249	519
1024	1280	512	1058	1260	522
1280	1280	512	1246	1271	526
1536	1280	512	1435	1282	530
1792	1280	512	1624	1293	534
2048	1280	512	1813	1304	537
2303	1280	512	2000	1314	541
2559	1280	512	2190	1325	545
2815	1280	512	2378	1336	548
3071	1280	512	2567	1347	552
3327	1280	512	2756	1358	556
3583	1280	512	2944	1369	559
3839	1280	512	3133	1380	563
4095	1280	512	3322	1391	567
0	1536	512	358	1459	525
256	1536	512	547	1470	529
512	1536	512	736	1481	532
768	1536	512	925	1492	536
1024	1536	512	1113	1503	540
1280	1536	512	1303	1514	543
1536	1536	512	1491	1525	547
1792	1536	512	1680	1536	551
2048	1536	512	1869	1546	554
2303	1536	512	2057	1557	558
2559	1536	512	2245	1568	562
2815	1536	512	2435	1579	565
3071	1536	512	2623	1590	569
3327	1536	512	2811	1601	573
3583	1536	512	3001	1612	577
3839	1536	512	3189	1622	580
4095	1536	512	3378	1633	584
0	1792	512	414	1702	542
256	1792	512	603	1713	546
512	1792	512	792	1724	550
768	1792	512	980	1735	553
1024	1792	512	1170	1746	557
1280	1792	512	1358	1757	561
1536	1792	512	1547	1766	564
1792	1792	512	1736	1777	568
2048	1792	512	1924	1788	572
2303	1792	512	2112	1799	575
2559	1792	512	2302	1810	579
2815	1792	512	2490	1821	583
3071	1792	512	2678	1832	586
3327	1792	512	2868	1843	590
3583	1792	512	3056	1854	594
3839	1792	512	3245	1865	597
4095	1792	512	3434	1876	601
0	2048	512	470	1944	559
256	2048	512	659	1955	563
512	2048	512	848	1966	567
768	2048	512	1037	1977	570
1024	2048	512	1225	1988	574
1280	2048	512	1415	1998	578
1536	2048	512	1603	2009	582
1792	2048	512	1791	2020	585
2048	2048	512	1981	2031	589
2303	2048	512	2169	2042	593
2559	2048	512	2357	2053	596
2815	2048	512	2546	2064	600
3071	2048	512	2735	2075	604
3327	2048	512	2923	2086	607
3583	2048	512	3113	2097	611
3839	2048	512	3301	2107	615
4095	2048	512	3490	2118	618
0	2303	512	526	2186	577
256	2303	512	715	2197	580
512	2303	512	903	2208	584
768	2303	512	1092	2218	588
1024	2303	512	1281	2229	591
1280	2303	512	1470	2240	595
1536	2303	512	1658	2251	599
1792	2303	512	1848	2262	602
2048	2303	512	2036	2273	606
2303	2303	512	2224	2284	610
2559	2303	512	2413	2295	613
2815	2303	512	2602	2306	617
3071	2303	512	2790	2317	621
3327	2303	512	2980	2328	625
3583	2303	512	3168	2338	627
3839	2303	512	3356	2349	631
4095	2303	512	3546	2360	635
0	2559	512	582	2429	594
256	2559	512	770	2440	598
512	2559	512	960	2450	601
768	2559	512	1148	2461	605
1024	2559	512	1337	2472	609
1280	2559	512	1526	2483	612
1536	2559	512	1715	2494	616
1792	2559	512	1903	2505	620
2048	2559	512	2093	2516	623
2303	2559	512	2280	2526	626
2559	2559	512	2469	2537	630
2815	2559	512	2658	2548	633
3071	2559	512	2847	2559	637
3327	2559	512	3035	2569	641
3583	2559	512	3225	2580	644
3839	2559	512	3413	2591	648
4095	2559	512	3601	2602	652
0	2815	512	637	2672	611
256	2815	512	827	2681	615
512	2815	512	1015	2692	618
768	2815	512	1204	2703	622
1024	2815	512	1393	2714	626
1280	2815	512	1582	2725	629
1536	2815	512	1770	2736	632
1792	2815	512	1960	2747	636
2048	2815	512	2148	2758	640
2303	2815	512	2336	2769	643
2559	2815	512	2525	2780	647
2815	2815	512	2714	2790	651
3071	2815	512	2902	2801	654
3327	2815	512	3092	2812	658
3583	2815	512	3280	2823	662
3839	2815	512	3469	2834	665
4095	2815	512	3658	2845	669
0	3071	512	694	2913	627
256	3071	512	882	2924	631
512	3071	512	1072	2935	635
768	3071	512	1260	2946	638
1024	3071	512	1449	2957	642
1280	3071	512	1638	2968	646
1536	3071	512	1827	2979	649
1792	3071	512	2015	2990	653
2048	3071	512	2204	3001	657
2303	3071	512	2392	3012	661
2559	3071	512	2581	3022	664
2815	3071	512	2770	3033	668
3071	3071	512	2959	3044	672
3327	3071	512	3147	3055	675
3583	3071	512	3336	3066	679
3839	3071	512	3525	3077	683
4095	3071	512	3713	3088	686
0	3327	512	749	3156	645
256	3327	512	939	3167	648
512	3327	512	1127	3178	652
768	3327	512	1316	3189	656
1024	3327	512	1505	3200	659
1280	3327	512	1694	3211	663
1536	3327	512	1882	3222	667
1792	3327	512	2071	3233	670
2048	3327	512	2260	3243	674
2303	3327	512	2448	3254	678
2559	3327	512	2637	3265	681
2815	3327	512	2826	3276	685
3071	3327	512	3014	3287	689
3327	3327	512	3203	3297	693
3583	3327	512	3392	3308	696
3839	3327	512	3581	3319	700
4095	3327	512	3770	3330	704
0	3583	512	806	3399	662
256	3583	512	994	3410	665
512	3583	512	1184	3421	669
768	3583	512	1372	3432	673
1024	3583	512	1561	3442	677
1280	3583	512	1750	3453	680
1536	3583	512	1939	3464	684
1792	3583	512	2127	3474	688
2048	3583	512	2316	3485	691
2303	3583	512	2504	3496	695
2559	3583	512	2693	3507	699
2815	3583	512	2882	3518	702
3071	3583	512	3070	3529	706
3327	3583	512	3259	3540	710
3583	3583	512	3448	3551	713
3839	3583	512	3637	3562	717
4095	3583	512	3825	3573	721
0	3839	512	861	3641	679
256	3839	512	1051	3652	683
512	3839	512	1239	3663	686
768	3839	512	1428	3674	690
1024	3839	512	1617	3685	694
1280	3839	512	1806	3696	697
1536	3839	512	1994	3706	701
1792	3839	512	2183	3717	705
2048	3839	512	2372	3728	709
2303	3839	512	2560	3739	712
2559	3839	512	2749	3750	716
2815	3839	512	2937	3761	720
3071	3839	512	3127	3772	723
3327	3839	512	3315	3783	727
3583	3839	512	3504	3794	731
3839	3839	512	3693	3805	734
4095	3839	512	3882	3815	738
0	4095	512	918	3884	696
256	4095	512	1106	3895	700
512	4095	512	1296	3906	704
768	4095	512	1484	3917	707
1024	4095	512	1673	3927	711
1280	4095	512	1862	3938	715
1536	4095	512	2050	3949	718
1792	4095	512	2239	3960	722
2048	4095	512	2428	3971	726
2303	4095	512	2616	3982	729
2559	4095	512	2804	3993	733
2815	4095	512	2994	4004	737
3071	4095	512	3182	4015	740
3327	4095	512	3371	4026	743
3583	4095	512	3560	4037	747
3839	4095	512	3749	4047	751
4095	4095	512	3937	4057	754
0	0	768	34	6	634
256	0	768	222	17	637
512	0	768	411	28	641
768	0	768	600	39	645
1024	0	768	789	50	648
1280	0	768	977	60	652
1536	0	768	1167	70	656
1792	0	768	1355	81	660
2048	0	768	1544	92	663
2303	0	768	1732	103	667
2559	0	768	1921	114	671
2815	0	768	2109	125	674
3071	0	768	2299	136	678
3327	0	768	2487	147	682
3583	0	768	2676	158	685
3839	0	768	2865	169	689
4095	0	768	3053	179	693
0	256	768	89	248	651
256	256	768	279	259	655
512	256	768	467	270	658
768	256	768	656	281	662
1024	256	768	845	291	666
1280	256	768	1034	302	669
1536	256	768	1222	313	673
1792	256	768	1412	324	677
2048	256	768	1600	335	680
2303	256	768	1788	346	684
2559	256	768	1977	357	688
2815	256	768	2166	368	692
3071	256	768	2354	379	695
3327	256	768	2544	390	699
3583	256	768	2732	400	703
3839	256	768	2920	411	706
4095	256	768	3110	422	710
0	512	768	146	491	668
256	512	768	334	502	672
512	512	768	523	512	676
768	512	768	712	523	679
1024	512	768	901	534	683
1280	512	768	1089	545	687
1536	512	768	1279	556	690
1792	512	768	1467	567	694
2048	512	768	1656	578	698
2303	512	768	1844	589	701
2559	512	768	2033	600	705
2815	512	768	2221	611	709
3071	512	768	2411	622	712
3327	512	768	2599	632	716
3583	512	768	2787	643	720
3839	512	768	2977	654	724
4095	512	768	3165	665	727
0	768	768	201	734	685
256	768	768	391	744	689
512	768	768	579	755	693
768	768	768	768	766	696
1024	768	768	957	777	700
1280	768	768	1146	788	704
1536	768	768	1334	799	708
1792	768	768	1524	810	711
2048	768	768	1712	821	715
2303	768	768	1900	831	719
2559	768	768	2089	842	722
2815	768	768	2278	853	726
3071	768	768	2466	863	730
3327	768	768	2655	874	733
3583	768	768	2844	885	737
3839	768	768	3032	896	740
4095	768	768	3222	907	743
0	1024	768	258	975	703
256	1024	768	446	986	706
512	1024	768	635	997	710
768	1024	768	824	1008	714
1024	1024	768	1013	1019	717
1280	1024	768	1201	1030	721
1536	1024	768	1391	1041	725
1792	1024	768	1579	1052	728
2048	1024	768	1767	1063	732
2303	1024	768	1956	1074	736
2559	1024	768	2145	1084	739
2815	1024	768	2333	1095	742
3071	1024	768	2522	1106	746
3327	1024	768	2711	1117	750
3583	1024	768	2900	1128	753
3839	1024	768	3089	1139	757
4095	1024	768	3277	1150	761
0	1280	768	313	1218	720
256	1280	768	503	1229	724
512	1280	768	691	1240	727
768	1280	768	880	1251	731
1024	1280	768	1069	1262	735
1280	1280	768	1258	1273	738
1536	1280	768	1446	1284	741
1792	1280	768	1635	1295	745
2048	1280	768	1824	1306	748
2303	1280	768	2012	1316	752
2559	1280	768	2201	1327	756
2815	1280	768	2389	1338	759
3071	1280	768	2578	1349	763
3327	1280	768	2767	1360	767
3583	1280	768	2956	1371	771
3839	1280	768	3144	1382	774
4095	1280	768	3334	1393	778
0	1536	768	370	1461	737
256	1536	768	558	1472	740
512	1536	768	747	1483	744
768	1536	768	936	1494	747
1024	1536	768	1125	1505	751
1280	1536	768	1313	1516	755
1536	1536	768	1502	1527	758
1792	1536	768	1691	1537	762
2048	1536	768	1879	1548	766
2303	1536	768	2068	1559	769
2559	1536	768	2256	1570	773
2815	1536	768	2446	1580	777
3071	1536	768	2634	1591	780
3327	1536	768	2823	1602	784
3583	1536	768	3012	1613	788
3839	1536	768	3201	1624	791
4095	1536	768	3389	1635	795
0	1792	768	425	1704	753
256	1792	768	615	1715	757
512	1792	768	803	1725	761
768	1792	768	992	1736	764
1024	1792	768	1181	1747	768
1280	1792	768	1369	1758	772
1536	1792	768	1558	1768	776
1792	1792	768	1747	1779	779
2048	1792	768	1936	1790	783
2303	1792	768	2123	1801	787
2559	1792	768	2313	1812	790
2815	1792	768	2501	1823	794
3071	1792	768	2690	1834	798
3327	1792	768	2879	1845	801
3583	1792	768	3068	1856	805
3839	1792	768	3256	1867	809
4095	1792	768	3446	1877	812
0	2048	768	482	1946	771
256	2048	768	670	1957	774
512	2048	768	859	1968	778
768	2048	768	1048	1979	782
1024	2048	768	1236	1990	785
1280	2048	768	1425	2000	789
1536	2048	768	1614	2011	793
1792	2048	768	1803	2022	796
2048	2048	768	1991	2033	800
2303	2048	768	2180	2044	804
2559	2048	768	2368	2055	808
2815	2048	768	2558	2066	811
3071	2048	768	2746	2077	815
3327	2048	768	2935	2088	819
3583	2048	768	3124	2099	822
3839	2048	768	3313	2109	826
4095	2048	768	3501	2120	830
0	2303	768	537	2188	788
256	2303	768	726	2199	792
512	2303	768	915	2210	795
768	2303	768	1103	2220	799
1024	2303	768	1293	2231	803
1280	2303	768	1481	2242	806
1536	2303	768	1670	2253	810
1792	2303	768	1859	2264	814
2048	2303	768	2047	2275	817
2303	2303	768	2235	2286	821
2559	2303	768	2425	2297	825
2815	2303	768	2613	2308	828
3071	2303	768	2802	2319	832
3327	2303	768	2991	2330	836
3583	2303	768	3179	2340	839
3839	2303	768	3368	2351	843
4095	2303	768	3557	2361	847
0	2559	768	593	2431	805
256	2559	768	782	2442	809
512	2559	768	970	2452	812
768	2559	768	1160	2463	816
1024	2559	768	1348	2474	820
1280	2559	768	1537	2485	824
1536	2559	768	1726	2496	827
1792	2559	768	1914	2506	831
2048	2559	768	2104	2517	835
2303	2559	768	2292	2528	838
2559	2559	768	2480	2539	842
2815	2559	768	2670	2550	846
3071	2559	768	2858	2560	849
3327	2559	768	3046	2571	853
3583	2559	768	3236	2582	856
3839	2559	768	3424	2593	859
4095	2559	768	3613	2604	863
0	2815	768	649	2673	822
256	2815	768	838	2683	826
512	2815	768	1027	2694	830
768	2815	768	1215	2705	833
1024	2815	768	1405	2716	837
1280	2815	768	1593	2727	841
1536	2815	768	1781	2738	844
1792	2815	768	1971	2749	848
2048	2815	768	2159	2760	852
2303	2815	768	2347	2771	854
2559	2815	768	2537	2782	858
2815	2815	768	2725	2792	862
3071	2815	768	2913	2803	866
3327	2815	768	3103	2814	869
3583	2815	768	3291	2825	873
3839	2815	768	3480	2836	877
4095	2815	768	3669	2847	880
0	3071	768	705	2915	840
256	3071	768	894	2926	843
512	3071	768	1082	2937	847
768	3071	768	1272	2948	851
1024	3071	768	1460	2959	853
1280	3071	768	1649	2970	857
1536	3071	768	1838	2981	861
1792	3071	768	2026	2992	864
2048	3071	768	2216	3003	868
2303	3071	768	2404	3014	872
2559	3071	768	2592	3024	875
2815	3071	768	2781	3035	879
3071	3071	768	2970	3046	883
3327	3071	768	3158	3057	886
3583	3071	768	3348	3068	890
3839	3071	768	3536	3079	894
4095	3071	768	3725	3090	898
0	3327	768	761	3158	856
256	3327	768	950	3169	859
512	3327	768	1139	3180	863
768	3327	768	1327	3191	867
1024	3327	768	1517	3202	871
1280	3327	768	1705	3213	874
1536	3327	768	1893	3224	878
1792	3327	768	2083	3235	882
2048	3327	768	2271	3245	885
2303	3327	768	2459	3255	889
2559	3327	768	2648	3266	893
2815	3327	768	2837	3277	896
3071	3327	768	3025	3288	900
3327	3327	768	3215	3299	904
3583	3327	768	3403	3310	907
3839	3327	768	3592	3321	911
4095	3327	768	3781	3332	915
0	3583	768	817	3400	873
256	3583	768	1006	3411	877
512	3583	768	1194	3422	880
768	3583	768	1384	3433	884
1024	3583	768	1572	3444	888
1280	3583	768	1761	3455	891
1536	3583	768	1950	3466	895
1792	3583	768	2138	3476	899
2048	3583	768	2328	3487	903
2303	3583	768	2515	3498	906
2559	3583	768	2704	3509	910
2815	3583	768	2893	3520	914
3071	3583	768	3082	3531	917
3327	3583	768	3270	3542	921
3583	3583	768	3460	3553	925
3839	3583	768	3648	3564	928
4095	3583	768	3837	3575	932
0	3839	768	873	3643	890
256	3839	768	1062	3654	894
512	3839	768	1251	3665	898
768	3839	768	1439	3676	901
1024	3839	768	1628	3687	905
1280	3839	768	1817	3697	909
1536	3839	768	2005	3708	912
1792	3839	768	2195	3719	916
2048	3839	768	2383	3730	920
2303	3839	768	2571	3741	923
2559	3839	768	2760	3752	927
2815	3839	768	2949	3763	931
3071	3839	768	3137	3774	935
3327	3839	768	3327	3785	938
3583	3839	768	3515	3796	942
3839	3839	768	3704	3807	946
4095	3839	768	3893	3817	949
0	4095	768	929	3886	908
256	4095	768	1118	3897	911
512	4095	768	1307	3908	915
768	4095	768	1495	3919	919
1024	4095	768	1684	3929	922
1280	4095	768	1873	3940	926
1536	4095	768	2062	3951	930
1792	4095	768	2250	3962	933
2048	4095	768	2440	3973	937
2303	4095	768	2627	3984	941
2559	4095	768	2816	3995	944
2815	4095	768	3005	4006	948
3071	4095	768	3194	4016	952
3327	4095	768	3382	4027	955
3583	4095	768	3572	4038	959
3839	4095	768	3760	4048	963
4095	4095	768	3948	4059	967
0	0	1024	45	8	846
256	0	1024	234	19	850
512	0	1024	422	29	853
768	0	1024	612	40	856
1024	0	1024	800	51	860
1280	0	1024	989	61	863
1536	0	1024	1178	72	867
1792	0	1024	1367	83	871
2048	0	1024	1555	94	874
2303	0	1024	1744	105	878
2559	0	1024	1932	116	882
2815	0	1024	2121	127	885
3071	0	1024	2310	138	889
3327	0	1024	2498	149	893
3583	0	1024	2687	160	897
3839	0	1024	2876	171	900
4095	0	1024	3065	181	904
0	256	1024	101	250	862
256	256	1024	289	261	866
512	256	1024	479	272	870
768	256	1024	667	283	873
1024	256	1024	856	293	877
1280	256	1024	1045	304	881
1536	256	1024	1234	315	884
1792	256	1024	1422	326	888
2048	256	1024	1611	337	892
2303	256	1024	1799	348	895
2559	256	1024	1989	359	899
2815	256	1024	2177	370	903
3071	256	1024	2365	381	906
3327	256	1024	2555	392	910
3583	256	1024	2743	402	914
3839	256	1024	2932	413	917
4095	256	1024	3121	424	921
0	512	1024	157	493	879
256	512	1024	346	504	883
512	512	1024	534	514	887
768	512	1024	724	525	890
1024	512	1024	912	536	894
1280	512	1024	1101	547	898
1536	512	1024	1290	558	902
1792	512	1024	1478	569	905
2048	512	1024	1667	580	909
2303	512	1024	1856	591	913
2559	512	1024	2044	602	916
2815	512	1024	2232	613	920
3071	512	1024	2422	624	924
3327	512	1024	2610	634	927
3583	512	1024	2799	644	931
3839	512	1024	2988	655	935
4095	512	1024	3177	666	938
0	768	1024	213	736	897
256	768	1024	401	746	900
512	768	1024	591	757	904
768	768	1024	779	768	908
1024	768	1024	968	779	911
1280	768	1024	1157	790	915
1536	768	1024	1345	800	919
1792	768	1024	1535	811	922
2048	768	1024	1723	822	926
2303	768	1024	1911	833	930
2559	768	1024	2100	844	934
2815	768	1024	2289	854	937
3071	768	1024	2477	865	941
3327	768	1024	2667	876	945
3583	768	1024	2855	887	948
3839	768	1024	3044	898	952
4095	768	1024	3233	909	956
0	1024	1024	269	977	914
256	1024	1024	458	988	918
512	1024	1024	646	999	921
768	1024	1024	836	1010	925
1024	1024	1024	1024	1021	929
1280	1024	1024	1212	1032	932
1536	1024	1024	1402	1043	936
1792	1024	1024	1590	1054	940
2048	1024	1024	1779	1065	943
2303	1024	1024	1967	1076	947
2559	1024	1024	2156	1086	951
2815	1024	1024	2344	1097	954
3071	1024	1024	2534	1108	958
3327	1024	1024	2722	1119	962
3583	1024	1024	2911	1130	966
3839	1024	1024	3100	1141	968
4095	1024	1024	3289	1152	972
0	1280	1024	325	1220	931
256	1280	1024	513	1231	935
512	1280	1024	703	1242	939
768	1280	1024	891	1253	942
1024	1280	1024	1080	1264	946
1280	1280	1024	1269	1275	950
1536	1280	1024	1457	1286	953
1792	1280	1024	1647	1297	957
2048	1280	1024	1835	1308	961
2303	1280	1024	2023	1318	964
2559	1280	1024	2212	1329	967
2815	1280	1024	2401	1340	971
3071	1280	1024	2589	1351	974
3327	1280	1024	2779	1362	978
3583	1280	1024	2967	1373	982
3839	1280	1024	3156	1384	985
4095	1280	1024	3345	1395	989
0	1536	1024	381	1463	948
256	1536	1024	570	1474	952
512	1536	1024	758	1485	956
768	1536	1024	947	1496	959
1024	1536	1024	1136	1507	963
1280	1536	1024	1324	1518	967
1536	1536	1024	1514	1529	970
1792	1536	1024	1702	1539	973
2048	1536	1024	1891	1550	977
2303	1536	1024	2079	1560	981
2559	1536	1024	2268	1571	984
2815	1536	1024	2456	1582	988
3071	1536	1024	2646	1593	992
3327	1536	1024	2834	1604	995
3583	1536	1024	3023	1615	999
3839	1536	1024	3212	1626	1003
4095	1536	1024	3400	1637	1006
0	1792	1024	437	1705	966
256	1792	1024	626	1716	968
512	1792	1024	814	1727	972
768	1792	1024	1003	1738	976
1024	1792	1024	1192	1749	979
1280	1792	1024	1381	1760	983
1536	1792	1024	1569	1770	987
1792	1792	1024	1759	1781	990
2048	1792	1024	1947	1792	994
2303	1792	1024	2135	1803	998
2559	1792	1024	2324	1814	1002
2815	1792	1024	2513	1825	1005
3071	1792	1024	2701	1836	1009
3327	1792	1024	2891	1847	1013
3583	1792	1024	3079	1858	1016
3839	1792	1024	3268	1869	1020
4095	1792	1024	3457	1879	1024
0	2048	1024	493	1948	982
256	2048	1024	681	1959	986
512	2048	1024	870	1970	989
768	2048	1024	1059	1981	993
1024	2048	1024	1248	1991	997
1280	2048	1024	1436	2002	1000
1536	2048	1024	1626	2013	1004
1792	2048	1024	1814	2024	1008
2048	2048	1024	2003	2035	1011
2303	2048	1024	2191	2046	1015
2559	2048	1024	2380	2057	1019
2815	2048	1024	2568	2068	1022
3071	2048	1024	2758	2079	1026
3327	2048	1024	2946	2090	1030
3583	2048	1024	3135	2101	1034
3839	2048	1024	3324	2111	1037
4095	2048	1024	3512	2122	1041
0	2303	1024	548	2190	999
256	2303	1024	738	2201	1003
512	2303	1024	926	2212	1006
768	2303	1024	1115	2222	1010
1024	2303	1024	1304	2233	1014
1280	2303	1024	1492	2244	1017
1536	2303	1024	1681	2255	1021
1792	2303	1024	1870	2266	1025
2048	2303	1024	2059	2277	1029
2303	2303	1024	2247	2288	1032
2559	2303	1024	2436	2299	1036
2815	2303	1024	2624	2310	1040
3071	2303	1024	2813	2320	1043
3327	2303	1024	3002	2331	1047
3583	2303	1024	3191	2341	1051
3839	2303	1024	3379	2352	1054
4095	2303	1024	3569	2363	1058
0	2559	1024	605	2433	1016
256	2559	1024	793	2444	1020
512	2559	1024	982	2454	1024
768	2559	1024	1171	2464	1027
1024	2559	1024	1359	2475	1031
1280	2559	1024	1548	2486	1035
1536	2559	1024	1737	2497	1038
1792	2559	1024	1926	2508	1042
2048	2559	1024	2114	2519	1046
2303	2559	1024	2303	2530	1049
2559	2559	1024	2491	2541	1053
2815	2559	1024	2680	2552	1057
3071	2559	1024	2869	2562	1061
3327	2559	1024	3058	2573	1064
3583	2559	1024	3246	2584	1068
3839	2559	1024	3436	2595	1072
4095	2559	1024	3624	2606	1075
0	2815	1024	660	2674	1034
256	2815	1024	850	2685	1037
512	2815	1024	1038	2696	1041
768	2815	1024	1227	2707	1045
1024	2815	1024	1416	2718	1048
1280	2815	1024	1604	2729	1052
1536	2815	1024	1793	2740	1056
1792	2815	1024	1982	2751	1059
2048	2815	1024	2171	2762	1063
2303	2815	1024	2358	2773	1067
2559	2815	1024	2548	2784	1070
2815	2815	1024	2736	2794	1074
3071	2815	1024	2925	2805	1078
3327	2815	1024	3114	2816	1081
3583	2815	1024	3303	2827	1084
3839	2815	1024	3491	2838	1088
4095	2815	1024	3681	2849	1092
0	3071	1024	717	2917	1051
256	3071	1024	905	2928	1054
512	3071	1024	1094	2939	1058
768	3071	1024	1283	2950	1062
1024	3071	1024	1471	2961	1066
1280	3071	1024	1660	2972	1069
1536	3071	1024	1849	2983	1073
1792	3071	1024	2038	2994	1077
2048	3071	1024	2226	3005	1080
2303	3071	1024	2415	3015	1083
2559	3071	1024	2603	3026	1087
2815	3071	1024	2792	3037	1090
3071	3071	1024	2981	3048	1094
3327	3071	1024	3170	3059	1098
3583	3071	1024	3358	3070	1101
3839	3071	1024	3548	3080	1105
4095	3071	1024	3736	3091	1109
0	3327	1024	772	3160	1068
256	3327	1024	962	3171	1072
512	3327	1024	1150	3182	1075
768	3327	1024	1338	3193	1079
1024	3327	1024	1528	3204	1082
1280	3327	1024	1716	3215	1085
1536	3327	1024	1905	3226	1089
1792	3327	1024	2094	3236	1093
2048	3327	1024	2283	3246	1097
2303	3327	1024	2470	3257	1100
2559	3327	1024	2660	3268	1104
2815	3327	1024	2848	3279	1108
3071	3327	1024	3037	3290	1111
3327	3327	1024	3226	3301	1115
3583	3327	1024	3415	3312	1119
3839	3327	1024	3603	3323	1122
4095	3327	1024	3792	3334	1126
0	3583	1024	829	3402	1084
256	3583	1024	1017	3413	1088
512	3583	1024	1205	3424	1092
768	3583	1024	1395	3435	1095
1024	3583	1024	1583	3446	1099
1280	3583	1024	1772	3457	1103
1536	3583	1024	1961	3468	1106
1792	3583	1024	2150	3478	1110
2048	3583	1024	2338	3489	1114
2303	3583	1024	2527	3500	1117
2559	3583	1024	2715	3511	1121
2815	3583	1024	2904	3522	1125
3071	3583	1024	3093	3533	1129
3327	3583	1024	3282	3544	1132
3583	3583	1024	3470	3555	1136
3839	3583	1024	3659	3566	1140
4095	3583	1024	3848	3577	1143
0	3839	1024	884	3645	1102
256	3839	1024	1073	3656	1105
512	3839	1024	1262	3667	1109
768	3839	1024	1450	3678	1113
1024	3839	1024	1640	3689	1116
1280	3839	1024	1828	3699	1120
1536	3839	1024	2017	3710	1124
1792	3839	1024	2206	3721	1127
2048	3839	1024	2395	3732	1131
2303	3839	1024	2582	3743	1135
2559	3839	1024	2772	3754	1138
2815	3839	1024	2960	3765	1142
3071	3839	1024	3149	3776	1146
3327	3839	1024	3338	3787	1149
3583	3839	1024	3526	3798	1153
3839	3839	1024	3715	3809	1157
4095	3839	1024	3904	3819	1161
0	4095	1024	940	3888	1119
256	4095	1024	1129	3899	1122
512	4095	1024	1317	3910	1126
768	4095	1024	1507	3921	1130
1024	4095	1024	1695	3931	1134
1280	4095	1024	1884	3942	1137
1536	4095	1024	2073	3953	1141
1792	4095	1024	2262	3964	1145
2048	4095	1024	2450	3975	1148
2303	4095	1024	2639	3985	1152
2559	4095	1024	2827	3996	1156
2815	4095	1024	3016	4007	1159
3071	4095	1024	3205	4018	1163
3327	4095	1024	3393	4029	1167
3583	4095	1024	3583	4039	1170
3839	4095	1024	3771	4050	1174
4095	4095	1024	3960	4061	1178
0	0	1280	57	9	1057
256	0	1280	245	20	1061
512	0	1280	434	31	1065
768	0	1280	623	42	1068
1024	0	1280	812	53	1072
1280	0	1280	1000	63	1076
1536	0	1280	1189	74	1079
1792	0	1280	1378	85	1082
2048	0	1280	1566	96	1086
2303	0	1280	1755	107	1089
2559	0	1280	1943	118	1093
2815	0	1280	2132	129	1097
3071	0	1280	2321	140	1100
3327	0	1280	2510	151	1104
3583	0	1280	2698	162	1108
3839	0	1280	2888	172	1111
4095	0	1280	3076	183	1115
0	256	1280	112	252	1074
256	256	1280	301	263	1078
512	256	1280	490	274	1081
768	256	1280	679	284	1084
1024	256	1280	867	295	1088
1280	256	1280	1056	306	1092
1536	256	1280	1245	317	1096
1792	256	1280	1433	328	1099
2048	256	1280	1623	339	1103
2303	256	1280	1810	350	1107
2559	256	1280	1999	361	1110
2815	256	1280	2188	372	1114
3071	256	1280	2377	383	1118
3327	256	1280	2565	394	1121
3583	256	1280	2755	404	1125
3839	256	1280	2943	415	1129
4095	256	1280	3132	426	1132
0	512	1280	169	495	1091
256	512	1280	357	506	1094
512	512	1280	546	516	1098
768	512	1280	735	527	1102
1024	512	1280	923	538	1105
1280	512	1280	1112	549	1109
1536	512	1280	1301	560	1113
1792	512	1280	1490	571	1116
2048	512	1280	1678	582	1120
2303	512	1280	1867	593	1124
2559	512	1280	2055	604	1128
2815	512	1280	2244	614	1131
3071	512	1280	2433	625	1135
3327	512	1280	2622	635	1139
3583	512	1280	2810	646	1142
3839	512	1280	3000	657	1146
4095	512	1280	3188	668	1150
0	768	1280	224	738	1108
256	768	1280	413	748	1112
512	768	1280	602	758	1115
768	768	1280	790	769	1119
1024	768	1280	979	780	1123
1280	768	1280	1168	791	1126
1536	768	1280	1357	802	1130
1792	768	1280	1545	813	1134
2048	768	1280	1735	824	1137
2303	768	1280	1922	835	1141
2559	768	1280	2111	846	1145
2815	768	1280	2300	856	1148
3071	768	1280	2489	867	1152
3327	768	1280	2677	878	1156
3583	768	1280	2867	889	1160
3839	768	1280	3055	900	1163
4095	768	1280	3243	911	1167
0	1024	1280	281	979	1125
256	1024	1280	469	990	1129
512	1024	1280	657	1001	1133
768	1024	1280	847	1012	1136
1024	1024	1280	1035	1023	1140
1280	1024	1280	1224	1034	1144
1536	1024	1280	1413	1045	1147
1792	1024	1280	1602	1056	1151
2048	1024	1280	1790	1067	1155
2303	1024	1280	1979	1078	1158
2559	1024	1280	2167	1088	1162
2815	1024	1280	2356	1099	1166
3071	1024	1280	2545	1110	1169
3327	1024	1280	2734	1121	1173
3583	1024	1280	2922	1132	1177
3839	1024	1280	3111	1143	1180
4095	1024	1280	3300	1154	1184
0	1280	1280	336	1222	1142
256	1280	1280	524	1233	1146
512	1280	1280	714	1244	1150
768	1280	1280	902	1255	1153
1024	1280	1280	1091	1266	1157
1280	1280	1280	1280	1277	1161
1536	1280	1280	1469	1288	1165
1792	1280	1280	1657	1299	1168
2048	1280	1280	1847	1309	1172
2303	1280	1280	2034	1320	1176
2559	1280	1280	2223	1331	1179
2815	1280	1280	2412	1342	1183
3071	1280	1280	2601	1353	1187
3327	1280	1280	2789	1364	1190
3583	1280	1280	2978	1374	1194
3839	1280	1280	3167	1385	1197
4095	1280	1280	3356	1396	1200
0	1536	1280	392	1465	1160
256	1536	1280	581	1476	1163
512	1536	1280	769	1487	1167
768	1536	1280	959	1498	1171
1024	1536	1280	1147	1509	1174
1280	1536	1280	1336	1519	1178
1536	1536	1280	1525	1530	1182
1792	1536	1280	1714	1540	1185
2048	1536	1280	1902	1551	1189
2303	1536	1280	2091	1562	1193
2559	1536	1280	2279	1573	1195
2815	1536	1280	2468	1584	1199
3071	1536	1280	2657	1595	1203
3327	1536	1280	2846	1606	1207
3583	1536	1280	3034	1617	1210
3839	1536	1280	3223	1628	1214
4095	1536	1280	3412	1639	1218
0	1792	1280	448	1707	1177
256	1792	1280	636	1718	1181
512	1792	1280	826	1729	1184
768	1792	1280	1014	1740	1188
1024	1792	1280	1203	1751	1192
1280	1792	1280	1392	1762	1194
1536	1792	1280	1581	1772	1198
1792	1792	1280	1769	1783	1202
2048	1792	1280	1958	1794	1205
2303	1792	1280	2146	1805	1209
2559	1792	1280	2335	1816	1213
2815	1792	1280	2524	1827	1216
3071	1792	1280	2713	1838	1220
3327	1792	1280	2901	1849	1224
3583	1792	1280	3090	1860	1227
3839	1792	1280	3279	1871	1231
4095	1792	1280	3468	1881	1235
0	2048	1280	504	1950	1194
256	2048	1280	693	1961	1197
512	2048	1280	881	1972	1200
768	2048	1280	1071	1983	1204
1024	2048	1280	1259	1993	1208
1280	2048	1280	1448	2004	1212
1536	2048	1280	1637	2015	1215
1792	2048	1280	1825	2026	1219
2048	2048	1280	2014	2037	1223
2303	2048	1280	2203	2048	1226
2559	2048	1280	2391	2059	1230
2815	2048	1280	2580	2070	1234
3071	2048	1280	2769	2081	1237
3327	2048	1280	2957	2092	1241
3583	2048	1280	3146	2103	1245
3839	2048	1280	3335	2113	1248
4095	2048	1280	3524	2124	1252
0	2303	1280	560	2192	1210
256	2303	1280	748	2203	1214
512	2303	1280	937	2214	1218
768	2303	1280	1126	2224	1221
1024	2303	1280	1314	2235	1225
1280	2303	1280	1504	2246	1229
1536	2303	1280	1692	2257	1232
1792	2303	1280	1881	2268	1236
2048	2303	1280	2070	2279	1240
2303	2303	1280	2258	2289	1243
2559	2303	1280	2446	2300	1247
2815	2303	1280	2636	2311	1251
3071	2303	1280	2824	2322	1255
3327	2303	1280	3014	2332	1258
3583	2303	1280	3202	2343	1262
3839	2303	1280	3391	2354	1266
4095	2303	1280	3580	2365	1269
0	2559	1280	616	2434	1228
256	2559	1280	805	2445	1231
512	2559	1280	993	2455	1235
768	2559	1280	1182	2466	1239
1024	2559	1280	1371	2477	1242
1280	2559	1280	1559	2488	1246
1536	2559	1280	1749	2499	1250
1792	2559	1280	1937	2510	1253
2048	2559	1280	2126	2521	1257
2303	2559	1280	2314	2532	1261
2559	2559	1280	2503	2543	1264
2815	2559	1280	2691	2554	1268
3071	2559	1280	2881	2564	1272
3327	2559	1280	3069	2575	1275
3583	2559	1280	3258	2586	1279
3839	2559	1280	3447	2597	1283
4095	2559	1280	3635	2608	1287
0	2815	1280	672	2676	1245
256	2815	1280	860	2687	1248
512	2815	1280	1049	2698	1252
768	2815	1280	1238	2709	1256
1024	2815	1280	1426	2720	1260
1280	2815	1280	1616	2731	1263
1536	2815	1280	1804	2742	1267
1792	2815	1280	1993	2753	1271
2048	2815	1280	2182	2764	1274
2303	2815	1280	2370	2775	1278
2559	2815	1280	2559	2786	1282
2815	2815	1280	2748	2796	1285
3071	2815	1280	2936	2807	1289
3327	2815	1280	3126	2818	1293
3583	2815	1280	3314	2829	1296
3839	2815	1280	3502	2840	1300
4095	2815	1280	3692	2851	1304
0	3071	1280	728	2919	1262
256	3071	1280	916	2930	1266
512	3071	1280	1105	2941	1269
768	3071	1280	1294	2952	1273
1024	3071	1280	1483	2963	1277
1280	3071	1280	1671	2974	1280
1536	3071	1280	1861	2985	1284
1792	3071	1280	2049	2996	1288
2048	3071	1280	2238	3007	1292
2303	3071	1280	2426	3017	1295
2559	3071	1280	2615	3028	1299
2815	3071	1280	2803	3039	1303
3071	3071	1280	2993	3049	1306
3327	3071	1280	3181	3060	1309
3583	3071	1280	3369	3071	1313
3839	3071	1280	3559	3082	1316
4095	3071	1280	3747	3093	1320
0	3327	1280	783	3162	1279
256	3327	1280	972	3173	1283
512	3327	1280	1161	3184	1287
768	3327	1280	1350	3194	1290
1024	3327	1280	1538	3205	1294
1280	3327	1280	1728	3216	1298
1536	3327	1280	1916	3227	1301
1792	3327	1280	2105	3238	1305
2048	3327	1280	2294	3248	1308
2303	3327	1280	2482	3259	1311
2559	3327	1280	2671	3270	1315
2815	3327	1280	2860	3281	1319
3071	3327	1280	3048	3292	1323
3327	3327	1280	3237	3303	1326
3583	3327	1280	3426	3314	1330
3839	3327	1280	3614	3325	1334
4095	3327	1280	3804	3336	1337
0	3583	1280	840	3404	1296
256	3583	1280	1028	3415	1300
512	3583	1280	1217	3426	1304
768	3583	1280	1406	3437	1308
1024	3583	1280	1595	3448	1310
1280	3583	1280	1783	3459	1314
1536	3583	1280	1973	3469	1318
1792	3583	1280	2161	3480	1321
2048	3583	1280	2349	3491	1325
2303	3583	1280	2538	3502	1329
2559	3583	1280	2727	3513	1332
2815	3583	1280	2915	3524	1336
3071	3583	1280	3104	3535	1340
3327	3583	1280	3293	3546	1343
3583	3583	1280	3481	3557	1347
3839	3583	1280	3671	3568	1351
4095	3583	1280	3859	3579	1355
0	3839	1280	895	3647	1313
256	3839	1280	1084	3658	1316
512	3839	1280	1273	3669	1320
768	3839	1280	1462	3680	1324
1024	3839	1280	1650	3691	1327
1280	3839	1280	1840	3701	1331
1536	3839	1280	2028	3712	1335
1792	3839	1280	2217	3723	1339
2048	3839	1280	2406	3734	1342
2303	3839	1280	2594	3745	1346
2559	3839	1280	2783	3756	1350
2815	3839	1280	2971	3767	1353
3071	3839	1280	3160	3778	1357
3327	3839	1280	3349	3789	1361
3583	3839	1280	3538	3800	1364
3839	3839	1280	3726	3810	1368
4095	3839	1280	3916	3820	1372
0	4095	1280	952	3890	1330
256	4095	1280	1140	3901	1334
512	4095	1280	1329	3912	1337
768	4095	1280	1518	3923	1341
1024	4095	1280	1707	3933	1345
1280	4095	1280	1895	3944	1348
1536	4095	1280	2084	3954	1352
1792	4095	1280	2273	3965	1356
2048	4095	1280	2461	3976	1359
2303	4095	1280	2650	3987	1363
2559	4095	1280	2838	3998	1367
2815	4095	1280	3027	4009	1371
3071	4095	1280	3216	4020	1374
3327	4095	1280	3405	4031	1378
3583	4095	1280	3593	4041	1382
3839	4095	1280	3783	4052	1385
4095	4095	1280	3971	4063	1389
0	0	1536	67	11	1268
256	0	1536	257	22	1272
512	0	1536	445	33	1276
768	0	1536	633	44	1279
1024	0	1536	823	55	1283
1280	0	1536	1011	65	1287
1536	0	1536	1200	76	1291
1792	0	1536	1389	87	1294
2048	0	1536	1578	98	1298
2303	0	1536	1765	109	1302
2559	0	1536	1955	120	1305
2815	0	1536	2143	131	1308
3071	0	1536	2332	142	1312
3327	0	1536	2521	153	1315
3583	0	1536	2710	164	1319
3839	0	1536	2899	174	1323
4095	0	1536	3087	185	1326
0	256	1536	124	254	1286
256	256	1536	312	265	1289
512	256	1536	501	276	1293
768	256	1536	690	286	1297
1024	256	1536	878	297	1300
1280	256	1536	1068	308	1304
1536	256	1536	1256	319	1308
1792	256	1536	1445	330	1310
2048	256	1536	1634	341	1314
2303	256	1536	1822	352	1318
2559	256	1536	2010	363	1322
2815	256	1536	2200	374	1325
3071	256	1536	2388	385	1329
3327	256	1536	2577	396	1333
3583	256	1536	2766	406	1336
3839	256	1536	2954	417	1340
4095	256	1536	3143	428	1344
0	512	1536	179	497	1303
256	512	1536	368	508	1307
512	512	1536	557	518	1309
768	512	1536	745	529	1313
1024	512	1536	935	540	1317
1280	512	1536	1123	551	1320
1536	512	1536	1312	562	1324
1792	512	1536	1501	573	1328
2048	512	1536	1690	583	1331
2303	512	1536	1877	594	1335
2559	512	1536	2067	605	1339
2815	512	1536	2255	616	1342
3071	512	1536	2445	626	1346
3327	512	1536	2633	637	1350
3583	512	1536	2821	648	1354
3839	512	1536	3011	659	1357
4095	512	1536	3199	670	1361
0	768	1536	235	739	1319
256	768	1536	424	749	1323
512	768	1536	613	760	1326
768	768	1536	802	771	1330
1024	768	1536	990	782	1334
1280	768	1536	1180	793	1338
1536	768	1536	1368	804	1341
1792	768	1536	1557	815	1345
2048	768	1536	1746	826	1349
2303	768	1536	1934	837	1352
2559	768	1536	2122	848	1356
2815	768	1536	2312	858	1360
3071	768	1536	2500	869	1363
3327	768	1536	2688	880	1367
3583	768	1536	2878	891	1371
3839	768	1536	3066	902	1374
4095	768	1536	3255	913	1378
0	1024	1536	291	981	1336
256	1024	1536	480	992	1340
512	1024	1536	669	1003	1344
768	1024	1536	857	1014	1347
1024	1024	1536	1047	1025	1351
1280	1024	1536	1235	1036	1355
1536	1024	1536	1424	1047	1358
1792	1024	1536	1613	1058	1362
2048	1024	1536	1801	1069	1366
2303	1024	1536	1990	1080	1370
2559	1024	1536	2179	1090	1373
2815	1024	1536	2367	1101	1377
3071	1024	1536	2556	1112	1381
3327	1024	1536	2745	1123	1384
3583	1024	1536	2933	1134	1388
3839	1024	1536	3123	1145	1392
4095	1024	1536	3311	1156	1395
0	1280	1536	347	1224	1354
256	1280	1536	536	1235	1357
512	1280	1536	725	1246	1361
768	1280	1536	914	1257	1365
1024	1280	1536	1102	1268	1368
1280	1280	1536	1292	1279	1372
1536	1280	1536	1480	1290	1376
1792	1280	1536	1668	1301	1379
2048	1280	1536	1858	1311	1383
2303	1280	1536	2046	1322	1387
2559	1280	1536	2234	1332	1390
2815	1280	1536	2424	1343	1394
3071	1280	1536	2612	1354	1398
3327	1280	1536	2800	1365	1402
3583	1280	1536	2990	1376	1405
3839	1280	1536	3178	1387	1409
4095	1280	1536	3367	1398	1413
0	1536	1536	403	1467	1371
256	1536	1536	592	1477	1375
512	1536	1536	781	1488	1378
768	1536	1536	969	1499	1382
1024	1536	1536	1159	1510	1386
1280	1536	1536	1347	1521	1389
1536	1536	1536	1536	1532	1393
1792	1536	1536	1725	1542	1397
2048	1536	1536	1913	1553	1400
2303	1536	1536	2102	1564	1404
2559	1536	1536	2291	1575	1408
2815	1536	1536	2479	1586	1411
3071	1536	1536	2668	1597	1415
3327	1536	1536	2857	1608	1419
3583	1536	1536	3045	1619	1422
3839	1536	1536	3235	1630	1425
4095	1536	1536	3423	1641	1429
0	1792	1536	459	1709	1388
256	1792	1536	648	1720	1392
512	1792	1536	837	1731	1395
768	1792	1536	1026	1742	1399
1024	1792	1536	1214	1753	1403
1280	1792	1536	1403	1763	1407
1536	1792	1536	1592	1774	1410
1792	1792	1536	1780	1785	1414
2048	1792	1536	1970	1796	1418
2303	1792	1536	2158	1807	1421
2559	1792	1536	2346	1818	1424
2815	1792	1536	2535	1829	1428
3071	1792	1536	2724	1840	1431
3327	1792	1536	2912	1851	1435
3583	1792	1536	3102	1862	1439
3839	1792	1536	3290	1873	1442
4095	1792	1536	3479	1883	1446
0	2048	1536	515	1952	1405
256	2048	1536	704	1963	1409
512	2048	1536	893	1974	1413
768	2048	1536	1081	1985	1416
1024	2048	1536	1270	1995	1420
1280	2048	1536	1459	2006	1423
1536	2048	1536	1648	2017	1426
1792	2048	1536	1837	2028	1430
2048	2048	1536	2025	2039	1434
2303	2048	1536	2214	2050	1438
2559	2048	1536	2402	2061	1441
2815	2048	1536	2591	2072	1445
3071	2048	1536	2780	2083	1449
3327	2048	1536	2969	2093	1452
3583	2048	1536	3157	2104	1456
3839	2048	1536	3347	2114	1460
4095	2048	1536	3535	2125	1463
0	2303	1536	571	2194	1422
256	2303	1536	759	2205	1425
512	2303	1536	949	2216	1429
768	2303	1536	1137	2226	1433
1024	2303	1536	1326	2237	1436
1280	2303	1536	1515	2248	1440
1536	2303	1536	1704	2258	1444
1792	2303	1536	1892	2269	1447
2048	2303	1536	2082	2280	1451
2303	2303	1536	2269	2291	1455
2559	2303	1536	2458	2302	1458
2815	2303	1536	2647	2313	1462
3071	2303	1536	2836	2324	1466
3327	2303	1536	3024	2334	1469
3583	2303	1536	3213	2345	1473
3839	2303	1536	3402	2356	1477
4095	2303	1536	3590	2367	1481
0	2559	1536	626	2436	1439
256	2559	1536	816	2446	1442
512	2559	1536	1004	2457	1446
768	2559	1536	1194	2468	1450
1024	2559	1536	1382	2479	1454
1280	2559	1536	1571	2490	1457
1536	2559	1536	1760	2501	1461
1792	2559	1536	1949	2512	1465
2048	2559	1536	2137	2523	1468
2303	2559	1536	2326	2534	1472
2559	2559	1536	2514	2545	1476
2815	2559	1536	2703	2556	1479
3071	2559	1536	2892	2566	1483
3327	2559	1536	3080	2577	1487
3583	2559	1536	3269	2588	1490
3839	2559	1536	3458	2599	1494
4095	2559	1536	3647	2610	1498
0	2815	1536	683	2678	1456
256	2815	1536	871	2689	1460
512	2815	1536	1061	2700	1463
768	2815	1536	1249	2711	1467
1024	2815	1536	1438	2722	1471
1280	2815	1536	1627	2733	1474
1536	2815	1536	1816	2744	1478
1792	2815	1536	2004	2755	1482
2048	2815	1536	2193	2766	1486
2303	2815	1536	2381	2777	1489
2559	2815	1536	2570	2787	1493
2815	2815	1536	2759	2798	1497
3071	2815	1536	2947	2809	1500
3327	2815	1536	3136	2820	1504
3583	2815	1536	3325	2831	1508
3839	2815	1536	3514	2842	1511
4095	2815	1536	3702	2853	1515
0	3071	1536	739	2921	1473
256	3071	1536	928	2932	1477
512	3071	1536	1116	2943	1481
768	3071	1536	1306	2954	1484
1024	3071	1536	1494	2965	1488
1280	3071	1536	1683	2976	1492
1536	3071	1536	1872	2987	1495
1792	3071	1536	2060	2998	1499
2048	3071	1536	2249	3009	1503
2303	3071	1536	2438	3018	1506
2559	3071	1536	2626	3029	1510
2815	3071	1536	2814	3040	1514
3071	3071	1536	3004	3051	1518
3327	3071	1536	3192	3062	1521
3583	3071	1536	3381	3073	1525
3839	3071	1536	3570	3084	1529
4095	3071	1536	3759	3095	1532
0	3327	1536	795	3163	1490
256	3327	1536	983	3174	1494
512	3327	1536	1173	3185	1498
768	3327	1536	1361	3196	1502
1024	3327	1536	1550	3207	1505
1280	3327	1536	1739	3218	1509
1536	3327	1536	1927	3229	1513
1792	3327	1536	2116	3240	1516
2048	3327	1536	2305	3250	1520
2303	3327	1536	2493	3261	1524
2559	3327	1536	2681	3272	1527
2815	3327	1536	2871	3283	1531
3071	3327	1536	3059	3294	1535
3327	3327	1536	3248	3305	1537
3583	3327	1536	3437	3316	1541
3839	3327	1536	3626	3327	1545
4095	3327	1536	3814	3338	1549
0	3583	1536	851	3406	1508
256	3583	1536	1040	3417	1511
512	3583	1536	1228	3428	1515
768	3583	1536	1418	3439	1519
1024	3583	1536	1606	3450	1522
1280	3583	1536	1794	3461	1526
1536	3583	1536	1984	3471	1530
1792	3583	1536	2172	3482	1534
2048	3583	1536	2361	3493	1536
2303	3583	1536	2549	3504	1540
2559	3583	1536	2738	3515	1544
2815	3583	1536	2926	3526	1547
3071	3583	1536	3116	3537	1551
3327	3583	1536	3304	3548	1555
3583	3583	1536	3493	3559	1558
3839	3583	1536	3682	3570	1562
4095	3583	1536	3871	3581	1566
0	3839	1536	907	3649	1525
256	3839	1536	1095	3660	1529
512	3839	1536	1285	3671	1532
768	3839	1536	1473	3682	1536
1024	3839	1536	1661	3693	1539
1280	3839	1536	1851	3703	1542
1536	3839	1536	2039	3714	1546
1792	3839	1536	2228	3725	1550
2048	3839	1536	2417	3736	1553
2303	3839	1536	2605	3747	1557
2559	3839	1536	2793	3758	1561
2815	3839	1536	2983	3768	1565
3071	3839	1536	3171	3779	1568
3327	3839	1536	3360	3790	1572
3583	3839	1536	3549	3801	1576
3839	3839	1536	3738	3811	1579
4095	3839	1536	3926	3822	1583
0	4095	1536	963	3892	1541
256	4095	1536	1152	3903	1545
512	4095	1536	1340	3913	1549
768	4095	1536	1529	3924	1552
1024	4095	1536	1718	3934	1556
1280	4095	1536	1906	3945	1560
1536	4095	1536	2096	3956	1563
1792	4095	1536	2284	3967	1567
2048	4095	1536	2473	3978	1571
2303	4095	1536	2661	3989	1574
2559	4095	1536	2850	4000	1578
2815	4095	1536	3038	4011	1582
3071	4095	1536	3228	4022	1585
3327	4095	1536	3416	4033	1589
3583	4095	1536	3605	4043	1593
3839	4095	1536	3794	4054	1597
4095	4095	1536	3983	4065	1600
0	0	1792	78	13	1480
256	0	1792	268	24	1483
512	0	1792	456	35	1487
768	0	1792	645	46	1491
1024	0	1792	834	57	1494
1280	0	1792	1023	67	1498
1536	0	1792	1211	78	1502
1792	0	1792	1401	89	1505
2048	0	1792	1589	100	1509
2303	0	1792	1777	111	1513
2559	0	1792	1966	122	1516
2815	0	1792	2155	133	1520
3071	0	1792	2343	144	1524
3327	0	1792	2532	155	1528
3583	0	1792	2721	166	1531
3839	0	1792	2909	176	1535
4095	0	1792	3099	187	1538
0	256	1792	135	256	1497
256	256	1792	323	267	1501
512	256	1792	512	278	1504
768	256	1792	701	288	1508
1024	256	1792	890	299	1512
1280	256	1792	1079	310	1515
1536	256	1792	1268	321	1519
1792	256	1792	1456	332	1523
2048	256	1792	1645	343	1526
2303	256	1792	1833	354	1530
2559	256	1792	2022	365	1534
2815	256	1792	2211	376	1536
3071	256	1792	2399	387	1540
3327	256	1792	2588	397	1544
3583	256	1792	2777	407	1547
3839	256	1792	2966	418	1551
4095	256	1792	3154	429	1555
0	512	1792	190	499	1514
256	512	1792	380	510	1518
512	512	1792	568	520	1521
768	512	1792	757	531	1525
1024	512	1792	946	541	1529
1280	512	1792	1135	552	1533
1536	512	1792	1323	563	1536
1792	512	1792	1512	574	1539
2048	512	1792	1701	585	1543
2303	512	1792	1889	596	1546
2559	512	1792	2078	607	1550
2815	512	1792	2266	618	1554
3071	512	1792	2455	628	1557
3327	512	1792	2644	639	1561
3583	512	1792	2833	650	1565
3839	512	1792	3021	661	1568
4095	512	1792	3211	672	1572
0	768	1792	247	740	1531
256	768	1792	435	751	1535
512	768	1792	625	762	1538
768	768	1792	813	773	1541
1024	768	1792	1002	784	1545
1280	768	1792	1191	795	1549
1536	768	1792	1379	806	1552
1792	768	1792	1568	817	1556
2048	768	1792	1757	828	1560
2303	768	1792	1945	839	1564
2559	768	1792	2133	850	1567
2815	768	1792	2323	860	1571
3071	768	1792	2511	871	1575
3327	768	1792	2700	882	1578
3583	768	1792	2889	893	1582
3839	768	1792	3078	904	1586
4095	768	1792	3266	915	1589
0	1024	1792	302	983	1548
256	1024	1792	492	994	1551
512	1024	1792	680	1005	1555
768	1024	1792	869	1016	1559
1024	1024	1792	1058	1027	1562
1280	1024	1792	1246	1038	1566
1536	1024	1792	1435	1049	1570
1792	1024	1792	1624	1060	1573
2048	1024	1792	1813	1071	1577
2303	1024	1792	2001	1081	1581
2559	1024	1792	2190	1092	1584
2815	1024	1792	2378	1103	1588
3071	1024	1792	2567	1114	1592
3327	1024	1792	2756	1125	1596
3583	1024	1792	2945	1136	1599
3839	1024	1792	3133	1147	1603
4095	1024	1792	3323	1158	1607
0	1280	1792	359	1226	1565
256	1280	1792	547	1237	1569
512	1280	1792	737	1248	1572
768	1280	1792	925	1259	1576
1024	1280	1792	1113	1270	1580
1280	1280	1792	1303	1281	1583
1536	1280	1792	1491	1292	1587
1792	1280	1792	1680	1303	1591
2048	1280	1792	1869	1312	1594
2303	1280	1792	2057	1323	1598
2559	1280	1792	2245	1334	1602
2815	1280	1792	2435	1345	1605
3071	1280	1792	2623	1356	1609
3327	1280	1792	2812	1367	1613
3583	1280	1792	3001	1378	1616
3839	1280	1792	3190	1389	1620
4095	1280	1792	3378	1400	1624
0	1536	1792	414	1468	1582
256	1536	1792	604	1479	1586
512	1536	1792	792	1490	1589
768	1536	1792	980	1501	1593
1024	1536	1792	1170	1512	1597
1280	1536	1792	1358	1523	1601
1536	1536	1792	1547	1534	1604
1792	1536	1792	1736	1544	1608
2048	1536	1792	1925	1555	1612
2303	1536	1792	2112	1566	1615
2559	1536	1792	2302	1577	1619
2815	1536	1792	2490	1588	1623
3071	1536	1792	2679	1599	1626
3327	1536	1792	2868	1610	1630
3583	1536	1792	3057	1621	1634
3839	1536	1792	3245	1632	1637
4095	1536	1792	3435	1643	1641
0	1792	1792	471	1711	1599
256	1792	1792	659	1722	1603
512	1792	1792	848	1733	1607
768	1792	1792	1037	1744	1610
1024	1792	1792	1225	1755	1614
1280	1792	1792	1415	1765	1618
1536	1792	1792	1603	1776	1621
1792	1792	1792	1792	1787	1625
2048	1792	1792	1981	1798	1629
2303	1792	1792	2169	1809	1633
2559	1792	1792	2357	1820	1636
2815	1792	1792	2547	1831	1640
3071	1792	1792	2735	1842	1644
3327	1792	1792	2924	1853	1647
3583	1792	1792	3113	1864	1650
3839	1792	1792	3302	1875	1654
4095	1792	1792	3490	1885	1657
0	2048	1792	526	1954	1617
256	2048	1792	716	1965	1620
512	2048	1792	904	1976	1624
768	2048	1792	1092	1987	1628
1024	2048	1792	1282	1997	1631
1280	2048	1792	1470	2008	1635
1536	2048	1792	1659	2019	1639
1792	2048	1792	1848	2030	1642
2048	2048	1792	2037	2041	1646
2303	2048	1792	2224	2051	1649
2559	2048	1792	2414	2062	1652
2815	2048	1792	2602	2073	1656
3071	2048	1792	2791	2084	1660
3327	2048	1792	2980	2095	1664
3583	2048	1792	3169	2105	1667
3839	2048	1792	3357	2116	1671
4095	2048	1792	3546	2127	1675
0	2303	1792	582	2196	1634
256	2303	1792	771	2207	1637
512	2303	1792	960	2217	1641
768	2303	1792	1149	2227	1645
1024	2303	1792	1337	2238	1649
1280	2303	1792	1527	2249	1651
1536	2303	1792	1715	2260	1655
1792	2303	1792	1903	2271	1659
2048	2303	1792	2093	2282	1662
2303	2303	1792	2281	2293	1666
2559	2303	1792	2469	2304	1670
2815	2303	1792	2658	2315	1673
3071	2303	1792	2847	2326	1677
3327	2303	1792	3035	2336	1681
3583	2303	1792	3225	2347	1684
3839	2303	1792	3413	2358	1688
4095	2303	1792	3602	2369	1692
0	2559	1792	638	2438	1650
256	2559	1792	827	2448	1654
512	2559	1792	1016	2459	1657
768	2559	1792	1204	2470	1661
1024	2559	1792	1394	2481	1665
1280	2559	1792	1582	2492	1668
1536	2559	1792	1770	2503	1672
1792	2559	1792	1960	2514	1676
2048	2559	1792	2148	2525	1680
2303	2559	1792	2336	2536	1683
2559	2559	1792	2525	2547	1687
2815	2559	1792	2714	2558	1691
3071	2559	1792	2902	2568	1694
3327	2559	1792	3092	2579	1698
3583	2559	1792	3280	2590	1702
3839	2559	1792	3469	2601	1705
4095	2559	1792	3658	2612	1709
0	2815	1792	694	2680	1667
256	2815	1792	883	2691	1671
512	2815	1792	1072	2702	1675
768	2815	1792	1261	2713	1678
1024	2815	1792	1449	2724	1682
1280	2815	1792	1638	2735	1686
1536	2815	1792	1827	2746	1689
1792	2815	1792	2015	2757	1693
2048	2815	1792	2205	2768	1697
2303	2815	1792	2392	2779	1700
2559	2815	1792	2581	2789	1704
2815	2815	1792	2770	2800	1708
3071	2815	1792	2959	2811	1711
3327	2815	1792	3147	2822	1715
3583	2815	1792	3337	2832	1719
3839	2815	1792	3525	2843	1723
4095	2815	1792	3714	2854	1726
0	3071	1792	750	2923	1684
256	3071	1792	939	2934	1688
512	3071	1792	1128	2945	1692
768	3071	1792	1316	2956	1696
1024	3071	1792	1505	2967	1699
1280	3071	1792	1694	2977	1703
1536	3071	1792	1882	2988	1707
1792	3071	1792	2072	2999	1710
2048	3071	1792	2260	3010	1714
2303	3071	1792	2448	3020	1718
2559	3071	1792	2637	3031	1721
2815	3071	1792	2826	3042	1725
3071	3071	1792	3014	3053	1729
3327	3071	1792	3204	3064	1732
3583	3071	1792	3392	3075	1736
3839	3071	1792	3582	3086	1740
4095	3071	1792	3770	3097	1743
0	3327	1792	806	3165	1702
256	3327	1792	995	3176	1705
512	3327	1792	1184	3187	1709
768	3327	1792	1372	3198	1713
1024	3327	1792	1561	3209	1716
1280	3327	1792	1750	3220	1720
1536	3327	1792	1939	3231	1724
1792	3327	1792	2127	3242	1728
2048	3327	1792	2317	3252	1731
2303	3327	1792	2504	3263	1735
2559	3327	1792	2693	3274	1739
2815	3327	1792	2882	3285	1742
3071	3327	1792	3071	3296	1746
3327	3327	1792	3259	3307	1750
3583	3327	1792	3449	3318	1753
3839	3327	1792	3637	3329	1757
4095	3327	1792	3825	3340	1761
0	3583	1792	862	3408	1719
256	3583	1792	1051	3419	1723
512	3583	1792	1239	3430	1726
768	3583	1792	1428	3441	1730
1024	3583	1792	1617	3452	1734
1280	3583	1792	1806	3463	1737
1536	3583	1792	1994	3473	1741
1792	3583	1792	2184	3484	1745
2048	3583	1792	2372	3495	1748
2303	3583	1792	2560	3506	1752
2559	3583	1792	2749	3517	1756
2815	3583	1792	2938	3528	1760
3071	3583	1792	3127	3539	1763
3327	3583	1792	3316	3550	1766
3583	3583	1792	3504	3561	1770
3839	3583	1792	3694	3572	1773
4095	3583	1792	3882	3583	1777
0	3839	1792	918	3651	1736
256	3839	1792	1106	3662	1740
512	3839	1792	1296	3673	1744
768	3839	1792	1484	3684	1747
1024	3839	1792	1673	3695	1751
1280	3839	1792	1862	3705	1755
1536	3839	1792	2051	3716	1758
1792	3839	1792	2239	3727	1762
2048	3839	1792	2429	3738	1765
2303	3839	1792	2616	3748	1768
2559	3839	1792	2805	3759	1772
2815	3839	1792	2994	3770	1776
3071	3839	1792	3183	3781	1779
3327	3839	1792	3371	3792	1783
3583	3839	1792	3561	3803	1787
3839	3839	1792	3749	3813	1791
4095	3839	1792	3937	3824	1794
0	4095	1792	973	3893	1753
256	4095	1792	1163	3904	1757
512	4095	1792	1351	3915	1761
768	4095	1792	1540	3925	1764
1024	4095	1792	1729	3936	1767
1280	4095	1792	1918	3947	1771
1536	4095	1792	2106	3958	1775
1792	4095	1792	2296	3969	1778
2048	4095	1792	2484	3980	1782
2303	4095	1792	2673	3991	1786
2559	4095	1792	2861	4002	1789
2815	4095	1792	3050	4013	1793
3071	4095	1792	3239	4024	1797
3327	4095	1792	3428	4035	1800
3583	4095	1792	3616	4045	1804
3839	4095	1792	3805	4056	1808
4095	4095	1792	3994	4067	1811
0	0	2048	90	15	1691
256	0	2048	279	26	1695
512	0	2048	468	37	1698
768	0	2048	656	48	1702
1024	0	2048	846	58	1706
1280	0	2048	1034	69	1709
1536	0	2048	1222	80	1713
1792	0	2048	1412	91	1717
2048	0	2048	1600	102	1720
2303	0	2048	1788	113	1724
2559	0	2048	1977	124	1728
2815	0	2048	2166	135	1731
3071	0	2048	2354	146	1735
3327	0	2048	2544	157	1739
3583	0	2048	2732	168	1742
3839	0	2048	2921	178	1746
4095	0	2048	3110	189	1750
0	256	2048	146	258	1708
256	256	2048	335	269	1712
512	256	2048	523	280	1715
768	256	2048	713	290	1719
1024	256	2048	901	301	1723
1280	256	2048	1089	312	1727
1536	256	2048	1279	323	1730
1792	256	2048	1467	334	1734
2048	256	2048	1656	345	1738
2303	256	2048	1844	355	1741
2559	256	2048	2033	366	1745
2815	256	2048	2221	377	1749
3071	256	2048	2411	388	1752
3327	256	2048	2599	398	1756
3583	256	2048	2788	409	1760
3839	256	2048	2977	420	1763
4095	256	2048	3166	431	1766
0	512	2048	202	501	1725
256	512	2048	391	511	1729
512	512	2048	580	521	1733
768	512	2048	768	532	1736
1024	512	2048	957	543	1740
1280	512	2048	1146	554	1744
1536	512	2048	1334	565	1747
1792	512	2048	1524	576	1751
2048	512	2048	1712	587	1755
2303	512	2048	1900	598	1759
2559	512	2048	2089	609	1762
2815	512	2048	2278	620	1765
3071	512	2048	2466	630	1769
3327	512	2048	2656	641	1772
3583	512	2048	2844	652	1776
3839	512	2048	3033	663	1780
4095	512	2048	3222	674	1783
0	768	2048	258	742	1743
256	768	2048	447	753	1746
512	768	2048	635	764	1750
768	768	2048	824	775	1754
1024	768	2048	1013	786	1757
1280	768	2048	1201	797	1761
1536	768	2048	1391	808	1764
1792	768	2048	1579	819	1767
2048	768	2048	1768	830	1771
2303	768	2048	1956	841	1775
2559	768	2048	2145	852	1778
2815	768	2048	2333	862	1782
3071	768	2048	2523	873	1786
3327	768	2048	2711	884	1790
3583	768	2048	2901	895	1793
3839	768	2048	3089	906	1797
4095	768	2048	3278	917	1801
0	1024	2048	314	985	1760
256	1024	2048	503	996	1763
512	1024	2048	691	1007	1766
768	1024	2048	880	1018	1770
1024	1024	2048	1069	1029	1774
1280	1024	2048	1258	1040	1777
1536	1024	2048	1446	1051	1781
1792	1024	2048	1636	1062	1785
2048	1024	2048	1824	1073	1788
2303	1024	2048	2012	1083	1792
2559	1024	2048	2201	1094	1796
2815	1024	2048	2390	1105	1799
3071	1024	2048	2578	1116	1803
3327	1024	2048	2768	1126	1807
3583	1024	2048	2956	1137	1810
3839	1024	2048	3145	1148	1814
4095	1024	2048	3334	1159	1818
0	1280	2048	370	1228	1776
256	1280	2048	558	1239	1780
512	1280	2048	747	1250	1783
768	1280	2048	936	1261	1787
1024	1280	2048	1125	1271	1791
1280	1280	2048	1313	1282	1795
1536	1280	2048	1503	1293	1798
1792	1280	2048	1691	1304	1802
2048	1280	2048	1880	1314	1806
2303	1280	2048	2068	1325	1809
2559	1280	2048	2257	1336	1813
2815	1280	2048	2446	1347	1817
3071	1280	2048	2635	1358	1820
3327	1280	2048	2823	1369	1824
3583	1280	2048	3013	1380	1828
3839	1280	2048	3201	1391	1831
4095	1280	2048	3389	1402	1835
0	1536	2048	426	1470	1793
256	1536	2048	615	1481	1797
512	1536	2048	803	1492	1801
768	1536	2048	992	1503	1804
1024	1536	2048	1181	1514	1808
1280	1536	2048	1370	1525	1812
1536	1536	2048	1558	1536	1815
1792	1536	2048	1748	1546	1819
2048	1536	2048	1936	1557	1823
2303	1536	2048	2124	1568	1827
2559	1536	2048	2313	1579	1830
2815	1536	2048	2502	1590	1834
3071	1536	2048	2690	1601	1838
3327	1536	2048	2880	1612	1841
3583	1536	2048	3068	1623	1845
3839	1536	2048	3256	1634	1849
4095	1536	2048	3446	1645	1852
0	1792	2048	482	1713	1811
256	1792	2048	670	1724	1814
512	1792	2048	859	1735	1818
768	1792	2048	1048	1746	1822
1024	1792	2048	1237	1757	1825
1280	1792	2048	1425	1767	1829
1536	1792	2048	1615	1778	1833
1792	1792	2048	1803	1789	1836
2048	1792	2048	1992	1800	1840
2303	1792	2048	2180	1811	1844
2559	1792	2048	2369	1822	1847
2815	1792	2048	2558	1833	1851
3071	1792	2048	2747	1844	1855
3327	1792	2048	2935	1855	1859
3583	1792	2048	3124	1866	1862
3839	1792	2048	3313	1877	1866
4095	1792	2048	3501	1886	1870
0	2048	2048	537	1956	1828
256	2048	2048	727	1967	1831
512	2048	2048	915	1978	1835
768	2048	2048	1104	1989	1839
1024	2048	2048	1293	1999	1843
1280	2048	2048	1482	2010	1846
1536	2048	2048	1670	2021	1850
1792	2048	2048	1860	2031	1854
2048	2048	2048	2048	2042	1857
2303	2048	2048	2236	2053	1861
2559	2048	2048	2425	2064	1865
2815	2048	2048	2614	2075	1868
3071	2048	2048	2802	2086	1872
3327	2048	2048	2991	2097	1876
3583	2048	2048	3180	2107	1878
3839	2048	2048	3368	2118	1882
4095	2048	2048	3558	2129	1886
0	2303	2048	594	2197	1845
256	2303	2048	782	2208	1849
512	2303	2048	971	2218	1852
768	2303	2048	1160	2229	1856
1024	2303	2048	1348	2240	1860
1280	2303	2048	1537	2251	1863
1536	2303	2048	1726	2262	1867
1792	2303	2048	1915	2273	1871
2048	2303	2048	2104	2284	1874
2303	2303	2048	2292	2295	1877
2559	2303	2048	2480	2306	1881
2815	2303	2048	2670	2317	1885
3071	2303	2048	2858	2328	1888
3327	2303	2048	3047	2338	1892
3583	2303	2048	3236	2349	1896
3839	2303	2048	3425	2360	1899
4095	2303	2048	3613	2371	1903
0	2559	2048	649	2440	1862
256	2559	2048	839	2450	1866
512	2559	2048	1027	2461	1870
768	2559	2048	1215	2472	1873
1024	2559	2048	1405	2483	1877
1280	2559	2048	1593	2494	1880
1536	2559	2048	1782	2505	1883
1792	2559	2048	1971	2516	1887
2048	2559	2048	2160	2527	1891
2303	2559	2048	2347	2538	1894
2559	2559	2048	2537	2549	1898
2815	2559	2048	2725	2559	1902
3071	2559	2048	2914	2570	1905
3327	2559	2048	3103	2581	1909
3583	2559	2048	3292	2592	1913
3839	2559	2048	3480	2603	1917
4095	2559	2048	3669	2614	1920
0	2815	2048	706	2682	1878
256	2815	2048	894	2693	1882
512	2815	2048	1082	2704	1886
768	2815	2048	1272	2715	1890
1024	2815	2048	1460	2726	1893
1280	2815	2048	1649	2737	1897
1536	2815	2048	1838	2748	1901
1792	2815	2048	2027	2759	1904
2048	2815	2048	2216	2770	1908
2303	2815	2048	2404	2781	1912
2559	2815	2048	2592	2790	1915
2815	2815	2048	2782	2801	1919
3071	2815	2048	2970	2812	1923
3327	2815	2048	3159	2823	1926
3583	2815	2048	3348	2834	1930
3839	2815	2048	3536	2845	1934
4095	2815	2048	3725	2856	1937
0	3071	2048	761	2925	1896
256	3071	2048	950	2936	1899
512	3071	2048	1139	2946	1903
768	3071	2048	1327	2957	1907
1024	3071	2048	1517	2968	1910
1280	3071	2048	1705	2979	1914
1536	3071	2048	1894	2990	1918
1792	3071	2048	2083	3001	1922
2048	3071	2048	2272	3012	1925
2303	3071	2048	2459	3022	1929
2559	3071	2048	2649	3033	1933
2815	3071	2048	2837	3044	1936
3071	3071	2048	3026	3055	1940
3327	3071	2048	3215	3066	1944
3583	3071	2048	3403	3077	1947
3839	3071	2048	3592	3088	1951
4095	3071	2048	3781	3099	1955
0	3327	2048	817	3167	1913
256	3327	2048	1006	3178	1917
512	3327	2048	1194	3189	1920
768	3327	2048	1384	3200	1924
1024	3327	2048	1572	3211	1928
1280	3327	2048	1762	3222	1931
1536	3327	2048	1950	3233	1935
1792	3327	2048	2139	3243	1939
2048	3327	2048	2328	3254	1942
2303	3327	2048	2516	3265	1946
2559	3327	2048	2704	3276	1950
2815	3327	2048	2894	3287	1954
3071	3327	2048	3082	3298	1957
3327	3327	2048	3271	3309	1961
3583	3327	2048	3460	3320	1965
3839	3327	2048	3648	3331	1968
4095	3327	2048	3837	3342	1972
0	3583	2048	873	3410	1930
256	3583	2048	1062	3421	1934
512	3583	2048	1251	3432	1938
768	3583	2048	1439	3443	1941
1024	3583	2048	1629	3454	1945
1280	3583	2048	1817	3465	1949
1536	3583	2048	2006	3475	1952
1792	3583	2048	2195	3486	1956
2048	3583	2048	2383	3497	1960
2303	3583	2048	2571	3508	1963
2559	3583	2048	2761	3519	1967
2815	3583	2048	2949	3530	1971
3071	3583	2048	3138	3541	1974
3327	3583	2048	3327	3552	1978
3583	3583	2048	3515	3562	1982
3839	3583	2048	3704	3573	1986
4095	3583	2048	3893	3583	1989
0	3839	2048	929	3653	1947
256	3839	2048	1118	3664	1951
512	3839	2048	1307	3675	1955
768	3839	2048	1496	3686	1959
1024	3839	2048	1684	3697	1962
1280	3839	2048	1874	3706	1966
1536	3839	2048	2062	3717	1970
1792	3839	2048	2250	3728	1973
2048	3839	2048	2440	3739	1977
2303	3839	2048	2628	3750	1981
2559	3839	2048	2816	3761	1984
2815	3839	2048	3006	3772	1988
3071	3839	2048	3194	3783	1991
3327	3839	2048	3382	3794	1994
3583	3839	2048	3572	3805	1998
3839	3839	2048	3760	3815	2002
4095	3839	2048	3949	3826	2005
0	4095	2048	985	3895	1965
256	4095	2048	1174	3906	1968
512	4095	2048	1363	3917	1972
768	4095	2048	1551	3927	1976
1024	4095	2048	1741	3938	1979
1280	4095	2048	1929	3949	1983
1536	4095	2048	2117	3960	1987
1792	4095	2048	2307	3971	1991
2048	4095	2048	2495	3982	1993
2303	4095	2048	2683	3993	1997
2559	4095	2048	2873	4004	2001
2815	4095	2048	3061	4015	2004
3071	4095	2048	3249	4026	2008
3327	4095	2048	3439	4037	2012
3583	4095	2048	3627	4047	2015
3839	4095	2048	3816	4058	2019
4095	4095	2048	4005	4069	2023
0	0	2303	101	17	1901
256	0	2303	290	28	1905
512	0	2303	479	39	1909
768	0	2303	667	50	1912
1024	0	2303	856	60	1916
1280	0	2303	1045	71	1920
1536	0	2303	1234	82	1923
1792	0	2303	1422	93	1927
2048	0	2303	1612	104	1931
2303	0	2303	1799	115	1934
2559	0	2303	1989	126	1938
2815	0	2303	2177	137	1942
3071	0	2303	2366	148	1946
3327	0	2303	2555	159	1949
3583	0	2303	2744	170	1953
3839	0	2303	2932	180	1957
4095	0	2303	3121	190	1960
0	256	2303	158	260	1918
256	256	2303	346	271	1922
512	256	2303	534	282	1926
768	256	2303	724	292	1930
1024	256	2303	912	303	1933
1280	256	2303	1101	314	1937
1536	256	2303	1290	325	1941
1792	256	2303	1479	335	1944
2048	256	2303	1667	346	1948
2303	256	2303	1856	357	1952
2559	256	2303	2044	368	1955
2815	256	2303	2233	379	1959
3071	256	2303	2422	390	1963
3327	256	2303	2611	400	1966
3583	256	2303	2799	411	1970
3839	256	2303	2988	422	1974
4095	256	2303	3177	433	1978
0	512	2303	213	502	1936
256	512	2303	401	512	1939
512	512	2303	591	523	1943
768	512	2303	779	534	1947
1024	512	2303	968	545	1950
1280	512	2303	1157	556	1954
1536	512	2303	1346	567	1958
1792	512	2303	1535	578	1962
2048	512	2303	1724	589	1965
2303	512	2303	1911	600	1969
2559	512	2303	2101	611	1973
2815	512	2303	2289	622	1976
3071	512	2303	2478	632	1980
3327	512	2303	2667	643	1984
3583	512	2303	2855	654	1987
3839	512	2303	3044	665	1991
4095	512	2303	3233	676	1994
0	768	2303	269	744	1953
256	768	2303	458	755	1957
512	768	2303	646	766	1960
768	768	2303	836	777	1964
1024	768	2303	1024	788	1968
1280	768	2303	1213	799	1971
1536	768	2303	1402	810	1975
1792	768	2303	1591	821	1979
2048	768	2303	1779	832	1982
2303	768	2303	1968	843	1986
2559	768	2303	2156	853	1990
2815	768	2303	2345	864	1993
3071	768	2303	2534	875	1996
3327	768	2303	2722	886	2000
3583	768	2303	2911	897	2004
3839	768	2303	3100	908	2007
4095	768	2303	3289	919	2011
0	1024	2303	325	987	1970
256	1024	2303	513	998	1974
512	1024	2303	703	1009	1978
768	1024	2303	891	1020	1981
1024	1024	2303	1081	1031	1985
1280	1024	2303	1269	1042	1989
1536	1024	2303	1458	1053	1991
1792	1024	2303	1647	1064	1995
2048	1024	2303	1835	1075	1999
2303	1024	2303	2023	1084	2002
2559	1024	2303	2213	1095	2006
2815	1024	2303	2401	1106	2010
3071	1024	2303	2589	1117	2013
3327	1024	2303	2779	1128	2017
3583	1024	2303	2967	1139	2021
3839	1024	2303	3156	1150	2025
4095	1024	2303	3345	1161	2028
0	1280	2303	381	1229	1987
256	1280	2303	570	1240	1991
512	1280	2303	758	1251	1994
768	1280	2303	948	1262	1998
1024	1280	2303	1136	1273	2001
1280	1280	2303	1325	1284	2005
1536	1280	2303	1514	1295	2009
1792	1280	2303	1702	1306	2012
2048	1280	2303	1891	1316	2016
2303	1280	2303	2080	1327	2020
2559	1280	2303	2268	1338	2023
2815	1280	2303	2457	1349	2027
3071	1280	2303	2646	1360	2031
3327	1280	2303	2834	1371	2034
3583	1280	2303	3023	1382	2038
3839	1280	2303	3212	1393	2042
4095	1280	2303	3401	1404	2045
0	1536	2303	437	1472	2004
256	1536	2303	626	1483	2007
512	1536	2303	815	1494	2011
768	1536	2303	1003	1505	2015
1024	1536	2303	1193	1516	2018
1280	1536	2303	1381	1527	2022
1536	1536	2303	1569	1537	2026
1792	1536	2303	1759	1548	2030
2048	1536	2303	1947	1559	2033
2303	1536	2303	2135	1570	2037
2559	1536	2303	2325	1581	2041
2815	1536	2303	2513	1592	2044
3071	1536	2303	2701	1603	2048
3327	1536	2303	2891	1614	2052
3583	1536	2303	3079	1625	2055
3839	1536	2303	3268	1636	2059
4095	1536	2303	3457	1647	2063
0	1792	2303	493	1715	2021
256	1792	2303	682	1726	2025
512	1792	2303	870	1737	2028
768	1792	2303	1060	1748	2032
1024	1792	2303	1248	1759	2036
1280	1792	2303	1436	1769	2039
1536	1792	2303	1626	1780	2043
1792	1792	2303	1814	1791	2047
2048	1792	2303	2003	1802	2050
2303	1792	2303	2192	1813	2054
2559	1792	2303	2380	1824	2058
2815	1792	2303	2568	1835	2062
3071	1792	2303	2758	1845	2065
3327	1792	2303	2946	1856	2069
3583	1792	2303	3135	1867	2073
3839	1792	2303	3324	1877	2076
4095	1792	2303	3513	1888	2080
0	2048	2303	549	1958	2038
256	2048	2303	738	1969	2042
512	2048	2303	927	1980	2046
768	2048	2303	1115	1990	2049
1024	2048	2303	1304	2000	2053
1280	2048	2303	1493	2011	2057
1536	2048	2303	1681	2022	2060
1792	2048	2303	1871	2033	2064
2048	2048	2303	2059	2044	2068
2303	2048	2303	2247	2055	2071
2559	2048	2303	2436	2066	2075
2815	2048	2303	2625	2077	2079
3071	2048	2303	2813	2088	2082
3327	2048	2303	3003	2099	2086
3583	2048	2303	3191	2109	2090
3839	2048	2303	3380	2120	2094
4095	2048	2303	3569	2131	2097
0	2303	2303	605	2199	2055
256	2303	2303	793	2210	2059
512	2303	2303	982	2220	2063
768	2303	2303	1171	2231	2066
1024	2303	2303	1360	2242	2070
1280	2303	2303	1548	2253	2074
1536	2303	2303	1738	2264	2078
1792	2303	2303	1926	2275	2081
2048	2303	2303	2115	2286	2085
2303	2303	2303	2303	2297	2089
2559	2303	2303	2492	2308	2092
2815	2303	2303	2680	2319	2096
3071	2303	2303	2870	2330	2100
3327	2303	2303	3058	2340	2103
3583	2303	2303	3246	2351	2106
3839	2303	2303	3436	2362	2110
4095	2303	2303	3624	2373	2113
0	2559	2303	660	2442	2073
256	2559	2303	850	2452	2076
512	2559	2303	1038	2463	2080
768	2559	2303	1227	2474	2084
1024	2559	2303	1416	2485	2087
1280	2559	2303	1605	2496	2091
1536	2559	2303	1793	2507	2095
1792	2559	2303	1983	2518	2098
2048	2559	2303	2171	2529	2102
2303	2559	2303	2359	2540	2105
2559	2559	2303	2548	2551	2108
2815	2559	2303	2737	2561	2112
3071	2559	2303	2925	2572	2116
3327	2559	2303	3114	2583	2120
3583	2559	2303	3303	2594	2123
3839	2559	2303	3491	2605	2127
4095	2559	2303	3681	2616	2131
0	2815	2303	717	2684	2090
256	2815	2303	905	2695	2094
512	2815	2303	1094	2706	2097
768	2815	2303	1283	2717	2101
1024	2815	2303	1472	2728	2104
1280	2815	2303	1660	2739	2107
1536	2815	2303	1850	2750	2111
1792	2815	2303	2038	2761	2115
2048	2815	2303	2226	2771	2118
2303	2815	2303	2415	2782	2122
2559	2815	2303	2604	2792	2126
2815	2815	2303	2792	2803	2129
3071	2815	2303	2981	2814	2133
3327	2815	2303	3170	2825	2137
3583	2815	2303	3358	2836	2140
3839	2815	2303	3548	2847	2144
4095	2815	2303	3736	2858	2148
0	3071	2303	772	2926	2106
256	3071	2303	962	2937	2110
512	3071	2303	1150	2948	2113
768	3071	2303	1339	2959	2117
1024	3071	2303	1528	2970	2121
1280	3071	2303	1717	2981	2125
1536	3071	2303	1905	2992	2128
1792	3071	2303	2094	3003	2132
2048	3071	2303	2283	3014	2136
2303	3071	2303	2471	3024	2139
2559	3071	2303	2660	3035	2143
2815	3071	2303	2848	3046	2147
3071	3071	2303	3037	3057	2150
3327	3071	2303	3226	3068	2154
3583	3071	2303	3415	3079	2158
3839	3071	2303	3603	3090	2161
4095	3071	2303	3793	3101	2165
0	3327	2303	829	3169	2123
256	3327	2303	1017	3180	2127
512	3327	2303	1206	3191	2131
768	3327	2303	1395	3202	2134
1024	3327	2303	1584	3213	2138
1280	3327	2303	1772	3224	2142
1536	3327	2303	1961	3235	2145
1792	3327	2303	2150	3245	2149
2048	3327	2303	2338	3256	2153
2303	3327	2303	2527	3267	2157
2559	3327	2303	2715	3278	2160
2815	3327	2303	2904	3289	2164
3071	3327	2303	3093	3300	2168
3327	3327	2303	3282	3311	2171
3583	3327	2303	3470	3322	2175
3839	3327	2303	3660	3333	2179
4095	3327	2303	3848	3344	2182
0	3583	2303	884	3412	2141
256	3583	2303	1074	3423	2144
512	3583	2303	1262	3434	2148
768	3583	2303	1451	3445	2152
1024	3583	2303	1640	3456	2155
1280	3583	2303	1828	3467	2159
1536	3583	2303	2017	3477	2163
1792	3583	2303	2206	3488	2166
2048	3583	2303	2395	3499	2170
2303	3583	2303	2582	3510	2174
2559	3583	2303	2772	3520	2177
2815	3583	2303	2960	3531	2181
3071	3583	2303	3149	3542	2185
3327	3583	2303	3338	3553	2189
3583	3583	2303	3527	3564	2192
3839	3583	2303	3715	3575	2196
4095	3583	2303	3905	3585	2200
0	3839	2303	941	3655	2158
256	3839	2303	1129	3665	2162
512	3839	2303	1318	3676	2165
768	3839	2303	1507	3687	2169
1024	3839	2303	1695	3697	2173
1280	3839	2303	1884	3708	2176
1536	3839	2303	2073	3719	2180
1792	3839	2303	2262	3730	2184
2048	3839	2303	2450	3741	2187
2303	3839	2303	2639	3752	2191
2559	3839	2303	2827	3763	2195
2815	3839	2303	3016	3774	2198
3071	3839	2303	3205	3785	2202
3327	3839	2303	3394	3796	2206
3583	3839	2303	3583	3807	2209
3839	3839	2303	3772	3817	2213
4095	3839	2303	3960	3828	2217
0	4095	2303	996	3897	2175
256	4095	2303	1186	3908	2179
512	4095	2303	1374	3919	2182
768	4095	2303	1562	3929	2186
1024	4095	2303	1752	3940	2190
1280	4095	2303	1940	3951	2194
1536	4095	2303	2129	3962	2197
1792	4095	2303	2318	3973	2201
2048	4095	2303	2507	3984	2205
2303	4095	2303	2694	3995	2208
2559	4095	2303	2884	4006	2212
2815	4095	2303	3072	4017	2216
3071	4095	2303	3261	4028	2218
3327	4095	2303	3450	4038	2222
3583	4095	2303	3639	4049	2226
3839	4095	2303	3827	4060	2229
4095	4095	2303	4017	4071	2233
0	0	2559	112	19	2112
256	0	2559	301	30	2116
512	0	2559	490	41	2120
768	0	2559	679	52	2124
1024	0	2559	867	62	2127
1280	0	2559	1057	73	2131
1536	0	2559	1245	84	2135
1792	0	2559	1434	95	2138
2048	0	2559	1623	106	2142
2303	0	2559	1811	117	2146
2559	0	2559	1999	128	2149
2815	0	2559	2189	139	2153
3071	0	2559	2377	149	2157
3327	0	2559	2565	160	2160
3583	0	2559	2755	171	2164
3839	0	2559	2943	181	2168
4095	0	2559	3132	192	2171
0	256	2559	169	262	2130
256	256	2559	357	273	2133
512	256	2559	546	284	2137
768	256	2559	735	293	2141
1024	256	2559	924	304	2144
1280	256	2559	1112	315	2148
1536	256	2559	1302	326	2152
1792	256	2559	1490	337	2156
2048	256	2559	1678	348	2159
2303	256	2559	1867	359	2163
2559	256	2559	2056	370	2167
2815	256	2559	2244	381	2170
3071	256	2559	2433	392	2174
3327	256	2559	2622	402	2178
3583	256	2559	2810	413	2181
3839	256	2559	3000	424	2185
4095	256	2559	3188	435	2189
0	512	2559	224	504	2147
256	512	2559	413	514	2151
512	512	2559	602	525	2154
768	512	2559	791	536	2158
1024	512	2559	979	547	2162
1280	512	2559	1169	558	2165
1536	512	2559	1357	569	2169
1792	512	2559	1545	580	2173
2048	512	2559	1735	591	2176
2303	512	2559	1923	602	2180
2559	512	2559	2111	613	2184
2815	512	2559	2300	624	2188
3071	512	2559	2489	634	2191
3327	512	2559	2677	645	2195
3583	512	2559	2867	656	2199
3839	512	2559	3055	667	2202
4095	512	2559	3244	678	2206
0	768	2559	281	746	2164
256	768	2559	469	757	2168
512	768	2559	658	768	2172
768	768	2559	847	779	2175
1024	768	2559	1036	790	2179
1280	768	2559	1224	801	2183
1536	768	2559	1413	812	2186
1792	768	2559	1602	823	2190
2048	768	2559	1790	834	2194
2303	768	2559	1979	845	2197
2559	768	2559	2167	855	2201
2815	768	2559	2356	866	2205
3071	768	2559	2545	877	2208
3327	768	2559	2734	888	2212
3583	768	2559	2922	899	2216
3839	768	2559	3112	909	2219
4095	768	2559	3300	920	2222
0	1024	2559	336	989	2181
256	1024	2559	525	1000	2185
512	1024	2559	714	1011	2189
768	1024	2559	903	1022	2193
1024	1024	2559	1091	1033	2196
1280	1024	2559	1280	1044	2200
1536	1024	2559	1469	1054	2204
1792	1024	2559	1657	1065	2207
2048	1024	2559	1847	1076	2211
2303	1024	2559	2035	1086	2215
2559	1024	2559	2223	1097	2218
2815	1024	2559	2412	1108	2221
3071	1024	2559	2601	1119	2225
3327	1024	2559	2789	1130	2228
3583	1024	2559	2979	1141	2232
3839	1024	2559	3167	1152	2236
4095	1024	2559	3356	1163	2239
0	1280	2559	393	1231	2199
256	1280	2559	581	1242	2202
512	1280	2559	770	1253	2206
768	1280	2559	959	1264	2210
1024	1280	2559	1147	1275	2213
1280	1280	2559	1336	1286	2217
1536	1280	2559	1525	1297	2220
1792	1280	2559	1714	1308	2224
2048	1280	2559	1902	1318	2227
2303	1280	2559	2091	1329	2231
2559	1280	2559	2279	1340	2235
2815	1280	2559	2468	1351	2238
3071	1280	2559	2657	1362	2242
3327	1280	2559	2846	1373	2246
3583	1280	2559	3034	1384	2249
3839	1280	2559	3224	1395	2253
4095	1280	2559	3412	1406	2257
0	1536	2559	448	1474	2216
256	1536	2559	637	1485	2219
512	1536	2559	826	1496	2222
768	1536	2559	1014	1507	2226
1024	1536	2559	1203	1518	2230
1280	1536	2559	1392	1529	2233
1536	1536	2559	1581	1539	2237
1792	1536	2559	1769	1550	2241
2048	1536	2559	1959	1561	2244
2303	1536	2559	2146	1572	2248
2559	1536	2559	2335	1583	2252
2815	1536	2559	2524	1594	2256
3071	1536	2559	2713	1605	2259
3327	1536	2559	2901	1616	2263
3583	1536	2559	3091	1627	2267
3839	1536	2559	3279	1638	2270
4095	1536	2559	3469	1649	2274
0	1792	2559	505	1717	2232
256	1792	2559	693	1728	2236
512	1792	2559	881	1739	2240
768	1792	2559	1071	1750	2243
1024	1792	2559	1259	1761	2247
1280	1792	2559	1448	1771	2251
1536	1792	2559	1637	1782	2254
1792	1792	2559	1826	1793	2258
2048	1792	2559	2014	1804	2262
2303	1792	2559	2203	1814	2265
2559	1792	2559	2391	1825	2269
2815	1792	2559	2580	1836	2273
3071	1792	2559	2769	1847	2276
3327	1792	2559	2958	1858	2280
3583	1792	2559	3146	1869	2284
3839	1792	2559	3336	1879	2288
4095	1792	2559	3524	1890	2291
0	2048	2559	560	1959	2249
256	2048	2559	749	1970	2253
512	2048	2559	938	1981	2257
768	2048	2559	1126	1991	2260
1024	2048	2559	1315	2002	2264
1280	2048	2559	1504	2013	2268
1536	2048	2559	1693	2024	2272
1792	2048	2559	1881	2035	2275
2048	2048	2559	2071	2046	2279
2303	2048	2559	2258	2057	2283
2559	2048	2559	2447	2068	2286
2815	2048	2559	2636	2079	2290
3071	2048	2559	2825	2090	2294
3327	2048	2559	3014	2101	2297
3583	2048	2559	3203	2111	2301
3839	2048	2559	3391	2122	2305
4095	2048	2559	3580	2133	2308
0	2303	2559	616	2201	2267
256	2303	2559	805	2212	2270
512	2303	2559	993	2222	2274
768	2303	2559	1183	2233	2278
1024	2303	2559	1371	2244	2281
1280	2303	2559	1560	2255	2285
1536	2303	2559	1749	2266	2289
1792	2303	2559	1937	2277	2292
2048	2303	2559	2126	2288	2296
2303	2303	2559	2315	2299	2300
2559	2303	2559	2503	2310	2303
2815	2303	2559	2691	2321	2307
3071	2303	2559	2881	2332	2311
3327	2303	2559	3069	2342	2315
3583	2303	2559	3258	2353	2318
3839	2303	2559	3447	2364	2322
4095	2303	2559	3636	2375	2326
0	2559	2559	672	2444	2284
256	2559	2559	860	2454	2288
512	2559	2559	1050	2465	2291
768	2559	2559	1238	2476	2295
1024	2559	2559	1427	2487	2299
1280	2559	2559	1616	2498	2302
1536	2559	2559	1804	2509	2306
1792	2559	2559	1993	2520	2310
2048	2559	2559	2182	2531	2313
2303	2559	2559	2370	2542	2317
2559	2559	2559	2559	2553	2321
2815	2559	2559	2748	2563	2324
3071	2559	2559	2936	2574	2328
3327	2559	2559	3126	2584	2332
3583	2559	2559	3314	2595	2334
3839	2559	2559	3503	2606	2338
4095	2559	2559	3692	2617	2342
0	2815	2559	728	2686	2301
256	2815	2559	917	2697	2305
512	2815	2559	1105	2708	2308
768	2815	2559	1295	2719	2312
1024	2815	2559	1483	2729	2316
1280	2815	2559	1671	2740	2320
1536	2815	2559	1861	2751	2323
1792	2815	2559	2049	2762	2327
2048	2815	2559	2238	2773	2331
2303	2815	2559	2426	2784	2333
2559	2815	2559	2615	2794	2337
2815	2815	2559	2803	2805	2341
3071	2815	2559	2993	2816	2344
3327	2815	2559	3181	2827	2348
3583	2815	2559	3370	2838	2352
3839	2815	2559	3559	2849	2355
4095	2815	2559	3748	2860	2359
0	3071	2559	784	2928	2318
256	3071	2559	972	2939	2322
512	3071	2559	1162	2950	2326
768	3071	2559	1350	2961	2329
1024	3071	2559	1538	2972	2332
1280	3071	2559	1728	2983	2336
1536	3071	2559	1916	2994	2339
1792	3071	2559	2105	3005	2343
2048	3071	2559	2294	3015	2347
2303	3071	2559	2482	3026	2351
2559	3071	2559	2671	3037	2354
2815	3071	2559	2860	3048	2358
3071	3071	2559	3048	3059	2362
3327	3071	2559	3238	3070	2365
3583	3071	2559	3426	3081	2369
3839	3071	2559	3615	3092	2373
4095	3071	2559	3804	3103	2376
0	3327	2559	840	3171	2335
256	3327	2559	1029	3182	2338
512	3327	2559	1217	3193	2342
768	3327	2559	1406	3204	2346
1024	3327	2559	1595	3215	2349
1280	3327	2559	1783	3226	2353
1536	3327	2559	1973	3237	2357
1792	3327	2559	2161	3247	2360
2048	3327	2559	2350	3258	2364
2303	3327	2559	2538	3269	2368
2559	3327	2559	2727	3280	2371
2815	3327	2559	2915	3291	2375
3071	3327	2559	3105	3302	2379
3327	3327	2559	3293	3313	2383
3583	3327	2559	3482	3324	2386
3839	3327	2559	3671	3335	2390
4095	3327	2559	3859	3345	2394
0	3583	2559	896	3414	2352
256	3583	2559	1084	3425	2356
512	3583	2559	1273	3436	2359
768	3583	2559	1462	3447	2363
1024	3583	2559	1650	3458	2367
1280	3583	2559	1840	3469	2370
1536	3583	2559	2028	3479	2374
1792	3583	2559	2218	3489	2378
2048	3583	2559	2406	3500	2381
2303	3583	2559	2594	3511	2385
2559	3583	2559	2783	3522	2389
2815	3583	2559	2972	3533	2392
3071	3583	2559	3160	3544	2396
3327	3583	2559	3350	3555	2400
3583	3583	2559	3538	3566	2403
3839	3583	2559	3726	3577	2407
4095	3583	2559	3916	3587	2411
0	3839	2559	952	3656	2369
256	3839	2559	1140	3667	2373
512	3839	2559	1329	3678	2376
768	3839	2559	1518	3689	2380
1024	3839	2559	1707	3699	2384
1280	3839	2559	1895	3710	2388
1536	3839	2559	2085	3721	2391
1792	3839	2559	2273	3732	2395
2048	3839	2559	2462	3743	2399
2303	3839	2559	2650	3754	2402
2559	3839	2559	2839	3765	2406
2815	3839	2559	3027	3776	2410
3071	3839	2559	3217	3787	2413
3327	3839	2559	3405	3798	2417
3583	3839	2559	3594	3809	2421
3839	3839	2559	3783	3819	2424
4095	3839	2559	3971	3830	2428
0	4095	2559	1007	3899	2386
256	4095	2559	1196	3910	2390
512	4095	2559	1385	3921	2394
768	4095	2559	1574	3931	2397
1024	4095	2559	1763	3942	2401
1280	4095	2559	1952	3953	2405
1536	4095	2559	2140	3964	2408
1792	4095	2559	2330	3975	2412
2048	4095	2559	2518	3986	2416
2303	4095	2559	2706	3997	2420
2559	4095	2559	2895	4008	2423
2815	4095	2559	3084	4019	2427
3071	4095	2559	3272	4030	2431
3327	4095	2559	3462	4040	2434
3583	4095	2559	3650	4051	2438
3839	4095	2559	3838	4062	2442
4095	4095	2559	4028	4073	2445
0	0	2815	124	21	2325
256	0	2815	312	32	2328
512	0	2815	502	43	2332
768	0	2815	690	54	2335
1024	0	2815	879	64	2338
1280	0	2815	1068	75	2342
1536	0	2815	1256	86	2346
1792	0	2815	1445	97	2350
2048	0	2815	1634	108	2353
2303	0	2815	1822	118	2357
2559	0	2815	2010	129	2361
2815	0	2815	2200	140	2364
3071	0	2815	2388	151	2368
3327	0	2815	2577	162	2372
3583	0	2815	2766	172	2375
3839	0	2815	2955	183	2379
4095	0	2815	3143	194	2383
0	256	2815	179	263	2341
256	256	2815	369	274	2345
512	256	2815	557	284	2348
768	256	2815	746	295	2352
1024	256	2815	935	306	2356
1280	256	2815	1123	317	2359
1536	256	2815	1312	328	2363
1792	256	2815	1501	339	2367
2048	256	2815	1690	350	2370
2303	256	2815	1877	361	2374
2559	256	2815	2067	372	2378
2815	256	2815	2255	383	2382
3071	256	2815	2445	394	2385
3327	256	2815	2633	404	2389
3583	256	2815	2822	415	2393
3839	256	2815	3011	426	2396
4095	256	2815	3200	437	2400
0	512	2815	236	506	2358
256	512	2815	424	516	2362
512	512	2815	614	527	2366
768	512	2815	802	538	2369
1024	512	2815	990	549	2373
1280	512	2815	1180	560	2377
1536	512	2815	1368	571	2380
1792	512	2815	1557	582	2384
2048	512	2815	1746	593	2388
2303	512	2815	1934	604	2391
2559	512	2815	2122	615	2395
2815	512	2815	2312	626	2399
3071	512	2815	2500	636	2402
3327	512	2815	2689	647	2406
3583	512	2815	2878	658	2410
3839	512	2815	3067	669	2414
4095	512	2815	3255	680	2417
0	768	2815	291	748	2375
256	768	2815	481	759	2379
512	768	2815	669	770	2383
768	768	2815	857	781	2387
1024	768	2815	1047	792	2390
1280	768	2815	1235	803	2394
1536	768	2815	1424	814	2398
1792	768	2815	1613	825	2401
2048	768	2815	1802	836	2405
2303	768	2815	1990	847	2409
2559	768	2815	2179	857	2412
2815	768	2815	2367	867	2416
3071	768	2815	2557	878	2420
3327	768	2815	2745	889	2423
3583	768	2815	2934	900	2427
3839	768	2815	3123	911	2431
4095	768	2815	3312	922	2434
0	1024	2815	348	991	2393
256	1024	2815	536	1002	2396
512	1024	2815	725	1012	2400
768	1024	2815	914	1023	2404
1024	1024	2815	1102	1034	2407
1280	1024	2815	1292	1045	2411
1536	1024	2815	1480	1056	2415
1792	1024	2815	1669	1067	2419
2048	1024	2815	1858	1078	2422
2303	1024	2815	2046	1088	2426
2559	1024	2815	2234	1099	2430
2815	1024	2815	2424	1110	2433
3071	1024	2815	2612	1121	2437
3327	1024	2815	2801	1132	2441
3583	1024	2815	2990	1143	2444
3839	1024	2815	3179	1154	2447
4095	1024	2815	3367	1165	2451
0	1280	2815	403	1233	2410
256	1280	2815	592	1244	2414
512	1280	2815	781	1255	2417
768	1280	2815	969	1266	2421
1024	1280	2815	1159	1277	2425
1280	1280	2815	1347	1288	2428
1536	1280	2815	1536	1299	2432
1792	1280	2815	1725	1309	2436
2048	1280	2815	1914	1320	2439
2303	1280	2815	2102	1331	2443
2559	1280	2815	2291	1342	2446
2815	1280	2815	2479	1353	2450
3071	1280	2815	2669	1364	2453
3327	1280	2815	2857	1375	2457
3583	1280	2815	3046	1386	2461
3839	1280	2815	3235	1397	2464
4095	1280	2815	3423	1408	2468
0	1536	2815	459	1476	2427
256	1536	2815	648	1487	2431
512	1536	2815	837	1498	2435
768	1536	2815	1026	1509	2438
1024	1536	2815	1214	1520	2442
1280	1536	2815	1404	1531	2446
1536	1536	2815	1592	1541	2448
1792	1536	2815	1781	1552	2452
2048	1536	2815	1970	1563	2456
2303	1536	2815	2158	1574	2459
2559	1536	2815	2346	1585	2463
2815	1536	2815	2536	1596	2467
3071	1536	2815	2724	1607	2470
3327	1536	2815	2913	1618	2474
3583	1536	2815	3102	1629	2478
3839	1536	2815	3290	1639	2482
4095	1536	2815	3479	1649	2485
0	1792	2815	515	1719	2444
256	1792	2815	704	1730	2447
512	1792	2815	893	1741	2451
768	1792	2815	1081	1752	2454
1024	1792	2815	1271	1763	2458
1280	1792	2815	1459	1773	2462
1536	1792	2815	1649	1783	2466
1792	1792	2815	1837	1794	2469
2048	1792	2815	2026	1805	2473
2303	1792	2815	2214	1816	2477
2559	1792	2815	2403	1827	2480
2815	1792	2815	2591	1838	2484
3071	1792	2815	2781	1849	2488
3327	1792	2815	2969	1860	2491
3583	1792	2815	3157	1871	2495
3839	1792	2815	3347	1881	2499
4095	1792	2815	3535	1892	2502
0	2048	2815	571	1961	2461
256	2048	2815	760	1972	2464
512	2048	2815	949	1983	2468
768	2048	2815	1138	1993	2472
1024	2048	2815	1326	2004	2475
1280	2048	2815	1516	2015	2479
1536	2048	2815	1704	2026	2483
1792	2048	2815	1893	2037	2486
2048	2048	2815	2082	2048	2490
2303	2048	2815	2270	2059	2494
2559	2048	2815	2458	2070	2498
2815	2048	2815	2648	2081	2501
3071	2048	2815	2836	2092	2505
3327	2048	2815	3024	2103	2509
3583	2048	2815	3214	2113	2512
3839	2048	2815	3402	2124	2516
4095	2048	2815	3591	2135	2520
0	2303	2815	627	2203	2478
256	2303	2815	816	2214	2482
512	2303	2815	1005	2224	2485
768	2303	2815	1194	2235	2489
1024	2303	2815	1382	2246	2493
1280	2303	2815	1571	2257	2496
1536	2303	2815	1760	2268	2500
1792	2303	2815	1949	2279	2504
2048	2303	2815	2137	2290	2507
2303	2303	2815	2326	2301	2511
2559	2303	2815	2514	2312	2515
2815	2303	2815	2703	2323	2518
3071	2303	2815	2892	2333	2522
3327	2303	2815	3081	2344	2526
3583	2303	2815	3269	2355	2529
3839	2303	2815	3459	2366	2533
4095	2303	2815	3647	2377	2537
0	2559	2815	683	2446	2495
256	2559	2815	872	2456	2499
512	2559	2815	1061	2467	2502
768	2559	2815	1249	2478	2506
1024	2559	2815	1438	2489	2510
1280	2559	2815	1627	2500	2514
1536	2559	2815	1816	2511	2517
1792	2559	2815	2004	2522	2521
2048	2559	2815	2194	2533	2525
2303	2559	2815	2381	2543	2528
2559	2559	2815	2570	2554	2532
2815	2559	2815	2759	2564	2536
3071	2559	2815	2948	2575	2539
3327	2559	2815	3136	2586	2543
3583	2559	2815	3326	2597	2547
3839	2559	2815	3514	2608	2550
4095	2559	2815	3702	2619	2554
0	2815	2815	739	2687	2512
256	2815	2815	928	2698	2516
512	2815	2815	1116	2709	2520
768	2815	2815	1306	2720	2523
1024	2815	2815	1494	2731	2527
1280	2815	2815	1683	2742	2531
1536	2815	2815	1872	2753	2534
1792	2815	2815	2061	2764	2538
2048	2815	2815	2249	2775	2542
2303	2815	2815	2438	2786	2546
2559	2815	2815	2626	2796	2549
2815	2815	2815	2815	2807	2553
3071	2815	2815	3004	2818	2557
3327	2815	2815	3193	2829	2559
3583	2815	2815	3381	2840	2563
3839	2815	2815	3570	2851	2567
4095	2815	2815	3759	2862	2570
0	3071	2815	795	2930	2530
256	3071	2815	983	2941	2533
512	3071	2815	1173	2952	2537
768	3071	2815	1361	2963	2541
1024	3071	2815	1550	2974	2544
1280	3071	2815	1739	2985	2548
1536	3071	2815	1928	2996	2552
1792	3071	2815	2116	3007	2555
2048	3071	2815	2306	3017	2559
2303	3071	2815	2493	3028	2562
2559	3071	2815	2682	3039	2565
2815	3071	2815	2871	3050	2569
3071	3071	2815	3060	3061	2573
3327	3071	2815	3248	3072	2577
3583	3071	2815	3437	3083	2580
3839	3071	2815	3626	3094	2584
4095	3071	2815	3814	3105	2588
0	3327	2815	851	3173	2547
256	3327	2815	1040	3184	2551
512	3327	2815	1228	3195	2554
768	3327	2815	1418	3206	2558
1024	3327	2815	1606	3217	2561
1280	3327	2815	1795	3228	2564
1536	3327	2815	1984	3239	2568
1792	3327	2815	2173	3249	2572
2048	3327	2815	2361	3260	2575
2303	3327	2815	2550	3271	2579
2559	3327	2815	2738	3282	2583
2815	3327	2815	2927	3293	2586
3071	3327	2815	3116	3303	2590
3327	3327	2815	3305	3314	2594
3583	3327	2815	3493	3325	2597
3839	3327	2815	3682	3336	2601
4095	3327	2815	3871	3347	2605
0	3583	2815	907	3416	2563
256	3583	2815	1095	3427	2567
512	3583	2815	1285	3438	2570
768	3583	2815	1473	3448	2574
1024	3583	2815	1662	3459	2578
1280	3583	2815	1851	3469	2582
1536	3583	2815	2040	3480	2585
1792	3583	2815	2228	3491	2589
2048	3583	2815	2417	3502	2593
2303	3583	2815	2605	3513	2596
2559	3583	2815	2794	3524	2600
2815	3583	2815	2983	3535	2604
3071	3583	2815	3172	3546	2607
3327	3583	2815	3360	3557	2611
3583	3583	2815	3549	3568	2615
3839	3583	2815	3738	3579	2618
4095	3583	2815	3926	3589	2622
0	3839	2815	963	3658	2580
256	3839	2815	1152	3669	2584
512	3839	2815	1340	3680	2588
768	3839	2815	1530	3691	2591
1024	3839	2815	1718	3701	2595
1280	3839	2815	1907	3712	2599
1536	3839	2815	2096	3723	2602
1792	3839	2815	2284	3734	2606
2048	3839	2815	2473	3745	2610
2303	3839	2815	2662	3756	2613
2559	3839	2815	2850	3767	2617
2815	3839	2815	3039	3778	2621
3071	3839	2815	3228	3789	2625
3327	3839	2815	3416	3800	2628
3583	3839	2815	3605	3811	2632
3839	3839	2815	3794	3821	2636
4095	3839	2815	3983	3832	2639
0	4095	2815	1019	3901	2598
256	4095	2815	1207	3912	2601
512	4095	2815	1397	3923	2605
768	4095	2815	1585	3933	2609
1024	4095	2815	1774	3944	2612
1280	4095	2815	1963	3955	2616
1536	4095	2815	2151	3966	2620
1792	4095	2815	2340	3977	2623
2048	4095	2815	2529	3988	2627
2303	4095	2815	2717	3999	2631
2559	4095	2815	2906	4010	2634
2815	4095	2815	3095	4021	2638
3071	4095	2815	3283	4032	2642
3327	4095	2815	3472	4042	2645
3583	4095	2815	3661	4053	2649
3839	4095	2815	3850	4064	2653
4095	4095	2815	4038	4074	2657
0	0	3071	135	23	2536
256	0	3071	324	34	2540
512	0	3071	512	45	2543
768	0	3071	701	56	2547
1024	0	3071	890	66	2551
1280	0	3071	1079	77	2554
1536	0	3071	1268	87	2558
1792	0	3071	1456	98	2561
2048	0	3071	1646	109	2564
2303	0	3071	1833	120	2568
2559	0	3071	2022	131	2572
2815	0	3071	2211	142	2576
3071	0	3071	2400	153	2579
3327	0	3071	2588	164	2583
3583	0	3071	2778	174	2587
3839	0	3071	2966	185	2590
4095	0	3071	3154	196	2594
0	256	3071	191	265	2553
256	256	3071	380	276	2557
512	256	3071	568	286	2560
768	256	3071	757	297	2563
1024	256	3071	946	308	2567
1280	256	3071	1135	319	2571
1536	256	3071	1323	330	2574
1792	256	3071	1513	341	2578
2048	256	3071	1701	352	2582
2303	256	3071	1889	363	2585
2559	256	3071	2078	374	2589
2815	256	3071	2267	385	2593
3071	256	3071	2455	396	2596
3327	256	3071	2645	406	2600
3583	256	3071	2833	417	2604
3839	256	3071	3022	428	2608
4095	256	3071	3211	439	2611
0	512	3071	247	508	2569
256	512	3071	435	518	2573
512	512	3071	625	529	2577
768	512	3071	813	540	2581
1024	512	3071	1002	551	2584
1280	512	3071	1191	562	2588
1536	512	3071	1380	573	2592
1792	512	3071	1568	584	2595
2048	512	3071	1758	595	2599
2303	512	3071	1945	606	2603
2559	512	3071	2134	617	2606
2815	512	3071	2323	627	2610
3071	512	3071	2512	638	2614
3327	512	3071	2700	649	2617
3583	512	3071	2890	660	2621
3839	512	3071	3078	671	2625
4095	512	3071	3266	682	2628
0	768	3071	302	750	2587
256	768	3071	492	761	2590
512	768	3071	680	772	2594
768	768	3071	869	783	2598
1024	768	3071	1058	794	2601
1280	768	3071	1247	805	2605
1536	768	3071	1435	816	2609
1792	768	3071	1625	827	2613
2048	768	3071	1813	838	2616
2303	768	3071	2001	848	2620
2559	768	3071	2190	858	2624
2815	768	3071	2379	869	2627
3071	768	3071	2567	880	2631
3327	768	3071	2757	891	2635
3583	768	3071	2945	902	2638
3839	768	3071	3133	913	2642
4095	768	3071	3323	924	2646
0	1024	3071	359	992	2604
256	1024	3071	547	1003	2608
512	1024	3071	737	1014	2611
768	1024	3071	925	1025	2615
1024	1024	3071	1114	1036	2619
1280	1024	3071	1303	1047	2622
1536	1024	3071	1492	1058	2626
1792	1024	3071	1680	1069	2630
2048	1024	3071	1869	1080	2633
2303	1024	3071	2057	1090	2637
2559	1024	3071	2246	1101	2641
2815	1024	3071	2435	1112	2644
3071	1024	3071	2624	1123	2648
3327	1024	3071	2812	1134	2652
3583	1024	3071	3001	1145	2656
3839	1024	3071	3190	1156	2659
4095	1024	3071	3378	1167	2663
0	1280	3071	414	1235	2621
256	1280	3071	604	1246	2625
512	1280	3071	792	1257	2629
768	1280	3071	981	1268	2632
1024	1280	3071	1170	1279	2636
1280	1280	3071	1359	1290	2640
1536	1280	3071	1547	1301	2643
1792	1280	3071	1737	1311	2647
2048	1280	3071	1925	1322	2651
2303	1280	3071	2113	1333	2654
2559	1280	3071	2302	1344	2658
2815	1280	3071	2491	1355	2662
3071	1280	3071	2679	1366	2665
3327	1280	3071	2868	1377	2669
3583	1280	3071	3057	1388	2673
3839	1280	3071	3245	1399	2675
4095	1280	3071	3435	1410	2679
0	1536	3071	471	1478	2638
256	1536	3071	659	1489	2642
512	1536	3071	849	1500	2646
768	1536	3071	1037	1511	2649
1024	1536	3071	1226	1522	2653
1280	1536	3071	1415	1533	2657
1536	1536	3071	1604	1543	2661
1792	1536	3071	1792	1554	2664
2048	1536	3071	1981	1565	2668
2303	1536	3071	2169	1576	2672
2559	1536	3071	2358	1587	2674
2815	1536	3071	2547	1597	2678
3071	1536	3071	2735	1608	2682
3327	1536	3071	2924	1619	2685
3583	1536	3071	3113	1630	2689
3839	1536	3071	3302	1641	2693
4095	1536	3071	3490	1651	2696
0	1792	3071	526	1721	2656
256	1792	3071	716	1732	2659
512	1792	3071	904	1742	2663
768	1792	3071	1093	1753	2667
1024	1792	3071	1282	1763	2670
1280	1792	3071	1471	1774	2673
1536	1792	3071	1659	1785	2677
1792	1792	3071	1848	1796	2680
2048	1792	3071	2037	1807	2684
2303	1792	3071	2225	1818	2688
2559	1792	3071	2414	1829	2692
2815	1792	3071	2602	1840	2695
3071	1792	3071	2791	1851	2699
3327	1792	3071	2980	1862	2703
3583	1792	3071	3169	1873	2706
3839	1792	3071	3357	1883	2710
4095	1792	3071	3547	1894	2714
0	2048	3071	583	1963	2673
256	2048	3071	771	1974	2676
512	2048	3071	961	1985	2679
768	2048	3071	1149	1995	2683
1024	2048	3071	1338	2006	2687
1280	2048	3071	1527	2017	2690
1536	2048	3071	1715	2028	2694
1792	2048	3071	1904	2039	2698
2048	2048	3071	2093	2050	2701
2303	2048	3071	2281	2061	2705
2559	2048	3071	2469	2072	2709
2815	2048	3071	2659	2083	2712
3071	2048	3071	2847	2094	2716
3327	2048	3071	3036	2104	2720
3583	2048	3071	3225	2115	2724
3839	2048	3071	3414	2126	2727
4095	2048	3071	3602	2137	2731
0	2303	3071	638	2205	2689
256	2303	3071	827	2216	2693
512	2303	3071	1016	2226	2696
768	2303	3071	1204	2237	2700
1024	2303	3071	1394	2248	2704
1280	2303	3071	1582	2259	2708
1536	2303	3071	1771	2270	2711
1792	2303	3071	1960	2281	2715
2048	2303	3071	2149	2292	2719
2303	2303	3071	2336	2303	2722
2559	2303	3071	2526	2314	2726
2815	2303	3071	2714	2325	2730
3071	2303	3071	2903	2335	2733
3327	2303	3071	3092	2346	2737
3583	2303	3071	3280	2357	2741
3839	2303	3071	3469	2367	2744
4095	2303	3071	3658	2378	2748
0	2559	3071	694	2447	2706
256	2559	3071	883	2458	2710
512	2559	3071	1072	2469	2714
768	2559	3071	1261	2480	2717
1024	2559	3071	1449	2491	2721
1280	2559	3071	1639	2502	2725
1536	2559	3071	1827	2513	2728
1792	2559	3071	2016	2523	2732
2048	2559	3071	2205	2534	2736
2303	2559	3071	2393	2545	2740
2559	2559	3071	2581	2556	2743
2815	2559	3071	2771	2566	2747
3071	2559	3071	2959	2577	2751
3327	2559	3071	3147	2588	2754
3583	2559	3071	3337	2599	2758
3839	2559	3071	3525	2610	2762
4095	2559	3071	3714	2621	2765
0	2815	3071	750	2689	2724
256	2815	3071	939	2700	2727
512	2815	3071	1128	2711	2731
768	2815	3071	1316	2722	2735
1024	2815	3071	1506	2733	2738
1280	2815	3071	1694	2744	2742
1536	2815	3071	1883	2755	2746
1792	2815	3071	2072	2766	2749
2048	2815	3071	2260	2777	2753
2303	2815	3071	2448	2787	2757
2559	2815	3071	2638	2798	2760
2815	2815	3071	2826	2809	2764
3071	2815	3071	3014	2820	2768
3327	2815	3071	3204	2831	2772
3583	2815	3071	3392	2842	2775
3839	2815	3071	3582	2853	2779
4095	2815	3071	3770	2864	2783
0	3071	3071	806	2932	2741
256	3071	3071	995	2943	2744
512	3071	3071	1184	2954	2748
768	3071	3071	1373	2965	2752
1024	3071	3071	1561	2976	2756
1280	3071	3071	1751	2987	2759
1536	3071	3071	1939	2998	2763
1792	3071	3071	2127	3009	2767
2048	3071	3071	2317	3019	2770
2303	3071	3071	2505	3030	2774
2559	3071	3071	2693	3041	2778
2815	3071	3071	2883	3052	2781
3071	3071	3071	3071	3063	2785
3327	3071	3071	3259	3074	2788
3583	3071	3071	3449	3085	2791
3839	3071	3071	3637	3096	2795
4095	3071	3071	3826	3107	2799
0	3327	3071	862	3175	2758
256	3327	3071	1051	3186	2762
512	3327	3071	1240	3197	2765
768	3327	3071	1428	3208	2769
1024	3327	3071	1618	3219	2773
1280	3327	3071	1806	3230	2776
1536	3327	3071	1994	3241	2780
1792	3327	3071	2184	3251	2784
2048	3327	3071	2372	3262	2787
2303	3327	3071	2560	3272	2790
2559	3327	3071	2750	3283	2794
2815	3327	3071	2938	3294	2798
3071	3327	3071	3127	3305	2801
3327	3327	3071	3316	3316	2805
3583	3327	3071	3504	3327	2809
3839	3327	3071	3694	3338	2812
4095	3327	3071	3882	3349	2816
0	3583	3071	918	3417	2775
256	3583	3071	1107	3428	2779
512	3583	3071	1296	3439	2783
768	3583	3071	1485	3450	2786
1024	3583	3071	1673	3461	2789
1280	3583	3071	1862	3471	2793
1536	3583	3071	2051	3482	2796
1792	3583	3071	2239	3493	2800
2048	3583	3071	2429	3504	2804
2303	3583	3071	2617	3515	2807
2559	3583	3071	2805	3526	2811
2815	3583	3071	2994	3537	2815
3071	3583	3071	3183	3548	2819
3327	3583	3071	3371	3559	2822
3583	3583	3071	3561	3570	2826
3839	3583	3071	3749	3581	2830
4095	3583	3071	3938	3591	2833
0	3839	3071	974	3660	2792
256	3839	3071	1163	3671	2795
512	3839	3071	1352	3682	2799
768	3839	3071	1540	3693	2803
1024	3839	3071	1729	3703	2806
1280	3839	3071	1918	3714	2810
1536	3839	3071	2106	3725	2814
1792	3839	3071	2296	3736	2817
2048	3839	3071	2484	3747	2821
2303	3839	3071	2673	3758	2825
2559	3839	3071	2861	3769	2828
2815	3839	3071	3050	3780	2832
3071	3839	3071	3239	3791	2836
3327	3839	3071	3428	3802	2839
3583	3839	3071	3616	3812	2843
3839	3839	3071	3806	3823	2847
4095	3839	3071	3994	3834	2851
0	4095	3071	1030	3903	2809
256	4095	3071	1219	3914	2812
512	4095	3071	1408	3924	2816
768	4095	3071	1597	3935	2820
1024	4095	3071	1785	3946	2824
1280	4095	3071	1974	3957	2827
1536	4095	3071	2163	3968	2831
1792	4095	3071	2351	3979	2835
2048	4095	3071	2541	3990	2838
2303	4095	3071	2728	4001	2842
2559	4095	3071	2917	4012	2846
2815	4095	3071	3106	4023	2849
3071	4095	3071	3295	4033	2853
3327	4095	3071	3483	4043	2857
3583	4095	3071	3673	4054	2860
3839	4095	3071	3861	4065	2864
4095	4095	3071	4050	4076	2868
0	0	3327	146	25	2747
256	0	3327	335	36	2751
512	0	3327	523	46	2755
768	0	3327	713	57	2758
1024	0	3327	901	67	2762
1280	0	3327	1090	78	2766
1536	0	3327	1279	89	2769
1792	0	3327	1468	100	2773
2048	0	3327	1656	111	2777
2303	0	3327	1845	122	2780
2559	0	3327	2033	133	2784
2815	0	3327	2222	144	2787
3071	0	3327	2411	155	2790
3327	0	3327	2600	166	2794
3583	0	3327	2788	176	2798
3839	0	3327	2977	187	2802
4095	0	3327	3166	198	2805
0	256	3327	202	267	2764
256	256	3327	391	278	2768
512	256	3327	580	288	2772
768	256	3327	768	299	2775
1024	256	3327	958	310	2779
1280	256	3327	1146	321	2783
1536	256	3327	1335	332	2787
1792	256	3327	1524	343	2789
2048	256	3327	1712	354	2793
2303	256	3327	1900	365	2797
2559	256	3327	2090	376	2800
2815	256	3327	2278	387	2804
3071	256	3327	2467	398	2808
3327	256	3327	2656	408	2811
3583	256	3327	2844	419	2815
3839	256	3327	3033	430	2819
4095	256	3327	3222	441	2822
0	512	3327	258	510	2782
256	512	3327	447	520	2785
512	512	3327	635	531	2788
768	512	3327	825	542	2792
1024	512	3327	1013	553	2795
1280	512	3327	1202	564	2799
1536	512	3327	1391	575	2803
1792	512	3327	1579	586	2806
2048	512	3327	1768	597	2810
2303	512	3327	1957	608	2814
2559	512	3327	2145	619	2818
2815	512	3327	2334	629	2821
3071	512	3327	2523	640	2825
3327	512	3327	2711	651	2829
3583	512	3327	2901	661	2832
3839	512	3327	3089	672	2836
4095	512	3327	3278	683	2840
0	768	3327	314	752	2798
256	768	3327	503	763	2802
512	768	3327	692	774	2805
768	768	3327	880	785	2809
1024	768	3327	1070	796	2813
1280	768	3327	1258	806	2816
1536	768	3327	1446	817	2820
1792	768	3327	1636	828	2824
2048	768	3327	1824	839	2827
2303	768	3327	2012	850	2831
2559	768	3327	2202	860	2835
2815	768	3327	2390	871	2838
3071	768	3327	2578	882	2842
3327	768	3327	2768	893	2846
3583	768	3327	2956	904	2850
3839	768	3327	3145	915	2853
4095	768	3327	3334	926	2857
0	1024	3327	370	994	2815
256	1024	3327	559	1005	2819
512	1024	3327	747	1016	2823
768	1024	3327	937	1027	2826
1024	1024	3327	1125	1038	2830
1280	1024	3327	1314	1049	2834
1536	1024	3327	1503	1060	2837
1792	1024	3327	1691	1071	2841
2048	1024	3327	1880	1081	2845
2303	1024	3327	2069	1092	2848
2559	1024	3327	2257	1103	2852
2815	1024	3327	2446	1114	2856
3071	1024	3327	2635	1125	2859
3327	1024	3327	2823	1136	2863
3583	1024	3327	3013	1147	2867
3839	1024	3327	3201	1158	2870
4095	1024	3327	3390	1169	2874
0	1280	3327	426	1237	2832
256	1280	3327	615	1248	2836
512	1280	3327	804	1259	2840
768	1280	3327	992	1270	2843
1024	1280	3327	1182	1281	2847
1280	1280	3327	1370	1292	2851
1536	1280	3327	1558	1303	2855
1792	1280	3327	1748	1313	2858
2048	1280	3327	1936	1324	2862
2303	1280	3327	2124	1335	2866
2559	1280	3327	2313	1346	2869
2815	1280	3327	2502	1357	2873
3071	1280	3327	2690	1368	2877
3327	1280	3327	2880	1379	2880
3583	1280	3327	3068	1390	2884
3839	1280	3327	3257	1401	2888
4095	1280	3327	3446	1412	2891
0	1536	3327	482	1480	2850
256	1536	3327	671	1491	2853
512	1536	3327	859	1502	2857
768	1536	3327	1049	1513	2861
1024	1536	3327	1237	1524	2864
1280	1536	3327	1425	1535	2868
1536	1536	3327	1615	1545	2872
1792	1536	3327	1803	1556	2875
2048	1536	3327	1992	1566	2879
2303	1536	3327	2180	1577	2883
2559	1536	3327	2369	1588	2887
2815	1536	3327	2558	1599	2890
3071	1536	3327	2747	1610	2894
3327	1536	3327	2935	1621	2898
3583	1536	3327	3125	1632	2901
3839	1536	3327	3313	1643	2904
4095	1536	3327	3502	1653	2908
0	1792	3327	538	1722	2867
256	1792	3327	727	1733	2871
512	1792	3327	916	1744	2874
768	1792	3327	1104	1755	2878
1024	1792	3327	1293	1765	2882
1280	1792	3327	1482	1776	2885
1536	1792	3327	1670	1787	2889
1792	1792	3327	1860	1798	2893
2048	1792	3327	2048	1809	2896
2303	1792	3327	2236	1820	2900
2559	1792	3327	2425	1831	2903
2815	1792	3327	2614	1842	2906
3071	1792	3327	2802	1853	2910
3327	1792	3327	2992	1864	2914
3583	1792	3327	3180	1875	2918
3839	1792	3327	3369	1885	2921
4095	1792	3327	3558	1896	2925
0	2048	3327	594	1965	2884
256	2048	3327	783	1976	2888
512	2048	3327	971	1987	2892
768	2048	3327	1160	1997	2895
1024	2048	3327	1349	2008	2899
1280	2048	3327	1537	2019	2902
1536	2048	3327	1727	2030	2905
1792	2048	3327	1915	2041	2909
2048	2048	3327	2104	2052	2913
2303	2048	3327	2292	2063	2916
2559	2048	3327	2481	2074	2920
2815	2048	3327	2670	2085	2924
3071	2048	3327	2859	2096	2927
3327	2048	3327	3047	2106	2931
3583	2048	3327	3237	2117	2935
3839	2048	3327	3425	2128	2938
4095	2048	3327	3613	2139	2942
0	2303	3327	649	2207	2901
256	2303	3327	839	2218	2904
512	2303	3327	1027	2228	2908
768	2303	3327	1216	2239	2911
1024	2303	3327	1405	2250	2915
1280	2303	3327	1594	2261	2919
1536	2303	3327	1782	2272	2922
1792	2303	3327	1971	2283	2926
2048	2303	3327	2160	2294	2930
2303	2303	3327	2348	2305	2933
2559	2303	3327	2537	2316	2937
2815	2303	3327	2725	2327	2941
3071	2303	3327	2914	2336	2945
3327	2303	3327	3103	2347	2948
3583	2303	3327	3292	2358	2952
3839	2303	3327	3480	2369	2956
4095	2303	3327	3670	2380	2959
0	2559	3327	706	2449	2918
256	2559	3327	894	2460	2921
512	2559	3327	1083	2471	2925
768	2559	3327	1272	2481	2929
1024	2559	3327	1461	2492	2932
1280	2559	3327	1649	2503	2936
1536	2559	3327	1838	2514	2940
1792	2559	3327	2027	2525	2943
2048	2559	3327	2216	2536	2947
2303	2559	3327	2404	2547	2951
2559	2559	3327	2592	2558	2954
2815	2559	3327	2782	2568	2958
3071	2559	3327	2970	2579	2962
3327	2559	3327	3159	2590	2965
3583	2559	3327	3348	2601	2969
3839	2559	3327	3537	2612	2973
4095	2559	3327	3725	2623	2977
0	2815	3327	761	2691	2935
256	2815	3327	951	2702	2938
512	2815	3327	1139	2713	2942
768	2815	3327	1328	2724	2946
1024	2815	3327	1517	2735	2950
1280	2815	3327	1705	2746	2953
1536	2815	3327	1894	2757	2957
1792	2815	3327	2083	2768	2961
2048	2815	3327	2272	2779	2964
2303	2815	3327	2460	2789	2968
2559	2815	3327	2649	2800	2972
2815	2815	3327	2837	2811	2975
3071	2815	3327	3026	2822	2979
3327	2815	3327	3215	2833	2983
3583	2815	3327	3404	2844	2986
3839	2815	3327	3592	2855	2990
4095	2815	3327	3782	2866	2994
0	3071	3327	818	2934	2952
256	3071	3327	1006	2945	2956
512	3071	3327	1195	2956	2959
768	3071	3327	1384	2967	2963
1024	3071	3327	1572	2978	2967
1280	3071	3327	1762	2989	2970
1536	3071	3327	1950	3000	2974
1792	3071	3327	2139	3011	2978
2048	3071	3327	2328	3021	2982
2303	3071	3327	2516	3032	2985
2559	3071	3327	2704	3043	2989
2815	3071	3327	2894	3054	2993
3071	3071	3327	3082	3065	2996
3327	3071	3327	3271	3076	3000
3583	3071	3327	3460	3087	3004
3839	3071	3327	3649	3097	3007
4095	3071	3327	3837	3108	3011
0	3327	3327	873	3177	2969
256	3327	3327	1063	3188	2973
512	3327	3327	1251	3199	2977
768	3327	3327	1439	3210	2980
1024	3327	3327	1629	3221	2984
1280	3327	3327	1817	3232	2988
1536	3327	3327	2006	3242	2991
1792	3327	3327	2195	3252	2995
2048	3327	3327	2384	3263	2999
2303	3327	3327	2571	3274	3002
2559	3327	3327	2761	3285	3006
2815	3327	3327	2949	3296	3010
3071	3327	3327	3138	3307	3014
3327	3327	3327	3327	3318	3016
3583	3327	3327	3516	3329	3020
3839	3327	3327	3704	3340	3024
4095	3327	3327	3894	3351	3027
0	3583	3327	930	3419	2987
256	3583	3327	1118	3430	2990
512	3583	3327	1307	3441	2994
768	3583	3327	1496	3452	2998
1024	3583	3327	1684	3463	3001
1280	3583	3327	1874	3473	3005
1536	3583	3327	2062	3484	3009
1792	3583	3327	2251	3495	3012
2048	3583	3327	2440	3506	3015
2303	3583	3327	2628	3517	3019
2559	3583	3327	2816	3528	3022
2815	3583	3327	3006	3539	3026
3071	3583	3327	3194	3550	3030
3327	3583	3327	3383	3561	3033
3583	3583	3327	3572	3572	3037
3839	3583	3327	3761	3583	3041
4095	3583	3327	3949	3593	3045
0	3839	3327	985	3662	3004
256	3839	3327	1175	3673	3007
512	3839	3327	1363	3684	3011
768	3839	3327	1551	3695	3014
1024	3839	3327	1741	3705	3018
1280	3839	3327	1929	3716	3021
1536	3839	3327	2118	3727	3025
1792	3839	3327	2307	3738	3029
2048	3839	3327	2496	3749	3032
2303	3839	3327	2683	3760	3036
2559	3839	3327	2873	3771	3040
2815	3839	3327	3061	3782	3043
3071	3839	3327	3250	3793	3047
3327	3839	3327	3439	3804	3051
3583	3839	3327	3628	3814	3054
3839	3839	3327	3816	3825	3058
4095	3839	3327	4005	3836	3062
0	4095	3327	1042	3905	3020
256	4095	3327	1230	3916	3024
512	4095	3327	1419	3926	3027
768	4095	3327	1608	3937	3031
1024	4095	3327	1796	3948	3035
1280	4095	3327	1986	3959	3038
1536	4095	3327	2174	3970	3042
1792	4095	3327	2363	3981	3046
2048	4095	3327	2552	3992	3050
2303	4095	3327	2740	4002	3053
2559	4095	3327	2928	4013	3057
2815	4095	3327	3118	4024	3061
3071	4095	3327	3306	4035	3064
3327	4095	3327	3495	4045	3068
3583	4095	3327	3684	4056	3072
3839	4095	3327	3872	4067	3075
4095	4095	3327	4061	4078	3079
0	0	3583	158	26	2958
256	0	3583	346	37	2962
512	0	3583	535	48	2966
768	0	3583	724	58	2969
1024	0	3583	913	69	2973
1280	0	3583	1101	80	2977
1536	0	3583	1290	91	2981
1792	0	3583	1479	102	2984
2048	0	3583	1667	113	2988
2303	0	3583	1856	124	2992
2559	0	3583	2045	135	2995
2815	0	3583	2233	146	2999
3071	0	3583	2422	157	3003
3327	0	3583	2611	168	3006
3583	0	3583	2799	178	3010
3839	0	3583	2989	189	3014
4095	0	3583	3177	200	3016
0	256	3583	213	269	2976
256	256	3583	402	280	2979
512	256	3583	591	290	2983
768	256	3583	780	301	2987
1024	256	3583	968	312	2990
1280	256	3583	1157	323	2994
1536	256	3583	1346	334	2998
1792	256	3583	1535	345	3001
2048	256	3583	1724	356	3005
2303	256	3583	1912	367	3009
2559	256	3583	2101	378	3013
2815	256	3583	2289	389	3015
3071	256	3583	2478	399	3019
3327	256	3583	2667	410	3023
3583	256	3583	2856	421	3026
3839	256	3583	3044	432	3030
4095	256	3583	3234	443	3034
0	512	3583	270	512	2993
256	512	3583	458	522	2997
512	512	3583	647	533	3000
768	512	3583	836	544	3004
1024	512	3583	1025	555	3008
1280	512	3583	1213	566	3011
1536	512	3583	1402	577	3014
1792	512	3583	1591	588	3018
2048	512	3583	1779	599	3021
2303	512	3583	1968	610	3025
2559	512	3583	2156	620	3029
2815	512	3583	2345	630	3032
3071	512	3583	2534	641	3036
3327	512	3583	2723	652	3040
3583	512	3583	2911	663	3044
3839	512	3583	3101	674	3047
4095	512	3583	3289	685	3051
0	768	3583	325	754	3010
256	768	3583	514	764	3014
512	768	3583	703	775	3017
768	768	3583	892	786	3020
1024	768	3583	1081	797	3024
1280	768	3583	1269	808	3028
1536	768	3583	1458	819	3031
1792	768	3583	1647	830	3035
2048	768	3583	1836	841	3039
2303	768	3583	2023	852	3042
2559	768	3583	2213	862	3046
2815	768	3583	2401	873	3050
3071	768	3583	2590	884	3053
3327	768	3583	2779	895	3057
3583	768	3583	2968	906	3061
3839	768	3583	3156	917	3064
4095	768	3583	3346	928	3068
0	1024	3583	382	996	3026
256	1024	3583	570	1007	3030
512	1024	3583	759	1018	3034
768	1024	3583	948	1029	3037
1024	1024	3583	1136	1040	3041
1280	1024	3583	1325	1051	3045
1536	1024	3583	1514	1062	3049
1792	1024	3583	1703	1073	3052
2048	1024	3583	1891	1083	3056
2303	1024	3583	2080	1094	3060
2559	1024	3583	2268	1105	3063
2815	1024	3583	2457	1116	3067
3071	1024	3583	2646	1127	3071
3327	1024	3583	2835	1138	3074
3583	1024	3583	3023	1149	3078
3839	1024	3583	3213	1160	3082
4095	1024	3583	3401	1171	3085
0	1280	3583	437	1239	3044
256	1280	3583	626	1250	3047
512	1280	3583	815	1261	3051
768	1280	3583	1003	1272	3055
1024	1280	3583	1193	1283	3058
1280	1280	3583	1381	1294	3062
1536	1280	3583	1570	1305	3066
1792	1280	3583	1759	1315	3069
2048	1280	3583	1948	1326	3073
2303	1280	3583	2135	1337	3077
2559	1280	3583	2325	1348	3081
2815	1280	3583	2513	1359	3084
3071	1280	3583	2702	1370	3088
3327	1280	3583	2891	1380	3092
3583	1280	3583	3080	1391	3095
3839	1280	3583	3268	1402	3099
4095	1280	3583	3457	1413	3103
0	1536	3583	494	1482	3061
256	1536	3583	682	1493	3065
512	1536	3583	870	1504	3068
768	1536	3583	1060	1515	3072
1024	1536	3583	1248	1526	3076
1280	1536	3583	1437	1536	3079
1536	1536	3583	1626	1546	3083
1792	1536	3583	1815	1557	3087
2048	1536	3583	2003	1568	3090
2303	1536	3583	2192	1579	3094
2559	1536	3583	2380	1590	3098
2815	1536	3583	2569	1601	3101
3071	1536	3583	2758	1612	3105
3327	1536	3583	2947	1623	3109
3583	1536	3583	3135	1634	3113
3839	1536	3583	3324	1645	3116
4095	1536	3583	3513	1655	3120
0	1792	3583	549	1724	3078
256	1792	3583	738	1735	3082
512	1792	3583	927	1746	3085
768	1792	3583	1115	1757	3089
1024	1792	3583	1305	1767	3093
1280	1792	3583	1493	1778	3097
1536	1792	3583	1682	1789	3100
1792	1792	3583	1871	1800	3104
2048	1792	3583	2060	1811	3108
2303	1792	3583	2247	1822	3111
2559	1792	3583	2437	1833	3115
2815	1792	3583	2625	1844	3119
3071	1792	3583	2814	1855	3122
3327	1792	3583	3003	1866	3126
3583	1792	3583	3191	1877	3129
3839	1792	3583	3380	1887	3132
4095	1792	3583	3569	1898	3136
0	2048	3583	605	1967	3095
256	2048	3583	794	1978	3099
512	2048	3583	982	1989	3103
768	2048	3583	1172	1999	3106
1024	2048	3583	1360	2010	3110
1280	2048	3583	1549	2021	3114
1536	2048	3583	1738	2032	3117
1792	2048	3583	1927	2043	3121
2048	2048	3583	2115	2054	3125
2303	2048	3583	2304	2065	3128
2559	2048	3583	2492	2076	3131
2815	2048	3583	2681	2087	3135
3071	2048	3583	2870	2098	3139
3327	2048	3583	3058	2108	3142
3583	2048	3583	3247	2119	3146
3839	2048	3583	3436	2130	3150
4095	2048	3583	3625	2141	3153
0	2303	3583	661	2209	3113
256	2303	3583	850	2219	3116
512	2303	3583	1039	2230	3120
768	2303	3583	1227	2241	3124
1024	2303	3583	1416	2252	3127
1280	2303	3583	1605	2263	3130
1536	2303	3583	1793	2274	3134
1792	2303	3583	1983	2285	3137
2048	2303	3583	2171	2296	3141
2303	2303	3583	2359	2306	3145
2559	2303	3583	2548	2317	3148
2815	2303	3583	2737	2328	3152
3071	2303	3583	2925	2338	3156
3327	2303	3583	3115	2349	3159
3583	2303	3583	3303	2360	3163
3839	2303	3583	3492	2371	3167
4095	2303	3583	3681	2382	3171
0	2559	3583	717	2450	3129
256	2559	3583	906	2461	3132
512	2559	3583	1094	2472	3136
768	2559	3583	1283	2483	3140
1024	2559	3583	1472	2494	3144
1280	2559	3583	1660	2505	3147
1536	2559	3583	1850	2516	3151
1792	2559	3583	2038	2527	3155
2048	2559	3583	2227	2538	3158
2303	2559	3583	2415	2549	3162
2559	2559	3583	2604	2559	3166
2815	2559	3583	2792	2570	3169
3071	2559	3583	2982	2581	3173
3327	2559	3583	3170	2592	3177
3583	2559	3583	3359	2603	3180
3839	2559	3583	3548	2614	3184
4095	2559	3583	3737	2625	3188
0	2815	3583	773	2693	3146
256	2815	3583	962	2704	3150
512	2815	3583	1150	2715	3153
768	2815	3583	1339	2726	3157
1024	2815	3583	1528	2737	3161
1280	2815	3583	1717	2748	3164
1536	2815	3583	1905	2759	3168
1792	2815	3583	2095	2770	3172
2048	2815	3583	2283	2781	3176
2303	2815	3583	2471	2791	3179
2559	2815	3583	2660	2802	3183
2815	2815	3583	2849	2813	3187
3071	2815	3583	3037	2824	3190
3327	2815	3583	3227	2835	3194
3583	2815	3583	3415	2846	3198
3839	2815	3583	3604	2857	3201
4095	2815	3583	3793	2868	3205
0	3071	3583	829	2936	3163
256	3071	3583	1017	2947	3167
512	3071	3583	1206	2958	3171
768	3071	3583	1395	2969	3174
1024	3071	3583	1584	2980	3178
1280	3071	3583	1772	2991	3182
1536	3071	3583	1962	3002	3185
1792	3071	3583	2150	3013	3189
2048	3071	3583	2339	3023	3193
2303	3071	3583	2527	3034	3196
2559	3071	3583	2716	3045	3200
2815	3071	3583	2904	3055	3204
3071	3071	3583	3094	3066	3208
3327	3071	3583	3282	3077	3211
3583	3071	3583	3471	3088	3215
3839	3071	3583	3660	3099	3219
4095	3071	3583	3848	3110	3222
0	3327	3583	884	3179	3181
256	3327	3583	1074	3190	3184
512	3327	3583	1262	3200	3188
768	3327	3583	1451	3211	3192
1024	3327	3583	1640	3222	3195
1280	3327	3583	1829	3233	3199
1536	3327	3583	2017	3243	3203
1792	3327	3583	2207	3254	3206
2048	3327	3583	2395	3265	3210
2303	3327	3583	2583	3276	3214
2559	3327	3583	2772	3287	3217
2815	3327	3583	2961	3298	3221
3071	3327	3583	3149	3309	3225
3327	3327	3583	3339	3320	3228
3583	3327	3583	3527	3331	3232
3839	3327	3583	3715	3342	3236
4095	3327	3583	3905	3353	3240
0	3583	3583	941	3421	3198
256	3583	3583	1129	3432	3201
512	3583	3583	1318	3443	3205
768	3583	3583	1507	3454	3209
1024	3583	3583	1696	3465	3213
1280	3583	3583	1884	3475	3216
1536	3583	3583	2074	3486	3220
1792	3583	3583	2262	3497	3224
2048	3583	3583	2451	3508	3227
2303	3583	3583	2639	3519	3231
2559	3583	3583	2828	3530	3235
2815	3583	3583	3016	3541	3238
3071	3583	3583	3206	3552	3242
3327	3583	3583	3394	3563	3245
3583	3583	3583	3583	3574	3248
3839	3583	3583	3772	3584	3252
4095	3583	3583	3960	3595	3256
0	3839	3583	996	3664	3215
256	3839	3583	1186	3675	3219
512	3839	3583	1374	3686	3222
768	3839	3583	1563	3697	3226
1024	3839	3583	1752	3707	3230
1280	3839	3583	1941	3718	3233
1536	3839	3583	2129	3729	3237
1792	3839	3583	2319	3740	3241
2048	3839	3583	2507	3751	3244
2303	3839	3583	2695	3762	3247
2559	3839	3583	2884	3773	3251
2815	3839	3583	3073	3784	3255
3071	3839	3583	3261	3795	3258
3327	3839	3583	3450	3806	3262
3583	3839	3583	3639	3815	3266
3839	3839	3583	3827	3826	3269
4095	3839	3583	4017	3837	3273
0	4095	3583	1053	3907	3232
256	4095	3583	1241	3918	3236
512	4095	3583	1430	3928	3240
768	4095	3583	1619	3939	3242
1024	4095	3583	1808	3950	3246
1280	4095	3583	1996	3960	3250
1536	4095	3583	2186	3971	3253
1792	4095	3583	2374	3982	3257
2048	4095	3583	2562	3993	3261
2303	4095	3583	2751	4004	3264
2559	4095	3583	2940	4015	3268
2815	4095	3583	3128	4026	3272
3071	4095	3583	3317	4037	3275
3327	4095	3583	3506	4047	3279
3583	4095	3583	3695	4058	3283
3839	4095	3583	3884	4069	3287
4095	4095	3583	4072	4080	3290
0	0	3839	169	28	3170
256	0	3839	358	39	3173
512	0	3839	546	50	3177
768	0	3839	735	60	3181
1024	0	3839	924	71	3184
1280	0	3839	1112	82	3188
1536	0	3839	1302	93	3192
1792	0	3839	1490	104	3195
2048	0	3839	1679	115	3199
2303	0	3839	1867	126	3203
2559	0	3839	2056	137	3207
2815	0	3839	2244	148	3210
3071	0	3839	2434	159	3214
3327	0	3839	2622	170	3218
3583	0	3839	2811	180	3221
3839	0	3839	3000	191	3225
4095	0	3839	3189	202	3229
0	256	3839	225	271	3187
256	256	3839	413	282	3191
512	256	3839	603	292	3194
768	256	3839	791	303	3198
1024	256	3839	979	314	3202
1280	256	3839	1169	325	3205
1536	256	3839	1357	336	3209
1792	256	3839	1546	347	3213
2048	256	3839	1735	358	3216
2303	256	3839	1923	369	3220
2559	256	3839	2111	380	3224
2815	256	3839	2301	391	3227
3071	256	3839	2489	401	3231
3327	256	3839	2678	412	3235
3583	256	3839	2867	423	3239
3839	256	3839	3056	434	3242
4095	256	3839	3244	445	3245
0	512	3839	281	513	3204
256	512	3839	470	524	3208
512	512	3839	658	535	3212
768	512	3839	847	546	3215
1024	512	3839	1036	557	3219
1280	512	3839	1224	568	3223
1536	512	3839	1414	579	3226
1792	512	3839	1602	590	3230
2048	512	3839	1791	600	3234
2303	512	3839	1979	611	3237
2559	512	3839	2168	622	3241
2815	512	3839	2356	632	3244
3071	512	3839	2546	643	3247
3327	512	3839	2734	654	3251
3583	512	3839	2923	665	3255
3839	512	3839	3112	676	3258
4095	512	3839	3300	687	3262
0	768	3839	337	755	3221
256	768	3839	525	766	3225
512	768	3839	714	777	3229
768	768	3839	903	788	3232
1024	768	3839	1091	799	3236
1280	768	3839	1281	810	3240
1536	768	3839	1469	821	3243
1792	768	3839	1658	832	3246
2048	768	3839	1847	843	3250
2303	768	3839	2035	853	3254
2559	768	3839	2223	864	3257
2815	768	3839	2413	875	3261
3071	768	3839	2601	886	3265
3327	768	3839	2790	897	3268
3583	768	3839	2979	908	3272
3839	768	3839	3167	919	3276
4095	768	3839	3356	930	3279
0	1024	3839	393	998	3239
256	1024	3839	581	1009	3242
512	1024	3839	770	1020	3245
768	1024	3839	959	1031	3249
1024	1024	3839	1148	1042	3252
1280	1024	3839	1336	1053	3256
1536	1024	3839	1526	1064	3260
1792	1024	3839	1714	1075	3263
2048	1024	3839	1903	1085	3267
2303	1024	3839	2091	1096	3271
2559	1024	3839	2280	1107	3274
2815	1024	3839	2468	1118	3278
3071	1024	3839	2658	1129	3282
3327	1024	3839	2846	1140	3286
3583	1024	3839	3034	1151	3289
3839	1024	3839	3224	1162	3293
4095	1024	3839	3412	1173	3297
0	1280	3839	448	1241	3255
256	1280	3839	637	1252	3259
512	1280	3839	826	1263	3262
768	1280	3839	1015	1274	3266
1024	1280	3839	1203	1285	3270
1280	1280	3839	1393	1296	3273
1536	1280	3839	1581	1307	3277
1792	1280	3839	1770	1317	3281
2048	1280	3839	1959	1328	3284
2303	1280	3839	2147	1339	3288
2559	1280	3839	2335	1349	3292
2815	1280	3839	2525	1360	3295
3071	1280	3839	2713	1371	3299
3327	1280	3839	2901	1382	3303
3583	1280	3839	3091	1393	3306
3839	1280	3839	3279	1404	3310
4095	1280	3839	3469	1415	3314
0	1536	3839	505	1484	3272
256	1536	3839	693	1494	3276
512	1536	3839	882	1505	3279
768	1536	3839	1071	1516	3283
1024	1536	3839	1260	1527	3287
1280	1536	3839	1448	1537	3291
1536	1536	3839	1638	1548	3294
1792	1536	3839	1826	1559	3298
2048	1536	3839	2014	1570	3302
2303	1536	3839	2203	1581	3305
2559	1536	3839	2392	1592	3309
2815	1536	3839	2580	1603	3313
3071	1536	3839	2769	1614	3316
3327	1536	3839	2958	1625	3320
3583	1536	3839	3146	1636	3324
3839	1536	3839	3336	1647	3327
4095	1536	3839	3524	1657	3331
0	1792	3839	560	1726	3289
256	1792	3839	749	1737	3293
512	1792	3839	938	1748	3297
768	1792	3839	1127	1759	3300
1024	1792	3839	1315	1769	3304
1280	1792	3839	1505	1780	3308
1536	1792	3839	1693	1791	3311
1792	1792	3839	1881	1802	3315
2048	1792	3839	2071	1813	3319
2303	1792	3839	2259	1824	3323
2559	1792	3839	2447	1835	3326
2815	1792	3839	2636	1846	3330
3071	1792	3839	2825	1857	3334
3327	1792	3839	3014	1868	3337
3583	1792	3839	3203	1878	3341
3839	1792	3839	3391	1889	3345
4095	1792	3839	3581	1900	3348
0	2048	3839	617	1969	3307
256	2048	3839	805	1980	3310
512	2048	3839	994	1991	3314
768	2048	3839	1183	2001	3318
1024	2048	3839	1372	2012	3321
1280	2048	3839	1560	2023	3325
1536	2048	3839	1749	2034	3329
1792	2048	3839	1938	2045	3332
2048	2048	3839	2126	2056	3336
2303	2048	3839	2315	2067	3340
2559	2048	3839	2504	2078	3343
2815	2048	3839	2692	2089	3347
3071	2048	3839	2881	2100	3351
3327	2048	3839	3070	2109	3355
3583	2048	3839	3258	2120	3357
3839	2048	3839	3448	2131	3361
4095	2048	3839	3636	2142	3365
0	2303	3839	672	2211	3324
256	2303	3839	860	2221	3327
512	2303	3839	1050	2232	3331
768	2303	3839	1238	2243	3335
1024	2303	3839	1427	2254	3339
1280	2303	3839	1616	2264	3342
1536	2303	3839	1805	2275	3346
1792	2303	3839	1993	2286	3350
2048	2303	3839	2183	2297	3353
2303	2303	3839	2370	2308	3356
2559	2303	3839	2559	2319	3360
2815	2303	3839	2748	2330	3363
3071	2303	3839	2937	2340	3367
3327	2303	3839	3126	2351	3371
3583	2303	3839	3315	2362	3374
3839	2303	3839	3503	2373	3378
4095	2303	3839	3692	2384	3382
0	2559	3839	728	2452	3341
256	2559	3839	917	2463	3345
512	2559	3839	1105	2474	3348
768	2559	3839	1295	2485	3352
1024	2559	3839	1483	2496	3356
1280	2559	3839	1672	2507	3358
1536	2559	3839	1861	2518	3362
1792	2559	3839	2050	2529	3366
2048	2559	3839	2238	2540	3370
2303	2559	3839	2427	2551	3373
2559	2559	3839	2615	2561	3377
2815	2559	3839	2804	2572	3381
3071	2559	3839	2993	2583	3384
3327	2559	3839	3182	2594	3388
3583	2559	3839	3370	2605	3392
3839	2559	3839	3559	2616	3395
4095	2559	3839	3748	2627	3399
0	2815	3839	784	2695	3357
256	2815	3839	972	2706	3361
512	2815	3839	1162	2717	3365
768	2815	3839	1350	2728	3368
1024	2815	3839	1539	2739	3372
1280	2815	3839	1728	2750	3376
1536	2815	3839	1917	2761	3379
1792	2815	3839	2105	2772	3383
2048	2815	3839	2294	2783	3387
2303	2815	3839	2482	2793	3390
2559	2815	3839	2672	2804	3394
2815	2815	3839	2860	2815	3398
3071	2815	3839	3049	2826	3402
3327	2815	3839	3238	2837	3405
3583	2815	3839	3426	2848	3409
3839	2815	3839	3615	2859	3413
4095	2815	3839	3804	2870	3416
0	3071	3839	840	2938	3374
256	3071	3839	1029	2949	3378
512	3071	3839	1217	2960	3382
768	3071	3839	1407	2971	3386
1024	3071	3839	1595	2982	3389
1280	3071	3839	1784	2993	3393
1536	3071	3839	1973	3004	3397
1792	3071	3839	2162	3014	3400
2048	3071	3839	2350	3025	3404
2303	3071	3839	2539	3035	3408
2559	3071	3839	2727	3046	3411
2815	3071	3839	2916	3057	3415
3071	3071	3839	3105	3068	3419
3327	3071	3839	3293	3079	3422
3583	3071	3839	3482	3090	3426
3839	3071	3839	3671	3101	3430
4095	3071	3839	3860	3112	3434
0	3327	3839	896	3180	3392
256	3327	3839	1084	3191	3395
512	3327	3839	1274	3202	3399
768	3327	3839	1462	3213	3403
1024	3327	3839	1651	3224	3406
1280	3327	3839	1840	3235	3410
1536	3327	3839	2029	3245	3414
1792	3327	3839	2218	3256	3418
2048	3327	3839	2406	3267	3421
2303	3327	3839	2594	3278	3425
2559	3327	3839	2784	3289	3429
2815	3327	3839	2972	3300	3432
3071	3327	3839	3160	3311	3436
3327	3327	3839	3350	3322	3440
3583	3327	3839	3538	3333	3443
3839	3327	3839	3727	3344	3447
4095	3327	3839	3916	3355	3451
0	3583	3839	952	3423	3409
256	3583	3839	1141	3434	3413
512	3583	3839	1329	3445	3416
768	3583	3839	1519	3456	3420
1024	3583	3839	1707	3467	3424
1280	3583	3839	1896	3477	3427
1536	3583	3839	2085	3488	3431
1792	3583	3839	2273	3499	3435
2048	3583	3839	2462	3510	3438
2303	3583	3839	2651	3521	3442
2559	3583	3839	2839	3532	3446
2815	3583	3839	3027	3543	3450
3071	3583	3839	3217	3554	3453
3327	3583	3839	3405	3565	3457
3583	3583	3839	3594	3576	3461
3839	3583	3839	3783	3586	3464
4095	3583	3839	3972	3597	3468
0	3839	3839	1008	3666	3426
256	3839	3839	1196	3677	3430
512	3839	3839	1386	3688	3434
768	3839	3839	1574	3698	3437
1024	3839	3839	1763	3709	3441
1280	3839	3839	1952	3720	3445
1536	3839	3839	2140	3731	3448
1792	3839	3839	2330	3742	3452
2048	3839	3839	2518	3753	3456
2303	3839	3839	2706	3764	3459
2559	3839	3839	2895	3775	3463
2815	3839	3839	3084	3785	3467
3071	3839	3839	3272	3796	3469
3327	3839	3839	3462	3807	3473
3583	3839	3839	3650	3817	3477
3839	3839	3839	3839	3828	3481
4095	3839	3839	4028	3839	3484
0	4095	3839	1064	3909	3443
256	4095	3839	1253	3920	3447
512	4095	3839	1441	3929	3451
768	4095	3839	1631	3940	3455
1024	4095	3839	1819	3951	3458
1280	4095	3839	2007	3962	3462
1536	4095	3839	2197	3973	3466
1792	4095	3839	2385	3984	3469
2048	4095	3839	2574	3995	3472
2303	4095	3839	2762	4006	3476
2559	4095	3839	2951	4017	3479
2815	4095	3839	3139	4028	3483
3071	4095	3839	3329	4038	3487
3327	4095	3839	3517	4049	3490
3583	4095	3839	3706	4060	3494
3839	4095	3839	3895	4071	3498
4095	4095	3839	4084	4082	3501
0	0	4095	180	30	3381
256	0	4095	369	41	3385
512	0	4095	557	52	3388
768	0	4095	746	62	3392
1024	0	4095	935	73	3396
1280	0	4095	1124	84	3399
1536	0	4095	1312	95	3403
1792	0	4095	1502	106	3407
2048	0	4095	1690	117	3410
2303	0	4095	1878	128	3414
2559	0	4095	2067	139	3418
2815	0	4095	2256	150	3421
3071	0	4095	2445	161	3425
3327	0	4095	2634	171	3429
3583	0	4095	2822	182	3433
3839	0	4095	3011	193	3436
4095	0	4095	3200	204	3440
0	256	4095	236	273	3398
256	256	4095	424	284	3402
512	256	4095	614	294	3405
768	256	4095	802	305	3409
1024	256	4095	991	316	3413
1280	256	4095	1180	327	3417
1536	256	4095	1369	338	3420
1792	256	4095	1557	349	3424
2048	256	4095	1747	360	3428
2303	256	4095	1934	371	3431
2559	256	4095	2123	382	3435
2815	256	4095	2312	393	3439
3071	256	4095	2501	403	3442
3327	256	4095	2689	413	3446
3583	256	4095	2878	424	3450
3839	256	4095	3067	435	3453
4095	256	4095	3255	446	3457
0	512	4095	291	515	3415
256	512	4095	481	526	3419
512	512	4095	669	537	3423
768	512	4095	858	548	3426
1024	512	4095	1047	558	3430
1280	512	4095	1236	569	3434
1536	512	4095	1424	580	3437
1792	512	4095	1614	591	3441
2048	512	4095	1802	602	3445
2303	512	4095	1991	613	3449
2559	512	4095	2179	624	3452
2815	512	4095	2368	634	3456
3071	512	4095	2557	645	3460
3327	512	4095	2745	656	3463
3583	512	4095	2934	667	3467
3839	512	4095	3123	678	3470
4095	512	4095	3312	689	3473
0	768	4095	348	757	3433
256	768	4095	536	768	3436
512	768	4095	726	779	3440
768	768	4095	914	790	3444
1024	768	4095	1103	801	3447
1280	768	4095	1292	812	3451
1536	768	4095	1481	823	3455
1792	768	4095	1669	834	3458
2048	768	4095	1858	845	3462
2303	768	4095	2046	855	3466
2559	768	4095	2235	866	3469
2815	768	4095	2424	877	3472
3071	768	4095	2612	888	3476
3327	768	4095	2801	899	3480
3583	768	4095	2990	910	3483
3839	768	4095	3179	921	3487
4095	768	4095	3367	932	3491
0	1024	4095	403	1000	3450
256	1024	4095	593	1011	3454
512	1024	4095	781	1022	3457
768	1024	4095	970	1033	3461
1024	1024	4095	1159	1044	3465
1280	1024	4095	1348	1055	3468
1536	1024	4095	1536	1066	3471
1792	1024	4095	1725	1077	3475
2048	1024	4095	1914	1087	3478
2303	1024	4095	2103	1098	3482
2559	1024	4095	2291	1109	3486
2815	1024	4095	2479	1120	3489
3071	1024	4095	2669	1131	3493
3327	1024	4095	2857	1142	3497
3583	1024	4095	3046	1153	3500
3839	1024	4095	3235	1164	3504
4095	1024	4095	3424	1174	3508
0	1280	4095	460	1243	3467
256	1280	4095	648	1254	3470
512	1280	4095	838	1265	3473
768	1280	4095	1026	1276	3477
1024	1280	4095	1215	1287	3481
1280	1280	4095	1404	1298	3485
1536	1280	4095	1592	1308	3488
1792	1280	4095	1781	1318	3492
2048	1280	4095	1970	1329	3496
2303	1280	4095	2158	1340	3499
2559	1280	4095	2346	1351	3503
2815	1280	4095	2536	1362	3507
3071	1280	4095	2724	1373	3510
3327	1280	4095	2913	1384	3514
3583	1280	4095	3102	1395	3518
3839	1280	4095	3291	1406	3521
4095	1280	4095	3479	1417	3525
0	1536	4095	515	1485	3483
256	1536	4095	705	1496	3487
512	1536	4095	893	1507	3491
768	1536	4095	1082	1518	3494
1024	1536	4095	1271	1529	3498
1280	1536	4095	1459	1539	3502
1536	1536	4095	1649	1550	3505
1792	1536	4095	1837	1561	3509
2048	1536	4095	2026	1572	3513
2303	1536	4095	2214	1583	3517
2559	1536	4095	2403	1594	3520
2815	1536	4095	2591	1605	3524
3071	1536	4095	2781	1616	3528
3327	1536	4095	2969	1627	3531
3583	1536	4095	3158	1638	3535
3839	1536	4095	3347	1649	3539
4095	1536	4095	3536	1659	3542
0	1792	4095	572	1728	3501
256	1792	4095	760	1739	3504
512	1792	4095	950	1750	3508
768	1792	4095	1138	1761	3512
1024	1792	4095	1326	1771	3515
1280	1792	4095	1516	1782	3519
1536	1792	4095	1704	1793	3523
1792	1792	4095	1893	1804	3526
2048	1792	4095	2082	1815	3530
2303	1792	4095	2270	1826	3534
2559	1792	4095	2458	1837	3537
2815	1792	4095	2648	1848	3541
3071	1792	4095	2836	1859	3545
3327	1792	4095	3025	1870	3549
3583	1792	4095	3214	1880	3552
3839	1792	4095	3403	1891	3556
4095	1792	4095	3591	1902	3560
0	2048	4095	627	1971	3518
256	2048	4095	817	1982	3522
512	2048	4095	1005	1992	3525
768	2048	4095	1194	2003	3529
1024	2048	4095	1383	2014	3533
1280	2048	4095	1571	2025	3536
1536	2048	4095	1761	2036	3540
1792	2048	4095	1949	2047	3544
2048	2048	4095	2138	2058	3547
2303	2048	4095	2326	2068	3551
2559	2048	4095	2515	2079	3555
2815	2048	4095	2703	2090	3558
3071	2048	4095	2893	2101	3562
3327	2048	4095	3081	2111	3566
3583	2048	4095	3270	2122	3569
3839	2048	4095	3459	2133	3573
4095	2048	4095	3648	2144	3577
0	2303	4095	683	2213	3535
256	2303	4095	872	2223	3539
512	2303	4095	1061	2233	3542
768	2303	4095	1250	2244	3546
1024	2303	4095	1438	2255	3550
1280	2303	4095	1628	2266	3553
1536	2303	4095	1816	2277	3557
1792	2303	4095	2004	2288	3561
2048	2303	4095	2194	2299	3565
2303	2303	4095	2382	2310	3568
2559	2303	4095	2570	2321	3572
2815	2303	4095	2760	2332	3576
3071	2303	4095	2948	2342	3579
3327	2303	4095	3136	2353	3583
3583	2303	4095	3326	2364	3586
3839	2303	4095	3514	2375	3589
4095	2303	4095	3703	2386	3593
0	2559	4095	739	2454	3552
256	2559	4095	928	2465	3556
512	2559	4095	1117	2476	3560
768	2559	4095	1306	2487	3563
1024	2559	4095	1495	2498	3567
1280	2559	4095	1683	2509	3571
1536	2559	4095	1872	2520	3574
1792	2559	4095	2061	2531	3578
2048	2559	4095	2249	2542	3582
2303	2559	4095	2438	2553	3584
2559	2559	4095	2627	2563	3588
2815	2559	4095	2815	2574	3592
3071	2559	4095	3004	2585	3595
3327	2559	4095	3193	2596	3599
3583	2559	4095	3381	2607	3603
3839	2559	4095	3571	2618	3607
4095	2559	4095	3759	2629	3610
0	2815	4095	795	2697	3569
256	2815	4095	984	2708	3573
512	2815	4095	1173	2719	3577
768	2815	4095	1362	2730	3581
1024	2815	4095	1550	2741	3583
1280	2815	4095	1740	2752	3587
1536	2815	4095	1928	2763	3591
1792	2815	4095	2116	2774	3594
2048	2815	4095	2306	2785	3598
2303	2815	4095	2494	2795	3602
2559	2815	4095	2682	2806	3605
2815	2815	4095	2871	2817	3609
3071	2815	4095	3060	2828	3613
3327	2815	4095	3248	2839	3616
3583	2815	4095	3438	2849	3620
3839	2815	4095	3626	2860	3624
4095	2815	4095	3815	2871	3627
0	3071	4095	852	2940	3586
256	3071	4095	1040	2951	3589
512	3071	4095	1229	2962	3593
768	3071	4095	1418	2973	3597
1024	3071	4095	1607	2984	3600
1280	3071	4095	1795	2994	3604
1536	3071	4095	1984	3005	3608
1792	3071	4095	2173	3015	3612
2048	3071	4095	2361	3026	3615
2303	3071	4095	2550	3037	3619
2559	3071	4095	2738	3048	3623
2815	3071	4095	2927	3059	3626
3071	3071	4095	3116	3070	3630
3327	3071	4095	3305	3081	3634
3583	3071	4095	3493	3092	3637
3839	3071	4095	3683	3103	3641
4095	3071	4095	3871	3114	3645
0	3327	4095	907	3182	3603
256	3327	4095	1096	3193	3607
512	3327	4095	1285	3204	3610
768	3327	4095	1474	3215	3614
1024	3327	4095	1662	3226	3618
1280	3327	4095	1851	3237	3621
1536	3327	4095	2040	3247	3625
1792	3327	4095	2228	3258	3629
2048	3327	4095	2418	3269	3632
2303	3327	4095	2605	3280	3636
2559	3327	4095	2794	3291	3640
2815	3327	4095	2983	3302	3644
3071	3327	4095	3172	3313	3647
3327	3327	4095	3360	3324	3651
3583	3327	4095	3550	3335	3655
3839	3327	4095	3738	3346	3658
4095	3327	4095	3927	3356	3662
0	3583	4095	964	3425	3620
256	3583	4095	1152	3436	3624
512	3583	4095	1341	3447	3628
768	3583	4095	1530	3458	3631
1024	3583	4095	1718	3469	3635
1280	3583	4095	1907	3479	3639
1536	3583	4095	2096	3490	3642
1792	3583	4095	2285	3501	3646
2048	3583	4095	2473	3512	3650
2303	3583	4095	2662	3523	3653
2559	3583	4095	2850	3534	3657
2815	3583	4095	3039	3545	3661
3071	3583	4095	3228	3556	3664
3327	3583	4095	3417	3567	3668
3583	3583	4095	3605	3578	3672
3839	3583	4095	3795	3588	3676
4095	3583	4095	3983	3599	3679
0	3839	4095	1019	3668	3637
256	3839	4095	1208	3679	3641
512	3839	4095	1397	3690	3645
768	3839	4095	1585	3700	3649
1024	3839	4095	1774	3711	3652
1280	3839	4095	1963	3722	3656
1536	3839	4095	2152	3733	3660
1792	3839	4095	2340	3744	3663
2048	3839	4095	2530	3754	3667
2303	3839	4095	2717	3765	3671
2559	3839	4095	2906	3776	3674
2815	3839	4095	3095	3787	3678
3071	3839	4095	3284	3798	3682
3327	3839	4095	3472	3809	3685
3583	3839	4095	3662	3819	3689
3839	3839	4095	3850	3830	3693
4095	3839	4095	4038	3841	3696
0	4095	4095	1076	3910	3655
256	4095	4095	1264	3921	3658
512	4095	4095	1452	3931	3662
768	4095	4095	1642	3942	3666
1024	4095	4095	1830	3953	3669
1280	4095	4095	2019	3964	3673
1536	4095	4095	2208	3975	3677
1792	4095	4095	2397	3986	3681
2048	4095	4095	2585	3997	3684
2303	4095	4095	2774	4008	3688
2559	4095	4095	2962	4019	3692
2815	4095	4095	3151	4030	3695
3071	4095	4095	3340	4040	3698
3327	4095	4095	3529	4051	3702
3583	4095	4095	3717	4062	3705
3839	4095	4095	3906	4073	3709
4095	4095	4095	4095	4084	3713
