0	0	0	0	0	0
256	0	0	256	0	0
512	0	0	512	0	0
768	0	0	768	0	0
1024	0	0	1024	0	0
1280	0	0	1280	0	0
1536	0	0	1536	0	0
1792	0	0	1792	0	0
2048	0	0	2048	0	0
2303	0	0	2303	0	0
2559	0	0	2559	0	0
2815	0	0	2815	0	0
3071	0	0	3071	0	0
3327	0	0	3327	0	0
3583	0	0	3583	0	0
3839	0	0	3839	0	0
4095	0	0	4095	0	0
0	256	0	0	30	2
256	256	0	7	30	2
512	256	0	72	30	2
768	256	0	173	30	2
1024	256	0	296	30	2
1280	256	0	432	30	2
1536	256	0	578	30	2
1792	256	0	732	30	2
2048	256	0	892	30	2
2303	256	0	1056	30	2
2559	256	0	1225	30	2
2815	256	0	1398	30	2
3071	256	0	1575	30	2
3327	256	0	1754	30	2
3583	256	0	1936	30	2
3839	256	0	2120	30	2
4095	256	0	2306	30	2
0	512	0	0	61	3
256	512	0	0	61	3
512	512	0	13	61	3
768	512	0	65	61	3
1024	512	0	143	61	3
1280	512	0	239	61	3
1536	512	0	347	61	3
1792	512	0	465	61	3
2048	512	0	592	61	3
2303	512	0	724	61	3
2559	512	0	863	61	3
2815	512	0	1007	61	3
3071	512	0	1155	61	3
3327	512	0	1307	61	3
3583	512	0	1463	61	3
3839	512	0	1621	61	3
4095	512	0	1783	61	3
0	768	0	0	91	5
256	768	0	0	91	5
512	768	0	0	91	5
768	768	0	20	91	5
1024	768	0	67	91	5
1280	768	0	133	91	5
1536	768	0	215	91	5
1792	768	0	308	91	5
2048	768	0	410	91	5
2303	768	0	520	91	5
2559	768	0	637	91	5
2815	768	0	759	91	5
3071	768	0	887	91	5
3327	768	0	1019	91	5
3583	768	0	1155	91	5
3839	768	0	1295	91	5
4095	768	0	1438	91	5
0	1024	0	0	122	6
256	1024	0	0	122	6
512	1024	0	0	122	6
768	1024	0	3	122	6
1024	1024	0	27	122	6
1280	1024	0	71	122	6
1536	1024	0	131	122	6
1792	1024	0	203	122	6
2048	1024	0	286	122	6
2303	1024	0	378	122	6
2559	1024	0	477	122	6
2815	1024	0	582	122	6
3071	1024	0	693	122	6
3327	1024	0	809	122	6
3583	1024	0	930	122	6
3839	1024	0	1054	122	6
4095	1024	0	1183	122	6
0	1280	0	0	152	8
256	1280	0	0	152	8
512	1280	0	0	152	8
768	1280	0	0	152	8
1024	1280	0	7	152	8
1280	1280	0	33	152	8
1536	1280	0	76	152	8
1792	1280	0	131	152	8
2048	1280	0	198	152	8
2303	1280	0	274	152	8
2559	1280	0	358	152	8
2815	1280	0	448	152	8
3071	1280	0	545	152	8
3327	1280	0	648	152	8
3583	1280	0	755	152	8
3839	1280	0	866	152	8
4095	1280	0	982	152	8
0	1536	0	0	183	10
256	1536	0	0	183	10
512	1536	0	0	183	10
768	1536	0	0	183	10
1024	1536	0	0	183	10
1280	1536	0	12	183	10
1536	1536	0	40	183	10
1792	1536	0	81	183	10
2048	1536	0	134	183	10
2303	1536	0	196	183	10
2559	1536	0	267	183	10
2815	1536	0	345	183	10
3071	1536	0	429	183	10
3327	1536	0	519	183	10
3583	1536	0	615	183	10
3839	1536	0	715	183	10
4095	1536	0	820	183	10
0	1792	0	0	213	11
256	1792	0	0	213	11
512	1792	0	0	213	11
768	1792	0	0	213	11
1024	1792	0	0	213	11
1280	1792	0	2	213	11
1536	1792	0	18	213	11
1792	1792	0	46	213	11
2048	1792	0	87	213	11
2303	1792	0	137	213	11
2559	1792	0	196	213	11
2815	1792	0	263	213	11
3071	1792	0	336	213	11
3327	1792	0	416	213	11
3583	1792	0	501	213	11
3839	1792	0	591	213	11
4095	1792	0	685	213	11
0	2048	0	0	244	13
256	2048	0	0	244	13
512	2048	0	0	244	13
768	2048	0	0	244	13
1024	2048	0	0	244	13
1280	2048	0	0	244	13
1536	2048	0	5	244	13
1792	2048	0	23	244	13
2048	2048	0	53	244	13
2303	2048	0	93	244	13
2559	2048	0	141	244	13
2815	2048	0	198	244	13
3071	2048	0	261	244	13
3327	2048	0	331	244	13
3583	2048	0	406	244	13
3839	2048	0	487	244	13
4095	2048	0	572	244	13
0	2303	0	0	274	15
256	2303	0	0	274	15
512	2303	0	0	274	15
768	2303	0	0	274	15
1024	2303	0	0	274	15
1280	2303	0	0	274	15
1536	2303	0	1	274	15
1792	2303	0	9	274	15
2048	2303	0	30	274	15
2303	2303	0	60	274	15
2559	2303	0	99	274	15
2815	2303	0	146	274	15
3071	2303	0	201	274	15
3327	2303	0	262	274	15
3583	2303	0	328	274	15
3839	2303	0	400	274	15
4095	2303	0	477	274	15
0	2559	0	0	305	16
256	2559	0	0	305	16
512	2559	0	0	305	16
768	2559	0	0	305	16
1024	2559	0	0	305	16
1280	2559	0	0	305	16
1536	2559	0	0	305	16
1792	2559	0	2	305	16
2048	2559	0	14	305	16
2303	2559	0	36	305	16
2559	2559	0	66	305	16
2815	2559	0	105	305	16
3071	2559	0	151	305	16
3327	2559	0	204	305	16
3583	2559	0	263	305	16
3839	2559	0	327	305	16
4095	2559	0	396	305	16
0	2815	0	0	335	18
256	2815	0	0	335	18
512	2815	0	0	335	18
768	2815	0	0	335	18
1024	2815	0	0	335	18
1280	2815	0	0	335	18
1536	2815	0	0	335	18
1792	2815	0	0	335	18
2048	2815	0	5	335	18
2303	2815	0	19	335	18
2559	2815	0	42	335	18
2815	2815	0	73	335	18
3071	2815	0	111	335	18
3327	2815	0	157	335	18
3583	2815	0	208	335	18
3839	2815	0	265	335	18
4095	2815	0	327	335	18
0	3071	0	0	365	19
256	3071	0	0	365	19
512	3071	0	0	365	19
768	3071	0	0	365	19
1024	3071	0	0	365	19
1280	3071	0	0	365	19
1536	3071	0	0	365	19
1792	3071	0	0	365	19
2048	3071	0	1	365	19
2303	3071	0	8	365	19
2559	3071	0	24	365	19
2815	3071	0	48	365	19
3071	3071	0	80	365	19
3327	3071	0	118	365	19
3583	3071	0	162	365	19
3839	3071	0	212	365	19
4095	3071	0	267	365	19
0	3327	0	0	396	21
256	3327	0	0	396	21
512	3327	0	0	396	21
768	3327	0	0	396	21
1024	3327	0	0	396	21
1280	3327	0	0	396	21
1536	3327	0	0	396	21
1792	3327	0	0	396	21
2048	3327	0	0	396	21
2303	3327	0	2	396	21
2559	3327	0	12	396	21
2815	3327	0	30	396	21
3071	3327	0	54	396	21
3327	3327	0	86	396	21
3583	3327	0	124	396	21
3839	3327	0	168	396	21
4095	3327	0	217	396	21
0	3583	0	0	426	23
256	3583	0	0	426	23
512	3583	0	0	426	23
768	3583	0	0	426	23
1024	3583	0	0	426	23
1280	3583	0	0	426	23
1536	3583	0	0	426	23
1792	3583	0	0	426	23
2048	3583	0	0	426	23
2303	3583	0	0	426	23
2559	3583	0	5	426	23
2815	3583	0	16	426	23
3071	3583	0	35	426	23
3327	3583	0	61	426	23
3583	3583	0	93	426	23
3839	3583	0	131	426	23
4095	3583	0	174	426	23
0	3839	0	0	457	24
256	3839	0	0	457	24
512	3839	0	0	457	24
768	3839	0	0	457	24
1024	3839	0	0	457	24
1280	3839	0	0	457	24
1536	3839	0	0	457	24
1792	3839	0	0	457	24
2048	3839	0	0	457	24
2303	3839	0	0	457	24
2559	3839	0	1	457	24
2815	3839	0	7	457	24
3071	3839	0	21	457	24
3327	3839	0	41	457	24
3583	3839	0	67	457	24
3839	3839	0	99	457	24
4095	3839	0	137	457	24
0	4095	0	0	487	26
256	4095	0	0	487	26
512	4095	0	0	487	26
768	4095	0	0	487	26
1024	4095	0	0	487	26
1280	4095	0	0	487	26
1536	4095	0	0	487	26
1792	4095	0	0	487	26
2048	4095	0	0	487	26
2303	4095	0	0	487	26
2559	4095	0	0	487	26
2815	4095	0	2	487	26
3071	4095	0	11	487	26
3327	4095	0	26	487	26
3583	4095	0	47	487	26
3839	4095	0	74	487	26
4095	4095	0	106	487	26
0	0	256	161	89	203
256	0	256	944	89	203
512	0	256	1422	89	203
768	0	256	1851	89	203
1024	0	256	2254	89	203
1280	0	256	2640	89	203
1536	0	256	3015	89	203
1792	0	256	3381	89	203
2048	0	256	3739	89	203
2303	0	256	4091	89	203
2559	0	256	4095	89	203
2815	0	256	4095	89	203
3071	0	256	4095	89	203
3327	0	256	4095	89	203
3583	0	256	4095	89	203
3839	0	256	4095	89	203
4095	0	256	4095	89	203
0	256	256	0	256	256
256	256	256	256	256	256
512	256	256	512	256	256
768	256	256	768	256	256
1024	256	256	1024	256	256
1280	256	256	1280	256	256
1536	256	256	1536	256	256
1792	256	256	1792	256	256
2048	256	256	2048	256	256
2303	256	256	2303	256	256
2559	256	256	2559	256	256
2815	256	256	2815	256	256
3071	256	256	3071	256	256
3327	256	256	3327	256	256
3583	256	256	3583	256	256
3839	256	256	3839	256	256
4095	256	256	4095	256	256
0	512	256	0	342	277
256	512	256	117	342	277
512	512	256	297	342	277
768	512	256	494	342	277
1024	512	256	698	342	277
1280	512	256	908	342	277
1536	512	256	1123	342	277
1792	512	256	1340	342	277
2048	512	256	1559	342	277
2303	512	256	1780	342	277
2559	512	256	2003	342	277
2815	512	256	2228	342	277
3071	512	256	2454	342	277
3327	512	256	2681	342	277
3583	512	256	2909	342	277
3839	512	256	3138	342	277
4095	512	256	3367	342	277
0	768	256	0	415	294
256	768	256	50	415	294
512	768	256	177	415	294
768	768	256	330	415	294
1024	768	256	498	415	294
1280	768	256	675	415	294
1536	768	256	859	415	294
1792	768	256	1047	415	294
2048	768	256	1240	415	294
2303	768	256	1436	415	294
2559	768	256	1635	415	294
2815	768	256	1837	415	294
3071	768	256	2040	415	294
3327	768	256	2246	415	294
3583	768	256	2454	415	294
3839	768	256	2663	415	294
4095	768	256	2873	415	294
0	1024	256	0	482	308
256	1024	256	17	482	308
512	1024	256	102	482	308
768	1024	256	222	482	308
1024	1024	256	359	482	308
1280	1024	256	509	482	308
1536	1024	256	668	482	308
1792	1024	256	834	482	308
2048	1024	256	1005	482	308
2303	1024	256	1180	482	308
2559	1024	256	1360	482	308
2815	1024	256	1543	482	308
3071	1024	256	1729	482	308
3327	1024	256	1917	482	308
3583	1024	256	2108	482	308
3839	1024	256	2300	482	308
4095	1024	256	2495	482	308
0	1280	256	0	545	321
256	1280	256	3	545	321
512	1280	256	55	545	321
768	1280	256	146	545	321
1024	1280	256	258	545	321
1280	1280	256	386	545	321
1536	1280	256	524	545	321
1792	1280	256	670	545	321
2048	1280	256	823	545	321
2303	1280	256	980	545	321
2559	1280	256	1143	545	321
2815	1280	256	1310	545	321
3071	1280	256	1480	545	321
3327	1280	256	1654	545	321
3583	1280	256	1830	545	321
3839	1280	256	2008	545	321
4095	1280	256	2189	545	321
0	1536	256	0	605	332
256	1536	256	0	605	332
512	1536	256	26	605	332
768	1536	256	92	605	332
1024	1536	256	183	605	332
1280	1536	256	291	605	332
1536	1536	256	410	605	332
1792	1536	256	539	605	332
2048	1536	256	676	605	332
2303	1536	256	818	605	332
2559	1536	256	966	605	332
2815	1536	256	1119	605	332
3071	1536	256	1275	605	332
3327	1536	256	1435	605	332
3583	1536	256	1599	605	332
3839	1536	256	1765	605	332
4095	1536	256	1934	605	332
0	1792	256	0	662	343
256	1792	256	0	662	343
512	1792	256	9	662	343
768	1792	256	55	662	343
1024	1792	256	127	662	343
1280	1792	256	217	662	343
1536	1792	256	320	662	343
1792	1792	256	433	662	343
2048	1792	256	555	662	343
2303	1792	256	684	662	343
2559	1792	256	818	662	343
2815	1792	256	958	662	343
3071	1792	256	1103	662	343
3327	1792	256	1251	662	343
3583	1792	256	1403	662	343
3839	1792	256	1558	662	343
4095	1792	256	1716	662	343
0	2048	256	0	718	353
256	2048	256	0	718	353
512	2048	256	1	718	353
768	2048	256	29	718	353
1024	2048	256	84	718	353
1280	2048	256	158	718	353
1536	2048	256	247	718	353
1792	2048	256	346	718	353
2048	2048	256	455	718	353
2303	2048	256	571	718	353
2559	2048	256	694	718	353
2815	2048	256	822	718	353
3071	2048	256	955	718	353
3327	2048	256	1092	718	353
3583	2048	256	1234	718	353
3839	2048	256	1379	718	353
4095	2048	256	1527	718	353
0	2303	256	0	772	363
256	2303	256	0	772	363
512	2303	256	0	772	363
768	2303	256	13	772	363
1024	2303	256	53	772	363
1280	2303	256	113	772	363
1536	2303	256	188	772	363
1792	2303	256	275	772	363
2048	2303	256	372	772	363
2303	2303	256	476	772	363
2559	2303	256	588	772	363
2815	2303	256	705	772	363
3071	2303	256	828	772	363
3327	2303	256	956	772	363
3583	2303	256	1087	772	363
3839	2303	256	1223	772	363
4095	2303	256	1361	772	363
0	2559	256	0	825	372
256	2559	256	0	825	372
512	2559	256	0	825	372
768	2559	256	4	825	372
1024	2559	256	31	825	372
1280	2559	256	78	825	372
1536	2559	256	141	825	372
1792	2559	256	216	825	372
2048	2559	256	301	825	372
2303	2559	256	395	825	372
2559	2559	256	496	825	372
2815	2559	256	604	825	372
3071	2559	256	717	825	372
3327	2559	256	835	825	372
3583	2559	256	958	825	372
3839	2559	256	1085	825	372
4095	2559	256	1215	825	372
0	2815	256	0	877	380
256	2815	256	0	877	380
512	2815	256	0	877	380
768	2815	256	0	877	380
1024	2815	256	15	877	380
1280	2815	256	51	877	380
1536	2815	256	102	877	380
1792	2815	256	167	877	380
2048	2815	256	242	877	380
2303	2815	256	326	877	380
2559	2815	256	417	877	380
2815	2815	256	516	877	380
3071	2815	256	620	877	380
3327	2815	256	730	877	380
3583	2815	256	844	877	380
3839	2815	256	962	877	380
4095	2815	256	1084	877	380
0	3071	256	0	928	389
256	3071	256	0	928	389
512	3071	256	0	928	389
768	3071	256	0	928	389
1024	3071	256	6	928	389
1280	3071	256	31	928	389
1536	3071	256	72	928	389
1792	3071	256	127	928	389
2048	3071	256	192	928	389
2303	3071	256	267	928	389
2559	3071	256	349	928	389
2815	3071	256	439	928	389
3071	3071	256	535	928	389
3327	3071	256	636	928	389
3583	3071	256	742	928	389
3839	3071	256	853	928	389
4095	3071	256	968	928	389
0	3327	256	0	978	397
256	3327	256	0	978	397
512	3327	256	0	978	397
768	3327	256	0	978	397
1024	3327	256	1	978	397
1280	3327	256	17	978	397
1536	3327	256	48	978	397
1792	3327	256	94	978	397
2048	3327	256	150	978	397
2303	3327	256	216	978	397
2559	3327	256	290	978	397
2815	3327	256	372	978	397
3071	3327	256	460	978	397
3327	3327	256	553	978	397
3583	3327	256	652	978	397
3839	3327	256	755	978	397
4095	3327	256	863	978	397
0	3583	256	0	1028	405
256	3583	256	0	1028	405
512	3583	256	0	1028	405
768	3583	256	0	1028	405
1024	3583	256	0	1028	405
1280	3583	256	7	1028	405
1536	3583	256	30	1028	405
1792	3583	256	67	1028	405
2048	3583	256	115	1028	405
2303	3583	256	173	1028	405
2559	3583	256	239	1028	405
2815	3583	256	313	1028	405
3071	3583	256	394	1028	405
3327	3583	256	480	1028	405
3583	3583	256	571	1028	405
3839	3583	256	668	1028	405
4095	3583	256	769	1028	405
0	3839	256	0	1077	413
256	3839	256	0	1077	413
512	3839	256	0	1077	413
768	3839	256	0	1077	413
1024	3839	256	0	1077	413
1280	3839	256	2	1077	413
1536	3839	256	17	1077	413
1792	3839	256	46	1077	413
2048	3839	256	86	1077	413
2303	3839	256	136	1077	413
2559	3839	256	195	1077	413
2815	3839	256	262	1077	413
3071	3839	256	335	1077	413
3327	3839	256	414	1077	413
3583	3839	256	499	1077	413
3839	3839	256	589	1077	413
4095	3839	256	683	1077	413
0	4095	256	0	1125	420
256	4095	256	0	1125	420
512	4095	256	0	1125	420
768	4095	256	0	1125	420
1024	4095	256	0	1125	420
1280	4095	256	0	1125	420
1536	4095	256	8	1125	420
1792	4095	256	30	1125	420
2048	4095	256	63	1125	420
2303	4095	256	105	1125	420
2559	4095	256	157	1125	420
2815	4095	256	217	1125	420
3071	4095	256	284	1125	420
3327	4095	256	356	1125	420
3583	4095	256	435	1125	420
3839	4095	256	518	1125	420
4095	4095	256	606	1125	420
0	0	512	322	179	406
256	0	512	1323	179	406
512	0	512	1889	179	406
768	0	512	2385	179	406
1024	0	512	2845	179	406
1280	0	512	3282	179	406
1536	0	512	3702	179	406
1792	0	512	4095	179	406
2048	0	512	4095	179	406
2303	0	512	4095	179	406
2559	0	512	4095	179	406
2815	0	512	4095	179	406
3071	0	512	4095	179	406
3327	0	512	4095	179	406
3583	0	512	4095	179	406
3839	0	512	4095	179	406
4095	0	512	4095	179	406
0	256	512	18	403	482
256	256	512	456	403	482
512	256	512	791	403	482
768	256	512	1110	403	482
1024	256	512	1419	403	482
1280	256	512	1722	403	482
1536	256	512	2021	403	482
1792	256	512	2317	403	482
2048	256	512	2610	403	482
2303	256	512	2900	403	482
2559	256	512	3190	403	482
2815	256	512	3478	403	482
3071	256	512	3764	403	482
3327	256	512	4050	403	482
3583	256	512	4095	403	482
3839	256	512	4095	403	482
4095	256	512	4095	403	482
0	512	512	0	512	512
256	512	512	256	512	512
512	512	512	512	512	512
768	512	512	768	512	512
1024	512	512	1024	512	512
1280	512	512	1280	512	512
1536	512	512	1536	512	512
1792	512	512	1792	512	512
2048	512	512	2048	512	512
2303	512	512	2303	512	512
2559	512	512	2559	512	512
2815	512	512	2815	512	512
3071	512	512	3071	512	512
3327	512	512	3327	512	512
3583	512	512	3583	512	512
3839	512	512	3839	512	512
4095	512	512	4095	512	512
0	768	512	0	603	535
256	768	512	146	603	535
512	768	512	345	603	535
768	768	512	556	603	535
1024	768	512	774	603	535
1280	768	512	995	603	535
1536	768	512	1220	603	535
1792	768	512	1447	603	535
2048	768	512	1675	603	535
2303	768	512	1904	603	535
2559	768	512	2136	603	535
2815	768	512	2368	603	535
3071	768	512	2602	603	535
3327	768	512	2836	603	535
3583	768	512	3071	603	535
3839	768	512	3307	603	535
4095	768	512	3543	603	535
0	1024	512	0	684	555
256	1024	512	80	684	555
512	1024	512	234	684	555
768	1024	512	408	684	555
1024	1024	512	595	684	555
1280	1024	512	788	684	555
1536	1024	512	987	684	555
1792	1024	512	1190	684	555
2048	1024	512	1396	684	555
2303	1024	512	1605	684	555
2559	1024	512	1816	684	555
2815	1024	512	2029	684	555
3071	1024	512	2244	684	555
3327	1024	512	2461	684	555
3583	1024	512	2678	684	555
3839	1024	512	2897	684	555
4095	1024	512	3118	684	555
0	1280	512	0	760	572
256	1280	512	39	760	572
512	1280	512	155	760	572
768	1280	512	300	760	572
1024	1280	512	459	760	572
1280	1280	512	629	760	572
1536	1280	512	806	760	572
1792	1280	512	989	760	572
2048	1280	512	1176	760	572
2303	1280	512	1366	760	572
2559	1280	512	1560	760	572
2815	1280	512	1757	760	572
3071	1280	512	1956	760	572
3327	1280	512	2157	760	572
3583	1280	512	2360	760	572
3839	1280	512	2565	760	572
4095	1280	512	2771	760	572
0	1536	512	0	831	588
256	1536	512	16	831	588
512	1536	512	100	831	588
768	1536	512	218	831	588
1024	1536	512	354	831	588
1280	1536	512	503	831	588
1536	1536	512	661	831	588
1792	1536	512	826	831	588
2048	1536	512	996	831	588
2303	1536	512	1170	831	588
2559	1536	512	1349	831	588
2815	1536	512	1531	831	588
3071	1536	512	1716	831	588
3327	1536	512	1904	831	588
3583	1536	512	2094	831	588
3839	1536	512	2286	831	588
4095	1536	512	2480	831	588
0	1792	512	0	899	602
256	1792	512	4	899	602
512	1792	512	60	899	602
768	1792	512	155	899	602
1024	1792	512	271	899	602
1280	1792	512	401	899	602
1536	1792	512	542	899	602
1792	1792	512	691	899	602
2048	1792	512	846	899	602
2303	1792	512	1006	899	602
2559	1792	512	1171	899	602
2815	1792	512	1340	899	602
3071	1792	512	1512	899	602
3327	1792	512	1688	899	602
3583	1792	512	1866	899	602
3839	1792	512	2046	899	602
4095	1792	512	2229	899	602
0	2048	512	0	965	616
256	2048	512	0	965	616
512	2048	512	33	965	616
768	2048	512	107	965	616
1024	2048	512	205	965	616
1280	2048	512	318	965	616
1536	2048	512	443	965	616
1792	2048	512	577	965	616
2048	2048	512	719	965	616
2303	2048	512	866	965	616
2559	2048	512	1018	965	616
2815	2048	512	1175	965	616
3071	2048	512	1336	965	616
3327	2048	512	1500	965	616
3583	2048	512	1668	965	616
3839	2048	512	1838	965	616
4095	2048	512	2010	965	616
0	2303	512	0	1028	629
256	2303	512	0	1028	629
512	2303	512	16	1028	629
768	2303	512	71	1028	629
1024	2303	512	152	1028	629
1280	2303	512	250	1028	629
1536	2303	512	361	1028	629
1792	2303	512	482	1028	629
2048	2303	512	611	1028	629
2303	2303	512	746	1028	629
2559	2303	512	887	1028	629
2815	2303	512	1033	1028	629
3071	2303	512	1183	1028	629
3327	2303	512	1337	1028	629
3583	2303	512	1494	1028	629
3839	2303	512	1654	1028	629
4095	2303	512	1817	1028	629
0	2559	512	0	1090	641
256	2559	512	0	1090	641
512	2559	512	5	1090	641
768	2559	512	44	1090	641
1024	2559	512	110	1090	641
1280	2559	512	194	1090	641
1536	2559	512	292	1090	641
1792	2559	512	400	1090	641
2048	2559	512	517	1090	641
2303	2559	512	641	1090	641
2559	2559	512	771	1090	641
2815	2559	512	907	1090	641
3071	2559	512	1047	1090	641
3327	2559	512	1192	1090	641
3583	2559	512	1340	1090	641
3839	2559	512	1491	1090	641
4095	2559	512	1645	1090	641
0	2815	512	0	1150	653
256	2815	512	0	1150	653
512	2815	512	1	1150	653
768	2815	512	25	1150	653
1024	2815	512	77	1150	653
1280	2815	512	148	1150	653
1536	2815	512	234	1150	653
1792	2815	512	330	1150	653
2048	2815	512	437	1150	653
2303	2815	512	550	1150	653
2559	2815	512	670	1150	653
2815	2815	512	796	1150	653
3071	2815	512	927	1150	653
3327	2815	512	1063	1150	653
3583	2815	512	1202	1150	653
3839	2815	512	1345	1150	653
4095	2815	512	1491	1150	653
0	3071	512	0	1209	664
256	3071	512	0	1209	664
512	3071	512	0	1209	664
768	3071	512	12	1209	664
1024	3071	512	51	1209	664
1280	3071	512	110	1209	664
1536	3071	512	185	1209	664
1792	3071	512	271	1209	664
2048	3071	512	367	1209	664
2303	3071	512	470	1209	664
2559	3071	512	581	1209	664
2815	3071	512	698	1209	664
3071	3071	512	820	1209	664
3327	3071	512	947	1209	664
3583	3071	512	1078	1209	664
3839	3071	512	1213	1209	664
4095	3071	512	1351	1209	664
0	3327	512	0	1267	675
256	3327	512	0	1267	675
512	3327	512	0	1267	675
768	3327	512	4	1267	675
1024	3327	512	32	1267	675
1280	3327	512	80	1267	675
1536	3327	512	144	1267	675
1792	3327	512	220	1267	675
2048	3327	512	306	1267	675
2303	3327	512	400	1267	675
2559	3327	512	503	1267	675
2815	3327	512	611	1267	675
3071	3327	512	725	1267	675
3327	3327	512	844	1267	675
3583	3327	512	967	1267	675
3839	3327	512	1094	1267	675
4095	3327	512	1225	1267	675
0	3583	512	0	1324	686
256	3583	512	0	1324	686
512	3583	512	0	1324	686
768	3583	512	1	1324	686
1024	3583	512	18	1324	686
1280	3583	512	56	1324	686
1536	3583	512	110	1324	686
1792	3583	512	176	1324	686
2048	3583	512	253	1324	686
2303	3583	512	339	1324	686
2559	3583	512	433	1324	686
2815	3583	512	533	1324	686
3071	3583	512	639	1324	686
3327	3583	512	751	1324	686
3583	3583	512	866	1324	686
3839	3583	512	986	1324	686
4095	3583	512	1110	1324	686
0	3839	512	0	1380	696
256	3839	512	0	1380	696
512	3839	512	0	1380	696
768	3839	512	0	1380	696
1024	3839	512	9	1380	696
1280	3839	512	37	1380	696
1536	3839	512	82	1380	696
1792	3839	512	139	1380	696
2048	3839	512	208	1380	696
2303	3839	512	286	1380	696
2559	3839	512	371	1380	696
2815	3839	512	464	1380	696
3071	3839	512	562	1380	696
3327	3839	512	666	1380	696
3583	3839	512	775	1380	696
3839	3839	512	889	1380	696
4095	3839	512	1006	1380	696
0	4095	512	0	1435	706
256	4095	512	0	1435	706
512	4095	512	0	1435	706
768	4095	512	0	1435	706
1024	4095	512	3	1435	706
1280	4095	512	23	1435	706
1536	4095	512	59	1435	706
1792	4095	512	108	1435	706
2048	4095	512	169	1435	706
2303	4095	512	238	1435	706
2559	4095	512	317	1435	706
2815	4095	512	402	1435	706
3071	4095	512	493	1435	706
3327	4095	512	591	1435	706
3583	4095	512	693	1435	706
3839	4095	512	799	1435	706
4095	4095	512	910	1435	706
0	0	768	483	268	609
256	0	768	1653	268	609
512	0	768	2286	268	609
768	0	768	2833	268	609
1024	0	768	3336	268	609
1280	0	768	3812	268	609
1536	0	768	4095	268	609
1792	0	768	4095	268	609
2048	0	768	4095	268	609
2303	0	768	4095	268	609
2559	0	768	4095	268	609
2815	0	768	4095	268	609
3071	0	768	4095	268	609
3327	0	768	4095	268	609
3583	0	768	4095	268	609
3839	0	768	4095	268	609
4095	0	768	4095	268	609
0	256	768	62	538	703
256	256	768	647	538	703
512	256	768	1045	538	703
768	256	768	1411	538	703
1024	256	768	1761	538	703
1280	256	768	2100	538	703
1536	256	768	2432	538	703
1792	256	768	2759	538	703
2048	256	768	3080	538	703
2303	256	768	3397	538	703
2559	256	768	3712	538	703
2815	256	768	4025	538	703
3071	256	768	4095	538	703
3327	256	768	4095	538	703
3583	256	768	4095	538	703
3839	256	768	4095	538	703
4095	256	768	4095	538	703
0	512	768	10	664	740
256	512	768	400	664	740
512	512	768	715	664	740
768	512	768	1017	664	740
1024	512	768	1313	664	740
1280	512	768	1604	664	740
1536	512	768	1892	664	740
1792	512	768	2178	664	740
2048	512	768	2462	664	740
2303	512	768	2743	664	740
2559	512	768	3024	664	740
2815	512	768	3304	664	740
3071	512	768	3583	664	740
3327	512	768	3861	664	740
3583	512	768	4095	664	740
3839	512	768	4095	664	740
4095	512	768	4095	664	740
0	768	768	0	768	768
256	768	768	256	768	768
512	768	768	512	768	768
768	768	768	768	768	768
1024	768	768	1024	768	768
1280	768	768	1280	768	768
1536	768	768	1536	768	768
1792	768	768	1792	768	768
2048	768	768	2048	768	768
2303	768	768	2303	768	768
2559	768	768	2559	768	768
2815	768	768	2815	768	768
3071	768	768	3071	768	768
3327	768	768	3327	768	768
3583	768	768	3583	768	768
3839	768	768	3839	768	768
4095	768	768	4095	768	768
0	1024	768	0	861	792
256	1024	768	163	861	792
512	1024	768	371	861	792
768	1024	768	590	861	792
1024	1024	768	814	861	792
1280	1024	768	1041	861	792
1536	1024	768	1271	861	792
1792	1024	768	1502	861	792
2048	1024	768	1736	861	792
2303	1024	768	1969	861	792
2559	1024	768	2205	861	792
2815	1024	768	2441	861	792
3071	1024	768	2678	861	792
3327	1024	768	2916	861	792
3583	1024	768	3155	861	792
3839	1024	768	3394	861	792
4095	1024	768	3634	861	792
0	1280	768	0	946	813
256	1280	768	100	946	813
512	1280	768	268	946	813
768	1280	768	455	946	813
1024	1280	768	652	946	813
1280	1280	768	854	946	813
1536	1280	768	1062	946	813
1792	1280	768	1273	946	813
2048	1280	768	1486	946	813
2303	1280	768	1702	946	813
2559	1280	768	1920	946	813
2815	1280	768	2139	946	813
3071	1280	768	2360	946	813
3327	1280	768	2583	946	813
3583	1280	768	2806	946	813
3839	1280	768	3031	946	813
4095	1280	768	3256	946	813
0	1536	768	0	1026	832
256	1536	768	57	1026	832
512	1536	768	191	1026	832
768	1536	768	350	1026	832
1024	1536	768	523	1026	832
1280	1536	768	704	1026	832
1536	1536	768	892	1026	832
1792	1536	768	1085	1026	832
2048	1536	768	1281	1026	832
2303	1536	768	1480	1026	832
2559	1536	768	1682	1026	832
2815	1536	768	1887	1026	832
3071	1536	768	2094	1026	832
3327	1536	768	2302	1026	832
3583	1536	768	2513	1026	832
3839	1536	768	2724	1026	832
4095	1536	768	2937	1026	832
0	1792	768	0	1102	850
256	1792	768	29	1102	850
512	1792	768	133	1102	850
768	1792	768	268	1102	850
1024	1792	768	419	1102	850
1280	1792	768	581	1102	850
1536	1792	768	751	1102	850
1792	1792	768	927	1102	850
2048	1792	768	1108	1102	850
2303	1792	768	1292	1102	850
2559	1792	768	1481	1102	850
2815	1792	768	1672	1102	850
3071	1792	768	1866	1102	850
3327	1792	768	2062	1102	850
3583	1792	768	2260	1102	850
3839	1792	768	2460	1102	850
4095	1792	768	2662	1102	850
0	2048	768	0	1176	866
256	2048	768	12	1176	866
512	2048	768	90	1176	866
768	2048	768	202	1176	866
1024	2048	768	334	1176	866
1280	2048	768	478	1176	866
1536	2048	768	632	1176	866
1792	2048	768	793	1176	866
2048	2048	768	960	1176	866
2303	2048	768	1131	1176	866
2559	2048	768	1306	1176	866
2815	2048	768	1486	1176	866
3071	2048	768	1668	1176	866
3327	2048	768	1852	1176	866
3583	2048	768	2040	1176	866
3839	2048	768	2229	1176	866
4095	2048	768	2420	1176	866
0	2303	768	0	1246	882
256	2303	768	3	1246	882
512	2303	768	57	1246	882
768	2303	768	150	1246	882
1024	2303	768	264	1246	882
1280	2303	768	392	1246	882
1536	2303	768	532	1246	882
1792	2303	768	679	1246	882
2048	2303	768	833	1246	882
2303	2303	768	991	1246	882
2559	2303	768	1155	1246	882
2815	2303	768	1323	1246	882
3071	2303	768	1494	1246	882
3327	2303	768	1668	1246	882
3583	2303	768	1845	1246	882
3839	2303	768	2025	1246	882
4095	2303	768	2206	1246	882
0	2559	768	0	1315	896
256	2559	768	0	1315	896
512	2559	768	34	1315	896
768	2559	768	108	1315	896
1024	2559	768	206	1315	896
1280	2559	768	320	1315	896
1536	2559	768	445	1315	896
1792	2559	768	580	1315	896
2048	2559	768	721	1315	896
2303	2559	768	869	1315	896
2559	2559	768	1021	1315	896
2815	2559	768	1179	1315	896
3071	2559	768	1340	1315	896
3327	2559	768	1504	1315	896
3583	2559	768	1672	1315	896
3839	2559	768	1842	1315	896
4095	2559	768	2014	1315	896
0	2815	768	0	1381	911
256	2815	768	0	1381	911
512	2815	768	18	1381	911
768	2815	768	75	1381	911
1024	2815	768	158	1381	911
1280	2815	768	258	1381	911
1536	2815	768	371	1381	911
1792	2815	768	494	1381	911
2048	2815	768	624	1381	911
2303	2815	768	760	1381	911
2559	2815	768	903	1381	911
2815	2815	768	1050	1381	911
3071	2815	768	1202	1381	911
3327	2815	768	1357	1381	911
3583	2815	768	1516	1381	911
3839	2815	768	1677	1381	911
4095	2815	768	1841	1381	911
0	3071	768	0	1447	924
256	3071	768	0	1447	924
512	3071	768	7	1447	924
768	3071	768	50	1447	924
1024	3071	768	119	1447	924
1280	3071	768	207	1447	924
1536	3071	768	307	1447	924
1792	3071	768	419	1447	924
2048	3071	768	538	1447	924
2303	3071	768	665	1447	924
2559	3071	768	798	1447	924
2815	3071	768	936	1447	924
3071	3071	768	1078	1447	924
3327	3071	768	1225	1447	924
3583	3071	768	1375	1447	924
3839	3071	768	1528	1447	924
4095	3071	768	1685	1447	924
0	3327	768	0	1510	937
256	3327	768	0	1510	937
512	3327	768	2	1510	937
768	3327	768	31	1510	937
1024	3327	768	87	1510	937
1280	3327	768	163	1510	937
1536	3327	768	253	1510	937
1792	3327	768	353	1510	937
2048	3327	768	463	1510	937
2303	3327	768	580	1510	937
2559	3327	768	704	1510	937
2815	3327	768	833	1510	937
3071	3327	768	967	1510	937
3327	3327	768	1105	1510	937
3583	3327	768	1247	1510	937
3839	3327	768	1393	1510	937
4095	3327	768	1542	1510	937
0	3583	768	0	1573	950
256	3583	768	0	1573	950
512	3583	768	0	1573	950
768	3583	768	17	1573	950
1024	3583	768	62	1573	950
1280	3583	768	126	1573	950
1536	3583	768	205	1573	950
1792	3583	768	296	1573	950
2048	3583	768	397	1573	950
2303	3583	768	504	1573	950
2559	3583	768	619	1573	950
2815	3583	768	740	1573	950
3071	3583	768	866	1573	950
3327	3583	768	997	1573	950
3583	3583	768	1132	1573	950
3839	3583	768	1270	1573	950
4095	3583	768	1411	1573	950
0	3839	768	0	1635	962
256	3839	768	0	1635	962
512	3839	768	0	1635	962
768	3839	768	8	1635	962
1024	3839	768	42	1635	962
1280	3839	768	96	1635	962
1536	3839	768	165	1635	962
1792	3839	768	246	1635	962
2048	3839	768	338	1635	962
2303	3839	768	437	1635	962
2559	3839	768	544	1635	962
2815	3839	768	657	1635	962
3071	3839	768	775	1635	962
3327	3839	768	898	1635	962
3583	3839	768	1026	1635	962
3839	3839	768	1157	1635	962
4095	3839	768	1292	1635	962
0	4095	768	0	1695	974
256	4095	768	0	1695	974
512	4095	768	0	1695	974
768	4095	768	3	1695	974
1024	4095	768	26	1695	974
1280	4095	768	71	1695	974
1536	4095	768	131	1695	974
1792	4095	768	203	1695	974
2048	4095	768	286	1695	974
2303	4095	768	377	1695	974
2559	4095	768	476	1695	974
2815	4095	768	582	1695	974
3071	4095	768	693	1695	974
3327	4095	768	809	1695	974
3583	4095	768	929	1695	974
3839	4095	768	1054	1695	974
4095	4095	768	1182	1695	974
0	0	1024	644	358	812
256	0	1024	1958	358	812
512	0	1024	2647	358	812
768	0	1024	3237	358	812
1024	0	1024	3777	358	812
1280	0	1024	4095	358	812
1536	0	1024	4095	358	812
1792	0	1024	4095	358	812
2048	0	1024	4095	358	812
2303	0	1024	4095	358	812
2559	0	1024	4095	358	812
2815	0	1024	4095	358	812
3071	0	1024	4095	358	812
3327	0	1024	4095	358	812
3583	0	1024	4095	358	812
3839	0	1024	4095	358	812
4095	0	1024	4095	358	812
0	256	1024	121	666	922
256	256	1024	835	666	922
512	256	1024	1284	666	922
768	256	1024	1691	666	922
1024	256	1024	2075	666	922
1280	256	1024	2445	666	922
1536	256	1024	2805	666	922
1792	256	1024	3157	666	922
2048	256	1024	3503	666	922
2303	256	1024	3842	666	922
2559	256	1024	4095	666	922
2815	256	1024	4095	666	922
3071	256	1024	4095	666	922
3327	256	1024	4095	666	922
3583	256	1024	4095	666	922
3839	256	1024	4095	666	922
4095	256	1024	4095	666	922
0	512	1024	36	807	964
256	512	1024	546	807	964
512	512	1024	912	807	964
768	512	1024	1254	807	964
1024	512	1024	1583	807	964
1280	512	1024	1904	807	964
1536	512	1024	2219	807	964
1792	512	1024	2530	807	964
2048	512	1024	2837	807	964
2303	512	1024	3141	807	964
2559	512	1024	3443	807	964
2815	512	1024	3743	807	964
3071	512	1024	4041	807	964
3327	512	1024	4095	807	964
3583	512	1024	4095	807	964
3839	512	1024	4095	807	964
4095	512	1024	4095	807	964
0	768	1024	6	922	997
256	768	1024	373	922	997
512	768	1024	678	922	997
768	768	1024	972	922	997
1024	768	1024	1261	922	997
1280	768	1024	1546	922	997
1536	768	1024	1829	922	997
1792	768	1024	2110	922	997
2048	768	1024	2389	922	997
2303	768	1024	2665	922	997
2559	768	1024	2942	922	997
2815	768	1024	3218	922	997
3071	768	1024	3493	922	997
3327	768	1024	3767	922	997
3583	768	1024	4041	922	997
3839	768	1024	4095	922	997
4095	768	1024	4095	922	997
0	1024	1024	0	1024	1024
256	1024	1024	256	1024	1024
512	1024	1024	512	1024	1024
768	1024	1024	768	1024	1024
1024	1024	1024	1024	1024	1024
1280	1024	1024	1280	1024	1024
1536	1024	1024	1536	1024	1024
1792	1024	1024	1792	1024	1024
2048	1024	1024	2048	1024	1024
2303	1024	1024	2303	1024	1024
2559	1024	1024	2559	1024	1024
2815	1024	1024	2815	1024	1024
3071	1024	1024	3071	1024	1024
3327	1024	1024	3327	1024	1024
3583	1024	1024	3583	1024	1024
3839	1024	1024	3839	1024	1024
4095	1024	1024	4095	1024	1024
0	1280	1024	0	1118	1048
256	1280	1024	173	1118	1048
512	1280	1024	388	1118	1048
768	1280	1024	611	1118	1048
1024	1280	1024	839	1118	1048
1280	1280	1024	1070	1118	1048
1536	1280	1024	1303	1118	1048
1792	1280	1024	1538	1118	1048
2048	1280	1024	1774	1118	1048
2303	1280	1024	2011	1118	1048
2559	1280	1024	2249	1118	1048
2815	1280	1024	2488	1118	1048
3071	1280	1024	2728	1118	1048
3327	1280	1024	2968	1118	1048
3583	1280	1024	3209	1118	1048
3839	1280	1024	3450	1118	1048
4095	1280	1024	3692	1118	1048
0	1536	1024	0	1205	1070
256	1536	1024	114	1205	1070
512	1536	1024	293	1205	1070
768	1536	1024	487	1205	1070
1024	1536	1024	691	1205	1070
1280	1536	1024	900	1205	1070
1536	1536	1024	1113	1205	1070
1792	1536	1024	1329	1205	1070
2048	1536	1024	1547	1205	1070
2303	1536	1024	1767	1205	1070
2559	1536	1024	1990	1205	1070
2815	1536	1024	2213	1205	1070
3071	1536	1024	2439	1205	1070
3327	1536	1024	2665	1205	1070
3583	1536	1024	2892	1205	1070
3839	1536	1024	3120	1205	1070
4095	1536	1024	3349	1205	1070
0	1792	1024	0	1288	1090
256	1792	1024	71	1288	1090
512	1792	1024	218	1288	1090
768	1792	1024	387	1288	1090
1024	1792	1024	569	1288	1090
1280	1792	1024	758	1288	1090
1536	1792	1024	953	1288	1090
1792	1792	1024	1152	1288	1090
2048	1792	1024	1355	1288	1090
2303	1792	1024	1560	1288	1090
2559	1792	1024	1768	1288	1090
2815	1792	1024	1978	1288	1090
3071	1792	1024	2190	1288	1090
3327	1792	1024	2404	1288	1090
3583	1792	1024	2619	1288	1090
3839	1792	1024	2835	1288	1090
4095	1792	1024	3053	1288	1090
0	2048	1024	0	1368	1109
256	2048	1024	41	1368	1109
512	2048	1024	160	1368	1109
768	2048	1024	306	1368	1109
1024	2048	1024	467	1368	1109
1280	2048	1024	638	1368	1109
1536	2048	1024	817	1368	1109
1792	2048	1024	1001	1368	1109
2048	2048	1024	1189	1368	1109
2303	2048	1024	1381	1368	1109
2559	2048	1024	1576	1368	1109
2815	2048	1024	1773	1368	1109
3071	2048	1024	1973	1368	1109
3327	2048	1024	2176	1368	1109
3583	2048	1024	2380	1368	1109
3839	2048	1024	2585	1368	1109
4095	2048	1024	2792	1368	1109
0	2303	1024	0	1444	1127
256	2303	1024	21	1444	1127
512	2303	1024	114	1444	1127
768	2303	1024	239	1444	1127
1024	2303	1024	383	1444	1127
1280	2303	1024	537	1444	1127
1536	2303	1024	701	1444	1127
1792	2303	1024	871	1444	1127
2048	2303	1024	1046	1444	1127
2303	2303	1024	1224	1444	1127
2559	2303	1024	1408	1444	1127
2815	2303	1024	1594	1444	1127
3071	2303	1024	1783	1444	1127
3327	2303	1024	1974	1444	1127
3583	2303	1024	2168	1444	1127
3839	2303	1024	2363	1444	1127
4095	2303	1024	2561	1444	1127
0	2559	1024	0	1519	1144
256	2559	1024	9	1519	1144
512	2559	1024	79	1519	1144
768	2559	1024	185	1519	1144
1024	2559	1024	311	1519	1144
1280	2559	1024	450	1519	1144
1536	2559	1024	600	1519	1144
1792	2559	1024	756	1519	1144
2048	2559	1024	919	1519	1144
2303	2559	1024	1086	1519	1144
2559	2559	1024	1258	1519	1144
2815	2559	1024	1434	1519	1144
3071	2559	1024	1612	1519	1144
3327	2559	1024	1794	1519	1144
3583	2559	1024	1978	1519	1144
3839	2559	1024	2164	1519	1144
4095	2559	1024	2352	1519	1144
0	2815	1024	0	1591	1160
256	2815	1024	2	1591	1160
512	2815	1024	52	1591	1160
768	2815	1024	140	1591	1160
1024	2815	1024	251	1591	1160
1280	2815	1024	376	1591	1160
1536	2815	1024	512	1591	1160
1792	2815	1024	656	1591	1160
2048	2815	1024	808	1591	1160
2303	2815	1024	964	1591	1160
2559	2815	1024	1125	1591	1160
2815	2815	1024	1291	1591	1160
3071	2815	1024	1459	1591	1160
3327	2815	1024	1632	1591	1160
3583	2815	1024	1807	1591	1160
3839	2815	1024	1984	1591	1160
4095	2815	1024	2164	1591	1160
0	3071	1024	0	1661	1176
256	3071	1024	0	1661	1176
512	3071	1024	31	1661	1176
768	3071	1024	104	1661	1176
1024	3071	1024	200	1661	1176
1280	3071	1024	312	1661	1176
1536	3071	1024	435	1661	1176
1792	3071	1024	568	1661	1176
2048	3071	1024	709	1661	1176
2303	3071	1024	854	1661	1176
2559	3071	1024	1006	1661	1176
2815	3071	1024	1162	1661	1176
3071	3071	1024	1322	1661	1176
3327	3071	1024	1485	1661	1176
3583	3071	1024	1651	1661	1176
3839	3071	1024	1821	1661	1176
4095	3071	1024	1992	1661	1176
0	3327	1024	0	1730	1190
256	3327	1024	0	1730	1190
512	3327	1024	17	1730	1190
768	3327	1024	74	1730	1190
1024	3327	1024	157	1730	1190
1280	3327	1024	256	1730	1190
1536	3327	1024	369	1730	1190
1792	3327	1024	491	1730	1190
2048	3327	1024	621	1730	1190
2303	3327	1024	757	1730	1190
2559	3327	1024	899	1730	1190
2815	3327	1024	1046	1730	1190
3071	3327	1024	1197	1730	1190
3327	3327	1024	1352	1730	1190
3583	3327	1024	1510	1730	1190
3839	3327	1024	1671	1730	1190
4095	3327	1024	1835	1730	1190
0	3583	1024	0	1798	1205
256	3583	1024	0	1798	1205
512	3583	1024	8	1798	1205
768	3583	1024	51	1798	1205
1024	3583	1024	121	1798	1205
1280	3583	1024	209	1798	1205
1536	3583	1024	310	1798	1205
1792	3583	1024	422	1798	1205
2048	3583	1024	542	1798	1205
2303	3583	1024	669	1798	1205
2559	3583	1024	802	1798	1205
2815	3583	1024	941	1798	1205
3071	3583	1024	1084	1798	1205
3327	3583	1024	1231	1798	1205
3583	3583	1024	1381	1798	1205
3839	3583	1024	1535	1798	1205
4095	3583	1024	1692	1798	1205
0	3839	1024	0	1864	1219
256	3839	1024	0	1864	1219
512	3839	1024	2	1864	1219
768	3839	1024	33	1864	1219
1024	3839	1024	91	1864	1219
1280	3839	1024	168	1864	1219
1536	3839	1024	259	1864	1219
1792	3839	1024	361	1864	1219
2048	3839	1024	472	1864	1219
2303	3839	1024	590	1864	1219
2559	3839	1024	715	1864	1219
2815	3839	1024	845	1864	1219
3071	3839	1024	981	1864	1219
3327	3839	1024	1120	1864	1219
3583	3839	1024	1263	1864	1219
3839	3839	1024	1410	1864	1219
4095	3839	1024	1560	1864	1219
0	4095	1024	0	1929	1232
256	4095	1024	0	1929	1232
512	4095	1024	0	1929	1232
768	4095	1024	20	1929	1232
1024	4095	1024	67	1929	1232
1280	4095	1024	133	1929	1232
1536	4095	1024	215	1929	1232
1792	4095	1024	307	1929	1232
2048	4095	1024	410	1929	1232
2303	4095	1024	519	1929	1232
2559	4095	1024	636	1929	1232
2815	4095	1024	759	1929	1232
3071	4095	1024	886	1929	1232
3327	4095	1024	1019	1929	1232
3583	4095	1024	1155	1929	1232
3839	4095	1024	1295	1929	1232
4095	4095	1024	1438	1929	1232
0	0	1280	805	447	1015
256	0	1280	2246	447	1015
512	0	1280	2985	447	1015
768	0	1280	3614	447	1015
1024	0	1280	4095	447	1015
1280	0	1280	4095	447	1015
1536	0	1280	4095	447	1015
1792	0	1280	4095	447	1015
2048	0	1280	4095	447	1015
2303	0	1280	4095	447	1015
2559	0	1280	4095	447	1015
2815	0	1280	4095	447	1015
3071	0	1280	4095	447	1015
3327	0	1280	4095	447	1015
3583	0	1280	4095	447	1015
3839	0	1280	4095	447	1015
4095	0	1280	4095	447	1015
0	256	1280	190	790	1138
256	256	1280	1019	790	1138
512	256	1280	1515	790	1138
768	256	1280	1958	790	1138
1024	256	1280	2373	790	1138
1280	256	1280	2770	790	1138
1536	256	1280	3154	790	1138
1792	256	1280	3528	790	1138
2048	256	1280	3895	790	1138
2303	256	1280	4095	790	1138
2559	256	1280	4095	790	1138
2815	256	1280	4095	790	1138
3071	256	1280	4095	790	1138
3327	256	1280	4095	790	1138
3583	256	1280	4095	790	1138
3839	256	1280	4095	790	1138
4095	256	1280	4095	790	1138
0	512	1280	75	944	1186
256	512	1280	694	944	1186
512	512	1280	1105	944	1186
768	512	1280	1482	944	1186
1024	512	1280	1840	944	1186
1280	512	1280	2188	944	1186
1536	512	1280	2527	944	1186
1792	512	1280	2860	944	1186
2048	512	1280	3188	944	1186
2303	512	1280	3511	944	1186
2559	512	1280	3832	944	1186
2815	512	1280	4095	944	1186
3071	512	1280	4095	944	1186
3327	512	1280	4095	944	1186
3583	512	1280	4095	944	1186
3839	512	1280	4095	944	1186
4095	512	1280	4095	944	1186
0	768	1280	25	1069	1222
256	768	1280	494	1069	1222
512	768	1280	843	1069	1222
768	768	1280	1172	1069	1222
1024	768	1280	1490	1069	1222
1280	768	1280	1801	1069	1222
1536	768	1280	2107	1069	1222
1792	768	1280	2409	1069	1222
2048	768	1280	2709	1069	1222
2303	768	1280	3005	1069	1222
2559	768	1280	3300	1069	1222
2815	768	1280	3593	1069	1222
3071	768	1280	3885	1069	1222
3327	768	1280	4095	1069	1222
3583	768	1280	4095	1069	1222
3839	768	1280	4095	1069	1222
4095	768	1280	4095	1069	1222
0	1024	1280	5	1179	1253
256	1024	1280	356	1179	1253
512	1024	1280	655	1179	1253
768	1024	1280	944	1179	1253
1024	1024	1280	1229	1179	1253
1280	1024	1280	1510	1179	1253
1536	1024	1280	1790	1179	1253
1792	1024	1280	2067	1179	1253
2048	1024	1280	2343	1179	1253
2303	1024	1280	2617	1179	1253
2559	1024	1280	2891	1179	1253
2815	1024	1280	3164	1179	1253
3071	1024	1280	3437	1179	1253
3327	1024	1280	3709	1179	1253
3583	1024	1280	3980	1179	1253
3839	1024	1280	4095	1179	1253
4095	1024	1280	4095	1179	1253
0	1280	1280	0	1280	1280
256	1280	1280	256	1280	1280
512	1280	1280	512	1280	1280
768	1280	1280	768	1280	1280
1024	1280	1280	1024	1280	1280
1280	1280	1280	1280	1280	1280
1536	1280	1280	1536	1280	1280
1792	1280	1280	1792	1280	1280
2048	1280	1280	2048	1280	1280
2303	1280	1280	2303	1280	1280
2559	1280	1280	2559	1280	1280
2815	1280	1280	2815	1280	1280
3071	1280	1280	3071	1280	1280
3327	1280	1280	3327	1280	1280
3583	1280	1280	3583	1280	1280
3839	1280	1280	3839	1280	1280
4095	1280	1280	4095	1280	1280
0	1536	1280	0	1374	1304
256	1536	1280	181	1374	1304
512	1536	1280	400	1374	1304
768	1536	1280	627	1374	1304
1024	1536	1280	858	1374	1304
1280	1536	1280	1091	1374	1304
1536	1536	1280	1327	1374	1304
1792	1536	1280	1564	1374	1304
2048	1536	1280	1802	1374	1304
2303	1536	1280	2040	1374	1304
2559	1536	1280	2280	1374	1304
2815	1536	1280	2521	1374	1304
3071	1536	1280	2762	1374	1304
3327	1536	1280	3004	1374	1304
3583	1536	1280	3247	1374	1304
3839	1536	1280	3489	1374	1304
4095	1536	1280	3733	1374	1304
0	1792	1280	0	1464	1327
256	1792	1280	125	1464	1327
512	1792	1280	311	1464	1327
768	1792	1280	511	1464	1327
1024	1792	1280	720	1464	1327
1280	1792	1280	933	1464	1327
1536	1792	1280	1150	1464	1327
1792	1792	1280	1370	1464	1327
2048	1792	1280	1592	1464	1327
2303	1792	1280	1815	1464	1327
2559	1792	1280	2041	1464	1327
2815	1792	1280	2268	1464	1327
3071	1792	1280	2496	1464	1327
3327	1792	1280	2725	1464	1327
3583	1792	1280	2955	1464	1327
3839	1792	1280	3186	1464	1327
4095	1792	1280	3418	1464	1327
0	2048	1280	0	1549	1348
256	2048	1280	83	1549	1348
512	2048	1280	239	1549	1348
768	2048	1280	416	1549	1348
1024	2048	1280	604	1549	1348
1280	2048	1280	799	1549	1348
1536	2048	1280	999	1549	1348
1792	2048	1280	1203	1549	1348
2048	2048	1280	1411	1549	1348
2303	2048	1280	1620	1549	1348
2559	2048	1280	1833	1549	1348
2815	2048	1280	2047	1549	1348
3071	2048	1280	2263	1549	1348
3327	2048	1280	2480	1549	1348
3583	2048	1280	2699	1549	1348
3839	2048	1280	2919	1549	1348
4095	2048	1280	3140	1549	1348
0	2303	1280	0	1630	1368
256	2303	1280	52	1630	1368
512	2303	1280	181	1630	1368
768	2303	1280	337	1630	1368
1024	2303	1280	506	1630	1368
1280	2303	1280	684	1630	1368
1536	2303	1280	869	1630	1368
1792	2303	1280	1059	1630	1368
2048	2303	1280	1253	1630	1368
2303	2303	1280	1449	1630	1368
2559	2303	1280	1650	1630	1368
2815	2303	1280	1852	1630	1368
3071	2303	1280	2057	1630	1368
3327	2303	1280	2264	1630	1368
3583	2303	1280	2472	1630	1368
3839	2303	1280	2682	1630	1368
4095	2303	1280	2893	1630	1368
0	2559	1280	0	1710	1387
256	2559	1280	30	1710	1387
512	2559	1280	135	1710	1387
768	2559	1280	270	1710	1387
1024	2559	1280	422	1710	1387
1280	2559	1280	584	1710	1387
1536	2559	1280	755	1710	1387
1792	2559	1280	931	1710	1387
2048	2559	1280	1113	1710	1387
2303	2559	1280	1298	1710	1387
2559	2559	1280	1486	1710	1387
2815	2559	1280	1678	1710	1387
3071	2559	1280	1872	1710	1387
3327	2559	1280	2069	1710	1387
3583	2559	1280	2267	1710	1387
3839	2559	1280	2468	1710	1387
4095	2559	1280	2670	1710	1387
0	2815	1280	0	1787	1404
256	2815	1280	15	1787	1404
512	2815	1280	98	1787	1404
768	2815	1280	214	1787	1404
1024	2815	1280	350	1787	1404
1280	2815	1280	498	1787	1404
1536	2815	1280	655	1787	1404
1792	2815	1280	819	1787	1404
2048	2815	1280	989	1787	1404
2303	2815	1280	1162	1787	1404
2559	2815	1280	1340	1787	1404
2815	2815	1280	1522	1787	1404
3071	2815	1280	1706	1787	1404
3327	2815	1280	1893	1787	1404
3583	2815	1280	2083	1787	1404
3839	2815	1280	2274	1787	1404
4095	2815	1280	2467	1787	1404
0	3071	1280	0	1862	1422
256	3071	1280	6	1862	1422
512	3071	1280	68	1862	1422
768	3071	1280	168	1862	1422
1024	3071	1280	288	1862	1422
1280	3071	1280	423	1862	1422
1536	3071	1280	567	1862	1422
1792	3071	1280	719	1862	1422
2048	3071	1280	878	1862	1422
2303	3071	1280	1041	1862	1422
2559	3071	1280	1209	1862	1422
2815	3071	1280	1381	1862	1422
3071	3071	1280	1556	1862	1422
3327	3071	1280	1734	1862	1422
3583	3071	1280	1915	1862	1422
3839	3071	1280	2098	1862	1422
4095	3071	1280	2283	1862	1422
0	3327	1280	0	1935	1438
256	3327	1280	1	1935	1438
512	3327	1280	45	1935	1438
768	3327	1280	129	1935	1438
1024	3327	1280	235	1935	1438
1280	3327	1280	357	1935	1438
1536	3327	1280	489	1935	1438
1792	3327	1280	631	1935	1438
2048	3327	1280	779	1935	1438
2303	3327	1280	932	1935	1438
2559	3327	1280	1090	1935	1438
2815	3327	1280	1253	1935	1438
3071	3327	1280	1419	1935	1438
3327	3327	1280	1589	1935	1438
3583	3327	1280	1762	1935	1438
3839	3327	1280	1937	1935	1438
4095	3327	1280	2114	1935	1438
0	3583	1280	0	2007	1454
256	3583	1280	0	2007	1454
512	3583	1280	28	2007	1454
768	3583	1280	97	2007	1454
1024	3583	1280	190	2007	1454
1280	3583	1280	300	2007	1454
1536	3583	1280	421	2007	1454
1792	3583	1280	551	2007	1454
2048	3583	1280	690	2007	1454
2303	3583	1280	833	2007	1454
2559	3583	1280	983	2007	1454
2815	3583	1280	1137	2007	1454
3071	3583	1280	1295	2007	1454
3327	3583	1280	1456	2007	1454
3583	3583	1280	1621	2007	1454
3839	3583	1280	1789	2007	1454
4095	3583	1280	1959	2007	1454
0	3839	1280	0	2077	1469
256	3839	1280	0	2077	1469
512	3839	1280	16	2077	1469
768	3839	1280	71	2077	1469
1024	3839	1280	152	2077	1469
1280	3839	1280	249	2077	1469
1536	3839	1280	360	2077	1469
1792	3839	1280	481	2077	1469
2048	3839	1280	609	2077	1469
2303	3839	1280	744	2077	1469
2559	3839	1280	885	2077	1469
2815	3839	1280	1031	2077	1469
3071	3839	1280	1181	2077	1469
3327	3839	1280	1335	2077	1469
3583	3839	1280	1492	2077	1469
3839	3839	1280	1652	2077	1469
4095	3839	1280	1815	2077	1469
0	4095	1280	0	2146	1484
256	4095	1280	0	2146	1484
512	4095	1280	7	2146	1484
768	4095	1280	50	2146	1484
1024	4095	1280	119	2146	1484
1280	4095	1280	206	2146	1484
1536	4095	1280	307	2146	1484
1792	4095	1280	418	2146	1484
2048	4095	1280	537	2146	1484
2303	4095	1280	664	2146	1484
2559	4095	1280	796	2146	1484
2815	4095	1280	934	2146	1484
3071	4095	1280	1077	2146	1484
3327	4095	1280	1223	2146	1484
3583	4095	1280	1373	2146	1484
3839	4095	1280	1526	2146	1484
4095	4095	1280	1683	2146	1484
0	0	1536	966	537	1218
256	0	1536	2522	537	1218
512	0	1536	3306	537	1218
768	0	1536	3970	537	1218
1024	0	1536	4095	537	1218
1280	0	1536	4095	537	1218
1536	0	1536	4095	537	1218
1792	0	1536	4095	537	1218
2048	0	1536	4095	537	1218
2303	0	1536	4095	537	1218
2559	0	1536	4095	537	1218
2815	0	1536	4095	537	1218
3071	0	1536	4095	537	1218
3327	0	1536	4095	537	1218
3583	0	1536	4095	537	1218
3839	0	1536	4095	537	1218
4095	0	1536	4095	537	1218
0	256	1536	267	910	1354
256	256	1536	1201	910	1354
512	256	1536	1739	910	1354
768	256	1536	2215	910	1354
1024	256	1536	2657	910	1354
1280	256	1536	3079	910	1354
1536	256	1536	3485	910	1354
1792	256	1536	3880	910	1354
2048	256	1536	4095	910	1354
2303	256	1536	4095	910	1354
2559	256	1536	4095	910	1354
2815	256	1536	4095	910	1354
3071	256	1536	4095	910	1354
3327	256	1536	4095	910	1354
3583	256	1536	4095	910	1354
3839	256	1536	4095	910	1354
4095	256	1536	4095	910	1354
0	512	1536	124	1076	1406
256	512	1536	843	1076	1406
512	512	1536	1295	1076	1406
768	512	1536	1703	1076	1406
1024	512	1536	2089	1076	1406
1280	512	1536	2461	1076	1406
1536	512	1536	2822	1076	1406
1792	512	1536	3175	1076	1406
2048	512	1536	3521	1076	1406
2303	512	1536	3862	1076	1406
2559	512	1536	4095	1076	1406
2815	512	1536	4095	1076	1406
3071	512	1536	4095	1076	1406
3327	512	1536	4095	1076	1406
3583	512	1536	4095	1076	1406
3839	512	1536	4095	1076	1406
4095	512	1536	4095	1076	1406
0	768	1536	54	1210	1446
256	768	1536	619	1210	1446
512	768	1536	1008	1210	1446
768	768	1536	1368	1210	1446
1024	768	1536	1712	1210	1446
1280	768	1536	2047	1210	1446
1536	768	1536	2374	1210	1446
1792	768	1536	2696	1210	1446
2048	768	1536	3014	1210	1446
2303	768	1536	3328	1210	1446
2559	768	1536	3639	1210	1446
2815	768	1536	3948	1210	1446
3071	768	1536	4095	1210	1446
3327	768	1536	4095	1210	1446
3583	768	1536	4095	1210	1446
3839	768	1536	4095	1210	1446
4095	768	1536	4095	1210	1446
0	1024	1536	19	1328	1480
256	1024	1536	462	1328	1480
512	1024	1536	800	1328	1480
768	1024	1536	1119	1328	1480
1024	1024	1536	1430	1328	1480
1280	1024	1536	1735	1328	1480
1536	1024	1536	2035	1328	1480
1792	1024	1536	2332	1328	1480
2048	1024	1536	2626	1328	1480
2303	1024	1536	2917	1328	1480
2559	1024	1536	3207	1328	1480
2815	1024	1536	3496	1328	1480
3071	1024	1536	3784	1328	1480
3327	1024	1536	4070	1328	1480
3583	1024	1536	4095	1328	1480
3839	1024	1536	4095	1328	1480
4095	1024	1536	4095	1328	1480
0	1280	1536	4	1436	1509
256	1280	1536	345	1436	1509
512	1280	1536	639	1436	1509
768	1280	1536	925	1436	1509
1024	1280	1536	1207	1436	1509
1280	1280	1536	1485	1436	1509
1536	1280	1536	1762	1436	1509
1792	1280	1536	2037	1436	1509
2048	1280	1536	2311	1436	1509
2303	1280	1536	2583	1436	1509
2559	1280	1536	2855	1436	1509
2815	1280	1536	3127	1436	1509
3071	1280	1536	3398	1436	1509
3327	1280	1536	3668	1436	1509
3583	1280	1536	3938	1436	1509
3839	1280	1536	4095	1436	1509
4095	1280	1536	4095	1436	1509
0	1536	1536	0	1536	1536
256	1536	1536	256	1536	1536
512	1536	1536	512	1536	1536
768	1536	1536	768	1536	1536
1024	1536	1536	1024	1536	1536
1280	1536	1536	1280	1536	1536
1536	1536	1536	1536	1536	1536
1792	1536	1536	1792	1536	1536
2048	1536	1536	2048	1536	1536
2303	1536	1536	2303	1536	1536
2559	1536	1536	2559	1536	1536
2815	1536	1536	2815	1536	1536
3071	1536	1536	3071	1536	1536
3327	1536	1536	3327	1536	1536
3583	1536	1536	3583	1536	1536
3839	1536	1536	3839	1536	1536
4095	1536	1536	4095	1536	1536
0	1792	1536	0	1631	1561
256	1792	1536	187	1631	1561
512	1792	1536	409	1631	1561
768	1792	1536	638	1631	1561
1024	1792	1536	871	1631	1561
1280	1792	1536	1107	1631	1561
1536	1792	1536	1344	1631	1561
1792	1792	1536	1583	1631	1561
2048	1792	1536	1823	1631	1561
2303	1792	1536	2062	1631	1561
2559	1792	1536	2304	1631	1561
2815	1792	1536	2546	1631	1561
3071	1792	1536	2789	1631	1561
3327	1792	1536	3032	1631	1561
3583	1792	1536	3275	1631	1561
3839	1792	1536	3519	1631	1561
4095	1792	1536	3763	1631	1561
0	2048	1536	0	1721	1584
256	2048	1536	134	1721	1584
512	2048	1536	325	1721	1584
768	2048	1536	530	1721	1584
1024	2048	1536	742	1721	1584
1280	2048	1536	959	1721	1584
1536	2048	1536	1179	1721	1584
1792	2048	1536	1402	1721	1584
2048	2048	1536	1627	1721	1584
2303	2048	1536	1853	1721	1584
2559	2048	1536	2081	1721	1584
2815	2048	1536	2310	1721	1584
3071	2048	1536	2541	1721	1584
3327	2048	1536	2772	1721	1584
3583	2048	1536	3004	1721	1584
3839	2048	1536	3237	1721	1584
4095	2048	1536	3470	1721	1584
0	2303	1536	0	1808	1605
256	2303	1536	93	1808	1605
512	2303	1536	256	1808	1605
768	2303	1536	439	1808	1605
1024	2303	1536	632	1808	1605
1280	2303	1536	832	1808	1605
1536	2303	1536	1036	1808	1605
1792	2303	1536	1245	1808	1605
2048	2303	1536	1456	1808	1605
2303	2303	1536	1669	1808	1605
2559	2303	1536	1885	1808	1605
2815	2303	1536	2102	1808	1605
3071	2303	1536	2321	1808	1605
3327	2303	1536	2541	1808	1605
3583	2303	1536	2763	1808	1605
3839	2303	1536	2986	1808	1605
4095	2303	1536	3209	1808	1605
0	2559	1536	0	1891	1626
256	2559	1536	61	1891	1626
512	2559	1536	199	1891	1626
768	2559	1536	362	1891	1626
1024	2559	1536	537	1891	1626
1280	2559	1536	721	1891	1626
1536	2559	1536	911	1891	1626
1792	2559	1536	1105	1891	1626
2048	2559	1536	1304	1891	1626
2303	2559	1536	1504	1891	1626
2559	2559	1536	1709	1891	1626
2815	2559	1536	1915	1891	1626
3071	2559	1536	2124	1891	1626
3327	2559	1536	2334	1891	1626
3583	2559	1536	2545	1891	1626
3839	2559	1536	2759	1891	1626
4095	2559	1536	2973	1891	1626
0	2815	1536	0	1973	1645
256	2815	1536	38	1973	1645
512	2815	1536	153	1973	1645
768	2815	1536	296	1973	1645
1024	2815	1536	454	1973	1645
1280	2815	1536	623	1973	1645
1536	2815	1536	800	1973	1645
1792	2815	1536	982	1973	1645
2048	2815	1536	1168	1973	1645
2303	2815	1536	1357	1973	1645
2559	2815	1536	1551	1973	1645
2815	2815	1536	1747	1973	1645
3071	2815	1536	1945	1973	1645
3327	2815	1536	2146	1973	1645
3583	2815	1536	2348	1973	1645
3839	2815	1536	2553	1973	1645
4095	2815	1536	2758	1973	1645
0	3071	1536	0	2052	1664
256	3071	1536	21	2052	1664
512	3071	1536	114	2052	1664
768	3071	1536	240	2052	1664
1024	3071	1536	383	2052	1664
1280	3071	1536	538	2052	1664
1536	3071	1536	701	2052	1664
1792	3071	1536	871	2052	1664
2048	3071	1536	1046	2052	1664
2303	3071	1536	1225	2052	1664
2559	3071	1536	1408	2052	1664
2815	3071	1536	1595	2052	1664
3071	3071	1536	1784	2052	1664
3327	3071	1536	1975	2052	1664
3583	3071	1536	2169	2052	1664
3839	3071	1536	2365	2052	1664
4095	3071	1536	2562	2052	1664
0	3327	1536	0	2129	1682
256	3327	1536	10	2129	1682
512	3327	1536	83	2129	1682
768	3327	1536	192	2129	1682
1024	3327	1536	321	2129	1682
1280	3327	1536	463	2129	1682
1536	3327	1536	614	2129	1682
1792	3327	1536	772	2129	1682
2048	3327	1536	937	2129	1682
2303	3327	1536	1106	2129	1682
2559	3327	1536	1279	2129	1682
2815	3327	1536	1456	2129	1682
3071	3327	1536	1636	2129	1682
3327	3327	1536	1819	2129	1682
3583	3327	1536	2005	2129	1682
3839	3327	1536	2192	2129	1682
4095	3327	1536	2382	2129	1682
0	3583	1536	0	2204	1699
256	3583	1536	3	2204	1699
512	3583	1536	59	2204	1699
768	3583	1536	152	2204	1699
1024	3583	1536	267	2204	1699
1280	3583	1536	396	2204	1699
1536	3583	1536	536	2204	1699
1792	3583	1536	684	2204	1699
2048	3583	1536	838	2204	1699
2303	3583	1536	997	2204	1699
2559	3583	1536	1162	2204	1699
2815	3583	1536	1330	2204	1699
3071	3583	1536	1502	2204	1699
3327	3583	1536	1676	2204	1699
3583	3583	1536	1854	2204	1699
3839	3583	1536	2034	2204	1699
4095	3583	1536	2216	2204	1699
0	3839	1536	0	2278	1716
256	3839	1536	0	2278	1716
512	3839	1536	39	2278	1716
768	3839	1536	118	2278	1716
1024	3839	1536	220	2278	1716
1280	3839	1536	337	2278	1716
1536	3839	1536	466	2278	1716
1792	3839	1536	604	2278	1716
2048	3839	1536	749	2278	1716
2303	3839	1536	899	2278	1716
2559	3839	1536	1054	2278	1716
2815	3839	1536	1214	2278	1716
3071	3839	1536	1378	2278	1716
3327	3839	1536	1545	2278	1716
3583	3839	1536	1715	2278	1716
3839	3839	1536	1887	2278	1716
4095	3839	1536	2062	2278	1716
0	4095	1536	0	2351	1732
256	4095	1536	0	2351	1732
512	4095	1536	24	2351	1732
768	4095	1536	90	2351	1732
1024	4095	1536	179	2351	1732
1280	4095	1536	286	2351	1732
1536	4095	1536	404	2351	1732
1792	4095	1536	532	2351	1732
2048	4095	1536	668	2351	1732
2303	4095	1536	809	2351	1732
2559	4095	1536	956	2351	1732
2815	4095	1536	1108	2351	1732
3071	4095	1536	1264	2351	1732
3327	4095	1536	1424	2351	1732
3583	4095	1536	1586	2351	1732
3839	4095	1536	1752	2351	1732
4095	4095	1536	1920	2351	1732
0	0	1792	1127	626	1421
256	0	1792	2790	626	1421
512	0	1792	3616	626	1421
768	0	1792	4095	626	1421
1024	0	1792	4095	626	1421
1280	0	1792	4095	626	1421
1536	0	1792	4095	626	1421
1792	0	1792	4095	626	1421
2048	0	1792	4095	626	1421
2303	0	1792	4095	626	1421
2559	0	1792	4095	626	1421
2815	0	1792	4095	626	1421
3071	0	1792	4095	626	1421
3327	0	1792	4095	626	1421
3583	0	1792	4095	626	1421
3839	0	1792	4095	626	1421
4095	0	1792	4095	626	1421
0	256	1792	349	1028	1569
256	256	1792	1381	1028	1569
512	256	1792	1959	1028	1569
768	256	1792	2465	1028	1569
1024	256	1792	2933	1028	1569
1280	256	1792	3377	1028	1569
1536	256	1792	3803	1028	1569
1792	256	1792	4095	1028	1569
2048	256	1792	4095	1028	1569
2303	256	1792	4095	1028	1569
2559	256	1792	4095	1028	1569
2815	256	1792	4095	1028	1569
3071	256	1792	4095	1028	1569
3327	256	1792	4095	1028	1569
3583	256	1792	4095	1028	1569
3839	256	1792	4095	1028	1569
4095	256	1792	4095	1028	1569
0	512	1792	180	1205	1625
256	512	1792	993	1205	1625
512	512	1792	1483	1205	1625
768	512	1792	1921	1205	1625
1024	512	1792	2331	1205	1625
1280	512	1792	2725	1205	1625
1536	512	1792	3106	1205	1625
1792	512	1792	3477	1205	1625
2048	512	1792	3841	1205	1625
2303	512	1792	4095	1205	1625
2559	512	1792	4095	1205	1625
2815	512	1792	4095	1205	1625
3071	512	1792	4095	1205	1625
3327	512	1792	4095	1205	1625
3583	512	1792	4095	1205	1625
3839	512	1792	4095	1205	1625
4095	512	1792	4095	1205	1625
0	768	1792	92	1348	1668
256	768	1792	747	1348	1668
512	768	1792	1173	1348	1668
768	768	1792	1561	1348	1668
1024	768	1792	1930	1348	1668
1280	768	1792	2286	1348	1668
1536	768	1792	2634	1348	1668
1792	768	1792	2974	1348	1668
2048	768	1792	3309	1348	1668
2303	768	1792	3638	1348	1668
2559	768	1792	3965	1348	1668
2815	768	1792	4095	1348	1668
3071	768	1792	4095	1348	1668
3327	768	1792	4095	1348	1668
3583	768	1792	4095	1348	1668
3839	768	1792	4095	1348	1668
4095	768	1792	4095	1348	1668
0	1024	1792	42	1473	1705
256	1024	1792	572	1473	1705
512	1024	1792	945	1473	1705
768	1024	1792	1293	1473	1705
1024	1024	1792	1628	1473	1705
1280	1024	1792	1954	1473	1705
1536	1024	1792	2274	1473	1705
1792	1024	1792	2588	1473	1705
2048	1024	1792	2900	1473	1705
2303	1024	1792	3206	1473	1705
2559	1024	1792	3512	1473	1705
2815	1024	1792	3815	1473	1705
3071	1024	1792	4095	1473	1705
3327	1024	1792	4095	1473	1705
3583	1024	1792	4095	1473	1705
3839	1024	1792	4095	1473	1705
4095	1024	1792	4095	1473	1705
0	1280	1792	15	1586	1737
256	1280	1792	439	1586	1737
512	1280	1792	769	1586	1737
768	1280	1792	1082	1586	1737
1024	1280	1792	1388	1586	1737
1280	1280	1792	1687	1586	1737
1536	1280	1792	1983	1586	1737
1792	1280	1792	2276	1586	1737
2048	1280	1792	2567	1586	1737
2303	1280	1792	2854	1586	1737
2559	1280	1792	3141	1586	1737
2815	1280	1792	3427	1586	1737
3071	1280	1792	3712	1586	1737
3327	1280	1792	3995	1586	1737
3583	1280	1792	4095	1586	1737
3839	1280	1792	4095	1586	1737
4095	1280	1792	4095	1586	1737
0	1536	1792	3	1692	1765
256	1536	1792	337	1692	1765
512	1536	1792	627	1692	1765
768	1536	1792	911	1692	1765
1024	1536	1792	1190	1692	1765
1280	1536	1792	1467	1692	1765
1536	1536	1792	1742	1692	1765
1792	1536	1792	2015	1692	1765
2048	1536	1792	2288	1692	1765
2303	1536	1792	2558	1692	1765
2559	1536	1792	2829	1692	1765
2815	1536	1792	3099	1692	1765
3071	1536	1792	3368	1692	1765
3327	1536	1792	3637	1692	1765
3583	1536	1792	3906	1692	1765
3839	1536	1792	4095	1692	1765
4095	1536	1792	4095	1692	1765
0	1792	1792	0	1792	1792
256	1792	1792	256	1792	1792
512	1792	1792	512	1792	1792
768	1792	1792	768	1792	1792
1024	1792	1792	1024	1792	1792
1280	1792	1792	1280	1792	1792
1536	1792	1792	1536	1792	1792
1792	1792	1792	1792	1792	1792
2048	1792	1792	2048	1792	1792
2303	1792	1792	2303	1792	1792
2559	1792	1792	2559	1792	1792
2815	1792	1792	2815	1792	1792
3071	1792	1792	3071	1792	1792
3327	1792	1792	3327	1792	1792
3583	1792	1792	3583	1792	1792
3839	1792	1792	3839	1792	1792
4095	1792	1792	4095	1792	1792
0	2048	1792	0	1887	1817
256	2048	1792	192	1887	1817
512	2048	1792	416	1887	1817
768	2048	1792	648	1887	1817
1024	2048	1792	882	1887	1817
1280	2048	1792	1120	1887	1817
1536	2048	1792	1358	1887	1817
1792	2048	1792	1598	1887	1817
2048	2048	1792	1839	1887	1817
2303	2048	1792	2080	1887	1817
2559	2048	1792	2323	1887	1817
2815	2048	1792	2566	1887	1817
3071	2048	1792	2809	1887	1817
3327	2048	1792	3053	1887	1817
3583	2048	1792	3298	1887	1817
3839	2048	1792	3543	1887	1817
4095	2048	1792	3788	1887	1817
0	2303	1792	0	1978	1840
256	2303	1792	141	1978	1840
512	2303	1792	337	1978	1840
768	2303	1792	546	1978	1840
1024	2303	1792	761	1978	1840
1280	2303	1792	981	1978	1840
1536	2303	1792	1204	1978	1840
1792	2303	1792	1429	1978	1840
2048	2303	1792	1656	1978	1840
2303	2303	1792	1884	1978	1840
2559	2303	1792	2114	1978	1840
2815	2303	1792	2345	1978	1840
3071	2303	1792	2577	1978	1840
3327	2303	1792	2810	1978	1840
3583	2303	1792	3044	1978	1840
3839	2303	1792	3279	1978	1840
4095	2303	1792	3514	1978	1840
0	2559	1792	0	2066	1862
256	2559	1792	101	2066	1862
512	2559	1792	271	2066	1862
768	2559	1792	458	2066	1862
1024	2559	1792	655	2066	1862
1280	2559	1792	859	2066	1862
1536	2559	1792	1067	2066	1862
1792	2559	1792	1278	2066	1862
2048	2559	1792	1492	2066	1862
2303	2559	1792	1708	2066	1862
2559	2559	1792	1926	2066	1862
2815	2559	1792	2146	2066	1862
3071	2559	1792	2368	2066	1862
3327	2559	1792	2591	2066	1862
3583	2559	1792	2815	2066	1862
3839	2559	1792	3039	2066	1862
4095	2559	1792	3265	2066	1862
0	2815	1792	0	2151	1883
256	2815	1792	70	2151	1883
512	2815	1792	215	2151	1883
768	2815	1792	383	2151	1883
1024	2815	1792	563	2151	1883
1280	2815	1792	751	2151	1883
1536	2815	1792	945	2151	1883
1792	2815	1792	1144	2151	1883
2048	2815	1792	1346	2151	1883
2303	2815	1792	1550	2151	1883
2559	2815	1792	1758	2151	1883
2815	2815	1792	1967	2151	1883
3071	2815	1792	2179	2151	1883
3327	2815	1792	2392	2151	1883
3583	2815	1792	2606	2151	1883
3839	2815	1792	2822	2151	1883
4095	2815	1792	3039	2151	1883
0	3071	1792	0	2234	1903
256	3071	1792	45	2234	1903
512	3071	1792	168	2234	1903
768	3071	1792	318	2234	1903
1024	3071	1792	482	2234	1903
1280	3071	1792	656	2234	1903
1536	3071	1792	837	2234	1903
1792	3071	1792	1024	2234	1903
2048	3071	1792	1214	2234	1903
2303	3071	1792	1408	2234	1903
2559	3071	1792	1605	2234	1903
2815	3071	1792	1804	2234	1903
3071	3071	1792	2006	2234	1903
3327	3071	1792	2210	2234	1903
3583	3071	1792	2416	2234	1903
3839	3071	1792	2623	2234	1903
4095	3071	1792	2832	2234	1903
0	3327	1792	0	2315	1923
256	3327	1792	28	2315	1923
512	3327	1792	129	2315	1923
768	3327	1792	262	2315	1923
1024	3327	1792	411	2315	1923
1280	3327	1792	572	2315	1923
1536	3327	1792	741	2315	1923
1792	3327	1792	916	2315	1923
2048	3327	1792	1095	2315	1923
2303	3327	1792	1279	2315	1923
2559	3327	1792	1466	2315	1923
2815	3327	1792	1656	2315	1923
3071	3327	1792	1849	2315	1923
3327	3327	1792	2044	2315	1923
3583	3327	1792	2242	2315	1923
3839	3327	1792	2441	2315	1923
4095	3327	1792	2641	2315	1923
0	3583	1792	0	2394	1941
256	3583	1792	15	2394	1941
512	3583	1792	97	2394	1941
768	3583	1792	214	2394	1941
1024	3583	1792	349	2394	1941
1280	3583	1792	497	2394	1941
1536	3583	1792	654	2394	1941
1792	3583	1792	818	2394	1941
2048	3583	1792	988	2394	1941
2303	3583	1792	1161	2394	1941
2559	3583	1792	1339	2394	1941
2815	3583	1792	1520	2394	1941
3071	3583	1792	1705	2394	1941
3327	3583	1792	1892	2394	1941
3583	3583	1792	2081	2394	1941
3839	3583	1792	2272	2394	1941
4095	3583	1792	2466	2394	1941
0	3839	1792	0	2471	1959
256	3839	1792	6	2471	1959
512	3839	1792	71	2471	1959
768	3839	1792	173	2471	1959
1024	3839	1792	295	2471	1959
1280	3839	1792	431	2471	1959
1536	3839	1792	576	2471	1959
1792	3839	1792	730	2471	1959
2048	3839	1792	890	2471	1959
2303	3839	1792	1054	2471	1959
2559	3839	1792	1223	2471	1959
2815	3839	1792	1396	2471	1959
3071	3839	1792	1572	2471	1959
3327	3839	1792	1751	2471	1959
3583	3839	1792	1933	2471	1959
3839	3839	1792	2117	2471	1959
4095	3839	1792	2303	2471	1959
0	4095	1792	0	2547	1977
256	4095	1792	2	2547	1977
512	4095	1792	50	2547	1977
768	4095	1792	137	2547	1977
1024	4095	1792	247	2547	1977
1280	4095	1792	371	2547	1977
1536	4095	1792	506	2547	1977
1792	4095	1792	650	2547	1977
2048	4095	1792	800	2547	1977
2303	4095	1792	956	2547	1977
2559	4095	1792	1116	2547	1977
2815	4095	1792	1281	2547	1977
3071	4095	1792	1450	2547	1977
3327	4095	1792	1621	2547	1977
3583	4095	1792	1795	2547	1977
3839	4095	1792	1972	2547	1977
4095	4095	1792	2151	2547	1977
0	0	2048	1288	715	1624
256	0	2048	3051	715	1624
512	0	2048	3915	715	1624
768	0	2048	4095	715	1624
1024	0	2048	4095	715	1624
1280	0	2048	4095	715	1624
1536	0	2048	4095	715	1624
1792	0	2048	4095	715	1624
2048	0	2048	4095	715	1624
2303	0	2048	4095	715	1624
2559	0	2048	4095	715	1624
2815	0	2048	4095	715	1624
3071	0	2048	4095	715	1624
3327	0	2048	4095	715	1624
3583	0	2048	4095	715	1624
3839	0	2048	4095	715	1624
4095	0	2048	4095	715	1624
0	256	2048	436	1145	1783
256	256	2048	1561	1145	1783
512	256	2048	2175	1145	1783
768	256	2048	2709	1145	1783
1024	256	2048	3200	1145	1783
1280	256	2048	3665	1145	1783
1536	256	2048	4095	1145	1783
1792	256	2048	4095	1145	1783
2048	256	2048	4095	1145	1783
2303	256	2048	4095	1145	1783
2559	256	2048	4095	1145	1783
2815	256	2048	4095	1145	1783
3071	256	2048	4095	1145	1783
3327	256	2048	4095	1145	1783
3583	256	2048	4095	1145	1783
3839	256	2048	4095	1145	1783
4095	256	2048	4095	1145	1783
0	512	2048	242	1332	1843
256	512	2048	1143	1332	1843
512	512	2048	1669	1332	1843
768	512	2048	2134	1332	1843
1024	512	2048	2568	1332	1843
1280	512	2048	2982	1332	1843
1536	512	2048	3382	1332	1843
1792	512	2048	3771	1332	1843
2048	512	2048	4095	1332	1843
2303	512	2048	4095	1332	1843
2559	512	2048	4095	1332	1843
2815	512	2048	4095	1332	1843
3071	512	2048	4095	1332	1843
3327	512	2048	4095	1332	1843
3583	512	2048	4095	1332	1843
3839	512	2048	4095	1332	1843
4095	512	2048	4095	1332	1843
0	768	2048	136	1482	1889
256	768	2048	877	1482	1889
512	768	2048	1337	1482	1889
768	768	2048	1753	1482	1889
1024	768	2048	2144	1482	1889
1280	768	2048	2521	1482	1889
1536	768	2048	2886	1482	1889
1792	768	2048	3244	1482	1889
2048	768	2048	3594	1482	1889
2303	768	2048	3939	1482	1889
2559	768	2048	4095	1482	1889
2815	768	2048	4095	1482	1889
3071	768	2048	4095	1482	1889
3327	768	2048	4095	1482	1889
3583	768	2048	4095	1482	1889
3839	768	2048	4095	1482	1889
4095	768	2048	4095	1482	1889
0	1024	2048	72	1614	1928
256	1024	2048	684	1614	1928
512	1024	2048	1092	1614	1928
768	1024	2048	1467	1614	1928
1024	1024	2048	1824	1614	1928
1280	1024	2048	2170	1614	1928
1536	1024	2048	2507	1614	1928
1792	1024	2048	2839	1614	1928
2048	1024	2048	3166	1614	1928
2303	1024	2048	3487	1614	1928
2559	1024	2048	3807	1614	1928
2815	1024	2048	4095	1614	1928
3071	1024	2048	4095	1614	1928
3327	1024	2048	4095	1614	1928
3583	1024	2048	4095	1614	1928
3839	1024	2048	4095	1614	1928
4095	1024	2048	4095	1614	1928
0	1280	2048	34	1733	1962
256	1280	2048	537	1733	1962
512	1280	2048	901	1733	1962
768	1280	2048	1240	1733	1962
1024	1280	2048	1567	1733	1962
1280	1280	2048	1887	1733	1962
1536	1280	2048	2201	1733	1962
1792	1280	2048	2510	1733	1962
2048	1280	2048	2816	1733	1962
2303	1280	2048	3118	1733	1962
2559	1280	2048	3419	1733	1962
2815	1280	2048	3718	1733	1962
3071	1280	2048	4015	1733	1962
3327	1280	2048	4095	1733	1962
3583	1280	2048	4095	1733	1962
3839	1280	2048	4095	1733	1962
4095	1280	2048	4095	1733	1962
0	1536	2048	13	1844	1993
256	1536	2048	422	1844	1993
512	1536	2048	746	1844	1993
768	1536	2048	1055	1844	1993
1024	1536	2048	1356	1844	1993
1280	1536	2048	1652	1844	1993
1536	1536	2048	1945	1844	1993
1792	1536	2048	2234	1844	1993
2048	1536	2048	2522	1844	1993
2303	1536	2048	2807	1844	1993
2559	1536	2048	3091	1844	1993
2815	1536	2048	3375	1844	1993
3071	1536	2048	3657	1844	1993
3327	1536	2048	3938	1844	1993
3583	1536	2048	4095	1844	1993
3839	1536	2048	4095	1844	1993
4095	1536	2048	4095	1844	1993
0	1792	2048	3	1949	2022
256	1792	2048	330	1949	2022
512	1792	2048	618	1949	2022
768	1792	2048	900	1949	2022
1024	1792	2048	1177	1949	2022
1280	1792	2048	1452	1949	2022
1536	1792	2048	1726	1949	2022
1792	1792	2048	1998	1949	2022
2048	1792	2048	2269	1949	2022
2303	1792	2048	2538	1949	2022
2559	1792	2048	2808	1949	2022
2815	1792	2048	3077	1949	2022
3071	1792	2048	3345	1949	2022
3327	1792	2048	3613	1949	2022
3583	1792	2048	3881	1949	2022
3839	1792	2048	4095	1949	2022
4095	1792	2048	4095	1949	2022
0	2048	2048	0	2048	2048
256	2048	2048	256	2048	2048
512	2048	2048	512	2048	2048
768	2048	2048	768	2048	2048
1024	2048	2048	1024	2048	2048
1280	2048	2048	1280	2048	2048
1536	2048	2048	1536	2048	2048
1792	2048	2048	1792	2048	2048
2048	2048	2048	2048	2048	2048
2303	2048	2048	2303	2048	2048
2559	2048	2048	2559	2048	2048
2815	2048	2048	2815	2048	2048
3071	2048	2048	3071	2048	2048
3327	2048	2048	3327	2048	2048
3583	2048	2048	3583	2048	2048
3839	2048	2048	3839	2048	2048
4095	2048	2048	4095	2048	2048
0	2303	2048	0	2143	2073
256	2303	2048	196	2143	2073
512	2303	2048	423	2143	2073
768	2303	2048	656	2143	2073
1024	2303	2048	892	2143	2073
1280	2303	2048	1130	2143	2073
1536	2303	2048	1370	2143	2073
1792	2303	2048	1611	2143	2073
2048	2303	2048	1853	2143	2073
2303	2303	2048	2095	2143	2073
2559	2303	2048	2339	2143	2073
2815	2303	2048	2583	2143	2073
3071	2303	2048	2827	2143	2073
3327	2303	2048	3072	2143	2073
3583	2303	2048	3317	2143	2073
3839	2303	2048	3563	2143	2073
4095	2303	2048	3809	2143	2073
0	2559	2048	0	2235	2096
256	2559	2048	147	2235	2096
512	2559	2048	347	2235	2096
768	2559	2048	558	2235	2096
1024	2559	2048	776	2235	2096
1280	2559	2048	998	2235	2096
1536	2559	2048	1223	2235	2096
1792	2559	2048	1450	2235	2096
2048	2559	2048	1679	2235	2096
2303	2559	2048	1909	2235	2096
2559	2559	2048	2140	2235	2096
2815	2559	2048	2373	2235	2096
3071	2559	2048	2607	2235	2096
3327	2559	2048	2841	2235	2096
3583	2559	2048	3076	2235	2096
3839	2559	2048	3312	2235	2096
4095	2559	2048	3549	2235	2096
0	2815	2048	0	2324	2119
256	2815	2048	108	2324	2119
512	2815	2048	283	2324	2119
768	2815	2048	474	2324	2119
1024	2815	2048	675	2324	2119
1280	2815	2048	881	2324	2119
1536	2815	2048	1092	2324	2119
1792	2815	2048	1306	2324	2119
2048	2815	2048	1523	2324	2119
2303	2815	2048	1741	2324	2119
2559	2815	2048	1961	2324	2119
2815	2815	2048	2184	2324	2119
3071	2815	2048	2407	2324	2119
3327	2815	2048	2632	2324	2119
3583	2815	2048	2858	2324	2119
3839	2815	2048	3084	2324	2119
4095	2815	2048	3312	2324	2119
0	3071	2048	0	2410	2140
256	3071	2048	77	2410	2140
512	3071	2048	228	2410	2140
768	3071	2048	401	2410	2140
1024	3071	2048	585	2410	2140
1280	3071	2048	777	2410	2140
1536	3071	2048	975	2410	2140
1792	3071	2048	1177	2410	2140
2048	3071	2048	1382	2410	2140
2303	3071	2048	1589	2410	2140
2559	3071	2048	1799	2410	2140
2815	3071	2048	2011	2410	2140
3071	3071	2048	2225	2410	2140
3327	3071	2048	2441	2410	2140
3583	3071	2048	2657	2410	2140
3839	3071	2048	2876	2410	2140
4095	3071	2048	3095	2410	2140
0	3327	2048	0	2494	2161
256	3327	2048	52	2494	2161
512	3327	2048	182	2494	2161
768	3327	2048	337	2494	2161
1024	3327	2048	506	2494	2161
1280	3327	2048	685	2494	2161
1536	3327	2048	870	2494	2161
1792	3327	2048	1060	2494	2161
2048	3327	2048	1254	2494	2161
2303	3327	2048	1451	2494	2161
2559	3327	2048	1651	2494	2161
2815	3327	2048	1854	2494	2161
3071	3327	2048	2058	2494	2161
3327	3327	2048	2265	2494	2161
3583	3327	2048	2474	2494	2161
3839	3327	2048	2683	2494	2161
4095	3327	2048	2895	2494	2161
0	3583	2048	0	2577	2181
256	3583	2048	33	2577	2181
512	3583	2048	143	2577	2181
768	3583	2048	282	2577	2181
1024	3583	2048	436	2577	2181
1280	3583	2048	602	2577	2181
1536	3583	2048	775	2577	2181
1792	3583	2048	954	2577	2181
2048	3583	2048	1138	2577	2181
2303	3583	2048	1325	2577	2181
2559	3583	2048	1515	2577	2181
2815	3583	2048	1709	2577	2181
3071	3583	2048	1905	2577	2181
3327	3583	2048	2104	2577	2181
3583	3583	2048	2304	2577	2181
3839	3583	2048	2506	2577	2181
4095	3583	2048	2710	2577	2181
0	3839	2048	0	2657	2200
256	3839	2048	20	2657	2200
512	3839	2048	110	2657	2200
768	3839	2048	233	2657	2200
1024	3839	2048	375	2657	2200
1280	3839	2048	528	2657	2200
1536	3839	2048	689	2657	2200
1792	3839	2048	858	2657	2200
2048	3839	2048	1032	2657	2200
2303	3839	2048	1209	2657	2200
2559	3839	2048	1391	2657	2200
2815	3839	2048	1576	2657	2200
3071	3839	2048	1764	2657	2200
3327	3839	2048	1955	2657	2200
3583	3839	2048	2147	2657	2200
3839	3839	2048	2342	2657	2200
4095	3839	2048	2538	2657	2200
0	4095	2048	0	2736	2219
256	4095	2048	10	2736	2219
512	4095	2048	83	2736	2219
768	4095	2048	191	2736	2219
1024	4095	2048	320	2736	2219
1280	4095	2048	461	2736	2219
1536	4095	2048	612	2736	2219
1792	4095	2048	771	2736	2219
2048	4095	2048	935	2736	2219
2303	4095	2048	1103	2736	2219
2559	4095	2048	1277	2736	2219
2815	4095	2048	1454	2736	2219
3071	4095	2048	1634	2736	2219
3327	4095	2048	1816	2736	2219
3583	4095	2048	2002	2736	2219
3839	4095	2048	2189	2736	2219
4095	4095	2048	2378	2736	2219
0	0	2303	1449	805	1827
256	0	2303	3305	805	1827
512	0	2303	4095	805	1827
768	0	2303	4095	805	1827
1024	0	2303	4095	805	1827
1280	0	2303	4095	805	1827
1536	0	2303	4095	805	1827
1792	0	2303	4095	805	1827
2048	0	2303	4095	805	1827
2303	0	2303	4095	805	1827
2559	0	2303	4095	805	1827
2815	0	2303	4095	805	1827
3071	0	2303	4095	805	1827
3327	0	2303	4095	805	1827
3583	0	2303	4095	805	1827
3839	0	2303	4095	805	1827
4095	0	2303	4095	805	1827
0	256	2303	527	1259	1995
256	256	2303	1738	1259	1995
512	256	2303	2387	1259	1995
768	256	2303	2947	1259	1995
1024	256	2303	3461	1259	1995
1280	256	2303	3946	1259	1995
1536	256	2303	4095	1259	1995
1792	256	2303	4095	1259	1995
2048	256	2303	4095	1259	1995
2303	256	2303	4095	1259	1995
2559	256	2303	4095	1259	1995
2815	256	2303	4095	1259	1995
3071	256	2303	4095	1259	1995
3327	256	2303	4095	1259	1995
3583	256	2303	4095	1259	1995
3839	256	2303	4095	1259	1995
4095	256	2303	4095	1259	1995
0	512	2303	309	1456	2060
256	512	2303	1294	1456	2060
512	512	2303	1853	1456	2060
768	512	2303	2344	1456	2060
1024	512	2303	2800	1456	2060
1280	512	2303	3233	1456	2060
1536	512	2303	3650	1456	2060
1792	512	2303	4055	1456	2060
2048	512	2303	4095	1456	2060
2303	512	2303	4095	1456	2060
2559	512	2303	4095	1456	2060
2815	512	2303	4095	1456	2060
3071	512	2303	4095	1456	2060
3327	512	2303	4095	1456	2060
3583	512	2303	4095	1456	2060
3839	512	2303	4095	1456	2060
4095	512	2303	4095	1456	2060
0	768	2303	186	1614	2109
256	768	2303	1007	1614	2109
512	768	2303	1501	1614	2109
768	768	2303	1942	1614	2109
1024	768	2303	2355	1614	2109
1280	768	2303	2750	1614	2109
1536	768	2303	3133	1614	2109
1792	768	2303	3506	1614	2109
2048	768	2303	3872	1614	2109
2303	768	2303	4095	1614	2109
2559	768	2303	4095	1614	2109
2815	768	2303	4095	1614	2109
3071	768	2303	4095	1614	2109
3327	768	2303	4095	1614	2109
3583	768	2303	4095	1614	2109
3839	768	2303	4095	1614	2109
4095	768	2303	4095	1614	2109
0	1024	2303	109	1751	2150
256	1024	2303	799	1751	2150
512	1024	2303	1239	1751	2150
768	1024	2303	1639	1751	2150
1024	1024	2303	2017	1751	2150
1280	1024	2303	2381	1751	2150
1536	1024	2303	2736	1751	2150
1792	1024	2303	3083	1751	2150
2048	1024	2303	3425	1751	2150
2303	1024	2303	3760	1751	2150
2559	1024	2303	4093	1751	2150
2815	1024	2303	4095	1751	2150
3071	1024	2303	4095	1751	2150
3327	1024	2303	4095	1751	2150
3583	1024	2303	4095	1751	2150
3839	1024	2303	4095	1751	2150
4095	1024	2303	4095	1751	2150
0	1280	2303	59	1876	2186
256	1280	2303	639	1876	2186
512	1280	2303	1033	1876	2186
768	1280	2303	1397	1876	2186
1024	1280	2303	1746	1876	2186
1280	1280	2303	2083	1876	2186
1536	1280	2303	2414	1876	2186
1792	1280	2303	2739	1876	2186
2048	1280	2303	3060	1876	2186
2303	1280	2303	3375	1876	2186
2559	1280	2303	3689	1876	2186
2815	1280	2303	4001	1876	2186
3071	1280	2303	4095	1876	2186
3327	1280	2303	4095	1876	2186
3583	1280	2303	4095	1876	2186
3839	1280	2303	4095	1876	2186
4095	1280	2303	4095	1876	2186
0	1536	2303	29	1992	2219
256	1536	2303	511	1992	2219
512	1536	2303	866	1992	2219
768	1536	2303	1199	1992	2219
1024	1536	2303	1521	1992	2219
1280	1536	2303	1835	1992	2219
1536	1536	2303	2144	1992	2219
1792	1536	2303	2449	1992	2219
2048	1536	2303	2752	1992	2219
2303	1536	2303	3050	1992	2219
2559	1536	2303	3347	1992	2219
2815	1536	2303	3643	1992	2219
3071	1536	2303	3937	1992	2219
3327	1536	2303	4095	1992	2219
3583	1536	2303	4095	1992	2219
3839	1536	2303	4095	1992	2219
4095	1536	2303	4095	1992	2219
0	1792	2303	11	2101	2249
256	1792	2303	409	2101	2249
512	1792	2303	727	2101	2249
768	1792	2303	1032	2101	2249
1024	1792	2303	1330	2101	2249
1280	1792	2303	1623	2101	2249
1536	1792	2303	1913	2101	2249
1792	1792	2303	2201	2101	2249
2048	1792	2303	2486	2101	2249
2303	1792	2303	2769	2101	2249
2559	1792	2303	3051	2101	2249
2815	1792	2303	3332	2101	2249
3071	1792	2303	3612	2101	2249
3327	1792	2303	3892	2101	2249
3583	1792	2303	4095	2101	2249
3839	1792	2303	4095	2101	2249
4095	1792	2303	4095	2101	2249
0	2048	2303	2	2204	2277
256	2048	2303	325	2204	2277
512	2048	2303	611	2204	2277
768	2048	2303	890	2204	2277
1024	2048	2303	1166	2204	2277
1280	2048	2303	1440	2204	2277
1536	2048	2303	1712	2204	2277
1792	2048	2303	1983	2204	2277
2048	2048	2303	2253	2204	2277
2303	2048	2303	2522	2204	2277
2559	2048	2303	2790	2204	2277
2815	2048	2303	3058	2204	2277
3071	2048	2303	3326	2204	2277
3327	2048	2303	3593	2204	2277
3583	2048	2303	3860	2204	2277
3839	2048	2303	4095	2204	2277
4095	2048	2303	4095	2204	2277
0	2303	2303	0	2303	2303
256	2303	2303	256	2303	2303
512	2303	2303	512	2303	2303
768	2303	2303	768	2303	2303
1024	2303	2303	1024	2303	2303
1280	2303	2303	1280	2303	2303
1536	2303	2303	1536	2303	2303
1792	2303	2303	1792	2303	2303
2048	2303	2303	2048	2303	2303
2303	2303	2303	2303	2303	2303
2559	2303	2303	2559	2303	2303
2815	2303	2303	2815	2303	2303
3071	2303	2303	3071	2303	2303
3327	2303	2303	3327	2303	2303
3583	2303	2303	3583	2303	2303
3839	2303	2303	3839	2303	2303
4095	2303	2303	4095	2303	2303
0	2559	2303	0	2399	2328
256	2559	2303	199	2399	2328
512	2559	2303	427	2399	2328
768	2559	2303	662	2399	2328
1024	2559	2303	899	2399	2328
1280	2559	2303	1138	2399	2328
1536	2559	2303	1379	2399	2328
1792	2559	2303	1621	2399	2328
2048	2559	2303	1864	2399	2328
2303	2559	2303	2106	2399	2328
2559	2559	2303	2351	2399	2328
2815	2559	2303	2595	2399	2328
3071	2559	2303	2840	2399	2328
3327	2559	2303	3086	2399	2328
3583	2559	2303	3332	2399	2328
3839	2559	2303	3578	2399	2328
4095	2559	2303	3824	2399	2328
0	2815	2303	0	2491	2352
256	2815	2303	152	2491	2352
512	2815	2303	355	2491	2352
768	2815	2303	569	2491	2352
1024	2815	2303	789	2491	2352
1280	2815	2303	1013	2491	2352
1536	2815	2303	1239	2491	2352
1792	2815	2303	1468	2491	2352
2048	2815	2303	1698	2491	2352
2303	2815	2303	1929	2491	2352
2559	2815	2303	2162	2491	2352
2815	2815	2303	2396	2491	2352
3071	2815	2303	2631	2491	2352
3327	2815	2303	2867	2491	2352
3583	2815	2303	3103	2491	2352
3839	2815	2303	3340	2491	2352
4095	2815	2303	3577	2491	2352
0	3071	2303	0	2581	2374
256	3071	2303	114	2581	2374
512	3071	2303	293	2581	2374
768	3071	2303	488	2581	2374
1024	3071	2303	691	2581	2374
1280	3071	2303	900	2581	2374
1536	3071	2303	1113	2581	2374
1792	3071	2303	1330	2581	2374
2048	3071	2303	1548	2581	2374
2303	3071	2303	1768	2581	2374
2559	3071	2303	1991	2581	2374
2815	3071	2303	2214	2581	2374
3071	3071	2303	2440	2581	2374
3327	3071	2303	2666	2581	2374
3583	3071	2303	2893	2581	2374
3839	3071	2303	3122	2581	2374
4095	3071	2303	3351	2581	2374
0	3327	2303	0	2668	2396
256	3327	2303	83	2668	2396
512	3327	2303	240	2668	2396
768	3327	2303	416	2668	2396
1024	3327	2303	604	2668	2396
1280	3327	2303	800	2668	2396
1536	3327	2303	1000	2668	2396
1792	3327	2303	1204	2668	2396
2048	3327	2303	1412	2668	2396
2303	3327	2303	1621	2668	2396
2559	3327	2303	1834	2668	2396
2815	3327	2303	2048	2668	2396
3071	3327	2303	2264	2668	2396
3327	3327	2303	2482	2668	2396
3583	3327	2303	2701	2668	2396
3839	3327	2303	2921	2668	2396
4095	3327	2303	3142	2668	2396
0	3583	2303	0	2753	2417
256	3583	2303	58	2753	2417
512	3583	2303	194	2753	2417
768	3583	2303	354	2753	2417
1024	3583	2303	527	2753	2417
1280	3583	2303	709	2753	2417
1536	3583	2303	898	2753	2417
1792	3583	2303	1091	2753	2417
2048	3583	2303	1288	2753	2417
2303	3583	2303	1487	2753	2417
2559	3583	2303	1690	2753	2417
2815	3583	2303	1896	2753	2417
3071	3583	2303	2103	2753	2417
3327	3583	2303	2312	2753	2417
3583	3583	2303	2523	2753	2417
3839	3583	2303	2735	2753	2417
4095	3583	2303	2948	2753	2417
0	3839	2303	0	2837	2438
256	3839	2303	39	2837	2438
512	3839	2303	155	2837	2438
768	3839	2303	299	2837	2438
1024	3839	2303	458	2837	2438
1280	3839	2303	628	2837	2438
1536	3839	2303	805	2837	2438
1792	3839	2303	987	2837	2438
2048	3839	2303	1174	2837	2438
2303	3839	2303	1364	2837	2438
2559	3839	2303	1558	2837	2438
2815	3839	2303	1755	2837	2438
3071	3839	2303	1954	2837	2438
3327	3839	2303	2155	2837	2438
3583	3839	2303	2358	2837	2438
3839	3839	2303	2562	2837	2438
4095	3839	2303	2768	2837	2438
0	4095	2303	0	2918	2457
256	4095	2303	24	2918	2457
512	4095	2303	122	2918	2457
768	4095	2303	251	2918	2457
1024	4095	2303	397	2918	2457
1280	4095	2303	554	2918	2457
1536	4095	2303	720	2918	2457
1792	4095	2303	893	2918	2457
2048	4095	2303	1070	2918	2457
2303	4095	2303	1251	2918	2457
2559	4095	2303	1436	2918	2457
2815	4095	2303	1625	2918	2457
3071	4095	2303	1816	2918	2457
3327	4095	2303	2009	2918	2457
3583	4095	2303	2204	2918	2457
3839	4095	2303	2402	2918	2457
4095	4095	2303	2601	2918	2457
0	0	2559	1610	894	2030
256	0	2559	3555	894	2030
512	0	2559	4095	894	2030
768	0	2559	4095	894	2030
1024	0	2559	4095	894	2030
1280	0	2559	4095	894	2030
1536	0	2559	4095	894	2030
1792	0	2559	4095	894	2030
2048	0	2559	4095	894	2030
2303	0	2559	4095	894	2030
2559	0	2559	4095	894	2030
2815	0	2559	4095	894	2030
3071	0	2559	4095	894	2030
3327	0	2559	4095	894	2030
3583	0	2559	4095	894	2030
3839	0	2559	4095	894	2030
4095	0	2559	4095	894	2030
0	256	2559	621	1373	2208
256	256	2559	1916	1373	2208
512	256	2559	2597	1373	2208
768	256	2559	3182	1373	2208
1024	256	2559	3718	1373	2208
1280	256	2559	4095	1373	2208
1536	256	2559	4095	1373	2208
1792	256	2559	4095	1373	2208
2048	256	2559	4095	1373	2208
2303	256	2559	4095	1373	2208
2559	256	2559	4095	1373	2208
2815	256	2559	4095	1373	2208
3071	256	2559	4095	1373	2208
3327	256	2559	4095	1373	2208
3583	256	2559	4095	1373	2208
3839	256	2559	4095	1373	2208
4095	256	2559	4095	1373	2208
0	512	2559	380	1579	2276
256	512	2559	1446	1579	2276
512	512	2559	2037	1579	2276
768	512	2559	2552	1579	2276
1024	512	2559	3029	1579	2276
1280	512	2559	3481	1579	2276
1536	512	2559	3914	1579	2276
1792	512	2559	4095	1579	2276
2048	512	2559	4095	1579	2276
2303	512	2559	4095	1579	2276
2559	512	2559	4095	1579	2276
2815	512	2559	4095	1579	2276
3071	512	2559	4095	1579	2276
3327	512	2559	4095	1579	2276
3583	512	2559	4095	1579	2276
3839	512	2559	4095	1579	2276
4095	512	2559	4095	1579	2276
0	768	2559	240	1743	2328
256	768	2559	1140	1743	2328
512	768	2559	1665	1743	2328
768	768	2559	2130	1743	2328
1024	768	2559	2563	1743	2328
1280	768	2559	2977	1743	2328
1536	768	2559	3376	1743	2328
1792	768	2559	3765	1743	2328
2048	768	2559	4095	1743	2328
2303	768	2559	4095	1743	2328
2559	768	2559	4095	1743	2328
2815	768	2559	4095	1743	2328
3071	768	2559	4095	1743	2328
3327	768	2559	4095	1743	2328
3583	768	2559	4095	1743	2328
3839	768	2559	4095	1743	2328
4095	768	2559	4095	1743	2328
0	1024	2559	150	1887	2371
256	1024	2559	916	1887	2371
512	1024	2559	1387	1887	2371
768	1024	2559	1810	1887	2371
1024	1024	2559	2209	1887	2371
1280	1024	2559	2591	1887	2371
1536	1024	2559	2962	1887	2371
1792	1024	2559	3324	1887	2371
2048	1024	2559	3680	1887	2371
2303	1024	2559	4028	1887	2371
2559	1024	2559	4095	1887	2371
2815	1024	2559	4095	1887	2371
3071	1024	2559	4095	1887	2371
3327	1024	2559	4095	1887	2371
3583	1024	2559	4095	1887	2371
3839	1024	2559	4095	1887	2371
4095	1024	2559	4095	1887	2371
0	1280	2559	90	2016	2409
256	1280	2559	743	2016	2409
512	1280	2559	1168	2016	2409
768	1280	2559	1555	2016	2409
1024	1280	2559	1923	2016	2409
1280	1280	2559	2279	2016	2409
1536	1280	2559	2626	2016	2409
1792	1280	2559	2965	2016	2409
2048	1280	2559	3300	2016	2409
2303	1280	2559	3629	2016	2409
2559	1280	2559	3955	2016	2409
2815	1280	2559	4095	2016	2409
3071	1280	2559	4095	2016	2409
3327	1280	2559	4095	2016	2409
3583	1280	2559	4095	2016	2409
3839	1280	2559	4095	2016	2409
4095	1280	2559	4095	2016	2409
0	1536	2559	50	2137	2444
256	1536	2559	604	2137	2444
512	1536	2559	988	2137	2444
768	1536	2559	1344	2137	2444
1024	1536	2559	1686	2137	2444
1280	1536	2559	2018	2137	2444
1536	1536	2559	2343	2137	2444
1792	1536	2559	2663	2137	2444
2048	1536	2559	2978	2137	2444
2303	1536	2559	3290	2137	2444
2559	1536	2559	3599	2137	2444
2815	1536	2559	3907	2137	2444
3071	1536	2559	4095	2137	2444
3327	1536	2559	4095	2137	2444
3583	1536	2559	4095	2137	2444
3839	1536	2559	4095	2137	2444
4095	1536	2559	4095	2137	2444
0	1792	2559	25	2250	2476
256	1792	2559	491	2250	2476
512	1792	2559	839	2250	2476
768	1792	2559	1167	2250	2476
1024	1792	2559	1484	2250	2476
1280	1792	2559	1794	2250	2476
1536	1792	2559	2100	2250	2476
1792	1792	2559	2402	2250	2476
2048	1792	2559	2701	2250	2476
2303	1792	2559	2996	2250	2476
2559	1792	2559	3291	2250	2476
2815	1792	2559	3584	2250	2476
3071	1792	2559	3875	2250	2476
3327	1792	2559	4095	2250	2476
3583	1792	2559	4095	2250	2476
3839	1792	2559	4095	2250	2476
4095	1792	2559	4095	2250	2476
0	2048	2559	9	2358	2505
256	2048	2559	398	2358	2505
512	2048	2559	713	2358	2505
768	2048	2559	1014	2358	2505
1024	2048	2559	1310	2358	2505
1280	2048	2559	1600	2358	2505
1536	2048	2559	1888	2358	2505
1792	2048	2559	2174	2358	2505
2048	2048	2559	2457	2358	2505
2303	2048	2559	2738	2358	2505
2559	2048	2559	3019	2358	2505
2815	2048	2559	3298	2358	2505
3071	2048	2559	3577	2358	2505
3327	2048	2559	3855	2358	2505
3583	2048	2559	4095	2358	2505
3839	2048	2559	4095	2358	2505
4095	2048	2559	4095	2358	2505
0	2303	2559	2	2460	2533
256	2303	2559	321	2460	2533
512	2303	2559	605	2460	2533
768	2303	2559	883	2460	2533
1024	2303	2559	1158	2460	2533
1280	2303	2559	1431	2460	2533
1536	2303	2559	1702	2460	2533
1792	2303	2559	1972	2460	2533
2048	2303	2559	2242	2460	2533
2303	2303	2559	2509	2460	2533
2559	2303	2559	2777	2460	2533
2815	2303	2559	3045	2460	2533
3071	2303	2559	3312	2460	2533
3327	2303	2559	3578	2460	2533
3583	2303	2559	3844	2460	2533
3839	2303	2559	4095	2460	2533
4095	2303	2559	4095	2460	2533
0	2559	2559	0	2559	2559
256	2559	2559	256	2559	2559
512	2559	2559	512	2559	2559
768	2559	2559	768	2559	2559
1024	2559	2559	1024	2559	2559
1280	2559	2559	1280	2559	2559
1536	2559	2559	1536	2559	2559
1792	2559	2559	1792	2559	2559
2048	2559	2559	2048	2559	2559
2303	2559	2559	2303	2559	2559
2559	2559	2559	2559	2559	2559
2815	2559	2559	2815	2559	2559
3071	2559	2559	3071	2559	2559
3327	2559	2559	3327	2559	2559
3583	2559	2559	3583	2559	2559
3839	2559	2559	3839	2559	2559
4095	2559	2559	4095	2559	2559
0	2815	2559	0	2655	2584
256	2815	2559	202	2655	2584
512	2815	2559	432	2655	2584
768	2815	2559	667	2655	2584
1024	2815	2559	905	2655	2584
1280	2815	2559	1146	2655	2584
1536	2815	2559	1387	2655	2584
1792	2815	2559	1630	2655	2584
2048	2815	2559	1873	2655	2584
2303	2815	2559	2117	2655	2584
2559	2815	2559	2361	2655	2584
2815	2815	2559	2607	2655	2584
3071	2815	2559	2852	2655	2584
3327	2815	2559	3098	2655	2584
3583	2815	2559	3345	2655	2584
3839	2815	2559	3592	2655	2584
4095	2815	2559	3839	2655	2584
0	3071	2559	0	2748	2608
256	3071	2559	157	2748	2608
512	3071	2559	362	2748	2608
768	3071	2559	578	2748	2608
1024	3071	2559	800	2748	2608
1280	3071	2559	1025	2748	2608
1536	3071	2559	1253	2748	2608
1792	3071	2559	1483	2748	2608
2048	3071	2559	1715	2748	2608
2303	3071	2559	1947	2748	2608
2559	3071	2559	2181	2748	2608
2815	3071	2559	2416	2748	2608
3071	3071	2559	2652	2748	2608
3327	3071	2559	2889	2748	2608
3583	3071	2559	3126	2748	2608
3839	3071	2559	3364	2748	2608
4095	3071	2559	3603	2748	2608
0	3327	2559	0	2838	2631
256	3327	2559	120	2838	2631
512	3327	2559	302	2838	2631
768	3327	2559	500	2838	2631
1024	3327	2559	706	2838	2631
1280	3327	2559	917	2838	2631
1536	3327	2559	1132	2838	2631
1792	3327	2559	1350	2838	2631
2048	3327	2559	1571	2838	2631
2303	3327	2559	1792	2838	2631
2559	3327	2559	2017	2838	2631
2815	3327	2559	2242	2838	2631
3071	3327	2559	2469	2838	2631
3327	3327	2559	2696	2838	2631
3583	3327	2559	2925	2838	2631
3839	3327	2559	3155	2838	2631
4095	3327	2559	3385	2838	2631
0	3583	2559	0	2926	2653
256	3583	2559	89	2926	2653
512	3583	2559	250	2926	2653
768	3583	2559	430	2926	2653
1024	3583	2559	622	2926	2653
1280	3583	2559	820	2926	2653
1536	3583	2559	1022	2926	2653
1792	3583	2559	1229	2926	2653
2048	3583	2559	1439	2926	2653
2303	3583	2559	1651	2926	2653
2559	3583	2559	1865	2926	2653
2815	3583	2559	2081	2926	2653
3071	3583	2559	2299	2926	2653
3327	3583	2559	2519	2926	2653
3583	3583	2559	2739	2926	2653
3839	3583	2559	2961	2926	2653
4095	3583	2559	3184	2926	2653
0	3839	2559	0	3012	2674
256	3839	2559	64	3012	2674
512	3839	2559	205	3012	2674
768	3839	2559	369	3012	2674
1024	3839	2559	546	3012	2674
1280	3839	2559	731	3012	2674
1536	3839	2559	923	3012	2674
1792	3839	2559	1119	3012	2674
2048	3839	2559	1318	3012	2674
2303	3839	2559	1520	3012	2674
2559	3839	2559	1726	3012	2674
2815	3839	2559	1933	3012	2674
3071	3839	2559	2143	3012	2674
3327	3839	2559	2354	3012	2674
3583	3839	2559	2567	3012	2674
3839	3839	2559	2781	3012	2674
4095	3839	2559	2996	3012	2674
0	4095	2559	0	3097	2695
256	4095	2559	44	3097	2695
512	4095	2559	166	3097	2695
768	4095	2559	315	3097	2695
1024	4095	2559	478	3097	2695
1280	4095	2559	651	3097	2695
1536	4095	2559	832	3097	2695
1792	4095	2559	1017	3097	2695
2048	4095	2559	1207	3097	2695
2303	4095	2559	1400	3097	2695
2559	4095	2559	1597	3097	2695
2815	4095	2559	1796	3097	2695
3071	4095	2559	1997	3097	2695
3327	4095	2559	2201	3097	2695
3583	4095	2559	2406	3097	2695
3839	4095	2559	2613	3097	2695
4095	4095	2559	2821	3097	2695
0	0	2815	1771	983	2233
256	0	2815	3801	983	2233
512	0	2815	4095	983	2233
768	0	2815	4095	983	2233
1024	0	2815	4095	983	2233
1280	0	2815	4095	983	2233
1536	0	2815	4095	983	2233
1792	0	2815	4095	983	2233
2048	0	2815	4095	983	2233
2303	0	2815	4095	983	2233
2559	0	2815	4095	983	2233
2815	0	2815	4095	983	2233
3071	0	2815	4095	983	2233
3327	0	2815	4095	983	2233
3583	0	2815	4095	983	2233
3839	0	2815	4095	983	2233
4095	0	2815	4095	983	2233
0	256	2815	719	1485	2420
256	256	2815	2093	1485	2420
512	256	2815	2805	1485	2420
768	256	2815	3414	1485	2420
1024	256	2815	3970	1485	2420
1280	256	2815	4095	1485	2420
1536	256	2815	4095	1485	2420
1792	256	2815	4095	1485	2420
2048	256	2815	4095	1485	2420
2303	256	2815	4095	1485	2420
2559	256	2815	4095	1485	2420
2815	256	2815	4095	1485	2420
3071	256	2815	4095	1485	2420
3327	256	2815	4095	1485	2420
3583	256	2815	4095	1485	2420
3839	256	2815	4095	1485	2420
4095	256	2815	4095	1485	2420
0	512	2815	455	1700	2492
256	512	2815	1598	1700	2492
512	512	2815	2219	1700	2492
768	512	2815	2758	1700	2492
1024	512	2815	3255	1700	2492
1280	512	2815	3724	1700	2492
1536	512	2815	4095	1700	2492
1792	512	2815	4095	1700	2492
2048	512	2815	4095	1700	2492
2303	512	2815	4095	1700	2492
2559	512	2815	4095	1700	2492
2815	512	2815	4095	1700	2492
3071	512	2815	4095	1700	2492
3327	512	2815	4095	1700	2492
3583	512	2815	4095	1700	2492
3839	512	2815	4095	1700	2492
4095	512	2815	4095	1700	2492
0	768	2815	300	1871	2546
256	768	2815	1274	1871	2546
512	768	2815	1829	1871	2546
768	768	2815	2317	1871	2546
1024	768	2815	2770	1871	2546
1280	768	2815	3201	1871	2546
1536	768	2815	3616	1871	2546
1792	768	2815	4018	1871	2546
2048	768	2815	4095	1871	2546
2303	768	2815	4095	1871	2546
2559	768	2815	4095	1871	2546
2815	768	2815	4095	1871	2546
3071	768	2815	4095	1871	2546
3327	768	2815	4095	1871	2546
3583	768	2815	4095	1871	2546
3839	768	2815	4095	1871	2546
4095	768	2815	4095	1871	2546
0	1024	2815	197	2020	2592
256	1024	2815	1036	2020	2592
512	1024	2815	1536	2020	2592
768	1024	2815	1982	2020	2592
1024	1024	2815	2400	2020	2592
1280	1024	2815	2799	2020	2592
1536	1024	2815	3185	2020	2592
1792	1024	2815	3562	2020	2592
2048	1024	2815	3931	2020	2592
2303	1024	2815	4095	2020	2592
2559	1024	2815	4095	2020	2592
2815	1024	2815	4095	2020	2592
3071	1024	2815	4095	2020	2592
3327	1024	2815	4095	2020	2592
3583	1024	2815	4095	2020	2592
3839	1024	2815	4095	2020	2592
4095	1024	2815	4095	2020	2592
0	1280	2815	126	2155	2632
256	1280	2815	850	2155	2632
512	1280	2815	1303	2155	2632
768	1280	2815	1713	2155	2632
1024	1280	2815	2100	2155	2632
1280	1280	2815	2473	2155	2632
1536	1280	2815	2835	2155	2632
1792	1280	2815	3189	2155	2632
2048	1280	2815	3536	2155	2632
2303	1280	2815	3877	2155	2632
2559	1280	2815	4095	2155	2632
2815	1280	2815	4095	2155	2632
3071	1280	2815	4095	2155	2632
3327	1280	2815	4095	2155	2632
3583	1280	2815	4095	2155	2632
3839	1280	2815	4095	2155	2632
4095	1280	2815	4095	2155	2632
0	1536	2815	77	2279	2668
256	1536	2815	700	2279	2668
512	1536	2815	1113	2279	2668
768	1536	2815	1491	2279	2668
1024	1536	2815	1851	2279	2668
1280	1536	2815	2199	2279	2668
1536	1536	2815	2540	2279	2668
1792	1536	2815	2873	2279	2668
2048	1536	2815	3202	2279	2668
2303	1536	2815	3526	2279	2668
2559	1536	2815	3847	2279	2668
2815	1536	2815	4095	2279	2668
3071	1536	2815	4095	2279	2668
3327	1536	2815	4095	2279	2668
3583	1536	2815	4095	2279	2668
3839	1536	2815	4095	2279	2668
4095	1536	2815	4095	2279	2668
0	1792	2815	44	2397	2701
256	1792	2815	577	2397	2701
512	1792	2815	953	2397	2701
768	1792	2815	1302	2397	2701
1024	1792	2815	1638	2397	2701
1280	1792	2815	1965	2397	2701
1536	1792	2815	2285	2397	2701
1792	1792	2815	2601	2397	2701
2048	1792	2815	2913	2397	2701
2303	1792	2815	3221	2397	2701
2559	1792	2815	3527	2397	2701
2815	1792	2815	3831	2397	2701
3071	1792	2815	4095	2397	2701
3327	1792	2815	4095	2397	2701
3583	1792	2815	4095	2397	2701
3839	1792	2815	4095	2397	2701
4095	1792	2815	4095	2397	2701
0	2048	2815	21	2508	2732
256	2048	2815	475	2508	2732
512	2048	2815	817	2508	2732
768	2048	2815	1140	2508	2732
1024	2048	2815	1454	2508	2732
1280	2048	2815	1761	2508	2732
1536	2048	2815	2063	2508	2732
1792	2048	2815	2363	2508	2732
2048	2048	2815	2659	2508	2732
2303	2048	2815	2952	2508	2732
2559	2048	2815	3244	2508	2732
2815	2048	2815	3535	2508	2732
3071	2048	2815	3824	2508	2732
3327	2048	2815	4095	2508	2732
3583	2048	2815	4095	2508	2732
3839	2048	2815	4095	2508	2732
4095	2048	2815	4095	2508	2732
0	2303	2815	8	2614	2761
256	2303	2815	389	2614	2761
512	2303	2815	701	2614	2761
768	2303	2815	1000	2614	2761
1024	2303	2815	1293	2614	2761
1280	2303	2815	1582	2614	2761
1536	2303	2815	1868	2614	2761
1792	2303	2815	2152	2614	2761
2048	2303	2815	2434	2614	2761
2303	2303	2815	2713	2614	2761
2559	2303	2815	2993	2614	2761
2815	2303	2815	3271	2614	2761
3071	2303	2815	3549	2614	2761
3327	2303	2815	3825	2614	2761
3583	2303	2815	4095	2614	2761
3839	2303	2815	4095	2614	2761
4095	2303	2815	4095	2614	2761
0	2559	2815	2	2716	2789
256	2559	2815	317	2716	2789
512	2559	2815	600	2716	2789
768	2559	2815	877	2716	2789
1024	2559	2815	1151	2716	2789
1280	2559	2815	1423	2716	2789
1536	2559	2815	1693	2716	2789
1792	2559	2815	1963	2716	2789
2048	2559	2815	2231	2716	2789
2303	2559	2815	2498	2716	2789
2559	2559	2815	2765	2716	2789
2815	2559	2815	3032	2716	2789
3071	2559	2815	3299	2716	2789
3327	2559	2815	3565	2716	2789
3583	2559	2815	3830	2716	2789
3839	2559	2815	4095	2716	2789
4095	2559	2815	4095	2716	2789
0	2815	2815	0	2815	2815
256	2815	2815	256	2815	2815
512	2815	2815	512	2815	2815
768	2815	2815	768	2815	2815
1024	2815	2815	1024	2815	2815
1280	2815	2815	1280	2815	2815
1536	2815	2815	1536	2815	2815
1792	2815	2815	1792	2815	2815
2048	2815	2815	2048	2815	2815
2303	2815	2815	2303	2815	2815
2559	2815	2815	2559	2815	2815
2815	2815	2815	2815	2815	2815
3071	2815	2815	3071	2815	2815
3327	2815	2815	3327	2815	2815
3583	2815	2815	3583	2815	2815
3839	2815	2815	3839	2815	2815
4095	2815	2815	4095	2815	2815
0	3071	2815	0	2911	2840
256	3071	2815	204	2911	2840
512	3071	2815	435	2911	2840
768	3071	2815	672	2911	2840
1024	3071	2815	911	2911	2840
1280	3071	2815	1152	2911	2840
1536	3071	2815	1394	2911	2840
1792	3071	2815	1638	2911	2840
2048	3071	2815	1882	2911	2840
2303	3071	2815	2125	2911	2840
2559	3071	2815	2371	2911	2840
2815	3071	2815	2617	2911	2840
3071	3071	2815	2863	2911	2840
3327	3071	2815	3109	2911	2840
3583	3071	2815	3356	2911	2840
3839	3071	2815	3603	2911	2840
4095	3071	2815	3851	2911	2840
0	3327	2815	0	3004	2864
256	3327	2815	161	3004	2864
512	3327	2815	369	3004	2864
768	3327	2815	586	3004	2864
1024	3327	2815	810	3004	2864
1280	3327	2815	1036	3004	2864
1536	3327	2815	1266	3004	2864
1792	3327	2815	1497	3004	2864
2048	3327	2815	1730	3004	2864
2303	3327	2815	1963	3004	2864
2559	3327	2815	2198	3004	2864
2815	3327	2815	2434	3004	2864
3071	3327	2815	2671	3004	2864
3327	3327	2815	2909	3004	2864
3583	3327	2815	3147	3004	2864
3839	3327	2815	3386	3004	2864
4095	3327	2815	3625	3004	2864
0	3583	2815	0	3095	2887
256	3583	2815	125	3095	2887
512	3583	2815	310	3095	2887
768	3583	2815	511	3095	2887
1024	3583	2815	719	3095	2887
1280	3583	2815	932	3095	2887
1536	3583	2815	1149	3095	2887
1792	3583	2815	1369	3095	2887
2048	3583	2815	1591	3095	2887
2303	3583	2815	1814	3095	2887
2559	3583	2815	2039	3095	2887
2815	3583	2815	2266	3095	2887
3071	3583	2815	2494	3095	2887
3327	3583	2815	2723	3095	2887
3583	3583	2815	2953	3095	2887
3839	3583	2815	3184	3095	2887
4095	3583	2815	3415	3095	2887
0	3839	2815	0	3184	2910
256	3839	2815	94	3184	2910
512	3839	2815	259	3184	2910
768	3839	2815	443	3184	2910
1024	3839	2815	637	3184	2910
1280	3839	2815	837	3184	2910
1536	3839	2815	1042	3184	2910
1792	3839	2815	1251	3184	2910
2048	3839	2815	1463	3184	2910
2303	3839	2815	1676	3184	2910
2559	3839	2815	1893	3184	2910
2815	3839	2815	2111	3184	2910
3071	3839	2815	2330	3184	2910
3327	3839	2815	2551	3184	2910
3583	3839	2815	2773	3184	2910
3839	3839	2815	2996	3184	2910
4095	3839	2815	3220	3184	2910
0	4095	2815	0	3271	2931
256	4095	2815	69	3271	2931
512	4095	2815	215	3271	2931
768	4095	2815	383	3271	2931
1024	4095	2815	563	3271	2931
1280	4095	2815	751	3271	2931
1536	4095	2815	945	3271	2931
1792	4095	2815	1143	3271	2931
2048	4095	2815	1345	3271	2931
2303	4095	2815	1550	3271	2931
2559	4095	2815	1757	3271	2931
2815	4095	2815	1967	3271	2931
3071	4095	2815	2178	3271	2931
3327	4095	2815	2391	3271	2931
3583	4095	2815	2605	3271	2931
3839	4095	2815	2821	3271	2931
4095	4095	2815	3038	3271	2931
0	0	3071	1932	1073	2436
256	0	3071	4044	1073	2436
512	0	3071	4095	1073	2436
768	0	3071	4095	1073	2436
1024	0	3071	4095	1073	2436
1280	0	3071	4095	1073	2436
1536	0	3071	4095	1073	2436
1792	0	3071	4095	1073	2436
2048	0	3071	4095	1073	2436
2303	0	3071	4095	1073	2436
2559	0	3071	4095	1073	2436
2815	0	3071	4095	1073	2436
3071	0	3071	4095	1073	2436
3327	0	3071	4095	1073	2436
3583	0	3071	4095	1073	2436
3839	0	3071	4095	1073	2436
4095	0	3071	4095	1073	2436
0	256	3071	818	1597	2632
256	256	3071	2269	1597	2632
512	256	3071	3011	1597	2632
768	256	3071	3643	1597	2632
1024	256	3071	4095	1597	2632
1280	256	3071	4095	1597	2632
1536	256	3071	4095	1597	2632
1792	256	3071	4095	1597	2632
2048	256	3071	4095	1597	2632
2303	256	3071	4095	1597	2632
2559	256	3071	4095	1597	2632
2815	256	3071	4095	1597	2632
3071	256	3071	4095	1597	2632
3327	256	3071	4095	1597	2632
3583	256	3071	4095	1597	2632
3839	256	3071	4095	1597	2632
4095	256	3071	4095	1597	2632
0	512	3071	533	1820	2707
256	512	3071	1750	1820	2707
512	512	3071	2401	1820	2707
768	512	3071	2963	1820	2707
1024	512	3071	3478	1820	2707
1280	512	3071	3964	1820	2707
1536	512	3071	4095	1820	2707
1792	512	3071	4095	1820	2707
2048	512	3071	4095	1820	2707
2303	512	3071	4095	1820	2707
2559	512	3071	4095	1820	2707
2815	512	3071	4095	1820	2707
3071	512	3071	4095	1820	2707
3327	512	3071	4095	1820	2707
3583	512	3071	4095	1820	2707
3839	512	3071	4095	1820	2707
4095	512	3071	4095	1820	2707
0	768	3071	362	1997	2764
256	768	3071	1409	1997	2764
512	768	3071	1993	1997	2764
768	768	3071	2503	1997	2764
1024	768	3071	2975	1997	2764
1280	768	3071	3422	1997	2764
1536	768	3071	3852	1997	2764
1792	768	3071	4095	1997	2764
2048	768	3071	4095	1997	2764
2303	768	3071	4095	1997	2764
2559	768	3071	4095	1997	2764
2815	768	3071	4095	1997	2764
3071	768	3071	4095	1997	2764
3327	768	3071	4095	1997	2764
3583	768	3071	4095	1997	2764
3839	768	3071	4095	1997	2764
4095	768	3071	4095	1997	2764
0	1024	3071	248	2152	2812
256	1024	3071	1157	2152	2812
512	1024	3071	1685	2152	2812
768	1024	3071	2153	2152	2812
1024	1024	3071	2589	2152	2812
1280	1024	3071	3005	2152	2812
1536	1024	3071	3406	2152	2812
1792	1024	3071	3796	2152	2812
2048	1024	3071	4095	2152	2812
2303	1024	3071	4095	2152	2812
2559	1024	3071	4095	2152	2812
2815	1024	3071	4095	2152	2812
3071	1024	3071	4095	2152	2812
3327	1024	3071	4095	2152	2812
3583	1024	3071	4095	2152	2812
3839	1024	3071	4095	2152	2812
4095	1024	3071	4095	2152	2812
0	1280	3071	167	2291	2854
256	1280	3071	959	2291	2854
512	1280	3071	1440	2291	2854
768	1280	3071	1872	2291	2854
1024	1280	3071	2277	2291	2854
1280	1280	3071	2665	2291	2854
1536	1280	3071	3042	2291	2854
1792	1280	3071	3409	2291	2854
2048	1280	3071	3770	2291	2854
2303	1280	3071	4095	2291	2854
2559	1280	3071	4095	2291	2854
2815	1280	3071	4095	2291	2854
3071	1280	3071	4095	2291	2854
3327	1280	3071	4095	2291	2854
3583	1280	3071	4095	2291	2854
3839	1280	3071	4095	2291	2854
4095	1280	3071	4095	2291	2854
0	1536	3071	109	2420	2891
256	1536	3071	798	2420	2891
512	1536	3071	1238	2420	2891
768	1536	3071	1638	2420	2891
1024	1536	3071	2016	2420	2891
1280	1536	3071	2380	2420	2891
1536	1536	3071	2735	2420	2891
1792	1536	3071	3082	2420	2891
2048	1536	3071	3423	2420	2891
2303	1536	3071	3759	2420	2891
2559	1536	3071	4091	2420	2891
2815	1536	3071	4095	2420	2891
3071	1536	3071	4095	2420	2891
3327	1536	3071	4095	2420	2891
3583	1536	3071	4095	2420	2891
3839	1536	3071	4095	2420	2891
4095	1536	3071	4095	2420	2891
0	1792	3071	67	2541	2926
256	1792	3071	666	2541	2926
512	1792	3071	1069	2541	2926
768	1792	3071	1439	2541	2926
1024	1792	3071	1792	2541	2926
1280	1792	3071	2135	2541	2926
1536	1792	3071	2470	2541	2926
1792	1792	3071	2799	2541	2926
2048	1792	3071	3123	2541	2926
2303	1792	3071	3443	2541	2926
2559	1792	3071	3760	2541	2926
2815	1792	3071	4074	2541	2926
3071	1792	3071	4095	2541	2926
3327	1792	3071	4095	2541	2926
3583	1792	3071	4095	2541	2926
3839	1792	3071	4095	2541	2926
4095	1792	3071	4095	2541	2926
0	2048	3071	38	2656	2959
256	2048	3071	555	2656	2959
512	2048	3071	924	2656	2959
768	2048	3071	1268	2656	2959
1024	2048	3071	1599	2656	2959
1280	2048	3071	1921	2656	2959
1536	2048	3071	2238	2656	2959
1792	2048	3071	2551	2656	2959
2048	2048	3071	2859	2656	2959
2303	2048	3071	3164	2656	2959
2559	2048	3071	3467	2656	2959
2815	2048	3071	3768	2656	2959
3071	2048	3071	4067	2656	2959
3327	2048	3071	4095	2656	2959
3583	2048	3071	4095	2656	2959
3839	2048	3071	4095	2656	2959
4095	2048	3071	4095	2656	2959
0	2303	3071	19	2765	2989
256	2303	3071	462	2765	2989
512	2303	3071	799	2765	2989
768	2303	3071	1119	2765	2989
1024	2303	3071	1429	2765	2989
1280	2303	3071	1734	2765	2989
1536	2303	3071	2034	2765	2989
1792	2303	3071	2331	2765	2989
2048	2303	3071	2625	2765	2989
2303	2303	3071	2916	2765	2989
2559	2303	3071	3206	2765	2989
2815	2303	3071	3495	2765	2989
3071	2303	3071	3782	2765	2989
3327	2303	3071	4069	2765	2989
3583	2303	3071	4095	2765	2989
3839	2303	3071	4095	2765	2989
4095	2303	3071	4095	2765	2989
0	2559	3071	7	2870	3018
256	2559	3071	382	2870	3018
512	2559	3071	690	2870	3018
768	2559	3071	987	2870	3018
1024	2559	3071	1279	2870	3018
1280	2559	3071	1566	2870	3018
1536	2559	3071	1850	2870	3018
1792	2559	3071	2133	2870	3018
2048	2559	3071	2413	2870	3018
2303	2559	3071	2692	2870	3018
2559	2559	3071	2970	2870	3018
2815	2559	3071	3247	2870	3018
3071	2559	3071	3523	2870	3018
3327	2559	3071	3799	2870	3018
3583	2559	3071	4074	2870	3018
3839	2559	3071	4095	2870	3018
4095	2559	3071	4095	2870	3018
0	2815	3071	2	2972	3045
256	2815	3071	314	2972	3045
512	2815	3071	595	2972	3045
768	2815	3071	871	2972	3045
1024	2815	3071	1144	2972	3045
1280	2815	3071	1415	2972	3045
1536	2815	3071	1685	2972	3045
1792	2815	3071	1954	2972	3045
2048	2815	3071	2222	2972	3045
2303	2815	3071	2488	2972	3045
2559	2815	3071	2755	2972	3045
2815	2815	3071	3021	2972	3045
3071	2815	3071	3287	2972	3045
3327	2815	3071	3553	2972	3045
3583	2815	3071	3818	2972	3045
3839	2815	3071	4083	2972	3045
4095	2815	3071	4095	2972	3045
0	3071	3071	0	3071	3071
256	3071	3071	256	3071	3071
512	3071	3071	512	3071	3071
768	3071	3071	768	3071	3071
1024	3071	3071	1024	3071	3071
1280	3071	3071	1280	3071	3071
1536	3071	3071	1536	3071	3071
1792	3071	3071	1792	3071	3071
2048	3071	3071	2048	3071	3071
2303	3071	3071	2303	3071	3071
2559	3071	3071	2559	3071	3071
2815	3071	3071	2815	3071	3071
3071	3071	3071	3071	3071	3071
3327	3071	3071	3327	3071	3071
3583	3071	3071	3583	3071	3071
3839	3071	3071	3839	3071	3071
4095	3071	3071	4095	3071	3071
0	3327	3071	0	3167	3096
256	3327	3071	207	3167	3096
512	3327	3071	439	3167	3096
768	3327	3071	676	3167	3096
1024	3327	3071	916	3167	3096
1280	3327	3071	1158	3167	3096
1536	3327	3071	1400	3167	3096
1792	3327	3071	1644	3167	3096
2048	3327	3071	1889	3167	3096
2303	3327	3071	2133	3167	3096
2559	3327	3071	2379	3167	3096
2815	3327	3071	2625	3167	3096
3071	3327	3071	2872	3167	3096
3327	3327	3071	3119	3167	3096
3583	3327	3071	3366	3167	3096
3839	3327	3071	3614	3167	3096
4095	3327	3071	3861	3167	3096
0	3583	3071	0	3260	3120
256	3583	3071	165	3260	3120
512	3583	3071	374	3260	3120
768	3583	3071	594	3260	3120
1024	3583	3071	818	3260	3120
1280	3583	3071	1046	3260	3120
1536	3583	3071	1277	3260	3120
1792	3583	3071	1509	3260	3120
2048	3583	3071	1743	3260	3120
2303	3583	3071	1977	3260	3120
2559	3583	3071	2213	3260	3120
2815	3583	3071	2450	3260	3120
3071	3583	3071	2688	3260	3120
3327	3583	3071	2926	3260	3120
3583	3583	3071	3165	3260	3120
3839	3583	3071	3404	3260	3120
4095	3583	3071	3644	3260	3120
0	3839	3071	0	3352	3144
256	3839	3071	129	3352	3144
512	3839	3071	317	3352	3144
768	3839	3071	520	3352	3144
1024	3839	3071	730	3352	3144
1280	3839	3071	945	3352	3144
1536	3839	3071	1164	3352	3144
1792	3839	3071	1385	3352	3144
2048	3839	3071	1609	3352	3144
2303	3839	3071	1833	3352	3144
2559	3839	3071	2060	3352	3144
2815	3839	3071	2288	3352	3144
3071	3839	3071	2517	3352	3144
3327	3839	3071	2747	3352	3144
3583	3839	3071	2978	3352	3144
3839	3839	3071	3210	3352	3144
4095	3839	3071	3442	3352	3144
0	4095	3071	0	3441	3166
256	4095	3071	99	3441	3166
512	4095	3071	268	3441	3166
768	4095	3071	454	3441	3166
1024	4095	3071	650	3441	3166
1280	4095	3071	853	3441	3166
1536	4095	3071	1060	3441	3166
1792	4095	3071	1271	3441	3166
2048	4095	3071	1484	3441	3166
2303	4095	3071	1700	3441	3166
2559	4095	3071	1917	3441	3166
2815	4095	3071	2137	3441	3166
3071	4095	3071	2358	3441	3166
3327	4095	3071	2580	3441	3166
3583	4095	3071	2803	3441	3166
3839	4095	3071	3028	3441	3166
4095	4095	3071	3253	3441	3166
0	0	3327	2093	1162	2639
256	0	3327	4095	1162	2639
512	0	3327	4095	1162	2639
768	0	3327	4095	1162	2639
1024	0	3327	4095	1162	2639
1280	0	3327	4095	1162	2639
1536	0	3327	4095	1162	2639
1792	0	3327	4095	1162	2639
2048	0	3327	4095	1162	2639
2303	0	3327	4095	1162	2639
2559	0	3327	4095	1162	2639
2815	0	3327	4095	1162	2639
3071	0	3327	4095	1162	2639
3327	0	3327	4095	1162	2639
3583	0	3327	4095	1162	2639
3839	0	3327	4095	1162	2639
4095	0	3327	4095	1162	2639
0	256	3327	920	1707	2844
256	256	3327	2444	1707	2844
512	256	3327	3216	1707	2844
768	256	3327	3870	1707	2844
1024	256	3327	4095	1707	2844
1280	256	3327	4095	1707	2844
1536	256	3327	4095	1707	2844
1792	256	3327	4095	1707	2844
2048	256	3327	4095	1707	2844
2303	256	3327	4095	1707	2844
2559	256	3327	4095	1707	2844
2815	256	3327	4095	1707	2844
3071	256	3327	4095	1707	2844
3327	256	3327	4095	1707	2844
3583	256	3327	4095	1707	2844
3839	256	3327	4095	1707	2844
4095	256	3327	4095	1707	2844
0	512	3327	614	1939	2922
256	512	3327	1903	1939	2922
512	512	3327	2582	1939	2922
768	512	3327	3165	1939	2922
1024	512	3327	3699	1939	2922
1280	512	3327	4095	1939	2922
1536	512	3327	4095	1939	2922
1792	512	3327	4095	1939	2922
2048	512	3327	4095	1939	2922
2303	512	3327	4095	1939	2922
2559	512	3327	4095	1939	2922
2815	512	3327	4095	1939	2922
3071	512	3327	4095	1939	2922
3327	512	3327	4095	1939	2922
3583	512	3327	4095	1939	2922
3839	512	3327	4095	1939	2922
4095	512	3327	4095	1939	2922
0	768	3327	429	2122	2981
256	768	3327	1545	2122	2981
512	768	3327	2157	2122	2981
768	768	3327	2688	2122	2981
1024	768	3327	3178	2122	2981
1280	768	3327	3641	2122	2981
1536	768	3327	4085	2122	2981
1792	768	3327	4095	2122	2981
2048	768	3327	4095	2122	2981
2303	768	3327	4095	2122	2981
2559	768	3327	4095	2122	2981
2815	768	3327	4095	2122	2981
3071	768	3327	4095	2122	2981
3327	768	3327	4095	2122	2981
3583	768	3327	4095	2122	2981
3839	768	3327	4095	2122	2981
4095	768	3327	4095	2122	2981
0	1024	3327	302	2281	3031
256	1024	3327	1279	2281	3031
512	1024	3327	1835	2281	3031
768	1024	3327	2324	2281	3031
1024	1024	3327	2777	2281	3031
1280	1024	3327	3209	2281	3031
1536	1024	3327	3624	2281	3031
1792	1024	3327	4028	2281	3031
2048	1024	3327	4095	2281	3031
2303	1024	3327	4095	2281	3031
2559	1024	3327	4095	2281	3031
2815	1024	3327	4095	2281	3031
3071	1024	3327	4095	2281	3031
3327	1024	3327	4095	2281	3031
3583	1024	3327	4095	2281	3031
3839	1024	3327	4095	2281	3031
4095	1024	3327	4095	2281	3031
0	1280	3327	211	2425	3075
256	1280	3327	1069	2425	3075
512	1280	3327	1578	2425	3075
768	1280	3327	2030	2425	3075
1024	1280	3327	2453	2425	3075
1280	1280	3327	2857	2425	3075
1536	1280	3327	3247	2425	3075
1792	1280	3327	3628	2425	3075
2048	1280	3327	4000	2425	3075
2303	1280	3327	4095	2425	3075
2559	1280	3327	4095	2425	3075
2815	1280	3327	4095	2425	3075
3071	1280	3327	4095	2425	3075
3327	1280	3327	4095	2425	3075
3583	1280	3327	4095	2425	3075
3839	1280	3327	4095	2425	3075
4095	1280	3327	4095	2425	3075
0	1536	3327	144	2558	3114
256	1536	3327	899	2558	3114
512	1536	3327	1365	2558	3114
768	1536	3327	1785	2558	3114
1024	1536	3327	2180	2558	3114
1280	1536	3327	2560	2558	3114
1536	1536	3327	2929	2558	3114
1792	1536	3327	3289	2558	3114
2048	1536	3327	3642	2558	3114
2303	1536	3327	3989	2558	3114
2559	1536	3327	4095	2558	3114
2815	1536	3327	4095	2558	3114
3071	1536	3327	4095	2558	3114
3327	1536	3327	4095	2558	3114
3583	1536	3327	4095	2558	3114
3839	1536	3327	4095	2558	3114
4095	1536	3327	4095	2558	3114
0	1792	3327	95	2683	3150
256	1792	3327	757	2683	3150
512	1792	3327	1186	2683	3150
768	1792	3327	1577	2683	3150
1024	1792	3327	1947	2683	3150
1280	1792	3327	2305	2683	3150
1536	1792	3327	2654	2683	3150
1792	1792	3327	2996	2683	3150
2048	1792	3327	3332	2683	3150
2303	1792	3327	3662	2683	3150
2559	1792	3327	3990	2683	3150
2815	1792	3327	4095	2683	3150
3071	1792	3327	4095	2683	3150
3327	1792	3327	4095	2683	3150
3583	1792	3327	4095	2683	3150
3839	1792	3327	4095	2683	3150
4095	1792	3327	4095	2683	3150
0	2048	3327	59	2801	3184
256	2048	3327	638	2801	3184
512	2048	3327	1032	2801	3184
768	2048	3327	1396	2801	3184
1024	2048	3327	1744	2801	3184
1280	2048	3327	2082	2801	3184
1536	2048	3327	2413	2801	3184
1792	2048	3327	2737	2801	3184
2048	2048	3327	3058	2801	3184
2303	2048	3327	3374	2801	3184
2559	2048	3327	3687	2801	3184
2815	2048	3327	3999	2801	3184
3071	2048	3327	4095	2801	3184
3327	2048	3327	4095	2801	3184
3583	2048	3327	4095	2801	3184
3839	2048	3327	4095	2801	3184
4095	2048	3327	4095	2801	3184
0	2303	3327	34	2914	3215
256	2303	3327	537	2914	3215
512	2303	3327	900	2914	3215
768	2303	3327	1239	2914	3215
1024	2303	3327	1566	2914	3215
1280	2303	3327	1886	2914	3215
1536	2303	3327	2199	2914	3215
1792	2303	3327	2509	2914	3215
2048	2303	3327	2815	2914	3215
2303	2303	3327	3117	2914	3215
2559	2303	3327	3417	2914	3215
2815	2303	3327	3716	2914	3215
3071	2303	3327	4013	2914	3215
3327	2303	3327	4095	2914	3215
3583	2303	3327	4095	2914	3215
3839	2303	3327	4095	2914	3215
4095	2303	3327	4095	2914	3215
0	2559	3327	17	3022	3245
256	2559	3327	450	3022	3245
512	2559	3327	783	3022	3245
768	2559	3327	1100	3022	3245
1024	2559	3327	1408	3022	3245
1280	2559	3327	1710	3022	3245
1536	2559	3327	2008	3022	3245
1792	2559	3327	2302	3022	3245
2048	2559	3327	2595	3022	3245
2303	2559	3327	2884	3022	3245
2559	2559	3327	3173	3022	3245
2815	2559	3327	3460	3022	3245
3071	2559	3327	3746	3022	3245
3327	2559	3327	4030	3022	3245
3583	2559	3327	4095	3022	3245
3839	2559	3327	4095	3022	3245
4095	2559	3327	4095	3022	3245
0	2815	3327	7	3127	3274
256	2815	3327	375	3127	3274
512	2815	3327	681	3127	3274
768	2815	3327	977	3127	3274
1024	2815	3327	1266	3127	3274
1280	2815	3327	1552	3127	3274
1536	2815	3327	1835	3127	3274
1792	2815	3327	2116	3127	3274
2048	2815	3327	2396	3127	3274
2303	2815	3327	2673	3127	3274
2559	2815	3327	2950	3127	3274
2815	2815	3327	3226	3127	3274
3071	2815	3327	3501	3127	3274
3327	2815	3327	3776	3127	3274
3583	2815	3327	4050	3127	3274
3839	2815	3327	4095	3127	3274
4095	2815	3327	4095	3127	3274
0	3071	3327	1	3228	3301
256	3071	3327	311	3228	3301
512	3071	3327	591	3228	3301
768	3071	3327	866	3228	3301
1024	3071	3327	1139	3228	3301
1280	3071	3327	1409	3228	3301
1536	3071	3327	1678	3228	3301
1792	3071	3327	1947	3228	3301
2048	3071	3327	2214	3228	3301
2303	3071	3327	2480	3228	3301
2559	3071	3327	2746	3228	3301
2815	3071	3327	3012	3228	3301
3071	3071	3327	3277	3228	3301
3327	3071	3327	3543	3228	3301
3583	3071	3327	3807	3228	3301
3839	3071	3327	4072	3228	3301
4095	3071	3327	4095	3228	3301
0	3327	3327	0	3327	3327
256	3327	3327	256	3327	3327
512	3327	3327	512	3327	3327
768	3327	3327	768	3327	3327
1024	3327	3327	1024	3327	3327
1280	3327	3327	1280	3327	3327
1536	3327	3327	1536	3327	3327
1792	3327	3327	1792	3327	3327
2048	3327	3327	2048	3327	3327
2303	3327	3327	2303	3327	3327
2559	3327	3327	2559	3327	3327
2815	3327	3327	2815	3327	3327
3071	3327	3327	3071	3327	3327
3327	3327	3327	3327	3327	3327
3583	3327	3327	3583	3327	3327
3839	3327	3327	3839	3327	3327
4095	3327	3327	4095	3327	3327
0	3583	3327	0	3423	3352
256	3583	3327	209	3423	3352
512	3583	3327	442	3423	3352
768	3583	3327	680	3423	3352
1024	3583	3327	920	3423	3352
1280	3583	3327	1162	3423	3352
1536	3583	3327	1406	3423	3352
1792	3583	3327	1650	3423	3352
2048	3583	3327	1895	3423	3352
2303	3583	3327	2140	3423	3352
2559	3583	3327	2386	3423	3352
2815	3583	3327	2633	3423	3352
3071	3583	3327	2880	3423	3352
3327	3583	3327	3127	3423	3352
3583	3583	3327	3375	3423	3352
3839	3583	3327	3623	3423	3352
4095	3583	3327	3871	3423	3352
0	3839	3327	0	3517	3376
256	3839	3327	168	3517	3376
512	3839	3327	379	3517	3376
768	3839	3327	600	3517	3376
1024	3839	3327	826	3517	3376
1280	3839	3327	1055	3517	3376
1536	3839	3327	1287	3517	3376
1792	3839	3327	1520	3517	3376
2048	3839	3327	1755	3517	3376
2303	3839	3327	1989	3517	3376
2559	3839	3327	2226	3517	3376
2815	3839	3327	2464	3517	3376
3071	3839	3327	2702	3517	3376
3327	3839	3327	2941	3517	3376
3583	3839	3327	3181	3517	3376
3839	3839	3327	3421	3517	3376
4095	3839	3327	3662	3517	3376
0	4095	3327	0	3609	3400
256	4095	3327	133	3609	3400
512	4095	3327	324	3609	3400
768	4095	3327	529	3609	3400
1024	4095	3327	740	3609	3400
1280	4095	3327	957	3609	3400
1536	4095	3327	1177	3609	3400
1792	4095	3327	1400	3609	3400
2048	4095	3327	1624	3609	3400
2303	4095	3327	1850	3609	3400
2559	4095	3327	2078	3609	3400
2815	4095	3327	2307	3609	3400
3071	4095	3327	2537	3609	3400
3327	4095	3327	2768	3609	3400
3583	4095	3327	3000	3609	3400
3839	4095	3327	3233	3609	3400
4095	4095	3327	3466	3609	3400
0	0	3583	2254	1252	2842
256	0	3583	4095	1252	2842
512	0	3583	4095	1252	2842
768	0	3583	4095	1252	2842
1024	0	3583	4095	1252	2842
1280	0	3583	4095	1252	2842
1536	0	3583	4095	1252	2842
1792	0	3583	4095	1252	2842
2048	0	3583	4095	1252	2842
2303	0	3583	4095	1252	2842
2559	0	3583	4095	1252	2842
2815	0	3583	4095	1252	2842
3071	0	3583	4095	1252	2842
3327	0	3583	4095	1252	2842
3583	0	3583	4095	1252	2842
3839	0	3583	4095	1252	2842
4095	0	3583	4095	1252	2842
0	256	3583	1024	1817	3055
256	256	3583	2619	1817	3055
512	256	3583	3419	1817	3055
768	256	3583	4094	1817	3055
1024	256	3583	4095	1817	3055
1280	256	3583	4095	1817	3055
1536	256	3583	4095	1817	3055
1792	256	3583	4095	1817	3055
2048	256	3583	4095	1817	3055
2303	256	3583	4095	1817	3055
2559	256	3583	4095	1817	3055
2815	256	3583	4095	1817	3055
3071	256	3583	4095	1817	3055
3327	256	3583	4095	1817	3055
3583	256	3583	4095	1817	3055
3839	256	3583	4095	1817	3055
4095	256	3583	4095	1817	3055
0	512	3583	698	2056	3137
256	512	3583	2056	2056	3137
512	512	3583	2762	2056	3137
768	512	3583	3366	2056	3137
1024	512	3583	3918	2056	3137
1280	512	3583	4095	2056	3137
1536	512	3583	4095	2056	3137
1792	512	3583	4095	2056	3137
2048	512	3583	4095	2056	3137
2303	512	3583	4095	2056	3137
2559	512	3583	4095	2056	3137
2815	512	3583	4095	2056	3137
3071	512	3583	4095	2056	3137
3327	512	3583	4095	2056	3137
3583	512	3583	4095	2056	3137
3839	512	3583	4095	2056	3137
4095	512	3583	4095	2056	3137
0	768	3583	498	2246	3198
256	768	3583	1682	2246	3198
512	768	3583	2320	2246	3198
768	768	3583	2872	2246	3198
1024	768	3583	3379	2246	3198
1280	768	3583	3858	2246	3198
1536	768	3583	4095	2246	3198
1792	768	3583	4095	2246	3198
2048	768	3583	4095	2246	3198
2303	768	3583	4095	2246	3198
2559	768	3583	4095	2246	3198
2815	768	3583	4095	2246	3198
3071	768	3583	4095	2246	3198
3327	768	3583	4095	2246	3198
3583	768	3583	4095	2246	3198
3839	768	3583	4095	2246	3198
4095	768	3583	4095	2246	3198
0	1024	3583	359	2410	3250
256	1024	3583	1403	2410	3250
512	1024	3583	1985	2410	3250
768	1024	3583	2494	2410	3250
1024	1024	3583	2965	2410	3250
1280	1024	3583	3411	2410	3250
1536	1024	3583	3841	2410	3250
1792	1024	3583	4095	2410	3250
2048	1024	3583	4095	2410	3250
2303	1024	3583	4095	2410	3250
2559	1024	3583	4095	2410	3250
2815	1024	3583	4095	2410	3250
3071	1024	3583	4095	2410	3250
3327	1024	3583	4095	2410	3250
3583	1024	3583	4095	2410	3250
3839	1024	3583	4095	2410	3250
4095	1024	3583	4095	2410	3250
0	1280	3583	258	2558	3295
256	1280	3583	1182	2558	3295
512	1280	3583	1716	2558	3295
768	1280	3583	2188	2558	3295
1024	1280	3583	2628	2558	3295
1280	1280	3583	3047	2558	3295
1536	1280	3583	3451	2558	3295
1792	1280	3583	3844	2558	3295
2048	1280	3583	4095	2558	3295
2303	1280	3583	4095	2558	3295
2559	1280	3583	4095	2558	3295
2815	1280	3583	4095	2558	3295
3071	1280	3583	4095	2558	3295
3327	1280	3583	4095	2558	3295
3583	1280	3583	4095	2558	3295
3839	1280	3583	4095	2558	3295
4095	1280	3583	4095	2558	3295
0	1536	3583	183	2695	3336
256	1536	3583	1001	2695	3336
512	1536	3583	1493	2695	3336
768	1536	3583	1933	2695	3336
1024	1536	3583	2345	2695	3336
1280	1536	3583	2740	2695	3336
1536	1536	3583	3122	2695	3336
1792	1536	3583	3494	2695	3336
2048	1536	3583	3859	2695	3336
2303	1536	3583	4095	2695	3336
2559	1536	3583	4095	2695	3336
2815	1536	3583	4095	2695	3336
3071	1536	3583	4095	2695	3336
3327	1536	3583	4095	2695	3336
3583	1536	3583	4095	2695	3336
3839	1536	3583	4095	2695	3336
4095	1536	3583	4095	2695	3336
0	1792	3583	127	2823	3373
256	1792	3583	851	2823	3373
512	1792	3583	1305	2823	3373
768	1792	3583	1715	2823	3373
1024	1792	3583	2102	2823	3373
1280	1792	3583	2475	2823	3373
1536	1792	3583	2837	2823	3373
1792	1792	3583	3191	2823	3373
2048	1792	3583	3539	2823	3373
2303	1792	3583	3880	2823	3373
2559	1792	3583	4095	2823	3373
2815	1792	3583	4095	2823	3373
3071	1792	3583	4095	2823	3373
3327	1792	3583	4095	2823	3373
3583	1792	3583	4095	2823	3373
3839	1792	3583	4095	2823	3373
4095	1792	3583	4095	2823	3373
0	2048	3583	84	2945	3408
256	2048	3583	723	2945	3408
512	2048	3583	1143	2945	3408
768	2048	3583	1526	2945	3408
1024	2048	3583	1890	2945	3408
1280	2048	3583	2243	2945	3408
1536	2048	3583	2586	2945	3408
1792	2048	3583	2923	2945	3408
2048	2048	3583	3255	2945	3408
2303	2048	3583	3582	2945	3408
2559	2048	3583	3906	2945	3408
2815	2048	3583	4095	2945	3408
3071	2048	3583	4095	2945	3408
3327	2048	3583	4095	2945	3408
3583	2048	3583	4095	2945	3408
3839	2048	3583	4095	2945	3408
4095	2048	3583	4095	2945	3408
0	2303	3583	53	3060	3441
256	2303	3583	615	3060	3441
512	2303	3583	1002	3060	3441
768	2303	3583	1361	3060	3441
1024	2303	3583	1704	3060	3441
1280	2303	3583	2038	3060	3441
1536	2303	3583	2365	3060	3441
1792	2303	3583	2686	3060	3441
2048	2303	3583	3003	3060	3441
2303	2303	3583	3316	3060	3441
2559	2303	3583	3627	3060	3441
2815	2303	3583	3935	3060	3441
3071	2303	3583	4095	3060	3441
3327	2303	3583	4095	3060	3441
3583	2303	3583	4095	3060	3441
3839	2303	3583	4095	3060	3441
4095	2303	3583	4095	3060	3441
0	2559	3583	31	3172	3472
256	2559	3583	521	3172	3472
512	2559	3583	879	3172	3472
768	2559	3583	1214	3172	3472
1024	2559	3583	1538	3172	3472
1280	2559	3583	1854	3172	3472
1536	2559	3583	2165	3172	3472
1792	2559	3583	2472	3172	3472
2048	2559	3583	2776	3172	3472
2303	2559	3583	3075	3172	3472
2559	2559	3583	3374	3172	3472
2815	2559	3583	3671	3172	3472
3071	2559	3583	3966	3172	3472
3327	2559	3583	4095	3172	3472
3583	2559	3583	4095	3172	3472
3839	2559	3583	4095	3172	3472
4095	2559	3583	4095	3172	3472
0	2815	3583	15	3279	3502
256	2815	3583	440	3279	3502
512	2815	3583	770	3279	3502
768	2815	3583	1084	3279	3502
1024	2815	3583	1389	3279	3502
1280	2815	3583	1689	3279	3502
1536	2815	3583	1985	3279	3502
1792	2815	3583	2278	3279	3502
2048	2815	3583	2569	3279	3502
2303	2815	3583	2856	3279	3502
2559	2815	3583	3144	3279	3502
2815	2815	3583	3429	3279	3502
3071	2815	3583	3714	3279	3502
3327	2815	3583	3997	3279	3502
3583	2815	3583	4095	3279	3502
3839	2815	3583	4095	3279	3502
4095	2815	3583	4095	3279	3502
0	3071	3583	6	3383	3530
256	3071	3583	370	3383	3530
512	3071	3583	674	3383	3530
768	3071	3583	967	3383	3530
1024	3071	3583	1255	3383	3530
1280	3071	3583	1540	3383	3530
1536	3071	3583	1822	3383	3530
1792	3071	3583	2102	3383	3530
2048	3071	3583	2380	3383	3530
2303	3071	3583	2656	3383	3530
2559	3071	3583	2933	3383	3530
2815	3071	3583	3208	3383	3530
3071	3071	3583	3482	3383	3530
3327	3071	3583	3756	3383	3530
3583	3071	3583	4029	3383	3530
3839	3071	3583	4095	3383	3530
4095	3071	3583	4095	3383	3530
0	3327	3583	1	3485	3557
256	3327	3583	309	3485	3557
512	3327	3583	588	3485	3557
768	3327	3583	862	3485	3557
1024	3327	3583	1134	3485	3557
1280	3327	3583	1404	3485	3557
1536	3327	3583	1672	3485	3557
1792	3327	3583	1940	3485	3557
2048	3327	3583	2207	3485	3557
2303	3327	3583	2473	3485	3557
2559	3327	3583	2738	3485	3557
2815	3327	3583	3004	3485	3557
3071	3327	3583	3269	3485	3557
3327	3327	3583	3534	3485	3557
3583	3327	3583	3798	3485	3557
3839	3327	3583	4062	3485	3557
4095	3327	3583	4095	3485	3557
0	3583	3583	0	3583	3583
256	3583	3583	256	3583	3583
512	3583	3583	512	3583	3583
768	3583	3583	768	3583	3583
1024	3583	3583	1024	3583	3583
1280	3583	3583	1280	3583	3583
1536	3583	3583	1536	3583	3583
1792	3583	3583	1792	3583	3583
2048	3583	3583	2048	3583	3583
2303	3583	3583	2303	3583	3583
2559	3583	3583	2559	3583	3583
2815	3583	3583	2815	3583	3583
3071	3583	3583	3071	3583	3583
3327	3583	3583	3327	3583	3583
3583	3583	3583	3583	3583	3583
3839	3583	3583	3839	3583	3583
4095	3583	3583	4095	3583	3583
0	3839	3583	0	3679	3608
256	3839	3583	210	3679	3608
512	3839	3583	444	3679	3608
768	3839	3583	683	3679	3608
1024	3839	3583	924	3679	3608
1280	3839	3583	1167	3679	3608
1536	3839	3583	1411	3679	3608
1792	3839	3583	1656	3679	3608
2048	3839	3583	1901	3679	3608
2303	3839	3583	2146	3679	3608
2559	3839	3583	2393	3679	3608
2815	3839	3583	2640	3679	3608
3071	3839	3583	2887	3679	3608
3327	3839	3583	3135	3679	3608
3583	3839	3583	3383	3679	3608
3839	3839	3583	3631	3679	3608
4095	3839	3583	3879	3679	3608
0	4095	3583	0	3773	3633
256	4095	3583	171	3773	3633
512	4095	3583	384	3773	3633
768	4095	3583	606	3773	3633
1024	4095	3583	833	3773	3633
1280	4095	3583	1063	3773	3633
1536	4095	3583	1295	3773	3633
1792	4095	3583	1529	3773	3633
2048	4095	3583	1765	3773	3633
2303	4095	3583	2001	3773	3633
2559	4095	3583	2238	3773	3633
2815	4095	3583	2476	3773	3633
3071	4095	3583	2716	3773	3633
3327	4095	3583	2955	3773	3633
3583	4095	3583	3195	3773	3633
3839	4095	3583	3436	3773	3633
4095	4095	3583	3677	3773	3633
0	0	3839	2415	1341	3045
256	0	3839	4095	1341	3045
512	0	3839	4095	1341	3045
768	0	3839	4095	1341	3045
1024	0	3839	4095	1341	3045
1280	0	3839	4095	1341	3045
1536	0	3839	4095	1341	3045
1792	0	3839	4095	1341	3045
2048	0	3839	4095	1341	3045
2303	0	3839	4095	1341	3045
2559	0	3839	4095	1341	3045
2815	0	3839	4095	1341	3045
3071	0	3839	4095	1341	3045
3327	0	3839	4095	1341	3045
3583	0	3839	4095	1341	3045
3839	0	3839	4095	1341	3045
4095	0	3839	4095	1341	3045
0	256	3839	1129	1927	3266
256	256	3839	2794	1927	3266
512	256	3839	3620	1927	3266
768	256	3839	4095	1927	3266
1024	256	3839	4095	1927	3266
1280	256	3839	4095	1927	3266
1536	256	3839	4095	1927	3266
1792	256	3839	4095	1927	3266
2048	256	3839	4095	1927	3266
2303	256	3839	4095	1927	3266
2559	256	3839	4095	1927	3266
2815	256	3839	4095	1927	3266
3071	256	3839	4095	1927	3266
3327	256	3839	4095	1927	3266
3583	256	3839	4095	1927	3266
3839	256	3839	4095	1927	3266
4095	256	3839	4095	1927	3266
0	512	3839	784	2173	3351
256	512	3839	2209	2173	3351
512	512	3839	2942	2173	3351
768	512	3839	3566	2173	3351
1024	512	3839	4095	2173	3351
1280	512	3839	4095	2173	3351
1536	512	3839	4095	2173	3351
1792	512	3839	4095	2173	3351
2048	512	3839	4095	2173	3351
2303	512	3839	4095	2173	3351
2559	512	3839	4095	2173	3351
2815	512	3839	4095	2173	3351
3071	512	3839	4095	2173	3351
3327	512	3839	4095	2173	3351
3583	512	3839	4095	2173	3351
3839	512	3839	4095	2173	3351
4095	512	3839	4095	2173	3351
0	768	3839	570	2368	3414
256	768	3839	1820	2368	3414
512	768	3839	2484	2368	3414
768	768	3839	3055	2368	3414
1024	768	3839	3579	2368	3414
1280	768	3839	4073	2368	3414
1536	768	3839	4095	2368	3414
1792	768	3839	4095	2368	3414
2048	768	3839	4095	2368	3414
2303	768	3839	4095	2368	3414
2559	768	3839	4095	2368	3414
2815	768	3839	4095	2368	3414
3071	768	3839	4095	2368	3414
3327	768	3839	4095	2368	3414
3583	768	3839	4095	2368	3414
3839	768	3839	4095	2368	3414
4095	768	3839	4095	2368	3414
0	1024	3839	420	2537	3468
256	1024	3839	1528	2537	3468
512	1024	3839	2135	2537	3468
768	1024	3839	2664	2537	3468
1024	1024	3839	3151	2537	3468
1280	1024	3839	3613	2537	3468
1536	1024	3839	4055	2537	3468
1792	1024	3839	4095	2537	3468
2048	1024	3839	4095	2537	3468
2303	1024	3839	4095	2537	3468
2559	1024	3839	4095	2537	3468
2815	1024	3839	4095	2537	3468
3071	1024	3839	4095	2537	3468
3327	1024	3839	4095	2537	3468
3583	1024	3839	4095	2537	3468
3839	1024	3839	4095	2537	3468
4095	1024	3839	4095	2537	3468
0	1280	3839	309	2690	3515
256	1280	3839	1296	2690	3515
512	1280	3839	1855	2690	3515
768	1280	3839	2347	2690	3515
1024	1280	3839	2803	2690	3515
1280	1280	3839	3236	2690	3515
1536	1280	3839	3654	2690	3515
1792	1280	3839	4059	2690	3515
2048	1280	3839	4095	2690	3515
2303	1280	3839	4095	2690	3515
2559	1280	3839	4095	2690	3515
2815	1280	3839	4095	2690	3515
3071	1280	3839	4095	2690	3515
3327	1280	3839	4095	2690	3515
3583	1280	3839	4095	2690	3515
3839	1280	3839	4095	2690	3515
4095	1280	3839	4095	2690	3515
0	1536	3839	226	2830	3557
256	1536	3839	1106	2830	3557
512	1536	3839	1623	2830	3557
768	1536	3839	2081	2830	3557
1024	1536	3839	2510	2830	3557
1280	1536	3839	2919	2830	3557
1536	1536	3839	3314	2830	3557
1792	1536	3839	3698	2830	3557
2048	1536	3839	4074	2830	3557
2303	1536	3839	4095	2830	3557
2559	1536	3839	4095	2830	3557
2815	1536	3839	4095	2830	3557
3071	1536	3839	4095	2830	3557
3327	1536	3839	4095	2830	3557
3583	1536	3839	4095	2830	3557
3839	1536	3839	4095	2830	3557
4095	1536	3839	4095	2830	3557
0	1792	3839	162	2962	3596
256	1792	3839	946	2962	3596
512	1792	3839	1425	2962	3596
768	1792	3839	1854	2962	3596
1024	1792	3839	2257	2962	3596
1280	1792	3839	2644	2962	3596
1536	1792	3839	3019	2962	3596
1792	1792	3839	3385	2962	3596
2048	1792	3839	3744	2962	3596
2303	1792	3839	4095	2962	3596
2559	1792	3839	4095	2962	3596
2815	1792	3839	4095	2962	3596
3071	1792	3839	4095	2962	3596
3327	1792	3839	4095	2962	3596
3583	1792	3839	4095	2962	3596
3839	1792	3839	4095	2962	3596
4095	1792	3839	4095	2962	3596
0	2048	3839	113	3087	3632
256	2048	3839	811	3087	3632
512	2048	3839	1255	3087	3632
768	2048	3839	1656	3087	3632
1024	2048	3839	2037	3087	3632
1280	2048	3839	2403	3087	3632
1536	2048	3839	2760	3087	3632
1792	2048	3839	3109	3087	3632
2048	2048	3839	3452	3087	3632
2303	2048	3839	3788	3087	3632
2559	2048	3839	4095	3087	3632
2815	2048	3839	4095	3087	3632
3071	2048	3839	4095	3087	3632
3327	2048	3839	4095	3087	3632
3583	2048	3839	4095	3087	3632
3839	2048	3839	4095	3087	3632
4095	2048	3839	4095	3087	3632
0	2303	3839	76	3205	3666
256	2303	3839	695	3205	3666
512	2303	3839	1107	3205	3666
768	2303	3839	1484	3205	3666
1024	2303	3839	1843	3205	3666
1280	2303	3839	2190	3205	3666
1536	2303	3839	2530	3205	3666
1792	2303	3839	2863	3205	3666
2048	2303	3839	3191	3205	3666
2303	2303	3839	3514	3205	3666
2559	2303	3839	3835	3205	3666
2815	2303	3839	4095	3205	3666
3071	2303	3839	4095	3205	3666
3327	2303	3839	4095	3205	3666
3583	2303	3839	4095	3205	3666
3839	2303	3839	4095	3205	3666
4095	2303	3839	4095	3205	3666
0	2559	3839	48	3319	3698
256	2559	3839	595	3319	3698
512	2559	3839	976	3319	3698
768	2559	3839	1330	3319	3698
1024	2559	3839	1669	3319	3698
1280	2559	3839	1999	3319	3698
1536	2559	3839	2323	3319	3698
1792	2559	3839	2641	3319	3698
2048	2559	3839	2956	3319	3698
2303	2559	3839	3266	3319	3698
2559	2559	3839	3574	3319	3698
2815	2559	3839	3880	3319	3698
3071	2559	3839	4095	3319	3698
3327	2559	3839	4095	3319	3698
3583	2559	3839	4095	3319	3698
3839	2559	3839	4095	3319	3698
4095	2559	3839	4095	3319	3698
0	2815	3839	28	3429	3729
256	2815	3839	507	3429	3729
512	2815	3839	861	3429	3729
768	2815	3839	1192	3429	3729
1024	2815	3839	1513	3429	3729
1280	2815	3839	1827	3429	3729
1536	2815	3839	2135	3429	3729
1792	2815	3839	2440	3429	3729
2048	2815	3839	2742	3429	3729
2303	2815	3839	3039	3429	3729
2559	2815	3839	3336	3429	3729
2815	2815	3839	3631	3429	3729
3071	2815	3839	3924	3429	3729
3327	2815	3839	4095	3429	3729
3583	2815	3839	4095	3429	3729
3839	2815	3839	4095	3429	3729
4095	2815	3839	4095	3429	3729
0	3071	3839	14	3536	3758
256	3071	3839	431	3536	3758
512	3071	3839	758	3536	3758
768	3071	3839	1069	3536	3758
1024	3071	3839	1373	3536	3758
1280	3071	3839	1671	3536	3758
1536	3071	3839	1965	3536	3758
1792	3071	3839	2257	3536	3758
2048	3071	3839	2546	3536	3758
2303	3071	3839	2832	3536	3758
2559	3071	3839	3118	3536	3758
2815	3071	3839	3403	3536	3758
3071	3071	3839	3686	3536	3758
3327	3071	3839	3968	3536	3758
3583	3071	3839	4095	3536	3758
3839	3071	3839	4095	3536	3758
4095	3071	3839	4095	3536	3758
0	3327	3839	6	3640	3786
256	3327	3839	365	3640	3786
512	3327	3839	667	3640	3786
768	3327	3839	959	3640	3786
1024	3327	3839	1245	3640	3786
1280	3327	3839	1529	3640	3786
1536	3327	3839	1810	3640	3786
1792	3327	3839	2089	3640	3786
2048	3327	3839	2366	3640	3786
2303	3327	3839	2642	3640	3786
2559	3327	3839	2917	3640	3786
2815	3327	3839	3192	3640	3786
3071	3327	3839	3466	3640	3786
3327	3327	3839	3739	3640	3786
3583	3327	3839	4011	3640	3786
3839	3327	3839	4095	3640	3786
4095	3327	3839	4095	3640	3786
0	3583	3839	1	3741	3813
256	3583	3839	307	3741	3813
512	3583	3839	585	3741	3813
768	3583	3839	859	3741	3813
1024	3583	3839	1130	3741	3813
1280	3583	3839	1399	3741	3813
1536	3583	3839	1667	3741	3813
1792	3583	3839	1934	3741	3813
2048	3583	3839	2201	3741	3813
2303	3583	3839	2466	3741	3813
2559	3583	3839	2731	3741	3813
2815	3583	3839	2996	3741	3813
3071	3583	3839	3261	3741	3813
3327	3583	3839	3526	3741	3813
3583	3583	3839	3790	3741	3813
3839	3583	3839	4053	3741	3813
4095	3583	3839	4095	3741	3813
0	3839	3839	0	3839	3839
256	3839	3839	256	3839	3839
512	3839	3839	512	3839	3839
768	3839	3839	768	3839	3839
1024	3839	3839	1024	3839	3839
1280	3839	3839	1280	3839	3839
1536	3839	3839	1536	3839	3839
1792	3839	3839	1792	3839	3839
2048	3839	3839	2048	3839	3839
2303	3839	3839	2303	3839	3839
2559	3839	3839	2559	3839	3839
2815	3839	3839	2815	3839	3839
3071	3839	3839	3071	3839	3839
3327	3839	3839	3327	3839	3839
3583	3839	3839	3583	3839	3839
3839	3839	3839	3839	3839	3839
4095	3839	3839	4095	3839	3839
0	4095	3839	0	3935	3864
256	4095	3839	212	3935	3864
512	4095	3839	447	3935	3864
768	4095	3839	686	3935	3864
1024	4095	3839	928	3935	3864
1280	4095	3839	1171	3935	3864
1536	4095	3839	1415	3935	3864
1792	4095	3839	1660	3935	3864
2048	4095	3839	1906	3935	3864
2303	4095	3839	2152	3935	3864
2559	4095	3839	2399	3935	3864
2815	4095	3839	2646	3935	3864
3071	4095	3839	2894	3935	3864
3327	4095	3839	3141	3935	3864
3583	4095	3839	3390	3935	3864
3839	4095	3839	3638	3935	3864
4095	4095	3839	3887	3935	3864
0	0	4095	2576	1431	3248
256	0	4095	4095	1431	3248
512	0	4095	4095	1431	3248
768	0	4095	4095	1431	3248
1024	0	4095	4095	1431	3248
1280	0	4095	4095	1431	3248
1536	0	4095	4095	1431	3248
1792	0	4095	4095	1431	3248
2048	0	4095	4095	1431	3248
2303	0	4095	4095	1431	3248
2559	0	4095	4095	1431	3248
2815	0	4095	4095	1431	3248
3071	0	4095	4095	1431	3248
3327	0	4095	4095	1431	3248
3583	0	4095	4095	1431	3248
3839	0	4095	4095	1431	3248
4095	0	4095	4095	1431	3248
0	256	4095	1237	2035	3477
256	256	4095	2968	2035	3477
512	256	4095	3820	2035	3477
768	256	4095	4095	2035	3477
1024	256	4095	4095	2035	3477
1280	256	4095	4095	2035	3477
1536	256	4095	4095	2035	3477
1792	256	4095	4095	2035	3477
2048	256	4095	4095	2035	3477
2303	256	4095	4095	2035	3477
2559	256	4095	4095	2035	3477
2815	256	4095	4095	2035	3477
3071	256	4095	4095	2035	3477
3327	256	4095	4095	2035	3477
3583	256	4095	4095	2035	3477
3839	256	4095	4095	2035	3477
4095	256	4095	4095	2035	3477
0	512	4095	873	2289	3564
256	512	4095	2363	2289	3564
512	512	4095	3121	2289	3564
768	512	4095	3765	2289	3564
1024	512	4095	4095	2289	3564
1280	512	4095	4095	2289	3564
1536	512	4095	4095	2289	3564
1792	512	4095	4095	2289	3564
2048	512	4095	4095	2289	3564
2303	512	4095	4095	2289	3564
2559	512	4095	4095	2289	3564
2815	512	4095	4095	2289	3564
3071	512	4095	4095	2289	3564
3327	512	4095	4095	2289	3564
3583	512	4095	4095	2289	3564
3839	512	4095	4095	2289	3564
4095	512	4095	4095	2289	3564
0	768	4095	644	2490	3630
256	768	4095	1958	2490	3630
512	768	4095	2647	2490	3630
768	768	4095	3238	2490	3630
1024	768	4095	3778	2490	3630
1280	768	4095	4095	2490	3630
1536	768	4095	4095	2490	3630
1792	768	4095	4095	2490	3630
2048	768	4095	4095	2490	3630
2303	768	4095	4095	2490	3630
2559	768	4095	4095	2490	3630
2815	768	4095	4095	2490	3630
3071	768	4095	4095	2490	3630
3327	768	4095	4095	2490	3630
3583	768	4095	4095	2490	3630
3839	768	4095	4095	2490	3630
4095	768	4095	4095	2490	3630
0	1024	4095	483	2663	3686
256	1024	4095	1654	2663	3686
512	1024	4095	2286	2663	3686
768	1024	4095	2834	2663	3686
1024	1024	4095	3337	2663	3686
1280	1024	4095	3813	2663	3686
1536	1024	4095	4095	2663	3686
1792	1024	4095	4095	2663	3686
2048	1024	4095	4095	2663	3686
2303	1024	4095	4095	2663	3686
2559	1024	4095	4095	2663	3686
2815	1024	4095	4095	2663	3686
3071	1024	4095	4095	2663	3686
3327	1024	4095	4095	2663	3686
3583	1024	4095	4095	2663	3686
3839	1024	4095	4095	2663	3686
4095	1024	4095	4095	2663	3686
0	1280	4095	363	2820	3734
256	1280	4095	1411	2820	3734
512	1280	4095	1995	2820	3734
768	1280	4095	2505	2820	3734
1024	1280	4095	2977	2820	3734
1280	1280	4095	3425	2820	3734
1536	1280	4095	3855	2820	3734
1792	1280	4095	4095	2820	3734
2048	1280	4095	4095	2820	3734
2303	1280	4095	4095	2820	3734
2559	1280	4095	4095	2820	3734
2815	1280	4095	4095	2820	3734
3071	1280	4095	4095	2820	3734
3327	1280	4095	4095	2820	3734
3583	1280	4095	4095	2820	3734
3839	1280	4095	4095	2820	3734
4095	1280	4095	4095	2820	3734
0	1536	4095	272	2964	3778
256	1536	4095	1212	2964	3778
512	1536	4095	1753	2964	3778
768	1536	4095	2230	2964	3778
1024	1536	4095	2674	2964	3778
1280	1536	4095	3097	2964	3778
1536	1536	4095	3505	2964	3778
1792	1536	4095	3901	2964	3778
2048	1536	4095	4095	2964	3778
2303	1536	4095	4095	2964	3778
2559	1536	4095	4095	2964	3778
2815	1536	4095	4095	2964	3778
3071	1536	4095	4095	2964	3778
3327	1536	4095	4095	2964	3778
3583	1536	4095	4095	2964	3778
3839	1536	4095	4095	2964	3778
4095	1536	4095	4095	2964	3778
0	1792	4095	200	3099	3818
256	1792	4095	1044	3099	3818
512	1792	4095	1546	3099	3818
768	1792	4095	1994	3099	3818
1024	1792	4095	2413	3099	3818
1280	1792	4095	2813	3099	3818
1536	1792	4095	3201	3099	3818
1792	1792	4095	3578	3099	3818
2048	1792	4095	3948	3099	3818
2303	1792	4095	4095	3099	3818
2559	1792	4095	4095	3099	3818
2815	1792	4095	4095	3099	3818
3071	1792	4095	4095	3099	3818
3327	1792	4095	4095	3099	3818
3583	1792	4095	4095	3099	3818
3839	1792	4095	4095	3099	3818
4095	1792	4095	4095	3099	3818
0	2048	4095	145	3227	3856
256	2048	4095	901	3227	3856
512	2048	4095	1368	3227	3856
768	2048	4095	1788	3227	3856
1024	2048	4095	2184	3227	3856
1280	2048	4095	2564	3227	3856
1536	2048	4095	2933	3227	3856
1792	2048	4095	3293	3227	3856
2048	2048	4095	3647	3227	3856
2303	2048	4095	3993	3227	3856
2559	2048	4095	4095	3227	3856
2815	2048	4095	4095	3227	3856
3071	2048	4095	4095	3227	3856
3327	2048	4095	4095	3227	3856
3583	2048	4095	4095	3227	3856
3839	2048	4095	4095	3227	3856
4095	2048	4095	4095	3227	3856
0	2303	4095	102	3348	3890
256	2303	4095	778	3348	3890
512	2303	4095	1213	3348	3890
768	2303	4095	1608	3348	3890
1024	2303	4095	1982	3348	3890
1280	2303	4095	2343	3348	3890
1536	2303	4095	2695	3348	3890
1792	2303	4095	3040	3348	3890
2048	2303	4095	3378	3348	3890
2303	2303	4095	3711	3348	3890
2559	2303	4095	4042	3348	3890
2815	2303	4095	4095	3348	3890
3071	2303	4095	4095	3348	3890
3327	2303	4095	4095	3348	3890
3583	2303	4095	4095	3348	3890
3839	2303	4095	4095	3348	3890
4095	2303	4095	4095	3348	3890
0	2559	4095	69	3465	3924
256	2559	4095	671	3465	3924
512	2559	4095	1075	3465	3924
768	2559	4095	1447	3465	3924
1024	2559	4095	1801	3465	3924
1280	2559	4095	2145	3465	3924
1536	2559	4095	2480	3465	3924
1792	2559	4095	2810	3465	3924
2048	2559	4095	3135	3465	3924
2303	2559	4095	3455	3465	3924
2559	2559	4095	3773	3465	3924
2815	2559	4095	4088	3465	3924
3071	2559	4095	4095	3465	3924
3327	2559	4095	4095	3465	3924
3583	2559	4095	4095	3465	3924
3839	2559	4095	4095	3465	3924
4095	2559	4095	4095	3465	3924
0	2815	4095	44	3578	3955
256	2815	4095	577	3578	3955
512	2815	4095	953	3578	3955
768	2815	4095	1303	3578	3955
1024	2815	4095	1639	3578	3955
1280	2815	4095	1966	3578	3955
1536	2815	4095	2286	3578	3955
1792	2815	4095	2602	3578	3955
2048	2815	4095	2914	3578	3955
2303	2815	4095	3222	3578	3955
2559	2815	4095	3528	3578	3955
2815	2815	4095	3832	3578	3955
3071	2815	4095	4095	3578	3955
3327	2815	4095	4095	3578	3955
3583	2815	4095	4095	3578	3955
3839	2815	4095	4095	3578	3955
4095	2815	4095	4095	3578	3955
0	3071	4095	25	3687	3985
256	3071	4095	496	3687	3985
512	3071	4095	845	3687	3985
768	3071	4095	1173	3687	3985
1024	3071	4095	1492	3687	3985
1280	3071	4095	1803	3687	3985
1536	3071	4095	2109	3687	3985
1792	3071	4095	2412	3687	3985
2048	3071	4095	2712	3687	3985
2303	3071	4095	3008	3687	3985
2559	3071	4095	3303	3687	3985
2815	3071	4095	3596	3687	3985
3071	3071	4095	3888	3687	3985
3327	3071	4095	4095	3687	3985
3583	3071	4095	4095	3687	3985
3839	3071	4095	4095	3687	3985
4095	3071	4095	4095	3687	3985
0	3327	4095	13	3793	4014
256	3327	4095	424	3793	4014
512	3327	4095	748	3793	4014
768	3327	4095	1057	3793	4014
1024	3327	4095	1358	3793	4014
1280	3327	4095	1655	3793	4014
1536	3327	4095	1948	3793	4014
1792	3327	4095	2238	3793	4014
2048	3327	4095	2526	3793	4014
2303	3327	4095	2811	3793	4014
2559	3327	4095	3095	3793	4014
2815	3327	4095	3379	3793	4014
3071	3327	4095	3661	3793	4014
3327	3327	4095	3942	3793	4014
3583	3327	4095	4095	3793	4014
3839	3327	4095	4095	3793	4014
4095	3327	4095	4095	3793	4014
0	3583	4095	5	3896	4042
256	3583	4095	360	3896	4042
512	3583	4095	661	3896	4042
768	3583	4095	951	3896	4042
1024	3583	4095	1237	3896	4042
1280	3583	4095	1519	3896	4042
1536	3583	4095	1799	3896	4042
1792	3583	4095	2077	3896	4042
2048	3583	4095	2354	3896	4042
2303	3583	4095	2629	3896	4042
2559	3583	4095	2903	3896	4042
2815	3583	4095	3177	3896	4042
3071	3583	4095	3450	3896	4042
3327	3583	4095	3723	3896	4042
3583	3583	4095	3995	3896	4042
3839	3583	4095	4095	3896	4042
4095	3583	4095	4095	3896	4042
0	3839	4095	1	3997	4069
256	3839	4095	305	3997	4069
512	3839	4095	582	3997	4069
768	3839	4095	855	3997	4069
1024	3839	4095	1126	3997	4069
1280	3839	4095	1395	3997	4069
1536	3839	4095	1662	3997	4069
1792	3839	4095	1929	3997	4069
2048	3839	4095	2195	3997	4069
2303	3839	4095	2460	3997	4069
2559	3839	4095	2725	3997	4069
2815	3839	4095	2990	3997	4069
3071	3839	4095	3254	3997	4069
3327	3839	4095	3518	3997	4069
3583	3839	4095	3782	3997	4069
3839	3839	4095	4046	3997	4069
4095	3839	4095	4095	3997	4069
0	4095	4095	0	4095	4095
256	4095	4095	256	4095	4095
512	4095	4095	512	4095	4095
768	4095	4095	768	4095	4095
1024	4095	4095	1024	4095	4095
1280	4095	4095	1280	4095	4095
1536	4095	4095	1536	4095	4095
1792	4095	4095	1792	4095	4095
2048	4095	4095	2048	4095	4095
2303	4095	4095	2303	4095	4095
2559	4095	4095	2559	4095	4095
2815	4095	4095	2815	4095	4095
3071	4095	4095	3071	4095	4095
3327	4095	4095	3327	4095	4095
3583	4095	4095	3583	4095	4095
3839	4095	4095	3839	4095	4095
4095	4095	4095	4095	4095	4095
