0	0	0	0	0	0
256	0	0	8	8	8
512	0	0	17	17	17
768	0	0	25	25	25
1024	0	0	33	33	33
1280	0	0	41	41	41
1536	0	0	50	50	50
1792	0	0	58	58	58
2048	0	0	66	66	66
2303	0	0	74	74	74
2559	0	0	83	83	83
2815	0	0	91	91	91
3071	0	0	99	99	99
3327	0	0	107	107	107
3583	0	0	116	116	116
3839	0	0	124	124	124
4095	0	0	132	132	132
0	256	0	124	124	124
256	256	0	218	218	218
512	256	0	260	260	260
768	256	0	295	295	295
1024	256	0	325	325	325
1280	256	0	352	352	352
1536	256	0	378	378	378
1792	256	0	403	403	403
2048	256	0	426	426	426
2303	256	0	448	448	448
2559	256	0	470	470	470
2815	256	0	491	491	491
3071	256	0	511	511	511
3327	256	0	531	531	531
3583	256	0	551	551	551
3839	256	0	570	570	570
4095	256	0	589	589	589
0	512	0	249	249	249
256	512	0	380	380	380
512	512	0	436	436	436
768	512	0	482	482	482
1024	512	0	521	521	521
1280	512	0	556	556	556
1536	512	0	589	589	589
1792	512	0	620	620	620
2048	512	0	650	650	650
2303	512	0	678	678	678
2559	512	0	705	705	705
2815	512	0	731	731	731
3071	512	0	756	756	756
3327	512	0	781	781	781
3583	512	0	805	805	805
3839	512	0	829	829	829
4095	512	0	852	852	852
0	768	0	373	373	373
256	768	0	534	534	534
512	768	0	601	601	601
768	768	0	655	655	655
1024	768	0	701	701	701
1280	768	0	743	743	743
1536	768	0	781	781	781
1792	768	0	817	817	817
2048	768	0	851	851	851
2303	768	0	884	884	884
2559	768	0	915	915	915
2815	768	0	945	945	945
3071	768	0	974	974	974
3327	768	0	1003	1003	1003
3583	768	0	1030	1030	1030
3839	768	0	1057	1057	1057
4095	768	0	1084	1084	1084
0	1024	0	497	497	497
256	1024	0	683	683	683
512	1024	0	760	760	760
768	1024	0	821	821	821
1024	1024	0	873	873	873
1280	1024	0	920	920	920
1536	1024	0	963	963	963
1792	1024	0	1003	1003	1003
2048	1024	0	1042	1042	1042
2303	1024	0	1078	1078	1078
2559	1024	0	1113	1113	1113
2815	1024	0	1146	1146	1146
3071	1024	0	1179	1179	1179
3327	1024	0	1210	1210	1210
3583	1024	0	1240	1240	1240
3839	1024	0	1270	1270	1270
4095	1024	0	1299	1299	1299
0	1280	0	621	621	621
256	1280	0	829	829	829
512	1280	0	915	915	915
768	1280	0	982	982	982
1024	1280	0	1040	1040	1040
1280	1280	0	1091	1091	1091
1536	1280	0	1139	1139	1139
1792	1280	0	1183	1183	1183
2048	1280	0	1224	1224	1224
2303	1280	0	1264	1264	1264
2559	1280	0	1302	1302	1302
2815	1280	0	1338	1338	1338
3071	1280	0	1374	1374	1374
3327	1280	0	1408	1408	1408
3583	1280	0	1441	1441	1441
3839	1280	0	1473	1473	1473
4095	1280	0	1505	1505	1505
0	1536	0	746	746	746
256	1536	0	974	974	974
512	1536	0	1067	1067	1067
768	1536	0	1140	1140	1140
1024	1536	0	1202	1202	1202
1280	1536	0	1258	1258	1258
1536	1536	0	1309	1309	1309
1792	1536	0	1357	1357	1357
2048	1536	0	1402	1402	1402
2303	1536	0	1444	1444	1444
2559	1536	0	1485	1485	1485
2815	1536	0	1524	1524	1524
3071	1536	0	1562	1562	1562
3327	1536	0	1599	1599	1599
3583	1536	0	1634	1634	1634
3839	1536	0	1669	1669	1669
4095	1536	0	1703	1703	1703
0	1792	0	870	870	870
256	1792	0	1117	1117	1117
512	1792	0	1217	1217	1217
768	1792	0	1295	1295	1295
1024	1792	0	1362	1362	1362
1280	1792	0	1422	1422	1422
1536	1792	0	1477	1477	1477
1792	1792	0	1528	1528	1528
2048	1792	0	1575	1575	1575
2303	1792	0	1621	1621	1621
2559	1792	0	1664	1664	1664
2815	1792	0	1706	1706	1706
3071	1792	0	1746	1746	1746
3327	1792	0	1785	1785	1785
3583	1792	0	1823	1823	1823
3839	1792	0	1859	1859	1859
4095	1792	0	1895	1895	1895
0	2048	0	994	994	994
256	2048	0	1259	1259	1259
512	2048	0	1366	1366	1366
768	2048	0	1449	1449	1449
1024	2048	0	1520	1520	1520
1280	2048	0	1583	1583	1583
1536	2048	0	1641	1641	1641
1792	2048	0	1695	1695	1695
2048	2048	0	1746	1746	1746
2303	2048	0	1794	1794	1794
2559	2048	0	1840	1840	1840
2815	2048	0	1884	1884	1884
3071	2048	0	1926	1926	1926
3327	2048	0	1967	1967	1967
3583	2048	0	2007	2007	2007
3839	2048	0	2045	2045	2045
4095	2048	0	2083	2083	2083
0	2303	0	1118	1118	1118
256	2303	0	1399	1399	1399
512	2303	0	1512	1512	1512
768	2303	0	1600	1600	1600
1024	2303	0	1675	1675	1675
1280	2303	0	1742	1742	1742
1536	2303	0	1803	1803	1803
1792	2303	0	1860	1860	1860
2048	2303	0	1913	1913	1913
2303	2303	0	1963	1963	1963
2559	2303	0	2011	2011	2011
2815	2303	0	2058	2058	2058
3071	2303	0	2102	2102	2102
3327	2303	0	2145	2145	2145
3583	2303	0	2187	2187	2187
3839	2303	0	2227	2227	2227
4095	2303	0	2267	2267	2267
0	2559	0	1242	1242	1242
256	2559	0	1539	1539	1539
512	2559	0	1658	1658	1658
768	2559	0	1751	1751	1751
1024	2559	0	1829	1829	1829
1280	2559	0	1899	1899	1899
1536	2559	0	1963	1963	1963
1792	2559	0	2023	2023	2023
2048	2559	0	2078	2078	2078
2303	2559	0	2131	2131	2131
2559	2559	0	2181	2181	2181
2815	2559	0	2230	2230	2230
3071	2559	0	2276	2276	2276
3327	2559	0	2321	2321	2321
3583	2559	0	2365	2365	2365
3839	2559	0	2407	2407	2407
4095	2559	0	2448	2448	2448
0	2815	0	1367	1367	1367
256	2815	0	1679	1679	1679
512	2815	0	1803	1803	1803
768	2815	0	1900	1900	1900
1024	2815	0	1982	1982	1982
1280	2815	0	2055	2055	2055
1536	2815	0	2122	2122	2122
1792	2815	0	2184	2184	2184
2048	2815	0	2242	2242	2242
2303	2815	0	2297	2297	2297
2559	2815	0	2349	2349	2349
2815	2815	0	2400	2400	2400
3071	2815	0	2448	2448	2448
3327	2815	0	2495	2495	2495
3583	2815	0	2540	2540	2540
3839	2815	0	2584	2584	2584
4095	2815	0	2627	2627	2627
0	3071	0	1491	1491	1491
256	3071	0	1818	1818	1818
512	3071	0	1948	1948	1948
768	3071	0	2048	2048	2048
1024	3071	0	2134	2134	2134
1280	3071	0	2210	2210	2210
1536	3071	0	2279	2279	2279
1792	3071	0	2344	2344	2344
2048	3071	0	2404	2404	2404
2303	3071	0	2461	2461	2461
2559	3071	0	2515	2515	2515
2815	3071	0	2568	2568	2568
3071	3071	0	2618	2618	2618
3327	3071	0	2666	2666	2666
3583	3071	0	2713	2713	2713
3839	3071	0	2759	2759	2759
4095	3071	0	2803	2803	2803
0	3327	0	1615	1615	1615
256	3327	0	1956	1956	1956
512	3327	0	2091	2091	2091
768	3327	0	2196	2196	2196
1024	3327	0	2284	2284	2284
1280	3327	0	2363	2363	2363
1536	3327	0	2435	2435	2435
1792	3327	0	2502	2502	2502
2048	3327	0	2565	2565	2565
2303	3327	0	2624	2624	2624
2559	3327	0	2680	2680	2680
2815	3327	0	2734	2734	2734
3071	3327	0	2786	2786	2786
3327	3327	0	2836	2836	2836
3583	3327	0	2885	2885	2885
3839	3327	0	2932	2932	2932
4095	3327	0	2977	2977	2977
0	3583	0	1739	1739	1739
256	3583	0	2093	2093	2093
512	3583	0	2234	2234	2234
768	3583	0	2342	2342	2342
1024	3583	0	2434	2434	2434
1280	3583	0	2516	2516	2516
1536	3583	0	2590	2590	2590
1792	3583	0	2659	2659	2659
2048	3583	0	2724	2724	2724
2303	3583	0	2785	2785	2785
2559	3583	0	2843	2843	2843
2815	3583	0	2899	2899	2899
3071	3583	0	2953	2953	2953
3327	3583	0	3004	3004	3004
3583	3583	0	3054	3054	3054
3839	3583	0	3103	3103	3103
4095	3583	0	3150	3150	3150
0	3839	0	1864	1864	1864
256	3839	0	2231	2231	2231
512	3839	0	2376	2376	2376
768	3839	0	2488	2488	2488
1024	3839	0	2583	2583	2583
1280	3839	0	2667	2667	2667
1536	3839	0	2744	2744	2744
1792	3839	0	2815	2815	2815
2048	3839	0	2882	2882	2882
2303	3839	0	2945	2945	2945
2559	3839	0	3005	3005	3005
2815	3839	0	3062	3062	3062
3071	3839	0	3118	3118	3118
3327	3839	0	3171	3171	3171
3583	3839	0	3223	3223	3223
3839	3839	0	3273	3273	3273
4095	3839	0	3321	3321	3321
0	4095	0	1988	1988	1988
256	4095	0	2368	2368	2368
512	4095	0	2518	2518	2518
768	4095	0	2633	2633	2633
1024	4095	0	2731	2731	2731
1280	4095	0	2818	2818	2818
1536	4095	0	2897	2897	2897
1792	4095	0	2971	2971	2971
2048	4095	0	3039	3039	3039
2303	4095	0	3104	3104	3104
2559	4095	0	3166	3166	3166
2815	4095	0	3225	3225	3225
3071	4095	0	3282	3282	3282
3327	4095	0	3336	3336	3336
3583	4095	0	3389	3389	3389
3839	4095	0	3441	3441	3441
4095	4095	0	3491	3491	3491
0	0	256	1	1	1
256	0	256	16	16	16
512	0	256	27	27	27
768	0	256	37	37	37
1024	0	256	47	47	47
1280	0	256	57	57	57
1536	0	256	67	67	67
1792	0	256	77	77	77
2048	0	256	86	86	86
2303	0	256	96	96	96
2559	0	256	105	105	105
2815	0	256	115	115	115
3071	0	256	124	124	124
3327	0	256	133	133	133
3583	0	256	143	143	143
3839	0	256	152	152	152
4095	0	256	161	161	161
0	256	256	152	152	152
256	256	256	256	256	256
512	256	256	302	302	302
768	256	256	339	339	339
1024	256	256	371	371	371
1280	256	256	401	401	401
1536	256	256	429	429	429
1792	256	256	455	455	455
2048	256	256	480	480	480
2303	256	256	504	504	504
2559	256	256	527	527	527
2815	256	256	549	549	549
3071	256	256	571	571	571
3327	256	256	592	592	592
3583	256	256	613	613	613
3839	256	256	633	633	633
4095	256	256	653	653	653
0	512	256	289	289	289
256	512	256	431	431	431
512	512	256	491	491	491
768	512	256	539	539	539
1024	512	256	581	581	581
1280	512	256	618	618	618
1536	512	256	653	653	653
1792	512	256	686	686	686
2048	512	256	717	717	717
2303	512	256	747	747	747
2559	512	256	775	775	775
2815	512	256	803	803	803
3071	512	256	829	829	829
3327	512	256	855	855	855
3583	512	256	881	881	881
3839	512	256	905	905	905
4095	512	256	930	930	930
0	768	256	423	423	423
256	768	256	594	594	594
512	768	256	666	666	666
768	768	256	722	722	722
1024	768	256	771	771	771
1280	768	256	815	815	815
1536	768	256	855	855	855
1792	768	256	893	893	893
2048	768	256	929	929	929
2303	768	256	963	963	963
2559	768	256	996	996	996
2815	768	256	1028	1028	1028
3071	768	256	1058	1058	1058
3327	768	256	1088	1088	1088
3583	768	256	1117	1117	1117
3839	768	256	1145	1145	1145
4095	768	256	1172	1172	1172
0	1024	256	555	555	555
256	1024	256	752	752	752
512	1024	256	833	833	833
768	1024	256	897	897	897
1024	1024	256	952	952	952
1280	1024	256	1001	1001	1001
1536	1024	256	1046	1046	1046
1792	1024	256	1088	1088	1088
2048	1024	256	1128	1128	1128
2303	1024	256	1166	1166	1166
2559	1024	256	1202	1202	1202
2815	1024	256	1237	1237	1237
3071	1024	256	1271	1271	1271
3327	1024	256	1304	1304	1304
3583	1024	256	1336	1336	1336
3839	1024	256	1367	1367	1367
4095	1024	256	1397	1397	1397
0	1280	256	687	687	687
256	1280	256	906	906	906
512	1280	256	996	996	996
768	1280	256	1066	1066	1066
1024	1280	256	1126	1126	1126
1280	1280	256	1180	1180	1180
1536	1280	256	1229	1229	1229
1792	1280	256	1275	1275	1275
2048	1280	256	1319	1319	1319
2303	1280	256	1360	1360	1360
2559	1280	256	1399	1399	1399
2815	1280	256	1437	1437	1437
3071	1280	256	1474	1474	1474
3327	1280	256	1510	1510	1510
3583	1280	256	1544	1544	1544
3839	1280	256	1578	1578	1578
4095	1280	256	1610	1610	1610
0	1536	256	818	818	818
256	1536	256	1058	1058	1058
512	1536	256	1155	1155	1155
768	1536	256	1231	1231	1231
1024	1536	256	1296	1296	1296
1280	1536	256	1354	1354	1354
1536	1536	256	1407	1407	1407
1792	1536	256	1457	1457	1457
2048	1536	256	1504	1504	1504
2303	1536	256	1548	1548	1548
2559	1536	256	1590	1590	1590
2815	1536	256	1631	1631	1631
3071	1536	256	1670	1670	1670
3327	1536	256	1708	1708	1708
3583	1536	256	1745	1745	1745
3839	1536	256	1781	1781	1781
4095	1536	256	1815	1815	1815
0	1792	256	949	949	949
256	1792	256	1207	1207	1207
512	1792	256	1312	1312	1312
768	1792	256	1393	1393	1393
1024	1792	256	1462	1462	1462
1280	1792	256	1524	1524	1524
1536	1792	256	1581	1581	1581
1792	1792	256	1634	1634	1634
2048	1792	256	1684	1684	1684
2303	1792	256	1731	1731	1731
2559	1792	256	1776	1776	1776
2815	1792	256	1819	1819	1819
3071	1792	256	1860	1860	1860
3327	1792	256	1901	1901	1901
3583	1792	256	1940	1940	1940
3839	1792	256	1978	1978	1978
4095	1792	256	2015	2015	2015
0	2048	256	1079	1079	1079
256	2048	256	1355	1355	1355
512	2048	256	1466	1466	1466
768	2048	256	1552	1552	1552
1024	2048	256	1626	1626	1626
1280	2048	256	1692	1692	1692
1536	2048	256	1752	1752	1752
1792	2048	256	1808	1808	1808
2048	2048	256	1860	1860	1860
2303	2048	256	1910	1910	1910
2559	2048	256	1957	1957	1957
2815	2048	256	2003	2003	2003
3071	2048	256	2046	2046	2046
3327	2048	256	2089	2089	2089
3583	2048	256	2130	2130	2130
3839	2048	256	2170	2170	2170
4095	2048	256	2209	2209	2209
0	2303	256	1208	1208	1208
256	2303	256	1501	1501	1501
512	2303	256	1618	1618	1618
768	2303	256	1709	1709	1709
1024	2303	256	1787	1787	1787
1280	2303	256	1856	1856	1856
1536	2303	256	1919	1919	1919
1792	2303	256	1978	1978	1978
2048	2303	256	2033	2033	2033
2303	2303	256	2085	2085	2085
2559	2303	256	2135	2135	2135
2815	2303	256	2182	2182	2182
3071	2303	256	2228	2228	2228
3327	2303	256	2273	2273	2273
3583	2303	256	2316	2316	2316
3839	2303	256	2358	2358	2358
4095	2303	256	2398	2398	2398
0	2559	256	1337	1337	1337
256	2559	256	1646	1646	1646
512	2559	256	1770	1770	1770
768	2559	256	1865	1865	1865
1024	2559	256	1947	1947	1947
1280	2559	256	2019	2019	2019
1536	2559	256	2085	2085	2085
1792	2559	256	2146	2146	2146
2048	2559	256	2204	2204	2204
2303	2559	256	2258	2258	2258
2559	2559	256	2310	2310	2310
2815	2559	256	2360	2360	2360
3071	2559	256	2408	2408	2408
3327	2559	256	2454	2454	2454
3583	2559	256	2499	2499	2499
3839	2559	256	2543	2543	2543
4095	2559	256	2585	2585	2585
0	2815	256	1467	1467	1467
256	2815	256	1791	1791	1791
512	2815	256	1920	1920	1920
768	2815	256	2020	2020	2020
1024	2815	256	2105	2105	2105
1280	2815	256	2180	2180	2180
1536	2815	256	2249	2249	2249
1792	2815	256	2313	2313	2313
2048	2815	256	2373	2373	2373
2303	2815	256	2429	2429	2429
2559	2815	256	2483	2483	2483
2815	2815	256	2535	2535	2535
3071	2815	256	2585	2585	2585
3327	2815	256	2633	2633	2633
3583	2815	256	2680	2680	2680
3839	2815	256	2725	2725	2725
4095	2815	256	2769	2769	2769
0	3071	256	1596	1596	1596
256	3071	256	1934	1934	1934
512	3071	256	2069	2069	2069
768	3071	256	2173	2173	2173
1024	3071	256	2261	2261	2261
1280	3071	256	2340	2340	2340
1536	3071	256	2411	2411	2411
1792	3071	256	2478	2478	2478
2048	3071	256	2540	2540	2540
2303	3071	256	2599	2599	2599
2559	3071	256	2655	2655	2655
2815	3071	256	2708	2708	2708
3071	3071	256	2760	2760	2760
3327	3071	256	2810	2810	2810
3583	3071	256	2858	2858	2858
3839	3071	256	2905	2905	2905
4095	3071	256	2951	2951	2951
0	3327	256	1725	1725	1725
256	3327	256	2077	2077	2077
512	3327	256	2217	2217	2217
768	3327	256	2325	2325	2325
1024	3327	256	2417	2417	2417
1280	3327	256	2498	2498	2498
1536	3327	256	2572	2572	2572
1792	3327	256	2641	2641	2641
2048	3327	256	2705	2705	2705
2303	3327	256	2766	2766	2766
2559	3327	256	2824	2824	2824
2815	3327	256	2880	2880	2880
3071	3327	256	2933	2933	2933
3327	3327	256	2985	2985	2985
3583	3327	256	3034	3034	3034
3839	3327	256	3083	3083	3083
4095	3327	256	3130	3130	3130
0	3583	256	1853	1853	1853
256	3583	256	2220	2220	2220
512	3583	256	2364	2364	2364
768	3583	256	2476	2476	2476
1024	3583	256	2571	2571	2571
1280	3583	256	2655	2655	2655
1536	3583	256	2732	2732	2732
1792	3583	256	2803	2803	2803
2048	3583	256	2869	2869	2869
2303	3583	256	2932	2932	2932
2559	3583	256	2992	2992	2992
2815	3583	256	3049	3049	3049
3071	3583	256	3104	3104	3104
3327	3583	256	3157	3157	3157
3583	3583	256	3209	3209	3209
3839	3583	256	3259	3259	3259
4095	3583	256	3307	3307	3307
0	3839	256	1982	1982	1982
256	3839	256	2361	2361	2361
512	3839	256	2511	2511	2511
768	3839	256	2626	2626	2626
1024	3839	256	2724	2724	2724
1280	3839	256	2811	2811	2811
1536	3839	256	2890	2890	2890
1792	3839	256	2963	2963	2963
2048	3839	256	3032	3032	3032
2303	3839	256	3096	3096	3096
2559	3839	256	3158	3158	3158
2815	3839	256	3217	3217	3217
3071	3839	256	3274	3274	3274
3327	3839	256	3329	3329	3329
3583	3839	256	3382	3382	3382
3839	3839	256	3433	3433	3433
4095	3839	256	3483	3483	3483
0	4095	256	2110	2110	2110
256	4095	256	2502	2502	2502
512	4095	256	2657	2657	2657
768	4095	256	2776	2776	2776
1024	4095	256	2877	2877	2877
1280	4095	256	2966	2966	2966
1536	4095	256	3047	3047	3047
1792	4095	256	3123	3123	3123
2048	4095	256	3193	3193	3193
2303	4095	256	3260	3260	3260
2559	4095	256	3323	3323	3323
2815	4095	256	3384	3384	3384
3071	4095	256	3442	3442	3442
3327	4095	256	3498	3498	3498
3583	4095	256	3553	3553	3553
3839	4095	256	3606	3606	3606
4095	4095	256	3657	3657	3657
0	0	512	1	1	1
256	0	512	19	19	19
512	0	512	31	31	31
768	0	512	42	42	42
1024	0	512	53	53	53
1280	0	512	64	64	64
1536	0	512	74	74	74
1792	0	512	85	85	85
2048	0	512	95	95	95
2303	0	512	105	105	105
2559	0	512	115	115	115
2815	0	512	124	124	124
3071	0	512	134	134	134
3327	0	512	144	144	144
3583	0	512	154	154	154
3839	0	512	163	163	163
4095	0	512	173	173	173
0	256	512	164	164	164
256	256	512	271	271	271
512	256	512	318	318	318
768	256	512	356	356	356
1024	256	512	390	390	390
1280	256	512	420	420	420
1536	256	512	448	448	448
1792	256	512	475	475	475
2048	256	512	501	501	501
2303	256	512	525	525	525
2559	256	512	548	548	548
2815	256	512	571	571	571
3071	256	512	594	594	594
3327	256	512	615	615	615
3583	256	512	636	636	636
3839	256	512	657	657	657
4095	256	512	677	677	677
0	512	512	305	305	305
256	512	512	450	450	450
512	512	512	512	512	512
768	512	512	561	561	561
1024	512	512	604	604	604
1280	512	512	642	642	642
1536	512	512	678	678	678
1792	512	512	711	711	711
2048	512	512	743	743	743
2303	512	512	773	773	773
2559	512	512	802	802	802
2815	512	512	830	830	830
3071	512	512	857	857	857
3327	512	512	884	884	884
3583	512	512	910	910	910
3839	512	512	935	935	935
4095	512	512	959	959	959
0	768	512	442	442	442
256	768	512	618	618	618
512	768	512	691	691	691
768	768	512	748	748	748
1024	768	512	798	798	798
1280	768	512	843	843	843
1536	768	512	884	884	884
1792	768	512	922	922	922
2048	768	512	959	959	959
2303	768	512	994	994	994
2559	768	512	1027	1027	1027
2815	768	512	1059	1059	1059
3071	768	512	1090	1090	1090
3327	768	512	1120	1120	1120
3583	768	512	1149	1149	1149
3839	768	512	1178	1178	1178
4095	768	512	1206	1206	1206
0	1024	512	578	578	578
256	1024	512	779	779	779
512	1024	512	861	861	861
768	1024	512	926	926	926
1024	1024	512	982	982	982
1280	1024	512	1032	1032	1032
1536	1024	512	1078	1078	1078
1792	1024	512	1121	1121	1121
2048	1024	512	1161	1161	1161
2303	1024	512	1200	1200	1200
2559	1024	512	1237	1237	1237
2815	1024	512	1272	1272	1272
3071	1024	512	1306	1306	1306
3327	1024	512	1340	1340	1340
3583	1024	512	1372	1372	1372
3839	1024	512	1403	1403	1403
4095	1024	512	1434	1434	1434
0	1280	512	712	712	712
256	1280	512	936	936	936
512	1280	512	1027	1027	1027
768	1280	512	1098	1098	1098
1024	1280	512	1159	1159	1159
1280	1280	512	1214	1214	1214
1536	1280	512	1264	1264	1264
1792	1280	512	1311	1311	1311
2048	1280	512	1355	1355	1355
2303	1280	512	1397	1397	1397
2559	1280	512	1437	1437	1437
2815	1280	512	1475	1475	1475
3071	1280	512	1512	1512	1512
3327	1280	512	1548	1548	1548
3583	1280	512	1583	1583	1583
3839	1280	512	1617	1617	1617
4095	1280	512	1650	1650	1650
0	1536	512	846	846	846
256	1536	512	1090	1090	1090
512	1536	512	1188	1188	1188
768	1536	512	1266	1266	1266
1024	1536	512	1332	1332	1332
1280	1536	512	1391	1391	1391
1536	1536	512	1445	1445	1445
1792	1536	512	1495	1495	1495
2048	1536	512	1542	1542	1542
2303	1536	512	1587	1587	1587
2559	1536	512	1630	1630	1630
2815	1536	512	1671	1671	1671
3071	1536	512	1711	1711	1711
3327	1536	512	1749	1749	1749
3583	1536	512	1787	1787	1787
3839	1536	512	1823	1823	1823
4095	1536	512	1858	1858	1858
0	1792	512	979	979	979
256	1792	512	1241	1241	1241
512	1792	512	1347	1347	1347
768	1792	512	1430	1430	1430
1024	1792	512	1500	1500	1500
1280	1792	512	1563	1563	1563
1536	1792	512	1621	1621	1621
1792	1792	512	1674	1674	1674
2048	1792	512	1725	1725	1725
2303	1792	512	1772	1772	1772
2559	1792	512	1818	1818	1818
2815	1792	512	1862	1862	1862
3071	1792	512	1904	1904	1904
3327	1792	512	1944	1944	1944
3583	1792	512	1984	1984	1984
3839	1792	512	2022	2022	2022
4095	1792	512	2060	2060	2060
0	2048	512	1111	1111	1111
256	2048	512	1391	1391	1391
512	2048	512	1504	1504	1504
768	2048	512	1592	1592	1592
1024	2048	512	1666	1666	1666
1280	2048	512	1733	1733	1733
1536	2048	512	1794	1794	1794
1792	2048	512	1850	1850	1850
2048	2048	512	1903	1903	1903
2303	2048	512	1954	1954	1954
2559	2048	512	2002	2002	2002
2815	2048	512	2048	2048	2048
3071	2048	512	2092	2092	2092
3327	2048	512	2135	2135	2135
3583	2048	512	2177	2177	2177
3839	2048	512	2217	2217	2217
4095	2048	512	2256	2256	2256
0	2303	512	1242	1242	1242
256	2303	512	1539	1539	1539
512	2303	512	1658	1658	1658
768	2303	512	1751	1751	1751
1024	2303	512	1829	1829	1829
1280	2303	512	1899	1899	1899
1536	2303	512	1963	1963	1963
1792	2303	512	2023	2023	2023
2048	2303	512	2078	2078	2078
2303	2303	512	2131	2131	2131
2559	2303	512	2181	2181	2181
2815	2303	512	2230	2230	2230
3071	2303	512	2276	2276	2276
3327	2303	512	2321	2321	2321
3583	2303	512	2365	2365	2365
3839	2303	512	2407	2407	2407
4095	2303	512	2448	2448	2448
0	2559	512	1374	1374	1374
256	2559	512	1687	1687	1687
512	2559	512	1812	1812	1812
768	2559	512	1909	1909	1909
1024	2559	512	1991	1991	1991
1280	2559	512	2064	2064	2064
1536	2559	512	2131	2131	2131
1792	2559	512	2193	2193	2193
2048	2559	512	2251	2251	2251
2303	2559	512	2306	2306	2306
2559	2559	512	2359	2359	2359
2815	2559	512	2409	2409	2409
3071	2559	512	2458	2458	2458
3327	2559	512	2505	2505	2505
3583	2559	512	2550	2550	2550
3839	2559	512	2594	2594	2594
4095	2559	512	2637	2637	2637
0	2815	512	1505	1505	1505
256	2815	512	1833	1833	1833
512	2815	512	1964	1964	1964
768	2815	512	2065	2065	2065
1024	2815	512	2151	2151	2151
1280	2815	512	2227	2227	2227
1536	2815	512	2297	2297	2297
1792	2815	512	2362	2362	2362
2048	2815	512	2422	2422	2422
2303	2815	512	2479	2479	2479
2559	2815	512	2534	2534	2534
2815	2815	512	2587	2587	2587
3071	2815	512	2637	2637	2637
3327	2815	512	2686	2686	2686
3583	2815	512	2733	2733	2733
3839	2815	512	2778	2778	2778
4095	2815	512	2823	2823	2823
0	3071	512	1636	1636	1636
256	3071	512	1979	1979	1979
512	3071	512	2115	2115	2115
768	3071	512	2220	2220	2220
1024	3071	512	2309	2309	2309
1280	3071	512	2389	2389	2389
1536	3071	512	2461	2461	2461
1792	3071	512	2528	2528	2528
2048	3071	512	2591	2591	2591
2303	3071	512	2650	2650	2650
2559	3071	512	2707	2707	2707
2815	3071	512	2761	2761	2761
3071	3071	512	2814	2814	2814
3327	3071	512	2864	2864	2864
3583	3071	512	2913	2913	2913
3839	3071	512	2960	2960	2960
4095	3071	512	3006	3006	3006
0	3327	512	1766	1766	1766
256	3327	512	2123	2123	2123
512	3327	512	2265	2265	2265
768	3327	512	2374	2374	2374
1024	3327	512	2466	2466	2466
1280	3327	512	2549	2549	2549
1536	3327	512	2624	2624	2624
1792	3327	512	2693	2693	2693
2048	3327	512	2758	2758	2758
2303	3327	512	2820	2820	2820
2559	3327	512	2878	2878	2878
2815	3327	512	2935	2935	2935
3071	3327	512	2988	2988	2988
3327	3327	512	3041	3041	3041
3583	3327	512	3091	3091	3091
3839	3327	512	3140	3140	3140
4095	3327	512	3187	3187	3187
0	3583	512	1897	1897	1897
256	3583	512	2267	2267	2267
512	3583	512	2414	2414	2414
768	3583	512	2527	2527	2527
1024	3583	512	2622	2622	2622
1280	3583	512	2708	2708	2708
1536	3583	512	2785	2785	2785
1792	3583	512	2857	2857	2857
2048	3583	512	2924	2924	2924
2303	3583	512	2987	2987	2987
2559	3583	512	3048	3048	3048
2815	3583	512	3106	3106	3106
3071	3583	512	3161	3161	3161
3327	3583	512	3215	3215	3215
3583	3583	512	3267	3267	3267
3839	3583	512	3317	3317	3317
4095	3583	512	3366	3366	3366
0	3839	512	2027	2027	2027
256	3839	512	2411	2411	2411
512	3839	512	2562	2562	2562
768	3839	512	2679	2679	2679
1024	3839	512	2777	2777	2777
1280	3839	512	2865	2865	2865
1536	3839	512	2945	2945	2945
1792	3839	512	3019	3019	3019
2048	3839	512	3088	3088	3088
2303	3839	512	3154	3154	3154
2559	3839	512	3216	3216	3216
2815	3839	512	3276	3276	3276
3071	3839	512	3333	3333	3333
3327	3839	512	3388	3388	3388
3583	3839	512	3441	3441	3441
3839	3839	512	3493	3493	3493
4095	3839	512	3544	3544	3544
0	4095	512	2157	2157	2157
256	4095	512	2553	2553	2553
512	4095	512	2709	2709	2709
768	4095	512	2830	2830	2830
1024	4095	512	2932	2932	2932
1280	4095	512	3022	3022	3022
1536	4095	512	3104	3104	3104
1792	4095	512	3180	3180	3180
2048	4095	512	3251	3251	3251
2303	4095	512	3319	3319	3319
2559	4095	512	3383	3383	3383
2815	4095	512	3444	3444	3444
3071	4095	512	3503	3503	3503
3327	4095	512	3560	3560	3560
3583	4095	512	3614	3614	3614
3839	4095	512	3668	3668	3668
4095	4095	512	3719	3719	3719
0	0	768	2	2	2
256	0	768	22	22	22
512	0	768	35	35	35
768	0	768	47	47	47
1024	0	768	58	58	58
1280	0	768	69	69	69
1536	0	768	80	80	80
1792	0	768	91	91	91
2048	0	768	101	101	101
2303	0	768	111	111	111
2559	0	768	122	122	122
2815	0	768	132	132	132
3071	0	768	142	142	142
3327	0	768	152	152	152
3583	0	768	162	162	162
3839	0	768	172	172	172
4095	0	768	182	182	182
0	256	768	172	172	172
256	256	768	282	282	282
512	256	768	330	330	330
768	256	768	369	369	369
1024	256	768	403	403	403
1280	256	768	434	434	434
1536	256	768	463	463	463
1792	256	768	491	491	491
2048	256	768	516	516	516
2303	256	768	541	541	541
2559	256	768	565	565	565
2815	256	768	588	588	588
3071	256	768	611	611	611
3327	256	768	633	633	633
3583	256	768	655	655	655
3839	256	768	676	676	676
4095	256	768	696	696	696
0	512	768	317	317	317
256	512	768	465	465	465
512	512	768	528	528	528
768	512	768	578	578	578
1024	512	768	621	621	621
1280	512	768	660	660	660
1536	512	768	697	697	697
1792	512	768	730	730	730
2048	512	768	763	763	763
2303	512	768	793	793	793
2559	512	768	823	823	823
2815	512	768	851	851	851
3071	512	768	879	879	879
3327	512	768	905	905	905
3583	512	768	932	932	932
3839	512	768	957	957	957
4095	512	768	982	982	982
0	768	768	457	457	457
256	768	768	635	635	635
512	768	768	710	710	710
768	768	768	768	768	768
1024	768	768	818	818	818
1280	768	768	864	864	864
1536	768	768	906	906	906
1792	768	768	945	945	945
2048	768	768	982	982	982
2303	768	768	1017	1017	1017
2559	768	768	1050	1050	1050
2815	768	768	1083	1083	1083
3071	768	768	1114	1114	1114
3327	768	768	1145	1145	1145
3583	768	768	1174	1174	1174
3839	768	768	1203	1203	1203
4095	768	768	1231	1231	1231
0	1024	768	595	595	595
256	1024	768	799	799	799
512	1024	768	883	883	883
768	1024	768	948	948	948
1024	1024	768	1005	1005	1005
1280	1024	768	1055	1055	1055
1536	1024	768	1102	1102	1102
1792	1024	768	1145	1145	1145
2048	1024	768	1186	1186	1186
2303	1024	768	1225	1225	1225
2559	1024	768	1263	1263	1263
2815	1024	768	1298	1298	1298
3071	1024	768	1333	1333	1333
3327	1024	768	1367	1367	1367
3583	1024	768	1399	1399	1399
3839	1024	768	1431	1431	1431
4095	1024	768	1462	1462	1462
0	1280	768	732	732	732
256	1280	768	958	958	958
512	1280	768	1050	1050	1050
768	1280	768	1122	1122	1122
1024	1280	768	1184	1184	1184
1280	1280	768	1240	1240	1240
1536	1280	768	1290	1290	1290
1792	1280	768	1338	1338	1338
2048	1280	768	1382	1382	1382
2303	1280	768	1424	1424	1424
2559	1280	768	1465	1465	1465
2815	1280	768	1504	1504	1504
3071	1280	768	1541	1541	1541
3327	1280	768	1578	1578	1578
3583	1280	768	1613	1613	1613
3839	1280	768	1647	1647	1647
4095	1280	768	1681	1681	1681
0	1536	768	867	867	867
256	1536	768	1114	1114	1114
512	1536	768	1214	1214	1214
768	1536	768	1292	1292	1292
1024	1536	768	1359	1359	1359
1280	1536	768	1418	1418	1418
1536	1536	768	1473	1473	1473
1792	1536	768	1524	1524	1524
2048	1536	768	1571	1571	1571
2303	1536	768	1617	1617	1617
2559	1536	768	1660	1660	1660
2815	1536	768	1702	1702	1702
3071	1536	768	1742	1742	1742
3327	1536	768	1781	1781	1781
3583	1536	768	1818	1818	1818
3839	1536	768	1855	1855	1855
4095	1536	768	1891	1891	1891
0	1792	768	1002	1002	1002
256	1792	768	1267	1267	1267
512	1792	768	1375	1375	1375
768	1792	768	1458	1458	1458
1024	1792	768	1529	1529	1529
1280	1792	768	1593	1593	1593
1536	1792	768	1651	1651	1651
1792	1792	768	1705	1705	1705
2048	1792	768	1756	1756	1756
2303	1792	768	1804	1804	1804
2559	1792	768	1850	1850	1850
2815	1792	768	1894	1894	1894
3071	1792	768	1937	1937	1937
3327	1792	768	1978	1978	1978
3583	1792	768	2018	2018	2018
3839	1792	768	2056	2056	2056
4095	1792	768	2094	2094	2094
0	2048	768	1135	1135	1135
256	2048	768	1419	1419	1419
512	2048	768	1533	1533	1533
768	2048	768	1621	1621	1621
1024	2048	768	1697	1697	1697
1280	2048	768	1764	1764	1764
1536	2048	768	1826	1826	1826
1792	2048	768	1883	1883	1883
2048	2048	768	1936	1936	1936
2303	2048	768	1987	1987	1987
2559	2048	768	2035	2035	2035
2815	2048	768	2082	2082	2082
3071	2048	768	2127	2127	2127
3327	2048	768	2170	2170	2170
3583	2048	768	2212	2212	2212
3839	2048	768	2253	2253	2253
4095	2048	768	2292	2292	2292
0	2303	768	1268	1268	1268
256	2303	768	1569	1569	1569
512	2303	768	1689	1689	1689
768	2303	768	1782	1782	1782
1024	2303	768	1861	1861	1861
1280	2303	768	1932	1932	1932
1536	2303	768	1997	1997	1997
1792	2303	768	2057	2057	2057
2048	2303	768	2113	2113	2113
2303	2303	768	2166	2166	2166
2559	2303	768	2217	2217	2217
2815	2303	768	2265	2265	2265
3071	2303	768	2312	2312	2312
3327	2303	768	2358	2358	2358
3583	2303	768	2401	2401	2401
3839	2303	768	2444	2444	2444
4095	2303	768	2486	2486	2486
0	2559	768	1401	1401	1401
256	2559	768	1718	1718	1718
512	2559	768	1844	1844	1844
768	2559	768	1941	1941	1941
1024	2559	768	2025	2025	2025
1280	2559	768	2099	2099	2099
1536	2559	768	2166	2166	2166
1792	2559	768	2229	2229	2229
2048	2559	768	2287	2287	2287
2303	2559	768	2343	2343	2343
2559	2559	768	2396	2396	2396
2815	2559	768	2447	2447	2447
3071	2559	768	2496	2496	2496
3327	2559	768	2543	2543	2543
3583	2559	768	2588	2588	2588
3839	2559	768	2633	2633	2633
4095	2559	768	2676	2676	2676
0	2815	768	1534	1534	1534
256	2815	768	1865	1865	1865
512	2815	768	1997	1997	1997
768	2815	768	2099	2099	2099
1024	2815	768	2186	2186	2186
1280	2815	768	2263	2263	2263
1536	2815	768	2333	2333	2333
1792	2815	768	2399	2399	2399
2048	2815	768	2460	2460	2460
2303	2815	768	2517	2517	2517
2559	2815	768	2573	2573	2573
2815	2815	768	2625	2625	2625
3071	2815	768	2676	2676	2676
3327	2815	768	2725	2725	2725
3583	2815	768	2773	2773	2773
3839	2815	768	2819	2819	2819
4095	2815	768	2863	2863	2863
0	3071	768	1666	1666	1666
256	3071	768	2012	2012	2012
512	3071	768	2150	2150	2150
768	3071	768	2256	2256	2256
1024	3071	768	2346	2346	2346
1280	3071	768	2426	2426	2426
1536	3071	768	2499	2499	2499
1792	3071	768	2567	2567	2567
2048	3071	768	2630	2630	2630
2303	3071	768	2690	2690	2690
2559	3071	768	2747	2747	2747
2815	3071	768	2802	2802	2802
3071	3071	768	2854	2854	2854
3327	3071	768	2905	2905	2905
3583	3071	768	2954	2954	2954
3839	3071	768	3002	3002	3002
4095	3071	768	3048	3048	3048
0	3327	768	1798	1798	1798
256	3327	768	2158	2158	2158
512	3327	768	2301	2301	2301
768	3327	768	2411	2411	2411
1024	3327	768	2504	2504	2504
1280	3327	768	2587	2587	2587
1536	3327	768	2663	2663	2663
1792	3327	768	2733	2733	2733
2048	3327	768	2799	2799	2799
2303	3327	768	2860	2860	2860
2559	3327	768	2919	2919	2919
2815	3327	768	2976	2976	2976
3071	3327	768	3030	3030	3030
3327	3327	768	3083	3083	3083
3583	3327	768	3134	3134	3134
3839	3327	768	3183	3183	3183
4095	3327	768	3231	3231	3231
0	3583	768	1929	1929	1929
256	3583	768	2303	2303	2303
512	3583	768	2451	2451	2451
768	3583	768	2565	2565	2565
1024	3583	768	2662	2662	2662
1280	3583	768	2747	2747	2747
1536	3583	768	2825	2825	2825
1792	3583	768	2898	2898	2898
2048	3583	768	2966	2966	2966
2303	3583	768	3029	3029	3029
2559	3583	768	3090	3090	3090
2815	3583	768	3149	3149	3149
3071	3583	768	3205	3205	3205
3327	3583	768	3259	3259	3259
3583	3583	768	3311	3311	3311
3839	3583	768	3362	3362	3362
4095	3583	768	3411	3411	3411
0	3839	768	2061	2061	2061
256	3839	768	2448	2448	2448
512	3839	768	2600	2600	2600
768	3839	768	2718	2718	2718
1024	3839	768	2818	2818	2818
1280	3839	768	2906	2906	2906
1536	3839	768	2987	2987	2987
1792	3839	768	3061	3061	3061
2048	3839	768	3131	3131	3131
2303	3839	768	3197	3197	3197
2559	3839	768	3260	3260	3260
2815	3839	768	3320	3320	3320
3071	3839	768	3377	3377	3377
3327	3839	768	3433	3433	3433
3583	3839	768	3487	3487	3487
3839	3839	768	3539	3539	3539
4095	3839	768	3590	3590	3590
0	4095	768	2192	2192	2192
256	4095	768	2592	2592	2592
512	4095	768	2749	2749	2749
768	4095	768	2870	2870	2870
1024	4095	768	2973	2973	2973
1280	4095	768	3064	3064	3064
1536	4095	768	3147	3147	3147
1792	4095	768	3224	3224	3224
2048	4095	768	3295	3295	3295
2303	4095	768	3363	3363	3363
2559	4095	768	3427	3427	3427
2815	4095	768	3489	3489	3489
3071	4095	768	3548	3548	3548
3327	4095	768	3606	3606	3606
3583	4095	768	3661	3661	3661
3839	4095	768	3714	3714	3714
4095	4095	768	3767	3767	3767
0	0	1024	3	3	3
256	0	1024	24	24	24
512	0	1024	38	38	38
768	0	1024	50	50	50
1024	0	1024	62	62	62
1280	0	1024	74	74	74
1536	0	1024	85	85	85
1792	0	1024	96	96	96
2048	0	1024	107	107	107
2303	0	1024	117	117	117
2559	0	1024	128	128	128
2815	0	1024	138	138	138
3071	0	1024	149	149	149
3327	0	1024	159	159	159
3583	0	1024	169	169	169
3839	0	1024	179	179	179
4095	0	1024	189	189	189
0	256	1024	180	180	180
256	256	1024	292	292	292
512	256	1024	341	341	341
768	256	1024	381	381	381
1024	256	1024	415	415	415
1280	256	1024	447	447	447
1536	256	1024	476	476	476
1792	256	1024	504	504	504
2048	256	1024	530	530	530
2303	256	1024	555	555	555
2559	256	1024	579	579	579
2815	256	1024	603	603	603
3071	256	1024	626	626	626
3327	256	1024	648	648	648
3583	256	1024	670	670	670
3839	256	1024	691	691	691
4095	256	1024	712	712	712
0	512	1024	327	327	327
256	512	1024	478	478	478
512	512	1024	542	542	542
768	512	1024	592	592	592
1024	512	1024	636	636	636
1280	512	1024	676	676	676
1536	512	1024	712	712	712
1792	512	1024	747	747	747
2048	512	1024	779	779	779
2303	512	1024	810	810	810
2559	512	1024	840	840	840
2815	512	1024	869	869	869
3071	512	1024	897	897	897
3327	512	1024	924	924	924
3583	512	1024	950	950	950
3839	512	1024	976	976	976
4095	512	1024	1001	1001	1001
0	768	1024	470	470	470
256	768	1024	650	650	650
512	768	1024	725	725	725
768	768	1024	785	785	785
1024	768	1024	836	836	836
1280	768	1024	882	882	882
1536	768	1024	924	924	924
1792	768	1024	963	963	963
2048	768	1024	1001	1001	1001
2303	768	1024	1036	1036	1036
2559	768	1024	1070	1070	1070
2815	768	1024	1103	1103	1103
3071	768	1024	1135	1135	1135
3327	768	1024	1165	1165	1165
3583	768	1024	1195	1195	1195
3839	768	1024	1224	1224	1224
4095	768	1024	1253	1253	1253
0	1024	1024	610	610	610
256	1024	1024	816	816	816
512	1024	1024	900	900	900
768	1024	1024	967	967	967
1024	1024	1024	1024	1024	1024
1280	1024	1024	1075	1075	1075
1536	1024	1024	1122	1122	1122
1792	1024	1024	1166	1166	1166
2048	1024	1024	1207	1207	1207
2303	1024	1024	1247	1247	1247
2559	1024	1024	1284	1284	1284
2815	1024	1024	1321	1321	1321
3071	1024	1024	1356	1356	1356
3327	1024	1024	1389	1389	1389
3583	1024	1024	1422	1422	1422
3839	1024	1024	1454	1454	1454
4095	1024	1024	1486	1486	1486
0	1280	1024	748	748	748
256	1280	1024	977	977	977
512	1280	1024	1070	1070	1070
768	1280	1024	1143	1143	1143
1024	1280	1024	1205	1205	1205
1280	1280	1024	1261	1261	1261
1536	1280	1024	1312	1312	1312
1792	1280	1024	1360	1360	1360
2048	1280	1024	1405	1405	1405
2303	1280	1024	1448	1448	1448
2559	1280	1024	1488	1488	1488
2815	1280	1024	1528	1528	1528
3071	1280	1024	1566	1566	1566
3327	1280	1024	1602	1602	1602
3583	1280	1024	1638	1638	1638
3839	1280	1024	1672	1672	1672
4095	1280	1024	1706	1706	1706
0	1536	1024	885	885	885
256	1536	1024	1134	1134	1134
512	1536	1024	1235	1235	1235
768	1536	1024	1314	1314	1314
1024	1536	1024	1381	1381	1381
1280	1536	1024	1441	1441	1441
1536	1536	1024	1496	1496	1496
1792	1536	1024	1548	1548	1548
2048	1536	1024	1596	1596	1596
2303	1536	1024	1642	1642	1642
2559	1536	1024	1685	1685	1685
2815	1536	1024	1727	1727	1727
3071	1536	1024	1768	1768	1768
3327	1536	1024	1807	1807	1807
3583	1536	1024	1845	1845	1845
3839	1536	1024	1882	1882	1882
4095	1536	1024	1918	1918	1918
0	1792	1024	1021	1021	1021
256	1792	1024	1289	1289	1289
512	1792	1024	1397	1397	1397
768	1792	1024	1482	1482	1482
1024	1792	1024	1553	1553	1553
1280	1792	1024	1617	1617	1617
1536	1792	1024	1676	1676	1676
1792	1792	1024	1731	1731	1731
2048	1792	1024	1782	1782	1782
2303	1792	1024	1830	1830	1830
2559	1792	1024	1877	1877	1877
2815	1792	1024	1921	1921	1921
3071	1792	1024	1964	1964	1964
3327	1792	1024	2005	2005	2005
3583	1792	1024	2046	2046	2046
3839	1792	1024	2085	2085	2085
4095	1792	1024	2123	2123	2123
0	2048	1024	1156	1156	1156
256	2048	1024	1442	1442	1442
512	2048	1024	1557	1557	1557
768	2048	1024	1646	1646	1646
1024	2048	1024	1722	1722	1722
1280	2048	1024	1790	1790	1790
1536	2048	1024	1852	1852	1852
1792	2048	1024	1910	1910	1910
2048	2048	1024	1964	1964	1964
2303	2048	1024	2015	2015	2015
2559	2048	1024	2064	2064	2064
2815	2048	1024	2110	2110	2110
3071	2048	1024	2156	2156	2156
3327	2048	1024	2199	2199	2199
3583	2048	1024	2241	2241	2241
3839	2048	1024	2282	2282	2282
4095	2048	1024	2322	2322	2322
0	2303	1024	1290	1290	1290
256	2303	1024	1593	1593	1593
512	2303	1024	1714	1714	1714
768	2303	1024	1808	1808	1808
1024	2303	1024	1888	1888	1888
1280	2303	1024	1960	1960	1960
1536	2303	1024	2025	2025	2025
1792	2303	1024	2085	2085	2085
2048	2303	1024	2142	2142	2142
2303	2303	1024	2195	2195	2195
2559	2303	1024	2246	2246	2246
2815	2303	1024	2295	2295	2295
3071	2303	1024	2343	2343	2343
3327	2303	1024	2388	2388	2388
3583	2303	1024	2432	2432	2432
3839	2303	1024	2475	2475	2475
4095	2303	1024	2517	2517	2517
0	2559	1024	1424	1424	1424
256	2559	1024	1743	1743	1743
512	2559	1024	1871	1871	1871
768	2559	1024	1969	1969	1969
1024	2559	1024	2053	2053	2053
1280	2559	1024	2127	2127	2127
1536	2559	1024	2195	2195	2195
1792	2559	1024	2258	2258	2258
2048	2559	1024	2317	2317	2317
2303	2559	1024	2373	2373	2373
2559	2559	1024	2427	2427	2427
2815	2559	1024	2478	2478	2478
3071	2559	1024	2527	2527	2527
3327	2559	1024	2575	2575	2575
3583	2559	1024	2621	2621	2621
3839	2559	1024	2665	2665	2665
4095	2559	1024	2709	2709	2709
0	2815	1024	1558	1558	1558
256	2815	1024	1892	1892	1892
512	2815	1024	2025	2025	2025
768	2815	1024	2128	2128	2128
1024	2815	1024	2215	2215	2215
1280	2815	1024	2293	2293	2293
1536	2815	1024	2364	2364	2364
1792	2815	1024	2429	2429	2429
2048	2815	1024	2491	2491	2491
2303	2815	1024	2549	2549	2549
2559	2815	1024	2605	2605	2605
2815	2815	1024	2658	2658	2658
3071	2815	1024	2709	2709	2709
3327	2815	1024	2758	2758	2758
3583	2815	1024	2806	2806	2806
3839	2815	1024	2852	2852	2852
4095	2815	1024	2897	2897	2897
0	3071	1024	1691	1691	1691
256	3071	1024	2040	2040	2040
512	3071	1024	2179	2179	2179
768	3071	1024	2285	2285	2285
1024	3071	1024	2376	2376	2376
1280	3071	1024	2457	2457	2457
1536	3071	1024	2530	2530	2530
1792	3071	1024	2599	2599	2599
2048	3071	1024	2662	2662	2662
2303	3071	1024	2723	2723	2723
2559	3071	1024	2780	2780	2780
2815	3071	1024	2835	2835	2835
3071	3071	1024	2888	2888	2888
3327	3071	1024	2939	2939	2939
3583	3071	1024	2989	2989	2989
3839	3071	1024	3037	3037	3037
4095	3071	1024	3083	3083	3083
0	3327	1024	1824	1824	1824
256	3327	1024	2187	2187	2187
512	3327	1024	2331	2331	2331
768	3327	1024	2442	2442	2442
1024	3327	1024	2536	2536	2536
1280	3327	1024	2619	2619	2619
1536	3327	1024	2696	2696	2696
1792	3327	1024	2766	2766	2766
2048	3327	1024	2832	2832	2832
2303	3327	1024	2894	2894	2894
2559	3327	1024	2954	2954	2954
2815	3327	1024	3011	3011	3011
3071	3327	1024	3065	3065	3065
3327	3327	1024	3118	3118	3118
3583	3327	1024	3169	3169	3169
3839	3327	1024	3219	3219	3219
4095	3327	1024	3267	3267	3267
0	3583	1024	1957	1957	1957
256	3583	1024	2334	2334	2334
512	3583	1024	2482	2482	2482
768	3583	1024	2597	2597	2597
1024	3583	1024	2694	2694	2694
1280	3583	1024	2781	2781	2781
1536	3583	1024	2859	2859	2859
1792	3583	1024	2932	2932	2932
2048	3583	1024	3000	3000	3000
2303	3583	1024	3064	3064	3064
2559	3583	1024	3126	3126	3126
2815	3583	1024	3184	3184	3184
3071	3583	1024	3241	3241	3241
3327	3583	1024	3295	3295	3295
3583	3583	1024	3348	3348	3348
3839	3583	1024	3399	3399	3399
4095	3583	1024	3448	3448	3448
0	3839	1024	2089	2089	2089
256	3839	1024	2479	2479	2479
512	3839	1024	2633	2633	2633
768	3839	1024	2751	2751	2751
1024	3839	1024	2851	2851	2851
1280	3839	1024	2940	2940	2940
1536	3839	1024	3022	3022	3022
1792	3839	1024	3097	3097	3097
2048	3839	1024	3167	3167	3167
2303	3839	1024	3233	3233	3233
2559	3839	1024	3296	3296	3296
2815	3839	1024	3356	3356	3356
3071	3839	1024	3414	3414	3414
3327	3839	1024	3470	3470	3470
3583	3839	1024	3525	3525	3525
3839	3839	1024	3577	3577	3577
4095	3839	1024	3628	3628	3628
0	4095	1024	2221	2221	2221
256	4095	1024	2624	2624	2624
512	4095	1024	2782	2782	2782
768	4095	1024	2904	2904	2904
1024	4095	1024	3008	3008	3008
1280	4095	1024	3099	3099	3099
1536	4095	1024	3183	3183	3183
1792	4095	1024	3260	3260	3260
2048	4095	1024	3332	3332	3332
2303	4095	1024	3400	3400	3400
2559	4095	1024	3465	3465	3465
2815	4095	1024	3527	3527	3527
3071	4095	1024	3587	3587	3587
3327	4095	1024	3644	3644	3644
3583	4095	1024	3700	3700	3700
3839	4095	1024	3754	3754	3754
4095	4095	1024	3806	3806	3806
0	0	1280	4	4	4
256	0	1280	26	26	26
512	0	1280	41	41	41
768	0	1280	54	54	54
1024	0	1280	66	66	66
1280	0	1280	78	78	78
1536	0	1280	89	89	89
1792	0	1280	101	101	101
2048	0	1280	112	112	112
2303	0	1280	123	123	123
2559	0	1280	133	133	133
2815	0	1280	144	144	144
3071	0	1280	155	155	155
3327	0	1280	165	165	165
3583	0	1280	176	176	176
3839	0	1280	186	186	186
4095	0	1280	196	196	196
0	256	1280	186	186	186
256	256	1280	300	300	300
512	256	1280	350	350	350
768	256	1280	390	390	390
1024	256	1280	426	426	426
1280	256	1280	457	457	457
1536	256	1280	487	487	487
1792	256	1280	515	515	515
2048	256	1280	542	542	542
2303	256	1280	567	567	567
2559	256	1280	592	592	592
2815	256	1280	615	615	615
3071	256	1280	639	639	639
3327	256	1280	661	661	661
3583	256	1280	683	683	683
3839	256	1280	705	705	705
4095	256	1280	726	726	726
0	512	1280	336	336	336
256	512	1280	489	489	489
512	512	1280	554	554	554
768	512	1280	605	605	605
1024	512	1280	649	649	649
1280	512	1280	689	689	689
1536	512	1280	726	726	726
1792	512	1280	761	761	761
2048	512	1280	794	794	794
2303	512	1280	825	825	825
2559	512	1280	855	855	855
2815	512	1280	884	884	884
3071	512	1280	912	912	912
3327	512	1280	940	940	940
3583	512	1280	966	966	966
3839	512	1280	992	992	992
4095	512	1280	1018	1018	1018
0	768	1280	481	481	481
256	768	1280	664	664	664
512	768	1280	739	739	739
768	768	1280	799	799	799
1024	768	1280	851	851	851
1280	768	1280	897	897	897
1536	768	1280	940	940	940
1792	768	1280	980	980	980
2048	768	1280	1017	1017	1017
2303	768	1280	1053	1053	1053
2559	768	1280	1087	1087	1087
2815	768	1280	1120	1120	1120
3071	768	1280	1152	1152	1152
3327	768	1280	1183	1183	1183
3583	768	1280	1214	1214	1214
3839	768	1280	1243	1243	1243
4095	768	1280	1272	1272	1272
0	1024	1280	622	622	622
256	1024	1280	831	831	831
512	1024	1280	916	916	916
768	1024	1280	983	983	983
1024	1024	1280	1041	1041	1041
1280	1024	1280	1093	1093	1093
1536	1024	1280	1140	1140	1140
1792	1024	1280	1184	1184	1184
2048	1024	1280	1226	1226	1226
2303	1024	1280	1265	1265	1265
2559	1024	1280	1303	1303	1303
2815	1024	1280	1340	1340	1340
3071	1024	1280	1375	1375	1375
3327	1024	1280	1409	1409	1409
3583	1024	1280	1443	1443	1443
3839	1024	1280	1475	1475	1475
4095	1024	1280	1506	1506	1506
0	1280	1280	762	762	762
256	1280	1280	993	993	993
512	1280	1280	1087	1087	1087
768	1280	1280	1161	1161	1161
1024	1280	1280	1224	1224	1224
1280	1280	1280	1280	1280	1280
1536	1280	1280	1332	1332	1332
1792	1280	1280	1380	1380	1380
2048	1280	1280	1425	1425	1425
2303	1280	1280	1468	1468	1468
2559	1280	1280	1509	1509	1509
2815	1280	1280	1549	1549	1549
3071	1280	1280	1587	1587	1587
3327	1280	1280	1624	1624	1624
3583	1280	1280	1660	1660	1660
3839	1280	1280	1694	1694	1694
4095	1280	1280	1728	1728	1728
0	1536	1280	900	900	900
256	1536	1280	1152	1152	1152
512	1536	1280	1254	1254	1254
768	1536	1280	1333	1333	1333
1024	1536	1280	1401	1401	1401
1280	1536	1280	1462	1462	1462
1536	1536	1280	1517	1517	1517
1792	1536	1280	1569	1569	1569
2048	1536	1280	1617	1617	1617
2303	1536	1280	1663	1663	1663
2559	1536	1280	1707	1707	1707
2815	1536	1280	1750	1750	1750
3071	1536	1280	1790	1790	1790
3327	1536	1280	1830	1830	1830
3583	1536	1280	1868	1868	1868
3839	1536	1280	1905	1905	1905
4095	1536	1280	1942	1942	1942
0	1792	1280	1038	1038	1038
256	1792	1280	1308	1308	1308
512	1792	1280	1417	1417	1417
768	1792	1280	1502	1502	1502
1024	1792	1280	1575	1575	1575
1280	1792	1280	1639	1639	1639
1536	1792	1280	1698	1698	1698
1792	1792	1280	1753	1753	1753
2048	1792	1280	1805	1805	1805
2303	1792	1280	1853	1853	1853
2559	1792	1280	1900	1900	1900
2815	1792	1280	1945	1945	1945
3071	1792	1280	1988	1988	1988
3327	1792	1280	2030	2030	2030
3583	1792	1280	2070	2070	2070
3839	1792	1280	2110	2110	2110
4095	1792	1280	2148	2148	2148
0	2048	1280	1174	1174	1174
256	2048	1280	1463	1463	1463
512	2048	1280	1578	1578	1578
768	2048	1280	1668	1668	1668
1024	2048	1280	1745	1745	1745
1280	2048	1280	1813	1813	1813
1536	2048	1280	1875	1875	1875
1792	2048	1280	1933	1933	1933
2048	2048	1280	1988	1988	1988
2303	2048	1280	2039	2039	2039
2559	2048	1280	2088	2088	2088
2815	2048	1280	2136	2136	2136
3071	2048	1280	2181	2181	2181
3327	2048	1280	2225	2225	2225
3583	2048	1280	2267	2267	2267
3839	2048	1280	2309	2309	2309
4095	2048	1280	2349	2349	2349
0	2303	1280	1309	1309	1309
256	2303	1280	1615	1615	1615
512	2303	1280	1737	1737	1737
768	2303	1280	1831	1831	1831
1024	2303	1280	1912	1912	1912
1280	2303	1280	1984	1984	1984
1536	2303	1280	2049	2049	2049
1792	2303	1280	2110	2110	2110
2048	2303	1280	2167	2167	2167
2303	2303	1280	2221	2221	2221
2559	2303	1280	2272	2272	2272
2815	2303	1280	2322	2322	2322
3071	2303	1280	2369	2369	2369
3327	2303	1280	2415	2415	2415
3583	2303	1280	2459	2459	2459
3839	2303	1280	2503	2503	2503
4095	2303	1280	2545	2545	2545
0	2559	1280	1444	1444	1444
256	2559	1280	1766	1766	1766
512	2559	1280	1894	1894	1894
768	2559	1280	1993	1993	1993
1024	2559	1280	2077	2077	2077
1280	2559	1280	2152	2152	2152
1536	2559	1280	2221	2221	2221
1792	2559	1280	2284	2284	2284
2048	2559	1280	2344	2344	2344
2303	2559	1280	2400	2400	2400
2559	2559	1280	2454	2454	2454
2815	2559	1280	2505	2505	2505
3071	2559	1280	2555	2555	2555
3327	2559	1280	2603	2603	2603
3583	2559	1280	2649	2649	2649
3839	2559	1280	2694	2694	2694
4095	2559	1280	2738	2738	2738
0	2815	1280	1579	1579	1579
256	2815	1280	1916	1916	1916
512	2815	1280	2050	2050	2050
768	2815	1280	2153	2153	2153
1024	2815	1280	2241	2241	2241
1280	2815	1280	2319	2319	2319
1536	2815	1280	2390	2390	2390
1792	2815	1280	2456	2456	2456
2048	2815	1280	2518	2518	2518
2303	2815	1280	2577	2577	2577
2559	2815	1280	2633	2633	2633
2815	2815	1280	2686	2686	2686
3071	2815	1280	2738	2738	2738
3327	2815	1280	2787	2787	2787
3583	2815	1280	2835	2835	2835
3839	2815	1280	2882	2882	2882
4095	2815	1280	2927	2927	2927
0	3071	1280	1713	1713	1713
256	3071	1280	2065	2065	2065
512	3071	1280	2204	2204	2204
768	3071	1280	2312	2312	2312
1024	3071	1280	2403	2403	2403
1280	3071	1280	2484	2484	2484
1536	3071	1280	2558	2558	2558
1792	3071	1280	2627	2627	2627
2048	3071	1280	2691	2691	2691
2303	3071	1280	2751	2751	2751
2559	3071	1280	2809	2809	2809
2815	3071	1280	2865	2865	2865
3071	3071	1280	2918	2918	2918
3327	3071	1280	2969	2969	2969
3583	3071	1280	3019	3019	3019
3839	3071	1280	3067	3067	3067
4095	3071	1280	3114	3114	3114
0	3327	1280	1847	1847	1847
256	3327	1280	2213	2213	2213
512	3327	1280	2357	2357	2357
768	3327	1280	2469	2469	2469
1024	3327	1280	2564	2564	2564
1280	3327	1280	2648	2648	2648
1536	3327	1280	2724	2724	2724
1792	3327	1280	2795	2795	2795
2048	3327	1280	2861	2861	2861
2303	3327	1280	2924	2924	2924
2559	3327	1280	2984	2984	2984
2815	3327	1280	3041	3041	3041
3071	3327	1280	3096	3096	3096
3327	3327	1280	3149	3149	3149
3583	3327	1280	3201	3201	3201
3839	3327	1280	3250	3250	3250
4095	3327	1280	3299	3299	3299
0	3583	1280	1981	1981	1981
256	3583	1280	2360	2360	2360
512	3583	1280	2510	2510	2510
768	3583	1280	2625	2625	2625
1024	3583	1280	2723	2723	2723
1280	3583	1280	2810	2810	2810
1536	3583	1280	2889	2889	2889
1792	3583	1280	2962	2962	2962
2048	3583	1280	3030	3030	3030
2303	3583	1280	3095	3095	3095
2559	3583	1280	3157	3157	3157
2815	3583	1280	3216	3216	3216
3071	3583	1280	3272	3272	3272
3327	3583	1280	3327	3327	3327
3583	3583	1280	3380	3380	3380
3839	3583	1280	3431	3431	3431
4095	3583	1280	3481	3481	3481
0	3839	1280	2114	2114	2114
256	3839	1280	2506	2506	2506
512	3839	1280	2661	2661	2661
768	3839	1280	2780	2780	2780
1024	3839	1280	2881	2881	2881
1280	3839	1280	2970	2970	2970
1536	3839	1280	3052	3052	3052
1792	3839	1280	3127	3127	3127
2048	3839	1280	3198	3198	3198
2303	3839	1280	3264	3264	3264
2559	3839	1280	3328	3328	3328
2815	3839	1280	3389	3389	3389
3071	3839	1280	3447	3447	3447
3327	3839	1280	3503	3503	3503
3583	3839	1280	3558	3558	3558
3839	3839	1280	3610	3610	3610
4095	3839	1280	3662	3662	3662
0	4095	1280	2247	2247	2247
256	4095	1280	2652	2652	2652
512	4095	1280	2811	2811	2811
768	4095	1280	2934	2934	2934
1024	4095	1280	3038	3038	3038
1280	4095	1280	3130	3130	3130
1536	4095	1280	3214	3214	3214
1792	4095	1280	3292	3292	3292
2048	4095	1280	3364	3364	3364
2303	4095	1280	3433	3433	3433
2559	4095	1280	3498	3498	3498
2815	4095	1280	3560	3560	3560
3071	4095	1280	3620	3620	3620
3327	4095	1280	3678	3678	3678
3583	4095	1280	3734	3734	3734
3839	4095	1280	3788	3788	3788
4095	4095	1280	3841	3841	3841
0	0	1536	4	4	4
256	0	1536	28	28	28
512	0	1536	43	43	43
768	0	1536	57	57	57
1024	0	1536	69	69	69
1280	0	1536	82	82	82
1536	0	1536	93	93	93
1792	0	1536	105	105	105
2048	0	1536	116	116	116
2303	0	1536	127	127	127
2559	0	1536	138	138	138
2815	0	1536	149	149	149
3071	0	1536	160	160	160
3327	0	1536	171	171	171
3583	0	1536	181	181	181
3839	0	1536	192	192	192
4095	0	1536	202	202	202
0	256	1536	192	192	192
256	256	1536	308	308	308
512	256	1536	359	359	359
768	256	1536	399	399	399
1024	256	1536	435	435	435
1280	256	1536	467	467	467
1536	256	1536	497	497	497
1792	256	1536	525	525	525
2048	256	1536	552	552	552
2303	256	1536	578	578	578
2559	256	1536	603	603	603
2815	256	1536	627	627	627
3071	256	1536	650	650	650
3327	256	1536	673	673	673
3583	256	1536	695	695	695
3839	256	1536	717	717	717
4095	256	1536	738	738	738
0	512	1536	345	345	345
256	512	1536	499	499	499
512	512	1536	564	564	564
768	512	1536	616	616	616
1024	512	1536	661	661	661
1280	512	1536	701	701	701
1536	512	1536	739	739	739
1792	512	1536	774	774	774
2048	512	1536	807	807	807
2303	512	1536	838	838	838
2559	512	1536	869	869	869
2815	512	1536	898	898	898
3071	512	1536	927	927	927
3327	512	1536	954	954	954
3583	512	1536	981	981	981
3839	512	1536	1007	1007	1007
4095	512	1536	1033	1033	1033
0	768	1536	491	491	491
256	768	1536	676	676	676
512	768	1536	752	752	752
768	768	1536	812	812	812
1024	768	1536	864	864	864
1280	768	1536	911	911	911
1536	768	1536	954	954	954
1792	768	1536	994	994	994
2048	768	1536	1032	1032	1032
2303	768	1536	1068	1068	1068
2559	768	1536	1103	1103	1103
2815	768	1536	1136	1136	1136
3071	768	1536	1169	1169	1169
3327	768	1536	1200	1200	1200
3583	768	1536	1230	1230	1230
3839	768	1536	1260	1260	1260
4095	768	1536	1289	1289	1289
0	1024	1536	634	634	634
256	1024	1536	844	844	844
512	1024	1536	931	931	931
768	1024	1536	998	998	998
1024	1024	1536	1056	1056	1056
1280	1024	1536	1108	1108	1108
1536	1024	1536	1156	1156	1156
1792	1024	1536	1201	1201	1201
2048	1024	1536	1243	1243	1243
2303	1024	1536	1282	1282	1282
2559	1024	1536	1321	1321	1321
2815	1024	1536	1357	1357	1357
3071	1024	1536	1393	1393	1393
3327	1024	1536	1427	1427	1427
3583	1024	1536	1461	1461	1461
3839	1024	1536	1493	1493	1493
4095	1024	1536	1525	1525	1525
0	1280	1536	775	775	775
256	1280	1536	1008	1008	1008
512	1280	1536	1103	1103	1103
768	1280	1536	1177	1177	1177
1024	1280	1536	1240	1240	1240
1280	1280	1536	1297	1297	1297
1536	1280	1536	1349	1349	1349
1792	1280	1536	1398	1398	1398
2048	1280	1536	1443	1443	1443
2303	1280	1536	1486	1486	1486
2559	1280	1536	1528	1528	1528
2815	1280	1536	1568	1568	1568
3071	1280	1536	1606	1606	1606
3327	1280	1536	1643	1643	1643
3583	1280	1536	1679	1679	1679
3839	1280	1536	1714	1714	1714
4095	1280	1536	1749	1749	1749
0	1536	1536	914	914	914
256	1536	1536	1168	1168	1168
512	1536	1536	1271	1271	1271
768	1536	1536	1351	1351	1351
1024	1536	1536	1419	1419	1419
1280	1536	1536	1480	1480	1480
1536	1536	1536	1536	1536	1536
1792	1536	1536	1588	1588	1588
2048	1536	1536	1637	1637	1637
2303	1536	1536	1683	1683	1683
2559	1536	1536	1727	1727	1727
2815	1536	1536	1770	1770	1770
3071	1536	1536	1811	1811	1811
3327	1536	1536	1851	1851	1851
3583	1536	1536	1889	1889	1889
3839	1536	1536	1927	1927	1927
4095	1536	1536	1963	1963	1963
0	1792	1536	1053	1053	1053
256	1792	1536	1326	1326	1326
512	1792	1536	1436	1436	1436
768	1792	1536	1521	1521	1521
1024	1792	1536	1594	1594	1594
1280	1792	1536	1659	1659	1659
1536	1792	1536	1718	1718	1718
1792	1792	1536	1773	1773	1773
2048	1792	1536	1825	1825	1825
2303	1792	1536	1874	1874	1874
2559	1792	1536	1921	1921	1921
2815	1792	1536	1966	1966	1966
3071	1792	1536	2010	2010	2010
3327	1792	1536	2052	2052	2052
3583	1792	1536	2092	2092	2092
3839	1792	1536	2132	2132	2132
4095	1792	1536	2171	2171	2171
0	2048	1536	1190	1190	1190
256	2048	1536	1481	1481	1481
512	2048	1536	1598	1598	1598
768	2048	1536	1688	1688	1688
1024	2048	1536	1765	1765	1765
1280	2048	1536	1834	1834	1834
1536	2048	1536	1897	1897	1897
1792	2048	1536	1955	1955	1955
2048	2048	1536	2010	2010	2010
2303	2048	1536	2061	2061	2061
2559	2048	1536	2111	2111	2111
2815	2048	1536	2158	2158	2158
3071	2048	1536	2204	2204	2204
3327	2048	1536	2248	2248	2248
3583	2048	1536	2291	2291	2291
3839	2048	1536	2332	2332	2332
4095	2048	1536	2373	2373	2373
0	2303	1536	1327	1327	1327
256	2303	1536	1634	1634	1634
512	2303	1536	1757	1757	1757
768	2303	1536	1852	1852	1852
1024	2303	1536	1933	1933	1933
1280	2303	1536	2005	2005	2005
1536	2303	1536	2071	2071	2071
1792	2303	1536	2132	2132	2132
2048	2303	1536	2190	2190	2190
2303	2303	1536	2244	2244	2244
2559	2303	1536	2296	2296	2296
2815	2303	1536	2345	2345	2345
3071	2303	1536	2393	2393	2393
3327	2303	1536	2439	2439	2439
3583	2303	1536	2484	2484	2484
3839	2303	1536	2527	2527	2527
4095	2303	1536	2569	2569	2569
0	2559	1536	1463	1463	1463
256	2559	1536	1786	1786	1786
512	2559	1536	1915	1915	1915
768	2559	1536	2015	2015	2015
1024	2559	1536	2100	2100	2100
1280	2559	1536	2175	2175	2175
1536	2559	1536	2244	2244	2244
1792	2559	1536	2308	2308	2308
2048	2559	1536	2368	2368	2368
2303	2559	1536	2424	2424	2424
2559	2559	1536	2478	2478	2478
2815	2559	1536	2530	2530	2530
3071	2559	1536	2580	2580	2580
3327	2559	1536	2628	2628	2628
3583	2559	1536	2674	2674	2674
3839	2559	1536	2719	2719	2719
4095	2559	1536	2763	2763	2763
0	2815	1536	1598	1598	1598
256	2815	1536	1937	1937	1937
512	2815	1536	2072	2072	2072
768	2815	1536	2176	2176	2176
1024	2815	1536	2264	2264	2264
1280	2815	1536	2343	2343	2343
1536	2815	1536	2414	2414	2414
1792	2815	1536	2481	2481	2481
2048	2815	1536	2543	2543	2543
2303	2815	1536	2602	2602	2602
2559	2815	1536	2658	2658	2658
2815	2815	1536	2712	2712	2712
3071	2815	1536	2763	2763	2763
3327	2815	1536	2813	2813	2813
3583	2815	1536	2862	2862	2862
3839	2815	1536	2908	2908	2908
4095	2815	1536	2954	2954	2954
0	3071	1536	1733	1733	1733
256	3071	1536	2087	2087	2087
512	3071	1536	2227	2227	2227
768	3071	1536	2335	2335	2335
1024	3071	1536	2427	2427	2427
1280	3071	1536	2509	2509	2509
1536	3071	1536	2583	2583	2583
1792	3071	1536	2652	2652	2652
2048	3071	1536	2716	2716	2716
2303	3071	1536	2777	2777	2777
2559	3071	1536	2835	2835	2835
2815	3071	1536	2891	2891	2891
3071	3071	1536	2945	2945	2945
3327	3071	1536	2996	2996	2996
3583	3071	1536	3046	3046	3046
3839	3071	1536	3095	3095	3095
4095	3071	1536	3142	3142	3142
0	3327	1536	1868	1868	1868
256	3327	1536	2236	2236	2236
512	3327	1536	2381	2381	2381
768	3327	1536	2493	2493	2493
1024	3327	1536	2588	2588	2588
1280	3327	1536	2673	2673	2673
1536	3327	1536	2750	2750	2750
1792	3327	1536	2821	2821	2821
2048	3327	1536	2888	2888	2888
2303	3327	1536	2951	2951	2951
2559	3327	1536	3011	3011	3011
2815	3327	1536	3068	3068	3068
3071	3327	1536	3124	3124	3124
3327	3327	1536	3177	3177	3177
3583	3327	1536	3229	3229	3229
3839	3327	1536	3279	3279	3279
4095	3327	1536	3327	3327	3327
0	3583	1536	2003	2003	2003
256	3583	1536	2384	2384	2384
512	3583	1536	2534	2534	2534
768	3583	1536	2650	2650	2650
1024	3583	1536	2749	2749	2749
1280	3583	1536	2836	2836	2836
1536	3583	1536	2915	2915	2915
1792	3583	1536	2989	2989	2989
2048	3583	1536	3058	3058	3058
2303	3583	1536	3123	3123	3123
2559	3583	1536	3185	3185	3185
2815	3583	1536	3244	3244	3244
3071	3583	1536	3301	3301	3301
3327	3583	1536	3356	3356	3356
3583	3583	1536	3409	3409	3409
3839	3583	1536	3461	3461	3461
4095	3583	1536	3511	3511	3511
0	3839	1536	2137	2137	2137
256	3839	1536	2531	2531	2531
512	3839	1536	2686	2686	2686
768	3839	1536	2806	2806	2806
1024	3839	1536	2908	2908	2908
1280	3839	1536	2998	2998	2998
1536	3839	1536	3079	3079	3079
1792	3839	1536	3155	3155	3155
2048	3839	1536	3226	3226	3226
2303	3839	1536	3293	3293	3293
2559	3839	1536	3357	3357	3357
2815	3839	1536	3418	3418	3418
3071	3839	1536	3476	3476	3476
3327	3839	1536	3533	3533	3533
3583	3839	1536	3588	3588	3588
3839	3839	1536	3641	3641	3641
4095	3839	1536	3692	3692	3692
0	4095	1536	2270	2270	2270
256	4095	1536	2678	2678	2678
512	4095	1536	2838	2838	2838
768	4095	1536	2961	2961	2961
1024	4095	1536	3065	3065	3065
1280	4095	1536	3158	3158	3158
1536	4095	1536	3242	3242	3242
1792	4095	1536	3320	3320	3320
2048	4095	1536	3393	3393	3393
2303	4095	1536	3462	3462	3462
2559	4095	1536	3527	3527	3527
2815	4095	1536	3590	3590	3590
3071	4095	1536	3650	3650	3650
3327	4095	1536	3708	3708	3708
3583	4095	1536	3764	3764	3764
3839	4095	1536	3819	3819	3819
4095	4095	1536	3872	3872	3872
0	0	1792	5	5	5
256	0	1792	30	30	30
512	0	1792	46	46	46
768	0	1792	60	60	60
1024	0	1792	73	73	73
1280	0	1792	85	85	85
1536	0	1792	97	97	97
1792	0	1792	109	109	109
2048	0	1792	120	120	120
2303	0	1792	132	132	132
2559	0	1792	143	143	143
2815	0	1792	154	154	154
3071	0	1792	165	165	165
3327	0	1792	176	176	176
3583	0	1792	187	187	187
3839	0	1792	197	197	197
4095	0	1792	208	208	208
0	256	1792	198	198	198
256	256	1792	315	315	315
512	256	1792	367	367	367
768	256	1792	408	408	408
1024	256	1792	444	444	444
1280	256	1792	476	476	476
1536	256	1792	507	507	507
1792	256	1792	535	535	535
2048	256	1792	562	562	562
2303	256	1792	588	588	588
2559	256	1792	613	613	613
2815	256	1792	638	638	638
3071	256	1792	661	661	661
3327	256	1792	684	684	684
3583	256	1792	707	707	707
3839	256	1792	728	728	728
4095	256	1792	750	750	750
0	512	1792	352	352	352
256	512	1792	509	509	509
512	512	1792	574	574	574
768	512	1792	627	627	627
1024	512	1792	672	672	672
1280	512	1792	713	713	713
1536	512	1792	750	750	750
1792	512	1792	786	786	786
2048	512	1792	819	819	819
2303	512	1792	851	851	851
2559	512	1792	881	881	881
2815	512	1792	911	911	911
3071	512	1792	940	940	940
3327	512	1792	967	967	967
3583	512	1792	994	994	994
3839	512	1792	1021	1021	1021
4095	512	1792	1047	1047	1047
0	768	1792	500	500	500
256	768	1792	687	687	687
512	768	1792	764	764	764
768	768	1792	825	825	825
1024	768	1792	877	877	877
1280	768	1792	924	924	924
1536	768	1792	967	967	967
1792	768	1792	1008	1008	1008
2048	768	1792	1046	1046	1046
2303	768	1792	1082	1082	1082
2559	768	1792	1117	1117	1117
2815	768	1792	1151	1151	1151
3071	768	1792	1183	1183	1183
3327	768	1792	1215	1215	1215
3583	768	1792	1246	1246	1246
3839	768	1792	1275	1275	1275
4095	768	1792	1304	1304	1304
0	1024	1792	645	645	645
256	1024	1792	857	857	857
512	1024	1792	944	944	944
768	1024	1792	1012	1012	1012
1024	1024	1792	1070	1070	1070
1280	1024	1792	1123	1123	1123
1536	1024	1792	1171	1171	1171
1792	1024	1792	1216	1216	1216
2048	1024	1792	1258	1258	1258
2303	1024	1792	1298	1298	1298
2559	1024	1792	1337	1337	1337
2815	1024	1792	1374	1374	1374
3071	1024	1792	1409	1409	1409
3327	1024	1792	1444	1444	1444
3583	1024	1792	1478	1478	1478
3839	1024	1792	1510	1510	1510
4095	1024	1792	1542	1542	1542
0	1280	1792	787	787	787
256	1280	1792	1022	1022	1022
512	1280	1792	1117	1117	1117
768	1280	1792	1192	1192	1192
1024	1280	1792	1256	1256	1256
1280	1280	1792	1313	1313	1313
1536	1280	1792	1365	1365	1365
1792	1280	1792	1414	1414	1414
2048	1280	1792	1460	1460	1460
2303	1280	1792	1503	1503	1503
2559	1280	1792	1545	1545	1545
2815	1280	1792	1585	1585	1585
3071	1280	1792	1624	1624	1624
3327	1280	1792	1661	1661	1661
3583	1280	1792	1697	1697	1697
3839	1280	1792	1733	1733	1733
4095	1280	1792	1767	1767	1767
0	1536	1792	927	927	927
256	1536	1792	1183	1183	1183
512	1536	1792	1286	1286	1286
768	1536	1792	1367	1367	1367
1024	1536	1792	1436	1436	1436
1280	1536	1792	1497	1497	1497
1536	1536	1792	1553	1553	1553
1792	1536	1792	1606	1606	1606
2048	1536	1792	1655	1655	1655
2303	1536	1792	1701	1701	1701
2559	1536	1792	1746	1746	1746
2815	1536	1792	1789	1789	1789
3071	1536	1792	1830	1830	1830
3327	1536	1792	1870	1870	1870
3583	1536	1792	1908	1908	1908
3839	1536	1792	1946	1946	1946
4095	1536	1792	1983	1983	1983
0	1792	1792	1067	1067	1067
256	1792	1792	1342	1342	1342
512	1792	1792	1452	1452	1452
768	1792	1792	1538	1538	1538
1024	1792	1792	1611	1611	1611
1280	1792	1792	1677	1677	1677
1536	1792	1792	1736	1736	1736
1792	1792	1792	1792	1792	1792
2048	1792	1792	1844	1844	1844
2303	1792	1792	1894	1894	1894
2559	1792	1792	1941	1941	1941
2815	1792	1792	1986	1986	1986
3071	1792	1792	2030	2030	2030
3327	1792	1792	2072	2072	2072
3583	1792	1792	2113	2113	2113
3839	1792	1792	2153	2153	2153
4095	1792	1792	2191	2191	2191
0	2048	1792	1205	1205	1205
256	2048	1792	1498	1498	1498
512	2048	1792	1615	1615	1615
768	2048	1792	1706	1706	1706
1024	2048	1792	1784	1784	1784
1280	2048	1792	1853	1853	1853
1536	2048	1792	1916	1916	1916
1792	2048	1792	1974	1974	1974
2048	2048	1792	2029	2029	2029
2303	2048	1792	2081	2081	2081
2559	2048	1792	2131	2131	2131
2815	2048	1792	2179	2179	2179
3071	2048	1792	2225	2225	2225
3327	2048	1792	2269	2269	2269
3583	2048	1792	2312	2312	2312
3839	2048	1792	2354	2354	2354
4095	2048	1792	2394	2394	2394
0	2303	1792	1342	1342	1342
256	2303	1792	1652	1652	1652
512	2303	1792	1775	1775	1775
768	2303	1792	1871	1871	1871
1024	2303	1792	1953	1953	1953
1280	2303	1792	2025	2025	2025
1536	2303	1792	2091	2091	2091
1792	2303	1792	2153	2153	2153
2048	2303	1792	2211	2211	2211
2303	2303	1792	2265	2265	2265
2559	2303	1792	2317	2317	2317
2815	2303	1792	2367	2367	2367
3071	2303	1792	2415	2415	2415
3327	2303	1792	2461	2461	2461
3583	2303	1792	2506	2506	2506
3839	2303	1792	2550	2550	2550
4095	2303	1792	2592	2592	2592
0	2559	1792	1479	1479	1479
256	2559	1792	1805	1805	1805
512	2559	1792	1935	1935	1935
768	2559	1792	2035	2035	2035
1024	2559	1792	2120	2120	2120
1280	2559	1792	2196	2196	2196
1536	2559	1792	2265	2265	2265
1792	2559	1792	2329	2329	2329
2048	2559	1792	2389	2389	2389
2303	2559	1792	2446	2446	2446
2559	2559	1792	2500	2500	2500
2815	2559	1792	2552	2552	2552
3071	2559	1792	2602	2602	2602
3327	2559	1792	2651	2651	2651
3583	2559	1792	2698	2698	2698
3839	2559	1792	2743	2743	2743
4095	2559	1792	2787	2787	2787
0	2815	1792	1616	1616	1616
256	2815	1792	1957	1957	1957
512	2815	1792	2092	2092	2092
768	2815	1792	2197	2197	2197
1024	2815	1792	2285	2285	2285
1280	2815	1792	2364	2364	2364
1536	2815	1792	2436	2436	2436
1792	2815	1792	2503	2503	2503
2048	2815	1792	2566	2566	2566
2303	2815	1792	2625	2625	2625
2559	2815	1792	2681	2681	2681
2815	2815	1792	2735	2735	2735
3071	2815	1792	2787	2787	2787
3327	2815	1792	2837	2837	2837
3583	2815	1792	2886	2886	2886
3839	2815	1792	2933	2933	2933
4095	2815	1792	2979	2979	2979
0	3071	1792	1752	1752	1752
256	3071	1792	2107	2107	2107
512	3071	1792	2248	2248	2248
768	3071	1792	2357	2357	2357
1024	3071	1792	2449	2449	2449
1280	3071	1792	2531	2531	2531
1536	3071	1792	2606	2606	2606
1792	3071	1792	2675	2675	2675
2048	3071	1792	2740	2740	2740
2303	3071	1792	2801	2801	2801
2559	3071	1792	2860	2860	2860
2815	3071	1792	2915	2915	2915
3071	3071	1792	2969	2969	2969
3327	3071	1792	3021	3021	3021
3583	3071	1792	3071	3071	3071
3839	3071	1792	3120	3120	3120
4095	3071	1792	3167	3167	3167
0	3327	1792	1887	1887	1887
256	3327	1792	2257	2257	2257
512	3327	1792	2403	2403	2403
768	3327	1792	2516	2516	2516
1024	3327	1792	2611	2611	2611
1280	3327	1792	2696	2696	2696
1536	3327	1792	2774	2774	2774
1792	3327	1792	2845	2845	2845
2048	3327	1792	2912	2912	2912
2303	3327	1792	2975	2975	2975
2559	3327	1792	3036	3036	3036
2815	3327	1792	3094	3094	3094
3071	3327	1792	3149	3149	3149
3327	3327	1792	3203	3203	3203
3583	3327	1792	3255	3255	3255
3839	3327	1792	3305	3305	3305
4095	3327	1792	3354	3354	3354
0	3583	1792	2022	2022	2022
256	3583	1792	2406	2406	2406
512	3583	1792	2557	2557	2557
768	3583	1792	2673	2673	2673
1024	3583	1792	2772	2772	2772
1280	3583	1792	2860	2860	2860
1536	3583	1792	2940	2940	2940
1792	3583	1792	3014	3014	3014
2048	3583	1792	3083	3083	3083
2303	3583	1792	3148	3148	3148
2559	3583	1792	3210	3210	3210
2815	3583	1792	3270	3270	3270
3071	3583	1792	3327	3327	3327
3327	3583	1792	3382	3382	3382
3583	3583	1792	3436	3436	3436
3839	3583	1792	3487	3487	3487
4095	3583	1792	3538	3538	3538
0	3839	1792	2157	2157	2157
256	3839	1792	2554	2554	2554
512	3839	1792	2710	2710	2710
768	3839	1792	2830	2830	2830
1024	3839	1792	2932	2932	2932
1280	3839	1792	3022	3022	3022
1536	3839	1792	3105	3105	3105
1792	3839	1792	3181	3181	3181
2048	3839	1792	3252	3252	3252
2303	3839	1792	3319	3319	3319
2559	3839	1792	3383	3383	3383
2815	3839	1792	3444	3444	3444
3071	3839	1792	3503	3503	3503
3327	3839	1792	3560	3560	3560
3583	3839	1792	3615	3615	3615
3839	3839	1792	3668	3668	3668
4095	3839	1792	3720	3720	3720
0	4095	1792	2292	2292	2292
256	4095	1792	2701	2701	2701
512	4095	1792	2862	2862	2862
768	4095	1792	2986	2986	2986
1024	4095	1792	3091	3091	3091
1280	4095	1792	3184	3184	3184
1536	4095	1792	3268	3268	3268
1792	4095	1792	3346	3346	3346
2048	4095	1792	3420	3420	3420
2303	4095	1792	3489	3489	3489
2559	4095	1792	3554	3554	3554
2815	4095	1792	3617	3617	3617
3071	4095	1792	3678	3678	3678
3327	4095	1792	3736	3736	3736
3583	4095	1792	3792	3792	3792
3839	4095	1792	3847	3847	3847
4095	4095	1792	3900	3900	3900
0	0	2048	6	6	6
256	0	2048	32	32	32
512	0	2048	48	48	48
768	0	2048	62	62	62
1024	0	2048	76	76	76
1280	0	2048	88	88	88
1536	0	2048	101	101	101
1792	0	2048	113	113	113
2048	0	2048	124	124	124
2303	0	2048	136	136	136
2559	0	2048	147	147	147
2815	0	2048	159	159	159
3071	0	2048	170	170	170
3327	0	2048	181	181	181
3583	0	2048	192	192	192
3839	0	2048	203	203	203
4095	0	2048	213	213	213
0	256	2048	203	203	203
256	256	2048	322	322	322
512	256	2048	374	374	374
768	256	2048	415	415	415
1024	256	2048	452	452	452
1280	256	2048	485	485	485
1536	256	2048	515	515	515
1792	256	2048	544	544	544
2048	256	2048	571	571	571
2303	256	2048	598	598	598
2559	256	2048	623	623	623
2815	256	2048	647	647	647
3071	256	2048	671	671	671
3327	256	2048	694	694	694
3583	256	2048	717	717	717
3839	256	2048	739	739	739
4095	256	2048	761	761	761
0	512	2048	359	359	359
256	512	2048	517	517	517
512	512	2048	584	584	584
768	512	2048	636	636	636
1024	512	2048	682	682	682
1280	512	2048	723	723	723
1536	512	2048	761	761	761
1792	512	2048	797	797	797
2048	512	2048	830	830	830
2303	512	2048	862	862	862
2559	512	2048	893	893	893
2815	512	2048	923	923	923
3071	512	2048	952	952	952
3327	512	2048	980	980	980
3583	512	2048	1007	1007	1007
3839	512	2048	1034	1034	1034
4095	512	2048	1060	1060	1060
0	768	2048	509	509	509
256	768	2048	697	697	697
512	768	2048	775	775	775
768	768	2048	836	836	836
1024	768	2048	889	889	889
1280	768	2048	936	936	936
1536	768	2048	980	980	980
1792	768	2048	1021	1021	1021
2048	768	2048	1059	1059	1059
2303	768	2048	1096	1096	1096
2559	768	2048	1131	1131	1131
2815	768	2048	1165	1165	1165
3071	768	2048	1197	1197	1197
3327	768	2048	1229	1229	1229
3583	768	2048	1260	1260	1260
3839	768	2048	1290	1290	1290
4095	768	2048	1319	1319	1319
0	1024	2048	655	655	655
256	1024	2048	868	868	868
512	1024	2048	956	956	956
768	1024	2048	1024	1024	1024
1024	1024	2048	1083	1083	1083
1280	1024	2048	1136	1136	1136
1536	1024	2048	1185	1185	1185
1792	1024	2048	1230	1230	1230
2048	1024	2048	1272	1272	1272
2303	1024	2048	1313	1313	1313
2559	1024	2048	1351	1351	1351
2815	1024	2048	1389	1389	1389
3071	1024	2048	1424	1424	1424
3327	1024	2048	1459	1459	1459
3583	1024	2048	1493	1493	1493
3839	1024	2048	1526	1526	1526
4095	1024	2048	1558	1558	1558
0	1280	2048	798	798	798
256	1280	2048	1034	1034	1034
512	1280	2048	1131	1131	1131
768	1280	2048	1206	1206	1206
1024	1280	2048	1270	1270	1270
1280	1280	2048	1327	1327	1327
1536	1280	2048	1380	1380	1380
1792	1280	2048	1429	1429	1429
2048	1280	2048	1475	1475	1475
2303	1280	2048	1519	1519	1519
2559	1280	2048	1561	1561	1561
2815	1280	2048	1601	1601	1601
3071	1280	2048	1640	1640	1640
3327	1280	2048	1678	1678	1678
3583	1280	2048	1714	1714	1714
3839	1280	2048	1750	1750	1750
4095	1280	2048	1784	1784	1784
0	1536	2048	940	940	940
256	1536	2048	1197	1197	1197
512	1536	2048	1301	1301	1301
768	1536	2048	1382	1382	1382
1024	1536	2048	1451	1451	1451
1280	1536	2048	1513	1513	1513
1536	1536	2048	1569	1569	1569
1792	1536	2048	1622	1622	1622
2048	1536	2048	1671	1671	1671
2303	1536	2048	1718	1718	1718
2559	1536	2048	1763	1763	1763
2815	1536	2048	1806	1806	1806
3071	1536	2048	1847	1847	1847
3327	1536	2048	1887	1887	1887
3583	1536	2048	1926	1926	1926
3839	1536	2048	1964	1964	1964
4095	1536	2048	2001	2001	2001
0	1792	2048	1080	1080	1080
256	1792	2048	1356	1356	1356
512	1792	2048	1468	1468	1468
768	1792	2048	1554	1554	1554
1024	1792	2048	1628	1628	1628
1280	1792	2048	1693	1693	1693
1536	1792	2048	1753	1753	1753
1792	1792	2048	1809	1809	1809
2048	1792	2048	1862	1862	1862
2303	1792	2048	1911	1911	1911
2559	1792	2048	1959	1959	1959
2815	1792	2048	2004	2004	2004
3071	1792	2048	2048	2048	2048
3327	1792	2048	2091	2091	2091
3583	1792	2048	2132	2132	2132
3839	1792	2048	2172	2172	2172
4095	1792	2048	2211	2211	2211
0	2048	2048	1219	1219	1219
256	2048	2048	1514	1514	1514
512	2048	2048	1632	1632	1632
768	2048	2048	1723	1723	1723
1024	2048	2048	1801	1801	1801
1280	2048	2048	1870	1870	1870
1536	2048	2048	1934	1934	1934
1792	2048	2048	1993	1993	1993
2048	2048	2048	2048	2048	2048
2303	2048	2048	2100	2100	2100
2559	2048	2048	2150	2150	2150
2815	2048	2048	2198	2198	2198
3071	2048	2048	2244	2244	2244
3327	2048	2048	2289	2289	2289
3583	2048	2048	2332	2332	2332
3839	2048	2048	2374	2374	2374
4095	2048	2048	2415	2415	2415
0	2303	2048	1357	1357	1357
256	2303	2048	1669	1669	1669
512	2303	2048	1793	1793	1793
768	2303	2048	1889	1889	1889
1024	2303	2048	1971	1971	1971
1280	2303	2048	2044	2044	2044
1536	2303	2048	2110	2110	2110
1792	2303	2048	2172	2172	2172
2048	2303	2048	2230	2230	2230
2303	2303	2048	2285	2285	2285
2559	2303	2048	2337	2337	2337
2815	2303	2048	2387	2387	2387
3071	2303	2048	2435	2435	2435
3327	2303	2048	2482	2482	2482
3583	2303	2048	2527	2527	2527
3839	2303	2048	2571	2571	2571
4095	2303	2048	2613	2613	2613
0	2559	2048	1495	1495	1495
256	2559	2048	1822	1822	1822
512	2559	2048	1953	1953	1953
768	2559	2048	2053	2053	2053
1024	2559	2048	2139	2139	2139
1280	2559	2048	2215	2215	2215
1536	2559	2048	2285	2285	2285
1792	2559	2048	2349	2349	2349
2048	2559	2048	2410	2410	2410
2303	2559	2048	2467	2467	2467
2559	2559	2048	2521	2521	2521
2815	2559	2048	2573	2573	2573
3071	2559	2048	2624	2624	2624
3327	2559	2048	2672	2672	2672
3583	2559	2048	2719	2719	2719
3839	2559	2048	2765	2765	2765
4095	2559	2048	2809	2809	2809
0	2815	2048	1632	1632	1632
256	2815	2048	1975	1975	1975
512	2815	2048	2111	2111	2111
768	2815	2048	2216	2216	2216
1024	2815	2048	2305	2305	2305
1280	2815	2048	2385	2385	2385
1536	2815	2048	2457	2457	2457
1792	2815	2048	2524	2524	2524
2048	2815	2048	2587	2587	2587
2303	2815	2048	2646	2646	2646
2559	2815	2048	2703	2703	2703
2815	2815	2048	2757	2757	2757
3071	2815	2048	2809	2809	2809
3327	2815	2048	2859	2859	2859
3583	2815	2048	2908	2908	2908
3839	2815	2048	2955	2955	2955
4095	2815	2048	3001	3001	3001
0	3071	2048	1769	1769	1769
256	3071	2048	2126	2126	2126
512	3071	2048	2268	2268	2268
768	3071	2048	2377	2377	2377
1024	3071	2048	2470	2470	2470
1280	3071	2048	2552	2552	2552
1536	3071	2048	2627	2627	2627
1792	3071	2048	2697	2697	2697
2048	3071	2048	2762	2762	2762
2303	3071	2048	2823	2823	2823
2559	3071	2048	2882	2882	2882
2815	3071	2048	2938	2938	2938
3071	3071	2048	2992	2992	2992
3327	3071	2048	3044	3044	3044
3583	3071	2048	3095	3095	3095
3839	3071	2048	3143	3143	3143
4095	3071	2048	3191	3191	3191
0	3327	2048	1905	1905	1905
256	3327	2048	2277	2277	2277
512	3327	2048	2423	2423	2423
768	3327	2048	2537	2537	2537
1024	3327	2048	2633	2633	2633
1280	3327	2048	2718	2718	2718
1536	3327	2048	2796	2796	2796
1792	3327	2048	2867	2867	2867
2048	3327	2048	2935	2935	2935
2303	3327	2048	2998	2998	2998
2559	3327	2048	3059	3059	3059
2815	3327	2048	3117	3117	3117
3071	3327	2048	3173	3173	3173
3327	3327	2048	3226	3226	3226
3583	3327	2048	3278	3278	3278
3839	3327	2048	3329	3329	3329
4095	3327	2048	3378	3378	3378
0	3583	2048	2041	2041	2041
256	3583	2048	2426	2426	2426
512	3583	2048	2578	2578	2578
768	3583	2048	2695	2695	2695
1024	3583	2048	2794	2794	2794
1280	3583	2048	2882	2882	2882
1536	3583	2048	2962	2962	2962
1792	3583	2048	3037	3037	3037
2048	3583	2048	3106	3106	3106
2303	3583	2048	3172	3172	3172
2559	3583	2048	3234	3234	3234
2815	3583	2048	3294	3294	3294
3071	3583	2048	3351	3351	3351
3327	3583	2048	3407	3407	3407
3583	3583	2048	3460	3460	3460
3839	3583	2048	3512	3512	3512
4095	3583	2048	3563	3563	3563
0	3839	2048	2176	2176	2176
256	3839	2048	2575	2575	2575
512	3839	2048	2731	2731	2731
768	3839	2048	2852	2852	2852
1024	3839	2048	2955	2955	2955
1280	3839	2048	3045	3045	3045
1536	3839	2048	3128	3128	3128
1792	3839	2048	3204	3204	3204
2048	3839	2048	3276	3276	3276
2303	3839	2048	3343	3343	3343
2559	3839	2048	3408	3408	3408
2815	3839	2048	3469	3469	3469
3071	3839	2048	3528	3528	3528
3327	3839	2048	3585	3585	3585
3583	3839	2048	3640	3640	3640
3839	3839	2048	3694	3694	3694
4095	3839	2048	3746	3746	3746
0	4095	2048	2311	2311	2311
256	4095	2048	2723	2723	2723
512	4095	2048	2884	2884	2884
768	4095	2048	3008	3008	3008
1024	4095	2048	3114	3114	3114
1280	4095	2048	3207	3207	3207
1536	4095	2048	3292	3292	3292
1792	4095	2048	3371	3371	3371
2048	4095	2048	3444	3444	3444
2303	4095	2048	3513	3513	3513
2559	4095	2048	3580	3580	3580
2815	4095	2048	3643	3643	3643
3071	4095	2048	3703	3703	3703
3327	4095	2048	3762	3762	3762
3583	4095	2048	3818	3818	3818
3839	4095	2048	3873	3873	3873
4095	4095	2048	3927	3927	3927
0	0	2303	7	7	7
256	0	2303	34	34	34
512	0	2303	50	50	50
768	0	2303	65	65	65
1024	0	2303	79	79	79
1280	0	2303	91	91	91
1536	0	2303	104	104	104
1792	0	2303	116	116	116
2048	0	2303	128	128	128
2303	0	2303	140	140	140
2559	0	2303	152	152	152
2815	0	2303	163	163	163
3071	0	2303	174	174	174
3327	0	2303	185	185	185
3583	0	2303	197	197	197
3839	0	2303	208	208	208
4095	0	2303	218	218	218
0	256	2303	208	208	208
256	256	2303	328	328	328
512	256	2303	381	381	381
768	256	2303	423	423	423
1024	256	2303	459	459	459
1280	256	2303	493	493	493
1536	256	2303	523	523	523
1792	256	2303	552	552	552
2048	256	2303	580	580	580
2303	256	2303	606	606	606
2559	256	2303	632	632	632
2815	256	2303	657	657	657
3071	256	2303	681	681	681
3327	256	2303	704	704	704
3583	256	2303	727	727	727
3839	256	2303	749	749	749
4095	256	2303	771	771	771
0	512	2303	366	366	366
256	512	2303	525	525	525
512	512	2303	593	593	593
768	512	2303	646	646	646
1024	512	2303	692	692	692
1280	512	2303	733	733	733
1536	512	2303	771	771	771
1792	512	2303	807	807	807
2048	512	2303	841	841	841
2303	512	2303	873	873	873
2559	512	2303	904	904	904
2815	512	2303	934	934	934
3071	512	2303	963	963	963
3327	512	2303	991	991	991
3583	512	2303	1019	1019	1019
3839	512	2303	1046	1046	1046
4095	512	2303	1072	1072	1072
0	768	2303	517	517	517
256	768	2303	706	706	706
512	768	2303	785	785	785
768	768	2303	847	847	847
1024	768	2303	900	900	900
1280	768	2303	948	948	948
1536	768	2303	991	991	991
1792	768	2303	1032	1032	1032
2048	768	2303	1071	1071	1071
2303	768	2303	1108	1108	1108
2559	768	2303	1143	1143	1143
2815	768	2303	1177	1177	1177
3071	768	2303	1210	1210	1210
3327	768	2303	1242	1242	1242
3583	768	2303	1273	1273	1273
3839	768	2303	1303	1303	1303
4095	768	2303	1333	1333	1333
0	1024	2303	664	664	664
256	1024	2303	879	879	879
512	1024	2303	967	967	967
768	1024	2303	1036	1036	1036
1024	1024	2303	1096	1096	1096
1280	1024	2303	1149	1149	1149
1536	1024	2303	1197	1197	1197
1792	1024	2303	1243	1243	1243
2048	1024	2303	1286	1286	1286
2303	1024	2303	1326	1326	1326
2559	1024	2303	1365	1365	1365
2815	1024	2303	1403	1403	1403
3071	1024	2303	1439	1439	1439
3327	1024	2303	1474	1474	1474
3583	1024	2303	1508	1508	1508
3839	1024	2303	1541	1541	1541
4095	1024	2303	1573	1573	1573
0	1280	2303	808	808	808
256	1280	2303	1046	1046	1046
512	1280	2303	1143	1143	1143
768	1280	2303	1219	1219	1219
1024	1280	2303	1283	1283	1283
1280	1280	2303	1341	1341	1341
1536	1280	2303	1394	1394	1394
1792	1280	2303	1443	1443	1443
2048	1280	2303	1490	1490	1490
2303	1280	2303	1534	1534	1534
2559	1280	2303	1576	1576	1576
2815	1280	2303	1616	1616	1616
3071	1280	2303	1655	1655	1655
3327	1280	2303	1693	1693	1693
3583	1280	2303	1730	1730	1730
3839	1280	2303	1766	1766	1766
4095	1280	2303	1800	1800	1800
0	1536	2303	951	951	951
256	1536	2303	1210	1210	1210
512	1536	2303	1314	1314	1314
768	1536	2303	1396	1396	1396
1024	1536	2303	1465	1465	1465
1280	1536	2303	1527	1527	1527
1536	1536	2303	1584	1584	1584
1792	1536	2303	1637	1637	1637
2048	1536	2303	1687	1687	1687
2303	1536	2303	1734	1734	1734
2559	1536	2303	1779	1779	1779
2815	1536	2303	1822	1822	1822
3071	1536	2303	1864	1864	1864
3327	1536	2303	1904	1904	1904
3583	1536	2303	1943	1943	1943
3839	1536	2303	1981	1981	1981
4095	1536	2303	2018	2018	2018
0	1792	2303	1092	1092	1092
256	1792	2303	1370	1370	1370
512	1792	2303	1482	1482	1482
768	1792	2303	1569	1569	1569
1024	1792	2303	1643	1643	1643
1280	1792	2303	1709	1709	1709
1536	1792	2303	1769	1769	1769
1792	1792	2303	1826	1826	1826
2048	1792	2303	1878	1878	1878
2303	1792	2303	1928	1928	1928
2559	1792	2303	1976	1976	1976
2815	1792	2303	2022	2022	2022
3071	1792	2303	2066	2066	2066
3327	1792	2303	2108	2108	2108
3583	1792	2303	2149	2149	2149
3839	1792	2303	2190	2190	2190
4095	1792	2303	2229	2229	2229
0	2048	2303	1232	1232	1232
256	2048	2303	1528	1528	1528
512	2048	2303	1647	1647	1647
768	2048	2303	1739	1739	1739
1024	2048	2303	1817	1817	1817
1280	2048	2303	1887	1887	1887
1536	2048	2303	1951	1951	1951
1792	2048	2303	2010	2010	2010
2048	2048	2303	2065	2065	2065
2303	2048	2303	2118	2118	2118
2559	2048	2303	2168	2168	2168
2815	2048	2303	2216	2216	2216
3071	2048	2303	2262	2262	2262
3327	2048	2303	2307	2307	2307
3583	2048	2303	2351	2351	2351
3839	2048	2303	2393	2393	2393
4095	2048	2303	2434	2434	2434
0	2303	2303	1371	1371	1371
256	2303	2303	1684	1684	1684
512	2303	2303	1809	1809	1809
768	2303	2303	1905	1905	1905
1024	2303	2303	1988	1988	1988
1280	2303	2303	2061	2061	2061
1536	2303	2303	2128	2128	2128
1792	2303	2303	2190	2190	2190
2048	2303	2303	2248	2248	2248
2303	2303	2303	2303	2303	2303
2559	2303	2303	2356	2356	2356
2815	2303	2303	2406	2406	2406
3071	2303	2303	2454	2454	2454
3327	2303	2303	2501	2501	2501
3583	2303	2303	2546	2546	2546
3839	2303	2303	2590	2590	2590
4095	2303	2303	2633	2633	2633
0	2559	2303	1510	1510	1510
256	2559	2303	1839	1839	1839
512	2559	2303	1969	1969	1969
768	2559	2303	2071	2071	2071
1024	2559	2303	2157	2157	2157
1280	2559	2303	2233	2233	2233
1536	2559	2303	2303	2303	2303
1792	2559	2303	2368	2368	2368
2048	2559	2303	2429	2429	2429
2303	2559	2303	2486	2486	2486
2559	2559	2303	2541	2541	2541
2815	2559	2303	2593	2593	2593
3071	2559	2303	2644	2644	2644
3327	2559	2303	2692	2692	2692
3583	2559	2303	2739	2739	2739
3839	2559	2303	2785	2785	2785
4095	2559	2303	2830	2830	2830
0	2815	2303	1648	1648	1648
256	2815	2303	1992	1992	1992
512	2815	2303	2128	2128	2128
768	2815	2303	2234	2234	2234
1024	2815	2303	2324	2324	2324
1280	2815	2303	2403	2403	2403
1536	2815	2303	2476	2476	2476
1792	2815	2303	2543	2543	2543
2048	2815	2303	2606	2606	2606
2303	2815	2303	2666	2666	2666
2559	2815	2303	2723	2723	2723
2815	2815	2303	2777	2777	2777
3071	2815	2303	2830	2830	2830
3327	2815	2303	2880	2880	2880
3583	2815	2303	2929	2929	2929
3839	2815	2303	2977	2977	2977
4095	2815	2303	3023	3023	3023
0	3071	2303	1785	1785	1785
256	3071	2303	2144	2144	2144
512	3071	2303	2286	2286	2286
768	3071	2303	2396	2396	2396
1024	3071	2303	2489	2489	2489
1280	3071	2303	2572	2572	2572
1536	3071	2303	2647	2647	2647
1792	3071	2303	2717	2717	2717
2048	3071	2303	2782	2782	2782
2303	3071	2303	2844	2844	2844
2559	3071	2303	2903	2903	2903
2815	3071	2303	2959	2959	2959
3071	3071	2303	3013	3013	3013
3327	3071	2303	3066	3066	3066
3583	3071	2303	3116	3116	3116
3839	3071	2303	3165	3165	3165
4095	3071	2303	3213	3213	3213
0	3327	2303	1922	1922	1922
256	3327	2303	2295	2295	2295
512	3327	2303	2442	2442	2442
768	3327	2303	2556	2556	2556
1024	3327	2303	2652	2652	2652
1280	3327	2303	2738	2738	2738
1536	3327	2303	2816	2816	2816
1792	3327	2303	2888	2888	2888
2048	3327	2303	2956	2956	2956
2303	3327	2303	3020	3020	3020
2559	3327	2303	3080	3080	3080
2815	3327	2303	3139	3139	3139
3071	3327	2303	3195	3195	3195
3327	3327	2303	3249	3249	3249
3583	3327	2303	3301	3301	3301
3839	3327	2303	3351	3351	3351
4095	3327	2303	3401	3401	3401
0	3583	2303	2058	2058	2058
256	3583	2303	2445	2445	2445
512	3583	2303	2598	2598	2598
768	3583	2303	2715	2715	2715
1024	3583	2303	2815	2815	2815
1280	3583	2303	2903	2903	2903
1536	3583	2303	2984	2984	2984
1792	3583	2303	3058	3058	3058
2048	3583	2303	3128	3128	3128
2303	3583	2303	3194	3194	3194
2559	3583	2303	3256	3256	3256
2815	3583	2303	3316	3316	3316
3071	3583	2303	3374	3374	3374
3327	3583	2303	3430	3430	3430
3583	3583	2303	3483	3483	3483
3839	3583	2303	3535	3535	3535
4095	3583	2303	3586	3586	3586
0	3839	2303	2194	2194	2194
256	3839	2303	2594	2594	2594
512	3839	2303	2752	2752	2752
768	3839	2303	2873	2873	2873
1024	3839	2303	2976	2976	2976
1280	3839	2303	3067	3067	3067
1536	3839	2303	3150	3150	3150
1792	3839	2303	3226	3226	3226
2048	3839	2303	3298	3298	3298
2303	3839	2303	3366	3366	3366
2559	3839	2303	3430	3430	3430
2815	3839	2303	3492	3492	3492
3071	3839	2303	3551	3551	3551
3327	3839	2303	3609	3609	3609
3583	3839	2303	3664	3664	3664
3839	3839	2303	3718	3718	3718
4095	3839	2303	3770	3770	3770
0	4095	2303	2330	2330	2330
256	4095	2303	2743	2743	2743
512	4095	2303	2905	2905	2905
768	4095	2303	3030	3030	3030
1024	4095	2303	3136	3136	3136
1280	4095	2303	3229	3229	3229
1536	4095	2303	3315	3315	3315
1792	4095	2303	3393	3393	3393
2048	4095	2303	3467	3467	3467
2303	4095	2303	3537	3537	3537
2559	4095	2303	3603	3603	3603
2815	4095	2303	3666	3666	3666
3071	4095	2303	3727	3727	3727
3327	4095	2303	3786	3786	3786
3583	4095	2303	3843	3843	3843
3839	4095	2303	3898	3898	3898
4095	4095	2303	3951	3951	3951
0	0	2559	7	7	7
256	0	2559	36	36	36
512	0	2559	53	53	53
768	0	2559	67	67	67
1024	0	2559	81	81	81
1280	0	2559	95	95	95
1536	0	2559	107	107	107
1792	0	2559	120	120	120
2048	0	2559	132	132	132
2303	0	2559	144	144	144
2559	0	2559	156	156	156
2815	0	2559	167	167	167
3071	0	2559	179	179	179
3327	0	2559	190	190	190
3583	0	2559	201	201	201
3839	0	2559	212	212	212
4095	0	2559	223	223	223
0	256	2559	213	213	213
256	256	2559	335	335	335
512	256	2559	387	387	387
768	256	2559	430	430	430
1024	256	2559	467	467	467
1280	256	2559	500	500	500
1536	256	2559	531	531	531
1792	256	2559	561	561	561
2048	256	2559	588	588	588
2303	256	2559	615	615	615
2559	256	2559	641	641	641
2815	256	2559	665	665	665
3071	256	2559	690	690	690
3327	256	2559	713	713	713
3583	256	2559	736	736	736
3839	256	2559	758	758	758
4095	256	2559	780	780	780
0	512	2559	373	373	373
256	512	2559	533	533	533
512	512	2559	601	601	601
768	512	2559	654	654	654
1024	512	2559	701	701	701
1280	512	2559	742	742	742
1536	512	2559	781	781	781
1792	512	2559	817	817	817
2048	512	2559	851	851	851
2303	512	2559	883	883	883
2559	512	2559	915	915	915
2815	512	2559	945	945	945
3071	512	2559	974	974	974
3327	512	2559	1002	1002	1002
3583	512	2559	1030	1030	1030
3839	512	2559	1057	1057	1057
4095	512	2559	1083	1083	1083
0	768	2559	525	525	525
256	768	2559	716	716	716
512	768	2559	795	795	795
768	768	2559	857	857	857
1024	768	2559	910	910	910
1280	768	2559	958	958	958
1536	768	2559	1002	1002	1002
1792	768	2559	1044	1044	1044
2048	768	2559	1083	1083	1083
2303	768	2559	1120	1120	1120
2559	768	2559	1155	1155	1155
2815	768	2559	1189	1189	1189
3071	768	2559	1222	1222	1222
3327	768	2559	1255	1255	1255
3583	768	2559	1286	1286	1286
3839	768	2559	1316	1316	1316
4095	768	2559	1346	1346	1346
0	1024	2559	673	673	673
256	1024	2559	889	889	889
512	1024	2559	978	978	978
768	1024	2559	1048	1048	1048
1024	1024	2559	1107	1107	1107
1280	1024	2559	1161	1161	1161
1536	1024	2559	1210	1210	1210
1792	1024	2559	1255	1255	1255
2048	1024	2559	1298	1298	1298
2303	1024	2559	1339	1339	1339
2559	1024	2559	1378	1378	1378
2815	1024	2559	1416	1416	1416
3071	1024	2559	1452	1452	1452
3327	1024	2559	1487	1487	1487
3583	1024	2559	1522	1522	1522
3839	1024	2559	1555	1555	1555
4095	1024	2559	1587	1587	1587
0	1280	2559	818	818	818
256	1280	2559	1058	1058	1058
512	1280	2559	1155	1155	1155
768	1280	2559	1231	1231	1231
1024	1280	2559	1296	1296	1296
1280	1280	2559	1354	1354	1354
1536	1280	2559	1407	1407	1407
1792	1280	2559	1457	1457	1457
2048	1280	2559	1504	1504	1504
2303	1280	2559	1548	1548	1548
2559	1280	2559	1590	1590	1590
2815	1280	2559	1631	1631	1631
3071	1280	2559	1670	1670	1670
3327	1280	2559	1708	1708	1708
3583	1280	2559	1745	1745	1745
3839	1280	2559	1781	1781	1781
4095	1280	2559	1816	1816	1816
0	1536	2559	962	962	962
256	1536	2559	1222	1222	1222
512	1536	2559	1327	1327	1327
768	1536	2559	1409	1409	1409
1024	1536	2559	1479	1479	1479
1280	1536	2559	1541	1541	1541
1536	1536	2559	1598	1598	1598
1792	1536	2559	1652	1652	1652
2048	1536	2559	1702	1702	1702
2303	1536	2559	1749	1749	1749
2559	1536	2559	1794	1794	1794
2815	1536	2559	1837	1837	1837
3071	1536	2559	1879	1879	1879
3327	1536	2559	1920	1920	1920
3583	1536	2559	1959	1959	1959
3839	1536	2559	1997	1997	1997
4095	1536	2559	2034	2034	2034
0	1792	2559	1104	1104	1104
256	1792	2559	1383	1383	1383
512	1792	2559	1496	1496	1496
768	1792	2559	1583	1583	1583
1024	1792	2559	1657	1657	1657
1280	1792	2559	1724	1724	1724
1536	1792	2559	1784	1784	1784
1792	1792	2559	1841	1841	1841
2048	1792	2559	1894	1894	1894
2303	1792	2559	1944	1944	1944
2559	1792	2559	1992	1992	1992
2815	1792	2559	2038	2038	2038
3071	1792	2559	2082	2082	2082
3327	1792	2559	2125	2125	2125
3583	1792	2559	2166	2166	2166
3839	1792	2559	2207	2207	2207
4095	1792	2559	2246	2246	2246
0	2048	2559	1245	1245	1245
256	2048	2559	1542	1542	1542
512	2048	2559	1661	1661	1661
768	2048	2559	1754	1754	1754
1024	2048	2559	1832	1832	1832
1280	2048	2559	1903	1903	1903
1536	2048	2559	1967	1967	1967
1792	2048	2559	2026	2026	2026
2048	2048	2559	2082	2082	2082
2303	2048	2559	2134	2134	2134
2559	2048	2559	2185	2185	2185
2815	2048	2559	2233	2233	2233
3071	2048	2559	2280	2280	2280
3327	2048	2559	2325	2325	2325
3583	2048	2559	2368	2368	2368
3839	2048	2559	2410	2410	2410
4095	2048	2559	2452	2452	2452
0	2303	2559	1384	1384	1384
256	2303	2559	1699	1699	1699
512	2303	2559	1824	1824	1824
768	2303	2559	1921	1921	1921
1024	2303	2559	2004	2004	2004
1280	2303	2559	2077	2077	2077
1536	2303	2559	2145	2145	2145
1792	2303	2559	2207	2207	2207
2048	2303	2559	2265	2265	2265
2303	2303	2559	2320	2320	2320
2559	2303	2559	2373	2373	2373
2815	2303	2559	2424	2424	2424
3071	2303	2559	2472	2472	2472
3327	2303	2559	2519	2519	2519
3583	2303	2559	2565	2565	2565
3839	2303	2559	2609	2609	2609
4095	2303	2559	2652	2652	2652
0	2559	2559	1524	1524	1524
256	2559	2559	1854	1854	1854
512	2559	2559	1985	1985	1985
768	2559	2559	2087	2087	2087
1024	2559	2559	2174	2174	2174
1280	2559	2559	2250	2250	2250
1536	2559	2559	2321	2321	2321
1792	2559	2559	2386	2386	2386
2048	2559	2559	2447	2447	2447
2303	2559	2559	2504	2504	2504
2559	2559	2559	2559	2559	2559
2815	2559	2559	2612	2612	2612
3071	2559	2559	2662	2662	2662
3327	2559	2559	2711	2711	2711
3583	2559	2559	2759	2759	2759
3839	2559	2559	2804	2804	2804
4095	2559	2559	2849	2849	2849
0	2815	2559	1662	1662	1662
256	2815	2559	2008	2008	2008
512	2815	2559	2145	2145	2145
768	2815	2559	2251	2251	2251
1024	2815	2559	2341	2341	2341
1280	2815	2559	2421	2421	2421
1536	2815	2559	2494	2494	2494
1792	2815	2559	2562	2562	2562
2048	2815	2559	2625	2625	2625
2303	2815	2559	2685	2685	2685
2559	2815	2559	2742	2742	2742
2815	2815	2559	2797	2797	2797
3071	2815	2559	2849	2849	2849
3327	2815	2559	2900	2900	2900
3583	2815	2559	2949	2949	2949
3839	2815	2559	2997	2997	2997
4095	2815	2559	3043	3043	3043
0	3071	2559	1800	1800	1800
256	3071	2559	2161	2161	2161
512	3071	2559	2303	2303	2303
768	3071	2559	2414	2414	2414
1024	3071	2559	2507	2507	2507
1280	3071	2559	2590	2590	2590
1536	3071	2559	2666	2666	2666
1792	3071	2559	2736	2736	2736
2048	3071	2559	2802	2802	2802
2303	3071	2559	2863	2863	2863
2559	3071	2559	2923	2923	2923
2815	3071	2559	2979	2979	2979
3071	3071	2559	3033	3033	3033
3327	3071	2559	3086	3086	3086
3583	3071	2559	3137	3137	3137
3839	3071	2559	3186	3186	3186
4095	3071	2559	3234	3234	3234
0	3327	2559	1938	1938	1938
256	3327	2559	2312	2312	2312
512	3327	2559	2460	2460	2460
768	3327	2559	2574	2574	2574
1024	3327	2559	2671	2671	2671
1280	3327	2559	2757	2757	2757
1536	3327	2559	2836	2836	2836
1792	3327	2559	2908	2908	2908
2048	3327	2559	2976	2976	2976
2303	3327	2559	3040	3040	3040
2559	3327	2559	3101	3101	3101
2815	3327	2559	3159	3159	3159
3071	3327	2559	3215	3215	3215
3327	3327	2559	3270	3270	3270
3583	3327	2559	3322	3322	3322
3839	3327	2559	3373	3373	3373
4095	3327	2559	3422	3422	3422
0	3583	2559	2075	2075	2075
256	3583	2559	2463	2463	2463
512	3583	2559	2616	2616	2616
768	3583	2559	2734	2734	2734
1024	3583	2559	2834	2834	2834
1280	3583	2559	2923	2923	2923
1536	3583	2559	3004	3004	3004
1792	3583	2559	3078	3078	3078
2048	3583	2559	3148	3148	3148
2303	3583	2559	3214	3214	3214
2559	3583	2559	3277	3277	3277
2815	3583	2559	3338	3338	3338
3071	3583	2559	3395	3395	3395
3327	3583	2559	3451	3451	3451
3583	3583	2559	3505	3505	3505
3839	3583	2559	3558	3558	3558
4095	3583	2559	3608	3608	3608
0	3839	2559	2211	2211	2211
256	3839	2559	2613	2613	2613
512	3839	2559	2771	2771	2771
768	3839	2559	2893	2893	2893
1024	3839	2559	2996	2996	2996
1280	3839	2559	3087	3087	3087
1536	3839	2559	3170	3170	3170
1792	3839	2559	3247	3247	3247
2048	3839	2559	3319	3319	3319
2303	3839	2559	3387	3387	3387
2559	3839	2559	3452	3452	3452
2815	3839	2559	3514	3514	3514
3071	3839	2559	3574	3574	3574
3327	3839	2559	3631	3631	3631
3583	3839	2559	3686	3686	3686
3839	3839	2559	3740	3740	3740
4095	3839	2559	3792	3792	3792
0	4095	2559	2347	2347	2347
256	4095	2559	2762	2762	2762
512	4095	2559	2925	2925	2925
768	4095	2559	3050	3050	3050
1024	4095	2559	3156	3156	3156
1280	4095	2559	3250	3250	3250
1536	4095	2559	3336	3336	3336
1792	4095	2559	3415	3415	3415
2048	4095	2559	3489	3489	3489
2303	4095	2559	3559	3559	3559
2559	4095	2559	3625	3625	3625
2815	4095	2559	3689	3689	3689
3071	4095	2559	3750	3750	3750
3327	4095	2559	3809	3809	3809
3583	4095	2559	3866	3866	3866
3839	4095	2559	3921	3921	3921
4095	4095	2559	3975	3975	3975
0	0	2815	8	8	8
256	0	2815	38	38	38
512	0	2815	55	55	55
768	0	2815	70	70	70
1024	0	2815	84	84	84
1280	0	2815	97	97	97
1536	0	2815	110	110	110
1792	0	2815	123	123	123
2048	0	2815	135	135	135
2303	0	2815	147	147	147
2559	0	2815	159	159	159
2815	0	2815	171	171	171
3071	0	2815	183	183	183
3327	0	2815	194	194	194
3583	0	2815	206	206	206
3839	0	2815	217	217	217
4095	0	2815	228	228	228
0	256	2815	217	217	217
256	256	2815	340	340	340
512	256	2815	394	394	394
768	256	2815	436	436	436
1024	256	2815	473	473	473
1280	256	2815	507	507	507
1536	256	2815	539	539	539
1792	256	2815	568	568	568
2048	256	2815	596	596	596
2303	256	2815	623	623	623
2559	256	2815	649	649	649
2815	256	2815	674	674	674
3071	256	2815	698	698	698
3327	256	2815	722	722	722
3583	256	2815	745	745	745
3839	256	2815	768	768	768
4095	256	2815	790	790	790
0	512	2815	379	379	379
256	512	2815	541	541	541
512	512	2815	609	609	609
768	512	2815	663	663	663
1024	512	2815	709	709	709
1280	512	2815	751	751	751
1536	512	2815	790	790	790
1792	512	2815	826	826	826
2048	512	2815	861	861	861
2303	512	2815	893	893	893
2559	512	2815	925	925	925
2815	512	2815	955	955	955
3071	512	2815	984	984	984
3327	512	2815	1013	1013	1013
3583	512	2815	1041	1041	1041
3839	512	2815	1068	1068	1068
4095	512	2815	1094	1094	1094
0	768	2815	532	532	532
256	768	2815	724	724	724
512	768	2815	804	804	804
768	768	2815	866	866	866
1024	768	2815	920	920	920
1280	768	2815	969	969	969
1536	768	2815	1013	1013	1013
1792	768	2815	1054	1054	1054
2048	768	2815	1094	1094	1094
2303	768	2815	1131	1131	1131
2559	768	2815	1167	1167	1167
2815	768	2815	1201	1201	1201
3071	768	2815	1234	1234	1234
3327	768	2815	1266	1266	1266
3583	768	2815	1298	1298	1298
3839	768	2815	1328	1328	1328
4095	768	2815	1358	1358	1358
0	1024	2815	681	681	681
256	1024	2815	899	899	899
512	1024	2815	989	989	989
768	1024	2815	1058	1058	1058
1024	1024	2815	1118	1118	1118
1280	1024	2815	1172	1172	1172
1536	1024	2815	1221	1221	1221
1792	1024	2815	1267	1267	1267
2048	1024	2815	1310	1310	1310
2303	1024	2815	1351	1351	1351
2559	1024	2815	1391	1391	1391
2815	1024	2815	1429	1429	1429
3071	1024	2815	1465	1465	1465
3327	1024	2815	1500	1500	1500
3583	1024	2815	1535	1535	1535
3839	1024	2815	1568	1568	1568
4095	1024	2815	1601	1601	1601
0	1280	2815	828	828	828
256	1280	2815	1069	1069	1069
512	1280	2815	1166	1166	1166
768	1280	2815	1243	1243	1243
1024	1280	2815	1308	1308	1308
1280	1280	2815	1366	1366	1366
1536	1280	2815	1420	1420	1420
1792	1280	2815	1470	1470	1470
2048	1280	2815	1517	1517	1517
2303	1280	2815	1561	1561	1561
2559	1280	2815	1604	1604	1604
2815	1280	2815	1644	1644	1644
3071	1280	2815	1684	1684	1684
3327	1280	2815	1722	1722	1722
3583	1280	2815	1759	1759	1759
3839	1280	2815	1795	1795	1795
4095	1280	2815	1830	1830	1830
0	1536	2815	972	972	972
256	1536	2815	1234	1234	1234
512	1536	2815	1339	1339	1339
768	1536	2815	1422	1422	1422
1024	1536	2815	1492	1492	1492
1280	1536	2815	1555	1555	1555
1536	1536	2815	1612	1612	1612
1792	1536	2815	1665	1665	1665
2048	1536	2815	1716	1716	1716
2303	1536	2815	1763	1763	1763
2559	1536	2815	1808	1808	1808
2815	1536	2815	1852	1852	1852
3071	1536	2815	1894	1894	1894
3327	1536	2815	1935	1935	1935
3583	1536	2815	1974	1974	1974
3839	1536	2815	2012	2012	2012
4095	1536	2815	2050	2050	2050
0	1792	2815	1115	1115	1115
256	1792	2815	1396	1396	1396
512	1792	2815	1509	1509	1509
768	1792	2815	1596	1596	1596
1024	1792	2815	1671	1671	1671
1280	1792	2815	1738	1738	1738
1536	1792	2815	1799	1799	1799
1792	1792	2815	1855	1855	1855
2048	1792	2815	1909	1909	1909
2303	1792	2815	1959	1959	1959
2559	1792	2815	2007	2007	2007
2815	1792	2815	2053	2053	2053
3071	1792	2815	2098	2098	2098
3327	1792	2815	2141	2141	2141
3583	1792	2815	2182	2182	2182
3839	1792	2815	2223	2223	2223
4095	1792	2815	2262	2262	2262
0	2048	2815	1257	1257	1257
256	2048	2815	1556	1556	1556
512	2048	2815	1675	1675	1675
768	2048	2815	1768	1768	1768
1024	2048	2815	1847	1847	1847
1280	2048	2815	1917	1917	1917
1536	2048	2815	1982	1982	1982
1792	2048	2815	2041	2041	2041
2048	2048	2815	2097	2097	2097
2303	2048	2815	2150	2150	2150
2559	2048	2815	2201	2201	2201
2815	2048	2815	2249	2249	2249
3071	2048	2815	2296	2296	2296
3327	2048	2815	2341	2341	2341
3583	2048	2815	2385	2385	2385
3839	2048	2815	2427	2427	2427
4095	2048	2815	2469	2469	2469
0	2303	2815	1397	1397	1397
256	2303	2815	1713	1713	1713
512	2303	2815	1839	1839	1839
768	2303	2815	1936	1936	1936
1024	2303	2815	2019	2019	2019
1280	2303	2815	2093	2093	2093
1536	2303	2815	2160	2160	2160
1792	2303	2815	2223	2223	2223
2048	2303	2815	2282	2282	2282
2303	2303	2815	2337	2337	2337
2559	2303	2815	2390	2390	2390
2815	2303	2815	2441	2441	2441
3071	2303	2815	2490	2490	2490
3327	2303	2815	2537	2537	2537
3583	2303	2815	2582	2582	2582
3839	2303	2815	2627	2627	2627
4095	2303	2815	2670	2670	2670
0	2559	2815	1537	1537	1537
256	2559	2815	1869	1869	1869
512	2559	2815	2001	2001	2001
768	2559	2815	2103	2103	2103
1024	2559	2815	2190	2190	2190
1280	2559	2815	2267	2267	2267
1536	2559	2815	2337	2337	2337
1792	2559	2815	2402	2402	2402
2048	2559	2815	2464	2464	2464
2303	2559	2815	2521	2521	2521
2559	2559	2815	2576	2576	2576
2815	2559	2815	2629	2629	2629
3071	2559	2815	2680	2680	2680
3327	2559	2815	2729	2729	2729
3583	2559	2815	2777	2777	2777
3839	2559	2815	2823	2823	2823
4095	2559	2815	2868	2868	2868
0	2815	2815	1676	1676	1676
256	2815	2815	2023	2023	2023
512	2815	2815	2161	2161	2161
768	2815	2815	2267	2267	2267
1024	2815	2815	2358	2358	2358
1280	2815	2815	2438	2438	2438
1536	2815	2815	2511	2511	2511
1792	2815	2815	2579	2579	2579
2048	2815	2815	2643	2643	2643
2303	2815	2815	2703	2703	2703
2559	2815	2815	2760	2760	2760
2815	2815	2815	2815	2815	2815
3071	2815	2815	2868	2868	2868
3327	2815	2815	2919	2919	2919
3583	2815	2815	2968	2968	2968
3839	2815	2815	3016	3016	3016
4095	2815	2815	3062	3062	3062
0	3071	2815	1815	1815	1815
256	3071	2815	2177	2177	2177
512	3071	2815	2320	2320	2320
768	3071	2815	2430	2430	2430
1024	3071	2815	2524	2524	2524
1280	3071	2815	2608	2608	2608
1536	3071	2815	2684	2684	2684
1792	3071	2815	2754	2754	2754
2048	3071	2815	2820	2820	2820
2303	3071	2815	2882	2882	2882
2559	3071	2815	2941	2941	2941
2815	3071	2815	2998	2998	2998
3071	3071	2815	3053	3053	3053
3327	3071	2815	3105	3105	3105
3583	3071	2815	3156	3156	3156
3839	3071	2815	3206	3206	3206
4095	3071	2815	3254	3254	3254
0	3327	2815	1953	1953	1953
256	3327	2815	2329	2329	2329
512	3327	2815	2477	2477	2477
768	3327	2815	2592	2592	2592
1024	3327	2815	2689	2689	2689
1280	3327	2815	2775	2775	2775
1536	3327	2815	2854	2854	2854
1792	3327	2815	2927	2927	2927
2048	3327	2815	2995	2995	2995
2303	3327	2815	3059	3059	3059
2559	3327	2815	3120	3120	3120
2815	3327	2815	3179	3179	3179
3071	3327	2815	3235	3235	3235
3327	3327	2815	3290	3290	3290
3583	3327	2815	3342	3342	3342
3839	3327	2815	3393	3393	3393
4095	3327	2815	3443	3443	3443
0	3583	2815	2090	2090	2090
256	3583	2815	2480	2480	2480
512	3583	2815	2634	2634	2634
768	3583	2815	2752	2752	2752
1024	3583	2815	2853	2853	2853
1280	3583	2815	2942	2942	2942
1536	3583	2815	3023	3023	3023
1792	3583	2815	3098	3098	3098
2048	3583	2815	3168	3168	3168
2303	3583	2815	3234	3234	3234
2559	3583	2815	3297	3297	3297
2815	3583	2815	3358	3358	3358
3071	3583	2815	3416	3416	3416
3327	3583	2815	3472	3472	3472
3583	3583	2815	3526	3526	3526
3839	3583	2815	3578	3578	3578
4095	3583	2815	3629	3629	3629
0	3839	2815	2227	2227	2227
256	3839	2815	2631	2631	2631
512	3839	2815	2789	2789	2789
768	3839	2815	2911	2911	2911
1024	3839	2815	3015	3015	3015
1280	3839	2815	3107	3107	3107
1536	3839	2815	3190	3190	3190
1792	3839	2815	3267	3267	3267
2048	3839	2815	3340	3340	3340
2303	3839	2815	3408	3408	3408
2559	3839	2815	3473	3473	3473
2815	3839	2815	3535	3535	3535
3071	3839	2815	3595	3595	3595
3327	3839	2815	3652	3652	3652
3583	3839	2815	3708	3708	3708
3839	3839	2815	3762	3762	3762
4095	3839	2815	3814	3814	3814
0	4095	2815	2364	2364	2364
256	4095	2815	2780	2780	2780
512	4095	2815	2944	2944	2944
768	4095	2815	3069	3069	3069
1024	4095	2815	3176	3176	3176
1280	4095	2815	3270	3270	3270
1536	4095	2815	3356	3356	3356
1792	4095	2815	3435	3435	3435
2048	4095	2815	3510	3510	3510
2303	4095	2815	3580	3580	3580
2559	4095	2815	3646	3646	3646
2815	4095	2815	3710	3710	3710
3071	4095	2815	3772	3772	3772
3327	4095	2815	3831	3831	3831
3583	4095	2815	3888	3888	3888
3839	4095	2815	3943	3943	3943
4095	4095	2815	3997	3997	3997
0	0	3071	9	9	9
256	0	3071	39	39	39
512	0	3071	57	57	57
768	0	3071	72	72	72
1024	0	3071	87	87	87
1280	0	3071	100	100	100
1536	0	3071	113	113	113
1792	0	3071	126	126	126
2048	0	3071	139	139	139
2303	0	3071	151	151	151
2559	0	3071	163	163	163
2815	0	3071	175	175	175
3071	0	3071	187	187	187
3327	0	3071	198	198	198
3583	0	3071	210	210	210
3839	0	3071	221	221	221
4095	0	3071	232	232	232
0	256	3071	222	222	222
256	256	3071	346	346	346
512	256	3071	400	400	400
768	256	3071	443	443	443
1024	256	3071	480	480	480
1280	256	3071	514	514	514
1536	256	3071	546	546	546
1792	256	3071	575	575	575
2048	256	3071	604	604	604
2303	256	3071	631	631	631
2559	256	3071	657	657	657
2815	256	3071	682	682	682
3071	256	3071	706	706	706
3327	256	3071	730	730	730
3583	256	3071	753	753	753
3839	256	3071	776	776	776
4095	256	3071	798	798	798
0	512	3071	385	385	385
256	512	3071	548	548	548
512	512	3071	616	616	616
768	512	3071	671	671	671
1024	512	3071	718	718	718
1280	512	3071	760	760	760
1536	512	3071	799	799	799
1792	512	3071	835	835	835
2048	512	3071	870	870	870
2303	512	3071	903	903	903
2559	512	3071	934	934	934
2815	512	3071	965	965	965
3071	512	3071	994	994	994
3327	512	3071	1023	1023	1023
3583	512	3071	1051	1051	1051
3839	512	3071	1078	1078	1078
4095	512	3071	1105	1105	1105
0	768	3071	539	539	539
256	768	3071	733	733	733
512	768	3071	813	813	813
768	768	3071	876	876	876
1024	768	3071	930	930	930
1280	768	3071	978	978	978
1536	768	3071	1023	1023	1023
1792	768	3071	1065	1065	1065
2048	768	3071	1104	1104	1104
2303	768	3071	1141	1141	1141
2559	768	3071	1177	1177	1177
2815	768	3071	1212	1212	1212
3071	768	3071	1245	1245	1245
3327	768	3071	1278	1278	1278
3583	768	3071	1309	1309	1309
3839	768	3071	1340	1340	1340
4095	768	3071	1370	1370	1370
0	1024	3071	689	689	689
256	1024	3071	909	909	909
512	1024	3071	998	998	998
768	1024	3071	1069	1069	1069
1024	1024	3071	1129	1129	1129
1280	1024	3071	1183	1183	1183
1536	1024	3071	1232	1232	1232
1792	1024	3071	1278	1278	1278
2048	1024	3071	1322	1322	1322
2303	1024	3071	1363	1363	1363
2559	1024	3071	1403	1403	1403
2815	1024	3071	1441	1441	1441
3071	1024	3071	1477	1477	1477
3327	1024	3071	1513	1513	1513
3583	1024	3071	1547	1547	1547
3839	1024	3071	1581	1581	1581
4095	1024	3071	1614	1614	1614
0	1280	3071	837	837	837
256	1280	3071	1079	1079	1079
512	1280	3071	1177	1177	1177
768	1280	3071	1254	1254	1254
1024	1280	3071	1320	1320	1320
1280	1280	3071	1378	1378	1378
1536	1280	3071	1432	1432	1432
1792	1280	3071	1482	1482	1482
2048	1280	3071	1529	1529	1529
2303	1280	3071	1574	1574	1574
2559	1280	3071	1616	1616	1616
2815	1280	3071	1658	1658	1658
3071	1280	3071	1697	1697	1697
3327	1280	3071	1735	1735	1735
3583	1280	3071	1773	1773	1773
3839	1280	3071	1809	1809	1809
4095	1280	3071	1844	1844	1844
0	1536	3071	982	982	982
256	1536	3071	1245	1245	1245
512	1536	3071	1351	1351	1351
768	1536	3071	1434	1434	1434
1024	1536	3071	1504	1504	1504
1280	1536	3071	1567	1567	1567
1536	1536	3071	1625	1625	1625
1792	1536	3071	1679	1679	1679
2048	1536	3071	1729	1729	1729
2303	1536	3071	1777	1777	1777
2559	1536	3071	1822	1822	1822
2815	1536	3071	1866	1866	1866
3071	1536	3071	1908	1908	1908
3327	1536	3071	1949	1949	1949
3583	1536	3071	1989	1989	1989
3839	1536	3071	2027	2027	2027
4095	1536	3071	2064	2064	2064
0	1792	3071	1125	1125	1125
256	1792	3071	1408	1408	1408
512	1792	3071	1521	1521	1521
768	1792	3071	1609	1609	1609
1024	1792	3071	1684	1684	1684
1280	1792	3071	1751	1751	1751
1536	1792	3071	1813	1813	1813
1792	1792	3071	1869	1869	1869
2048	1792	3071	1923	1923	1923
2303	1792	3071	1973	1973	1973
2559	1792	3071	2022	2022	2022
2815	1792	3071	2068	2068	2068
3071	1792	3071	2113	2113	2113
3327	1792	3071	2156	2156	2156
3583	1792	3071	2198	2198	2198
3839	1792	3071	2238	2238	2238
4095	1792	3071	2278	2278	2278
0	2048	3071	1268	1268	1268
256	2048	3071	1568	1568	1568
512	2048	3071	1688	1688	1688
768	2048	3071	1782	1782	1782
1024	2048	3071	1861	1861	1861
1280	2048	3071	1932	1932	1932
1536	2048	3071	1996	1996	1996
1792	2048	3071	2056	2056	2056
2048	2048	3071	2112	2112	2112
2303	2048	3071	2165	2165	2165
2559	2048	3071	2216	2216	2216
2815	2048	3071	2265	2265	2265
3071	2048	3071	2312	2312	2312
3327	2048	3071	2357	2357	2357
3583	2048	3071	2401	2401	2401
3839	2048	3071	2444	2444	2444
4095	2048	3071	2485	2485	2485
0	2303	3071	1409	1409	1409
256	2303	3071	1726	1726	1726
512	2303	3071	1853	1853	1853
768	2303	3071	1950	1950	1950
1024	2303	3071	2034	2034	2034
1280	2303	3071	2108	2108	2108
1536	2303	3071	2176	2176	2176
1792	2303	3071	2238	2238	2238
2048	2303	3071	2297	2297	2297
2303	2303	3071	2353	2353	2353
2559	2303	3071	2406	2406	2406
2815	2303	3071	2457	2457	2457
3071	2303	3071	2506	2506	2506
3327	2303	3071	2553	2553	2553
3583	2303	3071	2599	2599	2599
3839	2303	3071	2644	2644	2644
4095	2303	3071	2687	2687	2687
0	2559	3071	1549	1549	1549
256	2559	3071	1883	1883	1883
512	2559	3071	2015	2015	2015
768	2559	3071	2118	2118	2118
1024	2559	3071	2205	2205	2205
1280	2559	3071	2282	2282	2282
1536	2559	3071	2353	2353	2353
1792	2559	3071	2418	2418	2418
2048	2559	3071	2480	2480	2480
2303	2559	3071	2538	2538	2538
2559	2559	3071	2593	2593	2593
2815	2559	3071	2646	2646	2646
3071	2559	3071	2697	2697	2697
3327	2559	3071	2746	2746	2746
3583	2559	3071	2794	2794	2794
3839	2559	3071	2840	2840	2840
4095	2559	3071	2885	2885	2885
0	2815	3071	1689	1689	1689
256	2815	3071	2038	2038	2038
512	2815	3071	2176	2176	2176
768	2815	3071	2283	2283	2283
1024	2815	3071	2374	2374	2374
1280	2815	3071	2454	2454	2454
1536	2815	3071	2528	2528	2528
1792	2815	3071	2596	2596	2596
2048	2815	3071	2660	2660	2660
2303	2815	3071	2720	2720	2720
2559	2815	3071	2777	2777	2777
2815	2815	3071	2833	2833	2833
3071	2815	3071	2885	2885	2885
3327	2815	3071	2937	2937	2937
3583	2815	3071	2986	2986	2986
3839	2815	3071	3034	3034	3034
4095	2815	3071	3081	3081	3081
0	3071	3071	1828	1828	1828
256	3071	3071	2192	2192	2192
512	3071	3071	2336	2336	2336
768	3071	3071	2447	2447	2447
1024	3071	3071	2541	2541	2541
1280	3071	3071	2625	2625	2625
1536	3071	3071	2701	2701	2701
1792	3071	3071	2771	2771	2771
2048	3071	3071	2837	2837	2837
2303	3071	3071	2900	2900	2900
2559	3071	3071	2959	2959	2959
2815	3071	3071	3016	3016	3016
3071	3071	3071	3071	3071	3071
3327	3071	3071	3124	3124	3124
3583	3071	3071	3175	3175	3175
3839	3071	3071	3225	3225	3225
4095	3071	3071	3273	3273	3273
0	3327	3071	1967	1967	1967
256	3327	3071	2345	2345	2345
512	3327	3071	2494	2494	2494
768	3327	3071	2609	2609	2609
1024	3327	3071	2706	2706	2706
1280	3327	3071	2793	2793	2793
1536	3327	3071	2872	2872	2872
1792	3327	3071	2945	2945	2945
2048	3327	3071	3013	3013	3013
2303	3327	3071	3077	3077	3077
2559	3327	3071	3139	3139	3139
2815	3327	3071	3198	3198	3198
3071	3327	3071	3254	3254	3254
3327	3327	3071	3309	3309	3309
3583	3327	3071	3361	3361	3361
3839	3327	3071	3413	3413	3413
4095	3327	3071	3462	3462	3462
0	3583	3071	2105	2105	2105
256	3583	3071	2497	2497	2497
512	3583	3071	2651	2651	2651
768	3583	3071	2770	2770	2770
1024	3583	3071	2870	2870	2870
1280	3583	3071	2960	2960	2960
1536	3583	3071	3041	3041	3041
1792	3583	3071	3116	3116	3116
2048	3583	3071	3187	3187	3187
2303	3583	3071	3253	3253	3253
2559	3583	3071	3316	3316	3316
2815	3583	3071	3377	3377	3377
3071	3583	3071	3435	3435	3435
3327	3583	3071	3491	3491	3491
3583	3583	3071	3546	3546	3546
3839	3583	3071	3598	3598	3598
4095	3583	3071	3650	3650	3650
0	3839	3071	2243	2243	2243
256	3839	3071	2647	2647	2647
512	3839	3071	2807	2807	2807
768	3839	3071	2929	2929	2929
1024	3839	3071	3033	3033	3033
1280	3839	3071	3125	3125	3125
1536	3839	3071	3209	3209	3209
1792	3839	3071	3286	3286	3286
2048	3839	3071	3359	3359	3359
2303	3839	3071	3427	3427	3427
2559	3839	3071	3492	3492	3492
2815	3839	3071	3555	3555	3555
3071	3839	3071	3615	3615	3615
3327	3839	3071	3672	3672	3672
3583	3839	3071	3728	3728	3728
3839	3839	3071	3782	3782	3782
4095	3839	3071	3835	3835	3835
0	4095	3071	2380	2380	2380
256	4095	3071	2798	2798	2798
512	4095	3071	2962	2962	2962
768	4095	3071	3088	3088	3088
1024	4095	3071	3195	3195	3195
1280	4095	3071	3289	3289	3289
1536	4095	3071	3375	3375	3375
1792	4095	3071	3455	3455	3455
2048	4095	3071	3529	3529	3529
2303	4095	3071	3600	3600	3600
2559	4095	3071	3667	3667	3667
2815	4095	3071	3731	3731	3731
3071	4095	3071	3792	3792	3792
3327	4095	3071	3851	3851	3851
3583	4095	3071	3909	3909	3909
3839	4095	3071	3964	3964	3964
4095	4095	3071	4018	4018	4018
0	0	3327	10	10	10
256	0	3327	41	41	41
512	0	3327	59	59	59
768	0	3327	75	75	75
1024	0	3327	89	89	89
1280	0	3327	103	103	103
1536	0	3327	116	116	116
1792	0	3327	129	129	129
2048	0	3327	142	142	142
2303	0	3327	154	154	154
2559	0	3327	167	167	167
2815	0	3327	179	179	179
3071	0	3327	190	190	190
3327	0	3327	202	202	202
3583	0	3327	214	214	214
3839	0	3327	225	225	225
4095	0	3327	237	237	237
0	256	3327	226	226	226
256	256	3327	351	351	351
512	256	3327	405	405	405
768	256	3327	449	449	449
1024	256	3327	487	487	487
1280	256	3327	521	521	521
1536	256	3327	553	553	553
1792	256	3327	583	583	583
2048	256	3327	611	611	611
2303	256	3327	638	638	638
2559	256	3327	664	664	664
2815	256	3327	690	690	690
3071	256	3327	714	714	714
3327	256	3327	738	738	738
3583	256	3327	762	762	762
3839	256	3327	784	784	784
4095	256	3327	807	807	807
0	512	3327	390	390	390
256	512	3327	555	555	555
512	512	3327	624	624	624
768	512	3327	678	678	678
1024	512	3327	725	725	725
1280	512	3327	768	768	768
1536	512	3327	807	807	807
1792	512	3327	844	844	844
2048	512	3327	879	879	879
2303	512	3327	912	912	912
2559	512	3327	943	943	943
2815	512	3327	974	974	974
3071	512	3327	1004	1004	1004
3327	512	3327	1033	1033	1033
3583	512	3327	1061	1061	1061
3839	512	3327	1088	1088	1088
4095	512	3327	1115	1115	1115
0	768	3327	546	546	546
256	768	3327	741	741	741
512	768	3327	821	821	821
768	768	3327	885	885	885
1024	768	3327	939	939	939
1280	768	3327	988	988	988
1536	768	3327	1033	1033	1033
1792	768	3327	1075	1075	1075
2048	768	3327	1114	1114	1114
2303	768	3327	1152	1152	1152
2559	768	3327	1188	1188	1188
2815	768	3327	1223	1223	1223
3071	768	3327	1256	1256	1256
3327	768	3327	1289	1289	1289
3583	768	3327	1320	1320	1320
3839	768	3327	1351	1351	1351
4095	768	3327	1381	1381	1381
0	1024	3327	697	697	697
256	1024	3327	918	918	918
512	1024	3327	1008	1008	1008
768	1024	3327	1079	1079	1079
1024	1024	3327	1139	1139	1139
1280	1024	3327	1193	1193	1193
1536	1024	3327	1243	1243	1243
1792	1024	3327	1289	1289	1289
2048	1024	3327	1333	1333	1333
2303	1024	3327	1374	1374	1374
2559	1024	3327	1414	1414	1414
2815	1024	3327	1452	1452	1452
3071	1024	3327	1489	1489	1489
3327	1024	3327	1525	1525	1525
3583	1024	3327	1559	1559	1559
3839	1024	3327	1593	1593	1593
4095	1024	3327	1626	1626	1626
0	1280	3327	845	845	845
256	1280	3327	1089	1089	1089
512	1280	3327	1188	1188	1188
768	1280	3327	1265	1265	1265
1024	1280	3327	1331	1331	1331
1280	1280	3327	1390	1390	1390
1536	1280	3327	1444	1444	1444
1792	1280	3327	1494	1494	1494
2048	1280	3327	1541	1541	1541
2303	1280	3327	1586	1586	1586
2559	1280	3327	1629	1629	1629
2815	1280	3327	1670	1670	1670
3071	1280	3327	1710	1710	1710
3327	1280	3327	1748	1748	1748
3583	1280	3327	1786	1786	1786
3839	1280	3327	1822	1822	1822
4095	1280	3327	1857	1857	1857
0	1536	3327	991	991	991
256	1536	3327	1256	1256	1256
512	1536	3327	1362	1362	1362
768	1536	3327	1445	1445	1445
1024	1536	3327	1516	1516	1516
1280	1536	3327	1579	1579	1579
1536	1536	3327	1637	1637	1637
1792	1536	3327	1691	1691	1691
2048	1536	3327	1742	1742	1742
2303	1536	3327	1790	1790	1790
2559	1536	3327	1835	1835	1835
2815	1536	3327	1879	1879	1879
3071	1536	3327	1922	1922	1922
3327	1536	3327	1963	1963	1963
3583	1536	3327	2002	2002	2002
3839	1536	3327	2041	2041	2041
4095	1536	3327	2079	2079	2079
0	1792	3327	1136	1136	1136
256	1792	3327	1419	1419	1419
512	1792	3327	1533	1533	1533
768	1792	3327	1622	1622	1622
1024	1792	3327	1697	1697	1697
1280	1792	3327	1764	1764	1764
1536	1792	3327	1826	1826	1826
1792	1792	3327	1883	1883	1883
2048	1792	3327	1936	1936	1936
2303	1792	3327	1987	1987	1987
2559	1792	3327	2036	2036	2036
2815	1792	3327	2082	2082	2082
3071	1792	3327	2127	2127	2127
3327	1792	3327	2170	2170	2170
3583	1792	3327	2212	2212	2212
3839	1792	3327	2253	2253	2253
4095	1792	3327	2293	2293	2293
0	2048	3327	1279	1279	1279
256	2048	3327	1580	1580	1580
512	2048	3327	1701	1701	1701
768	2048	3327	1795	1795	1795
1024	2048	3327	1874	1874	1874
1280	2048	3327	1945	1945	1945
1536	2048	3327	2010	2010	2010
1792	2048	3327	2070	2070	2070
2048	2048	3327	2127	2127	2127
2303	2048	3327	2180	2180	2180
2559	2048	3327	2231	2231	2231
2815	2048	3327	2280	2280	2280
3071	2048	3327	2327	2327	2327
3327	2048	3327	2372	2372	2372
3583	2048	3327	2416	2416	2416
3839	2048	3327	2459	2459	2459
4095	2048	3327	2501	2501	2501
0	2303	3327	1420	1420	1420
256	2303	3327	1739	1739	1739
512	2303	3327	1866	1866	1866
768	2303	3327	1964	1964	1964
1024	2303	3327	2048	2048	2048
1280	2303	3327	2122	2122	2122
1536	2303	3327	2190	2190	2190
1792	2303	3327	2253	2253	2253
2048	2303	3327	2312	2312	2312
2303	2303	3327	2368	2368	2368
2559	2303	3327	2421	2421	2421
2815	2303	3327	2472	2472	2472
3071	2303	3327	2522	2522	2522
3327	2303	3327	2569	2569	2569
3583	2303	3327	2615	2615	2615
3839	2303	3327	2660	2660	2660
4095	2303	3327	2703	2703	2703
0	2559	3327	1561	1561	1561
256	2559	3327	1896	1896	1896
512	2559	3327	2029	2029	2029
768	2559	3327	2132	2132	2132
1024	2559	3327	2220	2220	2220
1280	2559	3327	2297	2297	2297
1536	2559	3327	2368	2368	2368
1792	2559	3327	2434	2434	2434
2048	2559	3327	2496	2496	2496
2303	2559	3327	2554	2554	2554
2559	2559	3327	2609	2609	2609
2815	2559	3327	2662	2662	2662
3071	2559	3327	2714	2714	2714
3327	2559	3327	2763	2763	2763
3583	2559	3327	2811	2811	2811
3839	2559	3327	2857	2857	2857
4095	2559	3327	2902	2902	2902
0	2815	3327	1702	1702	1702
256	2815	3327	2052	2052	2052
512	2815	3327	2191	2191	2191
768	2815	3327	2298	2298	2298
1024	2815	3327	2389	2389	2389
1280	2815	3327	2470	2470	2470
1536	2815	3327	2544	2544	2544
1792	2815	3327	2612	2612	2612
2048	2815	3327	2676	2676	2676
2303	2815	3327	2736	2736	2736
2559	2815	3327	2794	2794	2794
2815	2815	3327	2849	2849	2849
3071	2815	3327	2902	2902	2902
3327	2815	3327	2954	2954	2954
3583	2815	3327	3003	3003	3003
3839	2815	3327	3051	3051	3051
4095	2815	3327	3098	3098	3098
0	3071	3327	1842	1842	1842
256	3071	3327	2207	2207	2207
512	3071	3327	2351	2351	2351
768	3071	3327	2462	2462	2462
1024	3071	3327	2557	2557	2557
1280	3071	3327	2641	2641	2641
1536	3071	3327	2717	2717	2717
1792	3071	3327	2788	2788	2788
2048	3071	3327	2854	2854	2854
2303	3071	3327	2917	2917	2917
2559	3071	3327	2976	2976	2976
2815	3071	3327	3034	3034	3034
3071	3071	3327	3089	3089	3089
3327	3071	3327	3142	3142	3142
3583	3071	3327	3193	3193	3193
3839	3071	3327	3243	3243	3243
4095	3071	3327	3291	3291	3291
0	3327	3327	1981	1981	1981
256	3327	3327	2360	2360	2360
512	3327	3327	2509	2509	2509
768	3327	3327	2625	2625	2625
1024	3327	3327	2723	2723	2723
1280	3327	3327	2810	2810	2810
1536	3327	3327	2889	2889	2889
1792	3327	3327	2962	2962	2962
2048	3327	3327	3030	3030	3030
2303	3327	3327	3095	3095	3095
2559	3327	3327	3157	3157	3157
2815	3327	3327	3216	3216	3216
3071	3327	3327	3272	3272	3272
3327	3327	3327	3327	3327	3327
3583	3327	3327	3380	3380	3380
3839	3327	3327	3431	3431	3431
4095	3327	3327	3481	3481	3481
0	3583	3327	2119	2119	2119
256	3583	3327	2512	2512	2512
512	3583	3327	2667	2667	2667
768	3583	3327	2786	2786	2786
1024	3583	3327	2887	2887	2887
1280	3583	3327	2977	2977	2977
1536	3583	3327	3058	3058	3058
1792	3583	3327	3134	3134	3134
2048	3583	3327	3205	3205	3205
2303	3583	3327	3271	3271	3271
2559	3583	3327	3335	3335	3335
2815	3583	3327	3396	3396	3396
3071	3583	3327	3454	3454	3454
3327	3583	3327	3510	3510	3510
3583	3583	3327	3565	3565	3565
3839	3583	3327	3618	3618	3618
4095	3583	3327	3669	3669	3669
0	3839	3327	2258	2258	2258
256	3839	3327	2664	2664	2664
512	3839	3327	2823	2823	2823
768	3839	3327	2946	2946	2946
1024	3839	3327	3050	3050	3050
1280	3839	3327	3143	3143	3143
1536	3839	3327	3227	3227	3227
1792	3839	3327	3305	3305	3305
2048	3839	3327	3377	3377	3377
2303	3839	3327	3446	3446	3446
2559	3839	3327	3511	3511	3511
2815	3839	3327	3574	3574	3574
3071	3839	3327	3634	3634	3634
3327	3839	3327	3692	3692	3692
3583	3839	3327	3748	3748	3748
3839	3839	3327	3802	3802	3802
4095	3839	3327	3855	3855	3855
0	4095	3327	2395	2395	2395
256	4095	3327	2814	2814	2814
512	4095	3327	2979	2979	2979
768	4095	3327	3105	3105	3105
1024	4095	3327	3212	3212	3212
1280	4095	3327	3307	3307	3307
1536	4095	3327	3394	3394	3394
1792	4095	3327	3474	3474	3474
2048	4095	3327	3548	3548	3548
2303	4095	3327	3619	3619	3619
2559	4095	3327	3686	3686	3686
2815	4095	3327	3750	3750	3750
3071	4095	3327	3812	3812	3812
3327	4095	3327	3871	3871	3871
3583	4095	3327	3929	3929	3929
3839	4095	3327	3984	3984	3984
4095	4095	3327	4038	4038	4038
0	0	3583	10	10	10
256	0	3583	43	43	43
512	0	3583	61	61	61
768	0	3583	77	77	77
1024	0	3583	92	92	92
1280	0	3583	106	106	106
1536	0	3583	119	119	119
1792	0	3583	132	132	132
2048	0	3583	145	145	145
2303	0	3583	158	158	158
2559	0	3583	170	170	170
2815	0	3583	182	182	182
3071	0	3583	194	194	194
3327	0	3583	206	206	206
3583	0	3583	218	218	218
3839	0	3583	229	229	229
4095	0	3583	241	241	241
0	256	3583	230	230	230
256	256	3583	356	356	356
512	256	3583	411	411	411
768	256	3583	455	455	455
1024	256	3583	493	493	493
1280	256	3583	527	527	527
1536	256	3583	559	559	559
1792	256	3583	589	589	589
2048	256	3583	618	618	618
2303	256	3583	645	645	645
2559	256	3583	672	672	672
2815	256	3583	697	697	697
3071	256	3583	722	722	722
3327	256	3583	746	746	746
3583	256	3583	769	769	769
3839	256	3583	792	792	792
4095	256	3583	815	815	815
0	512	3583	396	396	396
256	512	3583	561	561	561
512	512	3583	631	631	631
768	512	3583	686	686	686
1024	512	3583	733	733	733
1280	512	3583	776	776	776
1536	512	3583	815	815	815
1792	512	3583	852	852	852
2048	512	3583	887	887	887
2303	512	3583	920	920	920
2559	512	3583	952	952	952
2815	512	3583	983	983	983
3071	512	3583	1013	1013	1013
3327	512	3583	1042	1042	1042
3583	512	3583	1070	1070	1070
3839	512	3583	1098	1098	1098
4095	512	3583	1124	1124	1124
0	768	3583	553	553	553
256	768	3583	749	749	749
512	768	3583	829	829	829
768	768	3583	893	893	893
1024	768	3583	948	948	948
1280	768	3583	997	997	997
1536	768	3583	1042	1042	1042
1792	768	3583	1084	1084	1084
2048	768	3583	1124	1124	1124
2303	768	3583	1162	1162	1162
2559	768	3583	1198	1198	1198
2815	768	3583	1233	1233	1233
3071	768	3583	1266	1266	1266
3327	768	3583	1299	1299	1299
3583	768	3583	1331	1331	1331
3839	768	3583	1362	1362	1362
4095	768	3583	1392	1392	1392
0	1024	3583	705	705	705
256	1024	3583	926	926	926
512	1024	3583	1017	1017	1017
768	1024	3583	1088	1088	1088
1024	1024	3583	1149	1149	1149
1280	1024	3583	1203	1203	1203
1536	1024	3583	1253	1253	1253
1792	1024	3583	1300	1300	1300
2048	1024	3583	1344	1344	1344
2303	1024	3583	1385	1385	1385
2559	1024	3583	1425	1425	1425
2815	1024	3583	1463	1463	1463
3071	1024	3583	1500	1500	1500
3327	1024	3583	1536	1536	1536
3583	1024	3583	1571	1571	1571
3839	1024	3583	1605	1605	1605
4095	1024	3583	1638	1638	1638
0	1280	3583	854	854	854
256	1280	3583	1098	1098	1098
512	1280	3583	1198	1198	1198
768	1280	3583	1275	1275	1275
1024	1280	3583	1341	1341	1341
1280	1280	3583	1401	1401	1401
1536	1280	3583	1455	1455	1455
1792	1280	3583	1505	1505	1505
2048	1280	3583	1553	1553	1553
2303	1280	3583	1598	1598	1598
2559	1280	3583	1641	1641	1641
2815	1280	3583	1682	1682	1682
3071	1280	3583	1722	1722	1722
3327	1280	3583	1761	1761	1761
3583	1280	3583	1798	1798	1798
3839	1280	3583	1834	1834	1834
4095	1280	3583	1870	1870	1870
0	1536	3583	1000	1000	1000
256	1536	3583	1266	1266	1266
512	1536	3583	1373	1373	1373
768	1536	3583	1456	1456	1456
1024	1536	3583	1528	1528	1528
1280	1536	3583	1591	1591	1591
1536	1536	3583	1649	1649	1649
1792	1536	3583	1703	1703	1703
2048	1536	3583	1754	1754	1754
2303	1536	3583	1802	1802	1802
2559	1536	3583	1848	1848	1848
2815	1536	3583	1892	1892	1892
3071	1536	3583	1935	1935	1935
3327	1536	3583	1976	1976	1976
3583	1536	3583	2016	2016	2016
3839	1536	3583	2054	2054	2054
4095	1536	3583	2092	2092	2092
0	1792	3583	1145	1145	1145
256	1792	3583	1430	1430	1430
512	1792	3583	1545	1545	1545
768	1792	3583	1634	1634	1634
1024	1792	3583	1709	1709	1709
1280	1792	3583	1777	1777	1777
1536	1792	3583	1838	1838	1838
1792	1792	3583	1896	1896	1896
2048	1792	3583	1950	1950	1950
2303	1792	3583	2000	2000	2000
2559	1792	3583	2049	2049	2049
2815	1792	3583	2096	2096	2096
3071	1792	3583	2141	2141	2141
3327	1792	3583	2184	2184	2184
3583	1792	3583	2226	2226	2226
3839	1792	3583	2267	2267	2267
4095	1792	3583	2307	2307	2307
0	2048	3583	1289	1289	1289
256	2048	3583	1592	1592	1592
512	2048	3583	1713	1713	1713
768	2048	3583	1807	1807	1807
1024	2048	3583	1887	1887	1887
1280	2048	3583	1958	1958	1958
1536	2048	3583	2023	2023	2023
1792	2048	3583	2084	2084	2084
2048	2048	3583	2140	2140	2140
2303	2048	3583	2194	2194	2194
2559	2048	3583	2245	2245	2245
2815	2048	3583	2294	2294	2294
3071	2048	3583	2341	2341	2341
3327	2048	3583	2387	2387	2387
3583	2048	3583	2431	2431	2431
3839	2048	3583	2474	2474	2474
4095	2048	3583	2516	2516	2516
0	2303	3583	1431	1431	1431
256	2303	3583	1751	1751	1751
512	2303	3583	1879	1879	1879
768	2303	3583	1977	1977	1977
1024	2303	3583	2061	2061	2061
1280	2303	3583	2136	2136	2136
1536	2303	3583	2204	2204	2204
1792	2303	3583	2267	2267	2267
2048	2303	3583	2327	2327	2327
2303	2303	3583	2383	2383	2383
2559	2303	3583	2436	2436	2436
2815	2303	3583	2487	2487	2487
3071	2303	3583	2537	2537	2537
3327	2303	3583	2584	2584	2584
3583	2303	3583	2631	2631	2631
3839	2303	3583	2675	2675	2675
4095	2303	3583	2719	2719	2719
0	2559	3583	1573	1573	1573
256	2559	3583	1909	1909	1909
512	2559	3583	2043	2043	2043
768	2559	3583	2146	2146	2146
1024	2559	3583	2234	2234	2234
1280	2559	3583	2312	2312	2312
1536	2559	3583	2383	2383	2383
1792	2559	3583	2449	2449	2449
2048	2559	3583	2511	2511	2511
2303	2559	3583	2569	2569	2569
2559	2559	3583	2625	2625	2625
2815	2559	3583	2678	2678	2678
3071	2559	3583	2729	2729	2729
3327	2559	3583	2779	2779	2779
3583	2559	3583	2827	2827	2827
3839	2559	3583	2873	2873	2873
4095	2559	3583	2919	2919	2919
0	2815	3583	1714	1714	1714
256	2815	3583	2066	2066	2066
512	2815	3583	2205	2205	2205
768	2815	3583	2312	2312	2312
1024	2815	3583	2404	2404	2404
1280	2815	3583	2485	2485	2485
1536	2815	3583	2559	2559	2559
1792	2815	3583	2627	2627	2627
2048	2815	3583	2692	2692	2692
2303	2815	3583	2752	2752	2752
2559	2815	3583	2810	2810	2810
2815	2815	3583	2865	2865	2865
3071	2815	3583	2919	2919	2919
3327	2815	3583	2970	2970	2970
3583	2815	3583	3020	3020	3020
3839	2815	3583	3068	3068	3068
4095	2815	3583	3115	3115	3115
0	3071	3583	1854	1854	1854
256	3071	3583	2221	2221	2221
512	3071	3583	2365	2365	2365
768	3071	3583	2477	2477	2477
1024	3071	3583	2572	2572	2572
1280	3071	3583	2656	2656	2656
1536	3071	3583	2733	2733	2733
1792	3071	3583	2804	2804	2804
2048	3071	3583	2870	2870	2870
2303	3071	3583	2933	2933	2933
2559	3071	3583	2993	2993	2993
2815	3071	3583	3050	3050	3050
3071	3071	3583	3105	3105	3105
3327	3071	3583	3159	3159	3159
3583	3071	3583	3210	3210	3210
3839	3071	3583	3260	3260	3260
4095	3071	3583	3308	3308	3308
0	3327	3583	1994	1994	1994
256	3327	3583	2374	2374	2374
512	3327	3583	2525	2525	2525
768	3327	3583	2640	2640	2640
1024	3327	3583	2738	2738	2738
1280	3327	3583	2826	2826	2826
1536	3327	3583	2905	2905	2905
1792	3327	3583	2978	2978	2978
2048	3327	3583	3047	3047	3047
2303	3327	3583	3112	3112	3112
2559	3327	3583	3174	3174	3174
2815	3327	3583	3233	3233	3233
3071	3327	3583	3290	3290	3290
3327	3327	3583	3345	3345	3345
3583	3327	3583	3398	3398	3398
3839	3327	3583	3449	3449	3449
4095	3327	3583	3499	3499	3499
0	3583	3583	2133	2133	2133
256	3583	3583	2527	2527	2527
512	3583	3583	2683	2683	2683
768	3583	3583	2802	2802	2802
1024	3583	3583	2903	2903	2903
1280	3583	3583	2993	2993	2993
1536	3583	3583	3075	3075	3075
1792	3583	3583	3151	3151	3151
2048	3583	3583	3222	3222	3222
2303	3583	3583	3289	3289	3289
2559	3583	3583	3352	3352	3352
2815	3583	3583	3413	3413	3413
3071	3583	3583	3472	3472	3472
3327	3583	3583	3528	3528	3528
3583	3583	3583	3583	3583	3583
3839	3583	3583	3636	3636	3636
4095	3583	3583	3687	3687	3687
0	3839	3583	2272	2272	2272
256	3839	3583	2679	2679	2679
512	3839	3583	2839	2839	2839
768	3839	3583	2963	2963	2963
1024	3839	3583	3067	3067	3067
1280	3839	3583	3160	3160	3160
1536	3839	3583	3244	3244	3244
1792	3839	3583	3322	3322	3322
2048	3839	3583	3395	3395	3395
2303	3839	3583	3464	3464	3464
2559	3839	3583	3529	3529	3529
2815	3839	3583	3592	3592	3592
3071	3839	3583	3652	3652	3652
3327	3839	3583	3710	3710	3710
3583	3839	3583	3766	3766	3766
3839	3839	3583	3821	3821	3821
4095	3839	3583	3874	3874	3874
0	4095	3583	2410	2410	2410
256	4095	3583	2830	2830	2830
512	4095	3583	2995	2995	2995
768	4095	3583	3122	3122	3122
1024	4095	3583	3230	3230	3230
1280	4095	3583	3325	3325	3325
1536	4095	3583	3412	3412	3412
1792	4095	3583	3492	3492	3492
2048	4095	3583	3567	3567	3567
2303	4095	3583	3637	3637	3637
2559	4095	3583	3705	3705	3705
2815	4095	3583	3769	3769	3769
3071	4095	3583	3831	3831	3831
3327	4095	3583	3890	3890	3890
3583	4095	3583	3948	3948	3948
3839	4095	3583	4004	4004	4004
4095	4095	3583	4058	4058	4058
0	0	3839	11	11	11
256	0	3839	44	44	44
512	0	3839	63	63	63
768	0	3839	79	79	79
1024	0	3839	94	94	94
1280	0	3839	108	108	108
1536	0	3839	122	122	122
1792	0	3839	135	135	135
2048	0	3839	148	148	148
2303	0	3839	161	161	161
2559	0	3839	173	173	173
2815	0	3839	186	186	186
3071	0	3839	198	198	198
3327	0	3839	210	210	210
3583	0	3839	222	222	222
3839	0	3839	233	233	233
4095	0	3839	245	245	245
0	256	3839	234	234	234
256	256	3839	361	361	361
512	256	3839	416	416	416
768	256	3839	460	460	460
1024	256	3839	499	499	499
1280	256	3839	533	533	533
1536	256	3839	566	566	566
1792	256	3839	596	596	596
2048	256	3839	625	625	625
2303	256	3839	652	652	652
2559	256	3839	679	679	679
2815	256	3839	704	704	704
3071	256	3839	729	729	729
3327	256	3839	753	753	753
3583	256	3839	777	777	777
3839	256	3839	800	800	800
4095	256	3839	823	823	823
0	512	3839	401	401	401
256	512	3839	568	568	568
512	512	3839	638	638	638
768	512	3839	693	693	693
1024	512	3839	741	741	741
1280	512	3839	784	784	784
1536	512	3839	823	823	823
1792	512	3839	860	860	860
2048	512	3839	895	895	895
2303	512	3839	929	929	929
2559	512	3839	961	961	961
2815	512	3839	992	992	992
3071	512	3839	1022	1022	1022
3327	512	3839	1051	1051	1051
3583	512	3839	1079	1079	1079
3839	512	3839	1107	1107	1107
4095	512	3839	1134	1134	1134
0	768	3839	559	559	559
256	768	3839	756	756	756
512	768	3839	837	837	837
768	768	3839	901	901	901
1024	768	3839	956	956	956
1280	768	3839	1006	1006	1006
1536	768	3839	1051	1051	1051
1792	768	3839	1093	1093	1093
2048	768	3839	1133	1133	1133
2303	768	3839	1171	1171	1171
2559	768	3839	1208	1208	1208
2815	768	3839	1243	1243	1243
3071	768	3839	1276	1276	1276
3327	768	3839	1309	1309	1309
3583	768	3839	1341	1341	1341
3839	768	3839	1372	1372	1372
4095	768	3839	1402	1402	1402
0	1024	3839	712	712	712
256	1024	3839	935	935	935
512	1024	3839	1026	1026	1026
768	1024	3839	1097	1097	1097
1024	1024	3839	1158	1158	1158
1280	1024	3839	1213	1213	1213
1536	1024	3839	1263	1263	1263
1792	1024	3839	1310	1310	1310
2048	1024	3839	1354	1354	1354
2303	1024	3839	1396	1396	1396
2559	1024	3839	1436	1436	1436
2815	1024	3839	1474	1474	1474
3071	1024	3839	1511	1511	1511
3327	1024	3839	1547	1547	1547
3583	1024	3839	1582	1582	1582
3839	1024	3839	1616	1616	1616
4095	1024	3839	1649	1649	1649
0	1280	3839	862	862	862
256	1280	3839	1108	1108	1108
512	1280	3839	1207	1207	1207
768	1280	3839	1285	1285	1285
1024	1280	3839	1352	1352	1352
1280	1280	3839	1411	1411	1411
1536	1280	3839	1466	1466	1466
1792	1280	3839	1516	1516	1516
2048	1280	3839	1564	1564	1564
2303	1280	3839	1609	1609	1609
2559	1280	3839	1652	1652	1652
2815	1280	3839	1694	1694	1694
3071	1280	3839	1734	1734	1734
3327	1280	3839	1773	1773	1773
3583	1280	3839	1810	1810	1810
3839	1280	3839	1847	1847	1847
4095	1280	3839	1882	1882	1882
0	1536	3839	1009	1009	1009
256	1536	3839	1276	1276	1276
512	1536	3839	1384	1384	1384
768	1536	3839	1467	1467	1467
1024	1536	3839	1539	1539	1539
1280	1536	3839	1602	1602	1602
1536	1536	3839	1661	1661	1661
1792	1536	3839	1715	1715	1715
2048	1536	3839	1766	1766	1766
2303	1536	3839	1814	1814	1814
2559	1536	3839	1860	1860	1860
2815	1536	3839	1905	1905	1905
3071	1536	3839	1947	1947	1947
3327	1536	3839	1989	1989	1989
3583	1536	3839	2029	2029	2029
3839	1536	3839	2067	2067	2067
4095	1536	3839	2105	2105	2105
0	1792	3839	1155	1155	1155
256	1792	3839	1441	1441	1441
512	1792	3839	1556	1556	1556
768	1792	3839	1645	1645	1645
1024	1792	3839	1721	1721	1721
1280	1792	3839	1789	1789	1789
1536	1792	3839	1851	1851	1851
1792	1792	3839	1908	1908	1908
2048	1792	3839	1962	1962	1962
2303	1792	3839	2013	2013	2013
2559	1792	3839	2062	2062	2062
2815	1792	3839	2109	2109	2109
3071	1792	3839	2154	2154	2154
3327	1792	3839	2198	2198	2198
3583	1792	3839	2240	2240	2240
3839	1792	3839	2281	2281	2281
4095	1792	3839	2321	2321	2321
0	2048	3839	1299	1299	1299
256	2048	3839	1604	1604	1604
512	2048	3839	1725	1725	1725
768	2048	3839	1819	1819	1819
1024	2048	3839	1900	1900	1900
1280	2048	3839	1971	1971	1971
1536	2048	3839	2036	2036	2036
1792	2048	3839	2097	2097	2097
2048	2048	3839	2154	2154	2154
2303	2048	3839	2207	2207	2207
2559	2048	3839	2259	2259	2259
2815	2048	3839	2308	2308	2308
3071	2048	3839	2355	2355	2355
3327	2048	3839	2401	2401	2401
3583	2048	3839	2445	2445	2445
3839	2048	3839	2488	2488	2488
4095	2048	3839	2530	2530	2530
0	2303	3839	1442	1442	1442
256	2303	3839	1763	1763	1763
512	2303	3839	1891	1891	1891
768	2303	3839	1990	1990	1990
1024	2303	3839	2074	2074	2074
1280	2303	3839	2149	2149	2149
1536	2303	3839	2218	2218	2218
1792	2303	3839	2281	2281	2281
2048	2303	3839	2341	2341	2341
2303	2303	3839	2397	2397	2397
2559	2303	3839	2450	2450	2450
2815	2303	3839	2502	2502	2502
3071	2303	3839	2551	2551	2551
3327	2303	3839	2599	2599	2599
3583	2303	3839	2645	2645	2645
3839	2303	3839	2690	2690	2690
4095	2303	3839	2734	2734	2734
0	2559	3839	1584	1584	1584
256	2559	3839	1922	1922	1922
512	2559	3839	2056	2056	2056
768	2559	3839	2159	2159	2159
1024	2559	3839	2247	2247	2247
1280	2559	3839	2326	2326	2326
1536	2559	3839	2397	2397	2397
1792	2559	3839	2463	2463	2463
2048	2559	3839	2525	2525	2525
2303	2559	3839	2584	2584	2584
2559	2559	3839	2639	2639	2639
2815	2559	3839	2693	2693	2693
3071	2559	3839	2745	2745	2745
3327	2559	3839	2794	2794	2794
3583	2559	3839	2842	2842	2842
3839	2559	3839	2889	2889	2889
4095	2559	3839	2934	2934	2934
0	2815	3839	1726	1726	1726
256	2815	3839	2079	2079	2079
512	2815	3839	2218	2218	2218
768	2815	3839	2326	2326	2326
1024	2815	3839	2418	2418	2418
1280	2815	3839	2499	2499	2499
1536	2815	3839	2574	2574	2574
1792	2815	3839	2642	2642	2642
2048	2815	3839	2707	2707	2707
2303	2815	3839	2767	2767	2767
2559	2815	3839	2826	2826	2826
2815	2815	3839	2881	2881	2881
3071	2815	3839	2934	2934	2934
3327	2815	3839	2986	2986	2986
3583	2815	3839	3036	3036	3036
3839	2815	3839	3084	3084	3084
4095	2815	3839	3131	3131	3131
0	3071	3839	1867	1867	1867
256	3071	3839	2234	2234	2234
512	3071	3839	2379	2379	2379
768	3071	3839	2491	2491	2491
1024	3071	3839	2587	2587	2587
1280	3071	3839	2671	2671	2671
1536	3071	3839	2748	2748	2748
1792	3071	3839	2819	2819	2819
2048	3071	3839	2886	2886	2886
2303	3071	3839	2949	2949	2949
2559	3071	3839	3009	3009	3009
2815	3071	3839	3066	3066	3066
3071	3071	3839	3122	3122	3122
3327	3071	3839	3175	3175	3175
3583	3071	3839	3227	3227	3227
3839	3071	3839	3277	3277	3277
4095	3071	3839	3325	3325	3325
0	3327	3839	2007	2007	2007
256	3327	3839	2389	2389	2389
512	3327	3839	2539	2539	2539
768	3327	3839	2655	2655	2655
1024	3327	3839	2754	2754	2754
1280	3327	3839	2841	2841	2841
1536	3327	3839	2921	2921	2921
1792	3327	3839	2994	2994	2994
2048	3327	3839	3063	3063	3063
2303	3327	3839	3128	3128	3128
2559	3327	3839	3190	3190	3190
2815	3327	3839	3250	3250	3250
3071	3327	3839	3307	3307	3307
3327	3327	3839	3362	3362	3362
3583	3327	3839	3415	3415	3415
3839	3327	3839	3466	3466	3466
4095	3327	3839	3516	3516	3516
0	3583	3839	2146	2146	2146
256	3583	3839	2542	2542	2542
512	3583	3839	2698	2698	2698
768	3583	3839	2817	2817	2817
1024	3583	3839	2919	2919	2919
1280	3583	3839	3009	3009	3009
1536	3583	3839	3091	3091	3091
1792	3583	3839	3167	3167	3167
2048	3583	3839	3238	3238	3238
2303	3583	3839	3305	3305	3305
2559	3583	3839	3369	3369	3369
2815	3583	3839	3430	3430	3430
3071	3583	3839	3489	3489	3489
3327	3583	3839	3546	3546	3546
3583	3583	3839	3601	3601	3601
3839	3583	3839	3654	3654	3654
4095	3583	3839	3705	3705	3705
0	3839	3839	2286	2286	2286
256	3839	3839	2694	2694	2694
512	3839	3839	2855	2855	2855
768	3839	3839	2979	2979	2979
1024	3839	3839	3083	3083	3083
1280	3839	3839	3176	3176	3176
1536	3839	3839	3261	3261	3261
1792	3839	3839	3339	3339	3339
2048	3839	3839	3412	3412	3412
2303	3839	3839	3481	3481	3481
2559	3839	3839	3547	3547	3547
2815	3839	3839	3610	3610	3610
3071	3839	3839	3670	3670	3670
3327	3839	3839	3728	3728	3728
3583	3839	3839	3784	3784	3784
3839	3839	3839	3839	3839	3839
4095	3839	3839	3892	3892	3892
0	4095	3839	2424	2424	2424
256	4095	3839	2846	2846	2846
512	4095	3839	3011	3011	3011
768	4095	3839	3139	3139	3139
1024	4095	3839	3246	3246	3246
1280	4095	3839	3342	3342	3342
1536	4095	3839	3429	3429	3429
1792	4095	3839	3509	3509	3509
2048	4095	3839	3584	3584	3584
2303	4095	3839	3655	3655	3655
2559	4095	3839	3722	3722	3722
2815	4095	3839	3787	3787	3787
3071	4095	3839	3849	3849	3849
3327	4095	3839	3909	3909	3909
3583	4095	3839	3966	3966	3966
3839	4095	3839	4022	4022	4022
4095	4095	3839	4077	4077	4077
0	0	4095	12	12	12
256	0	4095	46	46	46
512	0	4095	65	65	65
768	0	4095	81	81	81
1024	0	4095	96	96	96
1280	0	4095	111	111	111
1536	0	4095	125	125	125
1792	0	4095	138	138	138
2048	0	4095	151	151	151
2303	0	4095	164	164	164
2559	0	4095	177	177	177
2815	0	4095	189	189	189
3071	0	4095	201	201	201
3327	0	4095	213	213	213
3583	0	4095	225	225	225
3839	0	4095	237	237	237
4095	0	4095	249	249	249
0	256	4095	238	238	238
256	256	4095	366	366	366
512	256	4095	422	422	422
768	256	4095	466	466	466
1024	256	4095	504	504	504
1280	256	4095	539	539	539
1536	256	4095	572	572	572
1792	256	4095	602	602	602
2048	256	4095	631	631	631
2303	256	4095	659	659	659
2559	256	4095	686	686	686
2815	256	4095	711	711	711
3071	256	4095	736	736	736
3327	256	4095	761	761	761
3583	256	4095	784	784	784
3839	256	4095	808	808	808
4095	256	4095	830	830	830
0	512	4095	406	406	406
256	512	4095	574	574	574
512	512	4095	644	644	644
768	512	4095	700	700	700
1024	512	4095	748	748	748
1280	512	4095	791	791	791
1536	512	4095	831	831	831
1792	512	4095	868	868	868
2048	512	4095	903	903	903
2303	512	4095	937	937	937
2559	512	4095	969	969	969
2815	512	4095	1000	1000	1000
3071	512	4095	1030	1030	1030
3327	512	4095	1060	1060	1060
3583	512	4095	1088	1088	1088
3839	512	4095	1116	1116	1116
4095	512	4095	1143	1143	1143
0	768	4095	565	565	565
256	768	4095	763	763	763
512	768	4095	845	845	845
768	768	4095	909	909	909
1024	768	4095	965	965	965
1280	768	4095	1014	1014	1014
1536	768	4095	1060	1060	1060
1792	768	4095	1102	1102	1102
2048	768	4095	1142	1142	1142
2303	768	4095	1180	1180	1180
2559	768	4095	1217	1217	1217
2815	768	4095	1252	1252	1252
3071	768	4095	1286	1286	1286
3327	768	4095	1319	1319	1319
3583	768	4095	1351	1351	1351
3839	768	4095	1382	1382	1382
4095	768	4095	1413	1413	1413
0	1024	4095	719	719	719
256	1024	4095	943	943	943
512	1024	4095	1035	1035	1035
768	1024	4095	1106	1106	1106
1024	1024	4095	1168	1168	1168
1280	1024	4095	1222	1222	1222
1536	1024	4095	1273	1273	1273
1792	1024	4095	1320	1320	1320
2048	1024	4095	1364	1364	1364
2303	1024	4095	1406	1406	1406
2559	1024	4095	1446	1446	1446
2815	1024	4095	1485	1485	1485
3071	1024	4095	1522	1522	1522
3327	1024	4095	1558	1558	1558
3583	1024	4095	1593	1593	1593
3839	1024	4095	1627	1627	1627
4095	1024	4095	1661	1661	1661
0	1280	4095	869	869	869
256	1280	4095	1117	1117	1117
512	1280	4095	1217	1217	1217
768	1280	4095	1295	1295	1295
1024	1280	4095	1362	1362	1362
1280	1280	4095	1421	1421	1421
1536	1280	4095	1476	1476	1476
1792	1280	4095	1527	1527	1527
2048	1280	4095	1575	1575	1575
2303	1280	4095	1620	1620	1620
2559	1280	4095	1663	1663	1663
2815	1280	4095	1705	1705	1705
3071	1280	4095	1745	1745	1745
3327	1280	4095	1784	1784	1784
3583	1280	4095	1822	1822	1822
3839	1280	4095	1859	1859	1859
4095	1280	4095	1894	1894	1894
0	1536	4095	1018	1018	1018
256	1536	4095	1286	1286	1286
512	1536	4095	1394	1394	1394
768	1536	4095	1478	1478	1478
1024	1536	4095	1549	1549	1549
1280	1536	4095	1613	1613	1613
1536	1536	4095	1672	1672	1672
1792	1536	4095	1726	1726	1726
2048	1536	4095	1778	1778	1778
2303	1536	4095	1826	1826	1826
2559	1536	4095	1872	1872	1872
2815	1536	4095	1917	1917	1917
3071	1536	4095	1960	1960	1960
3327	1536	4095	2001	2001	2001
3583	1536	4095	2041	2041	2041
3839	1536	4095	2080	2080	2080
4095	1536	4095	2118	2118	2118
0	1792	4095	1164	1164	1164
256	1792	4095	1451	1451	1451
512	1792	4095	1567	1567	1567
768	1792	4095	1656	1656	1656
1024	1792	4095	1732	1732	1732
1280	1792	4095	1800	1800	1800
1536	1792	4095	1863	1863	1863
1792	1792	4095	1920	1920	1920
2048	1792	4095	1974	1974	1974
2303	1792	4095	2026	2026	2026
2559	1792	4095	2075	2075	2075
2815	1792	4095	2122	2122	2122
3071	1792	4095	2167	2167	2167
3327	1792	4095	2211	2211	2211
3583	1792	4095	2253	2253	2253
3839	1792	4095	2294	2294	2294
4095	1792	4095	2334	2334	2334
0	2048	4095	1309	1309	1309
256	2048	4095	1614	1614	1614
512	2048	4095	1736	1736	1736
768	2048	4095	1831	1831	1831
1024	2048	4095	1912	1912	1912
1280	2048	4095	1983	1983	1983
1536	2048	4095	2049	2049	2049
1792	2048	4095	2110	2110	2110
2048	2048	4095	2167	2167	2167
2303	2048	4095	2220	2220	2220
2559	2048	4095	2272	2272	2272
2815	2048	4095	2321	2321	2321
3071	2048	4095	2369	2369	2369
3327	2048	4095	2415	2415	2415
3583	2048	4095	2459	2459	2459
3839	2048	4095	2502	2502	2502
4095	2048	4095	2544	2544	2544
0	2303	4095	1452	1452	1452
256	2303	4095	1775	1775	1775
512	2303	4095	1903	1903	1903
768	2303	4095	2002	2002	2002
1024	2303	4095	2087	2087	2087
1280	2303	4095	2162	2162	2162
1536	2303	4095	2231	2231	2231
1792	2303	4095	2294	2294	2294
2048	2303	4095	2354	2354	2354
2303	2303	4095	2410	2410	2410
2559	2303	4095	2464	2464	2464
2815	2303	4095	2516	2516	2516
3071	2303	4095	2565	2565	2565
3327	2303	4095	2613	2613	2613
3583	2303	4095	2660	2660	2660
3839	2303	4095	2705	2705	2705
4095	2303	4095	2749	2749	2749
0	2559	4095	1595	1595	1595
256	2559	4095	1934	1934	1934
512	2559	4095	2068	2068	2068
768	2559	4095	2172	2172	2172
1024	2559	4095	2260	2260	2260
1280	2559	4095	2339	2339	2339
1536	2559	4095	2411	2411	2411
1792	2559	4095	2477	2477	2477
2048	2559	4095	2539	2539	2539
2303	2559	4095	2598	2598	2598
2559	2559	4095	2654	2654	2654
2815	2559	4095	2708	2708	2708
3071	2559	4095	2759	2759	2759
3327	2559	4095	2809	2809	2809
3583	2559	4095	2857	2857	2857
3839	2559	4095	2904	2904	2904
4095	2559	4095	2950	2950	2950
0	2815	4095	1737	1737	1737
256	2815	4095	2091	2091	2091
512	2815	4095	2231	2231	2231
768	2815	4095	2340	2340	2340
1024	2815	4095	2432	2432	2432
1280	2815	4095	2513	2513	2513
1536	2815	4095	2588	2588	2588
1792	2815	4095	2657	2657	2657
2048	2815	4095	2721	2721	2721
2303	2815	4095	2782	2782	2782
2559	2815	4095	2840	2840	2840
2815	2815	4095	2896	2896	2896
3071	2815	4095	2950	2950	2950
3327	2815	4095	3001	3001	3001
3583	2815	4095	3051	3051	3051
3839	2815	4095	3100	3100	3100
4095	2815	4095	3147	3147	3147
0	3071	4095	1879	1879	1879
256	3071	4095	2247	2247	2247
512	3071	4095	2393	2393	2393
768	3071	4095	2505	2505	2505
1024	3071	4095	2601	2601	2601
1280	3071	4095	2686	2686	2686
1536	3071	4095	2763	2763	2763
1792	3071	4095	2834	2834	2834
2048	3071	4095	2901	2901	2901
2303	3071	4095	2964	2964	2964
2559	3071	4095	3024	3024	3024
2815	3071	4095	3082	3082	3082
3071	3071	4095	3137	3137	3137
3327	3071	4095	3191	3191	3191
3583	3071	4095	3243	3243	3243
3839	3071	4095	3293	3293	3293
4095	3071	4095	3342	3342	3342
0	3327	4095	2019	2019	2019
256	3327	4095	2402	2402	2402
512	3327	4095	2553	2553	2553
768	3327	4095	2670	2670	2670
1024	3327	4095	2768	2768	2768
1280	3327	4095	2856	2856	2856
1536	3327	4095	2936	2936	2936
1792	3327	4095	3010	3010	3010
2048	3327	4095	3079	3079	3079
2303	3327	4095	3144	3144	3144
2559	3327	4095	3206	3206	3206
2815	3327	4095	3266	3266	3266
3071	3327	4095	3323	3323	3323
3327	3327	4095	3378	3378	3378
3583	3327	4095	3431	3431	3431
3839	3327	4095	3483	3483	3483
4095	3327	4095	3533	3533	3533
0	3583	4095	2159	2159	2159
256	3583	4095	2556	2556	2556
512	3583	4095	2712	2712	2712
768	3583	4095	2832	2832	2832
1024	3583	4095	2934	2934	2934
1280	3583	4095	3025	3025	3025
1536	3583	4095	3107	3107	3107
1792	3583	4095	3183	3183	3183
2048	3583	4095	3255	3255	3255
2303	3583	4095	3322	3322	3322
2559	3583	4095	3386	3386	3386
2815	3583	4095	3447	3447	3447
3071	3583	4095	3506	3506	3506
3327	3583	4095	3563	3563	3563
3583	3583	4095	3618	3618	3618
3839	3583	4095	3671	3671	3671
4095	3583	4095	3723	3723	3723
0	3839	4095	2299	2299	2299
256	3839	4095	2709	2709	2709
512	3839	4095	2870	2870	2870
768	3839	4095	2994	2994	2994
1024	3839	4095	3099	3099	3099
1280	3839	4095	3192	3192	3192
1536	3839	4095	3277	3277	3277
1792	3839	4095	3355	3355	3355
2048	3839	4095	3429	3429	3429
2303	3839	4095	3498	3498	3498
2559	3839	4095	3564	3564	3564
2815	3839	4095	3627	3627	3627
3071	3839	4095	3687	3687	3687
3327	3839	4095	3746	3746	3746
3583	3839	4095	3802	3802	3802
3839	3839	4095	3857	3857	3857
4095	3839	4095	3910	3910	3910
0	4095	4095	2438	2438	2438
256	4095	4095	2861	2861	2861
512	4095	4095	3027	3027	3027
768	4095	4095	3154	3154	3154
1024	4095	4095	3262	3262	3262
1280	4095	4095	3358	3358	3358
1536	4095	4095	3445	3445	3445
1792	4095	4095	3526	3526	3526
2048	4095	4095	3601	3601	3601
2303	4095	4095	3672	3672	3672
2559	4095	4095	3740	3740	3740
2815	4095	4095	3804	3804	3804
3071	4095	4095	3867	3867	3867
3327	4095	4095	3926	3926	3926
3583	4095	4095	3984	3984	3984
3839	4095	4095	4040	4040	4040
4095	4095	4095	4095	4095	4095
