0	0	0	0	0	0
256	0	0	17	0	0
512	0	0	34	1	0
768	0	0	50	1	0
1024	0	0	67	1	0
1280	0	0	84	2	0
1536	0	0	101	2	0
1792	0	0	118	2	0
2048	0	0	134	3	0
2303	0	0	151	3	0
2559	0	0	168	4	0
2815	0	0	185	4	0
3071	0	0	202	4	0
3327	0	0	218	5	0
3583	0	0	235	5	0
3839	0	0	252	5	0
4095	0	0	269	6	0
0	256	0	121	229	13
256	256	0	256	256	0
512	256	0	320	267	0
768	256	0	374	275	0
1024	256	0	422	281	0
1280	256	0	466	287	0
1536	256	0	507	293	0
1792	256	0	547	298	0
2048	256	0	585	302	0
2303	256	0	622	307	0
2559	256	0	658	311	0
2815	256	0	693	315	0
3071	256	0	727	319	0
3327	256	0	761	322	0
3583	256	0	793	326	0
3839	256	0	826	329	0
4095	256	0	858	333	0
0	512	0	241	457	26
256	512	0	428	497	1
512	512	0	512	512	0
768	512	0	580	523	0
1024	512	0	641	533	0
1280	512	0	696	542	0
1536	512	0	748	549	0
1792	512	0	797	556	0
2048	512	0	843	563	0
2303	512	0	888	569	0
2559	512	0	931	575	0
2815	512	0	974	580	0
3071	512	0	1015	586	0
3327	512	0	1055	591	0
3583	512	0	1094	595	0
3839	512	0	1133	600	0
4095	512	0	1170	605	0
0	768	0	362	686	40
256	768	0	588	735	5
512	768	0	688	754	1
768	768	0	768	768	0
1024	768	0	838	780	0
1280	768	0	902	790	0
1536	768	0	961	800	0
1792	768	0	1017	808	0
2048	768	0	1070	816	0
2303	768	0	1121	824	0
2559	768	0	1171	831	0
2815	768	0	1218	838	0
3071	768	0	1265	844	0
3327	768	0	1310	850	0
3583	768	0	1354	856	0
3839	768	0	1397	862	0
4095	768	0	1440	868	0
0	1024	0	482	915	53
256	1024	0	743	972	10
512	1024	0	856	994	3
768	1024	0	946	1010	1
1024	1024	0	1024	1024	0
1280	1024	0	1095	1036	0
1536	1024	0	1161	1047	0
1792	1024	0	1223	1057	0
2048	1024	0	1282	1066	0
2303	1024	0	1338	1075	0
2559	1024	0	1392	1083	0
2815	1024	0	1444	1091	0
3071	1024	0	1495	1098	0
3327	1024	0	1545	1106	0
3583	1024	0	1593	1112	0
3839	1024	0	1640	1119	0
4095	1024	0	1686	1125	0
0	1280	0	603	1143	66
256	1280	0	894	1208	16
512	1280	0	1018	1233	6
768	1280	0	1117	1251	2
1024	1280	0	1203	1266	0
1280	1280	0	1280	1280	0
1536	1280	0	1352	1292	0
1792	1280	0	1419	1303	0
2048	1280	0	1483	1314	0
2303	1280	0	1543	1323	0
2559	1280	0	1602	1333	0
2815	1280	0	1658	1341	0
3071	1280	0	1713	1350	0
3327	1280	0	1766	1358	0
3583	1280	0	1818	1366	0
3839	1280	0	1869	1373	0
4095	1280	0	1919	1380	0
0	1536	0	723	1372	79
256	1536	0	1042	1443	22
512	1536	0	1177	1470	10
768	1536	0	1284	1491	4
1024	1536	0	1376	1508	2
1280	1536	0	1459	1523	0
1536	1536	0	1536	1536	0
1792	1536	0	1608	1548	0
2048	1536	0	1676	1560	0
2303	1536	0	1741	1570	0
2559	1536	0	1804	1580	0
2815	1536	0	1864	1590	0
3071	1536	0	1922	1599	0
3327	1536	0	1979	1608	0
3583	1536	0	2034	1616	0
3839	1536	0	2088	1625	0
4095	1536	0	2141	1632	0
0	1792	0	844	1601	93
256	1792	0	1189	1678	29
512	1792	0	1333	1708	15
768	1792	0	1447	1730	8
1024	1792	0	1545	1748	3
1280	1792	0	1634	1764	1
1536	1792	0	1716	1779	0
1792	1792	0	1792	1792	0
2048	1792	0	1864	1804	0
2303	1792	0	1933	1816	0
2559	1792	0	1999	1827	0
2815	1792	0	2063	1837	0
3071	1792	0	2125	1847	0
3327	1792	0	2184	1857	0
3583	1792	0	2243	1866	0
3839	1792	0	2299	1875	0
4095	1792	0	2355	1883	0
0	2048	0	964	1829	106
256	2048	0	1333	1913	36
512	2048	0	1486	1944	20
768	2048	0	1607	1968	11
1024	2048	0	1711	1988	6
1280	2048	0	1805	2005	3
1536	2048	0	1891	2020	1
1792	2048	0	1972	2035	0
2048	2048	0	2048	2048	0
2303	2048	0	2120	2060	0
2559	2048	0	2190	2072	0
2815	2048	0	2257	2083	0
3071	2048	0	2322	2094	0
3327	2048	0	2384	2104	0
3583	2048	0	2445	2114	0
3839	2048	0	2505	2123	0
4095	2048	0	2563	2132	0
0	2303	0	1084	2057	119
256	2303	0	1476	2146	43
512	2303	0	1638	2179	25
768	2303	0	1765	2205	15
1024	2303	0	1874	2226	9
1280	2303	0	1973	2244	5
1536	2303	0	2063	2261	2
1792	2303	0	2148	2276	1
2048	2303	0	2227	2290	0
2303	2303	0	2303	2303	0
2559	2303	0	2376	2315	0
2815	2303	0	2446	2327	0
3071	2303	0	2513	2339	0
3327	2303	0	2579	2349	0
3583	2303	0	2643	2360	0
3839	2303	0	2705	2370	0
4095	2303	0	2765	2379	0
0	2559	0	1205	2286	132
256	2559	0	1618	2380	51
512	2559	0	1788	2415	31
768	2559	0	1921	2442	20
1024	2559	0	2036	2464	12
1280	2559	0	2139	2484	7
1536	2559	0	2233	2501	4
1792	2559	0	2321	2517	2
2048	2559	0	2404	2532	1
2303	2559	0	2483	2546	0
2559	2559	0	2559	2559	0
2815	2559	0	2632	2571	0
3071	2559	0	2702	2583	0
3327	2559	0	2770	2595	0
3583	2559	0	2837	2606	0
3839	2559	0	2901	2616	0
4095	2559	0	2964	2627	0
0	2815	0	1325	2515	145
256	2815	0	1759	2614	59
512	2815	0	1937	2651	37
768	2815	0	2076	2679	25
1024	2815	0	2195	2702	16
1280	2815	0	2302	2723	10
1536	2815	0	2401	2741	6
1792	2815	0	2492	2758	4
2048	2815	0	2579	2773	2
2303	2815	0	2661	2788	1
2559	2815	0	2739	2802	0
2815	2815	0	2815	2815	0
3071	2815	0	2888	2828	0
3327	2815	0	2959	2839	0
3583	2815	0	3027	2851	0
3839	2815	0	3094	2862	0
4095	2815	0	3159	2873	0
0	3071	0	1446	2743	159
256	3071	0	1899	2847	67
512	3071	0	2084	2886	44
768	3071	0	2229	2915	30
1024	3071	0	2353	2940	20
1280	3071	0	2464	2961	14
1536	3071	0	2566	2980	9
1792	3071	0	2661	2998	6
2048	3071	0	2751	3014	3
2303	3071	0	2836	3030	2
2559	3071	0	2917	3044	1
2815	3071	0	2996	3058	0
3071	3071	0	3071	3071	0
3327	3071	0	3144	3084	0
3583	3071	0	3215	3096	0
3839	3071	0	3284	3107	0
4095	3071	0	3351	3118	0
0	3327	0	1566	2972	172
256	3327	0	2039	3080	76
512	3327	0	2231	3121	50
768	3327	0	2381	3152	35
1024	3327	0	2510	3177	25
1280	3327	0	2625	3199	17
1536	3327	0	2730	3220	12
1792	3327	0	2829	3238	8
2048	3327	0	2921	3255	5
2303	3327	0	3009	3271	3
2559	3327	0	3093	3286	1
2815	3327	0	3174	3300	1
3071	3327	0	3252	3314	0
3327	3327	0	3327	3327	0
3583	3327	0	3400	3340	0
3839	3327	0	3471	3352	0
4095	3327	0	3541	3363	0
0	3583	0	1687	3201	185
256	3583	0	2177	3313	84
512	3583	0	2377	3356	57
768	3583	0	2532	3388	41
1024	3583	0	2665	3414	30
1280	3583	0	2784	3437	21
1536	3583	0	2893	3458	15
1792	3583	0	2994	3477	10
2048	3583	0	3090	3495	7
2303	3583	0	3180	3512	4
2559	3583	0	3267	3527	3
2815	3583	0	3350	3542	1
3071	3583	0	3430	3556	0
3327	3583	0	3508	3570	0
3583	3583	0	3583	3583	0
3839	3583	0	3656	3596	0
4095	3583	0	3728	3608	0
0	3839	0	1807	3429	198
256	3839	0	2316	3546	93
512	3839	0	2521	3590	64
768	3839	0	2682	3623	47
1024	3839	0	2819	3651	34
1280	3839	0	2942	3675	25
1536	3839	0	3054	3697	19
1792	3839	0	3158	3716	13
2048	3839	0	3257	3735	9
2303	3839	0	3350	3752	6
2559	3839	0	3439	3768	4
2815	3839	0	3524	3784	2
3071	3839	0	3607	3798	1
3327	3839	0	3686	3812	0
3583	3839	0	3764	3826	0
3839	3839	0	3839	3839	0
4095	3839	0	3912	3852	0
0	4095	0	1928	3658	211
256	4095	0	2453	3779	102
512	4095	0	2666	3825	72
768	4095	0	2831	3859	53
1024	4095	0	2972	3887	40
1280	4095	0	3098	3912	30
1536	4095	0	3214	3935	22
1792	4095	0	3321	3955	16
2048	4095	0	3422	3974	12
2303	4095	0	3518	3992	8
2559	4095	0	3609	4009	6
2815	4095	0	3697	4025	4
3071	4095	0	3781	4040	2
3327	4095	0	3863	4055	1
3583	4095	0	3943	4069	0
3839	4095	0	4020	4082	0
4095	4095	0	4095	4095	0
0	0	256	0	0	256
256	0	256	17	0	132
512	0	256	34	1	97
768	0	256	50	1	75
1024	0	256	67	1	59
1280	0	256	84	2	46
1536	0	256	101	2	37
1792	0	256	118	2	29
2048	0	256	134	3	22
2303	0	256	151	3	17
2559	0	256	168	4	13
2815	0	256	185	4	10
3071	0	256	202	4	7
3327	0	256	218	5	5
3583	0	256	235	5	3
3839	0	256	252	5	2
4095	0	256	269	6	1
0	256	256	121	229	426
256	256	256	256	256	256
512	256	256	320	267	205
768	256	256	374	275	171
1024	256	256	422	281	145
1280	256	256	466	287	124
1536	256	256	507	293	107
1792	256	256	547	298	93
2048	256	256	585	302	80
2303	256	256	622	307	70
2559	256	256	658	311	61
2815	256	256	693	315	53
3071	256	256	727	319	45
3327	256	256	761	322	39
3583	256	256	793	326	34
3839	256	256	826	329	29
4095	256	256	858	333	24
0	512	256	241	457	501
256	512	256	428	497	313
512	512	256	512	512	256
768	512	256	580	523	217
1024	512	256	641	533	188
1280	512	256	696	542	164
1536	512	256	748	549	144
1792	512	256	797	556	127
2048	512	256	843	563	112
2303	512	256	888	569	99
2559	512	256	931	575	88
2815	512	256	974	580	78
3071	512	256	1015	586	69
3327	512	256	1055	591	61
3583	512	256	1094	595	54
3839	512	256	1133	600	48
4095	512	256	1170	605	42
0	768	256	362	686	561
256	768	256	588	735	361
512	768	256	688	754	298
768	768	256	768	768	256
1024	768	256	838	780	223
1280	768	256	902	790	197
1536	768	256	961	800	175
1792	768	256	1017	808	156
2048	768	256	1070	816	140
2303	768	256	1121	824	125
2559	768	256	1171	831	112
2815	768	256	1218	838	101
3071	768	256	1265	844	91
3327	768	256	1310	850	81
3583	768	256	1354	856	73
3839	768	256	1397	862	65
4095	768	256	1440	868	59
0	1024	256	482	915	614
256	1024	256	743	972	402
512	1024	256	856	994	336
768	1024	256	946	1010	291
1024	1024	256	1024	1024	256
1280	1024	256	1095	1036	228
1536	1024	256	1161	1047	204
1792	1024	256	1223	1057	183
2048	1024	256	1282	1066	165
2303	1024	256	1338	1075	149
2559	1024	256	1392	1083	135
2815	1024	256	1444	1091	122
3071	1024	256	1495	1098	111
3327	1024	256	1545	1106	101
3583	1024	256	1593	1112	91
3839	1024	256	1640	1119	83
4095	1024	256	1686	1125	75
0	1280	256	603	1143	662
256	1280	256	894	1208	441
512	1280	256	1018	1233	371
768	1280	256	1117	1251	323
1024	1280	256	1203	1266	286
1280	1280	256	1280	1280	256
1536	1280	256	1352	1292	230
1792	1280	256	1419	1303	208
2048	1280	256	1483	1314	189
2303	1280	256	1543	1323	172
2559	1280	256	1602	1333	157
2815	1280	256	1658	1341	143
3071	1280	256	1713	1350	130
3327	1280	256	1766	1358	119
3583	1280	256	1818	1366	109
3839	1280	256	1869	1373	99
4095	1280	256	1919	1380	91
0	1536	256	723	1372	707
256	1536	256	1042	1443	477
512	1536	256	1177	1470	404
768	1536	256	1284	1491	354
1024	1536	256	1376	1508	315
1280	1536	256	1459	1523	283
1536	1536	256	1536	1536	256
1792	1536	256	1608	1548	233
2048	1536	256	1676	1560	212
2303	1536	256	1741	1570	194
2559	1536	256	1804	1580	178
2815	1536	256	1864	1590	163
3071	1536	256	1922	1599	149
3327	1536	256	1979	1608	137
3583	1536	256	2034	1616	126
3839	1536	256	2088	1625	116
4095	1536	256	2141	1632	106
0	1792	256	844	1601	750
256	1792	256	1189	1678	511
512	1792	256	1333	1708	436
768	1792	256	1447	1730	383
1024	1792	256	1545	1748	342
1280	1792	256	1634	1764	309
1536	1792	256	1716	1779	281
1792	1792	256	1792	1792	256
2048	1792	256	1864	1804	234
2303	1792	256	1933	1816	215
2559	1792	256	1999	1827	198
2815	1792	256	2063	1837	182
3071	1792	256	2125	1847	168
3327	1792	256	2184	1857	155
3583	1792	256	2243	1866	143
3839	1792	256	2299	1875	132
4095	1792	256	2355	1883	122
0	2048	256	964	1829	790
256	2048	256	1333	1913	544
512	2048	256	1486	1944	466
768	2048	256	1607	1968	411
1024	2048	256	1711	1988	369
1280	2048	256	1805	2005	334
1536	2048	256	1891	2020	304
1792	2048	256	1972	2035	279
2048	2048	256	2048	2048	256
2303	2048	256	2120	2060	236
2559	2048	256	2190	2072	218
2815	2048	256	2257	2083	201
3071	2048	256	2322	2094	186
3327	2048	256	2384	2104	172
3583	2048	256	2445	2114	159
3839	2048	256	2505	2123	148
4095	2048	256	2563	2132	137
0	2303	256	1084	2057	829
256	2303	256	1476	2146	576
512	2303	256	1638	2179	495
768	2303	256	1765	2205	439
1024	2303	256	1874	2226	395
1280	2303	256	1973	2244	358
1536	2303	256	2063	2261	328
1792	2303	256	2148	2276	301
2048	2303	256	2227	2290	277
2303	2303	256	2303	2303	256
2559	2303	256	2376	2315	237
2815	2303	256	2446	2327	220
3071	2303	256	2513	2339	204
3327	2303	256	2579	2349	189
3583	2303	256	2643	2360	176
3839	2303	256	2705	2370	163
4095	2303	256	2765	2379	152
0	2559	256	1205	2286	866
256	2559	256	1618	2380	607
512	2559	256	1788	2415	523
768	2559	256	1921	2442	465
1024	2559	256	2036	2464	420
1280	2559	256	2139	2484	382
1536	2559	256	2233	2501	350
1792	2559	256	2321	2517	323
2048	2559	256	2404	2532	298
2303	2559	256	2483	2546	276
2559	2559	256	2559	2559	256
2815	2559	256	2632	2571	238
3071	2559	256	2702	2583	221
3327	2559	256	2770	2595	206
3583	2559	256	2837	2606	192
3839	2559	256	2901	2616	179
4095	2559	256	2964	2627	167
0	2815	256	1325	2515	903
256	2815	256	1759	2614	637
512	2815	256	1937	2651	551
768	2815	256	2076	2679	491
1024	2815	256	2195	2702	444
1280	2815	256	2302	2723	406
1536	2815	256	2401	2741	373
1792	2815	256	2492	2758	344
2048	2815	256	2579	2773	318
2303	2815	256	2661	2788	296
2559	2815	256	2739	2802	275
2815	2815	256	2815	2815	256
3071	2815	256	2888	2828	239
3327	2815	256	2959	2839	223
3583	2815	256	3027	2851	208
3839	2815	256	3094	2862	195
4095	2815	256	3159	2873	182
0	3071	256	1446	2743	938
256	3071	256	1899	2847	666
512	3071	256	2084	2886	578
768	3071	256	2229	2915	517
1024	3071	256	2353	2940	468
1280	3071	256	2464	2961	429
1536	3071	256	2566	2980	395
1792	3071	256	2661	2998	365
2048	3071	256	2751	3014	338
2303	3071	256	2836	3030	315
2559	3071	256	2917	3044	293
2815	3071	256	2996	3058	274
3071	3071	256	3071	3071	256
3327	3071	256	3144	3084	240
3583	3071	256	3215	3096	224
3839	3071	256	3284	3107	210
4095	3071	256	3351	3118	197
0	3327	256	1566	2972	972
256	3327	256	2039	3080	695
512	3327	256	2231	3121	605
768	3327	256	2381	3152	542
1024	3327	256	2510	3177	492
1280	3327	256	2625	3199	451
1536	3327	256	2730	3220	416
1792	3327	256	2829	3238	385
2048	3327	256	2921	3255	358
2303	3327	256	3009	3271	334
2559	3327	256	3093	3286	312
2815	3327	256	3174	3300	292
3071	3327	256	3252	3314	273
3327	3327	256	3327	3327	256
3583	3327	256	3400	3340	240
3839	3327	256	3471	3352	225
4095	3327	256	3541	3363	212
0	3583	256	1687	3201	1006
256	3583	256	2177	3313	723
512	3583	256	2377	3356	631
768	3583	256	2532	3388	566
1024	3583	256	2665	3414	515
1280	3583	256	2784	3437	473
1536	3583	256	2893	3458	437
1792	3583	256	2994	3477	406
2048	3583	256	3090	3495	378
2303	3583	256	3180	3512	353
2559	3583	256	3267	3527	330
2815	3583	256	3350	3542	309
3071	3583	256	3430	3556	290
3327	3583	256	3508	3570	272
3583	3583	256	3583	3583	256
3839	3583	256	3656	3596	241
4095	3583	256	3728	3608	227
0	3839	256	1807	3429	1039
256	3839	256	2316	3546	750
512	3839	256	2521	3590	656
768	3839	256	2682	3623	590
1024	3839	256	2819	3651	538
1280	3839	256	2942	3675	495
1536	3839	256	3054	3697	458
1792	3839	256	3158	3716	426
2048	3839	256	3257	3735	397
2303	3839	256	3350	3752	372
2559	3839	256	3439	3768	348
2815	3839	256	3524	3784	327
3071	3839	256	3607	3798	307
3327	3839	256	3686	3812	289
3583	3839	256	3764	3826	272
3839	3839	256	3839	3839	256
4095	3839	256	3912	3852	241
0	4095	256	1928	3658	1071
256	4095	256	2453	3779	777
512	4095	256	2666	3825	681
768	4095	256	2831	3859	614
1024	4095	256	2972	3887	561
1280	4095	256	3098	3912	517
1536	4095	256	3214	3935	479
1792	4095	256	3321	3955	446
2048	4095	256	3422	3974	417
2303	4095	256	3518	3992	390
2559	4095	256	3609	4009	366
2815	4095	256	3697	4025	344
3071	4095	256	3781	4040	324
3327	4095	256	3863	4055	305
3583	4095	256	3943	4069	287
3839	4095	256	4020	4082	271
4095	4095	256	4095	4095	256
0	0	512	0	0	512
256	0	512	17	0	322
512	0	512	34	1	264
768	0	512	50	1	224
1024	0	512	67	1	194
1280	0	512	84	2	170
1536	0	512	101	2	150
1792	0	512	118	2	132
2048	0	512	134	3	117
2303	0	512	151	3	104
2559	0	512	168	4	93
2815	0	512	185	4	82
3071	0	512	202	4	73
3327	0	512	218	5	65
3583	0	512	235	5	58
3839	0	512	252	5	51
4095	0	512	269	6	45
0	256	512	121	229	750
256	256	512	256	256	512
512	256	512	320	267	436
768	256	512	374	275	384
1024	256	512	422	281	343
1280	256	512	466	287	309
1536	256	512	507	293	281
1792	256	512	547	298	256
2048	256	512	585	302	235
2303	256	512	622	307	215
2559	256	512	658	311	198
2815	256	512	693	315	182
3071	256	512	727	319	168
3327	256	512	761	322	155
3583	256	512	793	326	143
3839	256	512	826	329	132
4095	256	512	858	333	122
0	512	512	241	457	851
256	512	512	428	497	595
512	512	512	512	512	512
768	512	512	580	523	455
1024	512	512	641	533	410
1280	512	512	696	542	373
1536	512	512	748	549	341
1792	512	512	797	556	314
2048	512	512	843	563	290
2303	512	512	888	569	268
2559	512	512	931	575	248
2815	512	512	974	580	231
3071	512	512	1015	586	214
3327	512	512	1055	591	199
3583	512	512	1094	595	186
3839	512	512	1133	600	173
4095	512	512	1170	605	161
0	768	512	362	686	931
256	768	512	588	735	661
512	768	512	688	754	573
768	768	512	768	768	512
1024	768	512	838	780	464
1280	768	512	902	790	424
1536	768	512	961	800	391
1792	768	512	1017	808	361
2048	768	512	1070	816	335
2303	768	512	1121	824	311
2559	768	512	1171	831	290
2815	768	512	1218	838	271
3071	768	512	1265	844	253
3327	768	512	1310	850	236
3583	768	512	1354	856	221
3839	768	512	1397	862	207
4095	768	512	1440	868	194
0	1024	512	482	915	1001
256	1024	512	743	972	719
512	1024	512	856	994	627
768	1024	512	946	1010	562
1024	1024	512	1024	1024	512
1280	1024	512	1095	1036	470
1536	1024	512	1161	1047	434
1792	1024	512	1223	1057	403
2048	1024	512	1282	1066	375
2303	1024	512	1338	1075	350
2559	1024	512	1392	1083	327
2815	1024	512	1444	1091	307
3071	1024	512	1495	1098	288
3327	1024	512	1545	1106	270
3583	1024	512	1593	1112	254
3839	1024	512	1640	1119	239
4095	1024	512	1686	1125	224
0	1280	512	603	1143	1064
256	1280	512	894	1208	771
512	1280	512	1018	1233	676
768	1280	512	1117	1251	609
1024	1280	512	1203	1266	556
1280	1280	512	1280	1280	512
1536	1280	512	1352	1292	474
1792	1280	512	1419	1303	441
2048	1280	512	1483	1314	412
2303	1280	512	1543	1323	386
2559	1280	512	1602	1333	362
2815	1280	512	1658	1341	340
3071	1280	512	1713	1350	320
3327	1280	512	1766	1358	301
3583	1280	512	1818	1366	284
3839	1280	512	1869	1373	268
4095	1280	512	1919	1380	253
0	1536	512	723	1372	1122
256	1536	512	1042	1443	820
512	1536	512	1177	1470	721
768	1536	512	1284	1491	652
1024	1536	512	1376	1508	597
1280	1536	512	1459	1523	551
1536	1536	512	1536	1536	512
1792	1536	512	1608	1548	478
2048	1536	512	1676	1560	447
2303	1536	512	1741	1570	419
2559	1536	512	1804	1580	394
2815	1536	512	1864	1590	371
3071	1536	512	1922	1599	350
3327	1536	512	1979	1608	331
3583	1536	512	2034	1616	312
3839	1536	512	2088	1625	295
4095	1536	512	2141	1632	279
0	1792	512	844	1601	1176
256	1792	512	1189	1678	866
512	1792	512	1333	1708	764
768	1792	512	1447	1730	692
1024	1792	512	1545	1748	635
1280	1792	512	1634	1764	588
1536	1792	512	1716	1779	548
1792	1792	512	1792	1792	512
2048	1792	512	1864	1804	480
2303	1792	512	1933	1816	452
2559	1792	512	1999	1827	425
2815	1792	512	2063	1837	401
3071	1792	512	2125	1847	379
3327	1792	512	2184	1857	359
3583	1792	512	2243	1866	340
3839	1792	512	2299	1875	322
4095	1792	512	2355	1883	305
0	2048	512	964	1829	1228
256	2048	512	1333	1913	910
512	2048	512	1486	1944	805
768	2048	512	1607	1968	731
1024	2048	512	1711	1988	672
1280	2048	512	1805	2005	624
1536	2048	512	1891	2020	582
1792	2048	512	1972	2035	545
2048	2048	512	2048	2048	512
2303	2048	512	2120	2060	482
2559	2048	512	2190	2072	455
2815	2048	512	2257	2083	430
3071	2048	512	2322	2094	407
3327	2048	512	2384	2104	386
3583	2048	512	2445	2114	366
3839	2048	512	2505	2123	348
4095	2048	512	2563	2132	330
0	2303	512	1084	2057	1277
256	2303	512	1476	2146	951
512	2303	512	1638	2179	844
768	2303	512	1765	2205	768
1024	2303	512	1874	2226	708
1280	2303	512	1973	2244	658
1536	2303	512	2063	2261	615
1792	2303	512	2148	2276	577
2048	2303	512	2227	2290	543
2303	2303	512	2303	2303	512
2559	2303	512	2376	2315	484
2815	2303	512	2446	2327	458
3071	2303	512	2513	2339	434
3327	2303	512	2579	2349	412
3583	2303	512	2643	2360	392
3839	2303	512	2705	2370	372
4095	2303	512	2765	2379	354
0	2559	512	1205	2286	1324
256	2559	512	1618	2380	992
512	2559	512	1788	2415	882
768	2559	512	1921	2442	804
1024	2559	512	2036	2464	742
1280	2559	512	2139	2484	691
1536	2559	512	2233	2501	647
1792	2559	512	2321	2517	607
2048	2559	512	2404	2532	572
2303	2559	512	2483	2546	541
2559	2559	512	2559	2559	512
2815	2559	512	2632	2571	485
3071	2559	512	2702	2583	461
3327	2559	512	2770	2595	438
3583	2559	512	2837	2606	417
3839	2559	512	2901	2616	397
4095	2559	512	2964	2627	378
0	2815	512	1325	2515	1370
256	2815	512	1759	2614	1031
512	2815	512	1937	2651	918
768	2815	512	2076	2679	839
1024	2815	512	2195	2702	776
1280	2815	512	2302	2723	723
1536	2815	512	2401	2741	678
1792	2815	512	2492	2758	637
2048	2815	512	2579	2773	601
2303	2815	512	2661	2788	569
2559	2815	512	2739	2802	539
2815	2815	512	2815	2815	512
3071	2815	512	2888	2828	487
3327	2815	512	2959	2839	463
3583	2815	512	3027	2851	441
3839	2815	512	3094	2862	421
4095	2815	512	3159	2873	401
0	3071	512	1446	2743	1414
256	3071	512	1899	2847	1069
512	3071	512	2084	2886	954
768	3071	512	2229	2915	873
1024	3071	512	2353	2940	808
1280	3071	512	2464	2961	754
1536	3071	512	2566	2980	708
1792	3071	512	2661	2998	667
2048	3071	512	2751	3014	630
2303	3071	512	2836	3030	597
2559	3071	512	2917	3044	566
2815	3071	512	2996	3058	538
3071	3071	512	3071	3071	512
3327	3071	512	3144	3084	488
3583	3071	512	3215	3096	465
3839	3071	512	3284	3107	444
4095	3071	512	3351	3118	424
0	3327	512	1566	2972	1457
256	3327	512	2039	3080	1106
512	3327	512	2231	3121	989
768	3327	512	2381	3152	906
1024	3327	512	2510	3177	840
1280	3327	512	2625	3199	785
1536	3327	512	2730	3220	737
1792	3327	512	2829	3238	695
2048	3327	512	2921	3255	658
2303	3327	512	3009	3271	624
2559	3327	512	3093	3286	592
2815	3327	512	3174	3300	563
3071	3327	512	3252	3314	537
3327	3327	512	3327	3327	512
3583	3327	512	3400	3340	489
3839	3327	512	3471	3352	467
4095	3327	512	3541	3363	447
0	3583	512	1687	3201	1499
256	3583	512	2177	3313	1142
512	3583	512	2377	3356	1023
768	3583	512	2532	3388	938
1024	3583	512	2665	3414	871
1280	3583	512	2784	3437	815
1536	3583	512	2893	3458	766
1792	3583	512	2994	3477	723
2048	3583	512	3090	3495	685
2303	3583	512	3180	3512	650
2559	3583	512	3267	3527	618
2815	3583	512	3350	3542	589
3071	3583	512	3430	3556	561
3327	3583	512	3508	3570	536
3583	3583	512	3583	3583	512
3839	3583	512	3656	3596	490
4095	3583	512	3728	3608	469
0	3839	512	1807	3429	1540
256	3839	512	2316	3546	1177
512	3839	512	2521	3590	1056
768	3839	512	2682	3623	970
1024	3839	512	2819	3651	902
1280	3839	512	2942	3675	844
1536	3839	512	3054	3697	795
1792	3839	512	3158	3716	751
2048	3839	512	3257	3735	712
2303	3839	512	3350	3752	676
2559	3839	512	3439	3768	643
2815	3839	512	3524	3784	613
3071	3839	512	3607	3798	585
3327	3839	512	3686	3812	559
3583	3839	512	3764	3826	535
3839	3839	512	3839	3839	512
4095	3839	512	3912	3852	490
0	4095	512	1928	3658	1580
256	4095	512	2453	3779	1212
512	4095	512	2666	3825	1089
768	4095	512	2831	3859	1001
1024	4095	512	2972	3887	932
1280	4095	512	3098	3912	873
1536	4095	512	3214	3935	823
1792	4095	512	3321	3955	778
2048	4095	512	3422	3974	738
2303	4095	512	3518	3992	702
2559	4095	512	3609	4009	668
2815	4095	512	3697	4025	638
3071	4095	512	3781	4040	609
3327	4095	512	3863	4055	582
3583	4095	512	3943	4069	557
3839	4095	512	4020	4082	534
4095	4095	512	4095	4095	512
0	0	768	0	0	768
256	0	768	17	0	526
512	0	768	34	1	449
768	0	768	50	1	396
1024	0	768	67	1	354
1280	0	768	84	2	320
1536	0	768	101	2	291
1792	0	768	118	2	266
2048	0	768	134	3	244
2303	0	768	151	3	224
2559	0	768	168	4	207
2815	0	768	185	4	191
3071	0	768	202	4	176
3327	0	768	218	5	163
3583	0	768	235	5	150
3839	0	768	252	5	139
4095	0	768	269	6	128
0	256	768	121	229	1060
256	256	768	256	256	768
512	256	768	320	267	673
768	256	768	374	275	606
1024	256	768	422	281	553
1280	256	768	466	287	510
1536	256	768	507	293	472
1792	256	768	547	298	439
2048	256	768	585	302	410
2303	256	768	622	307	384
2559	256	768	658	311	360
2815	256	768	693	315	338
3071	256	768	727	319	318
3327	256	768	761	322	299
3583	256	768	793	326	282
3839	256	768	826	329	266
4095	256	768	858	333	251
0	512	768	241	457	1181
256	512	768	428	497	870
512	512	768	512	512	768
768	512	768	580	523	696
1024	512	768	641	533	639
1280	512	768	696	542	592
1536	512	768	748	549	551
1792	512	768	797	556	515
2048	512	768	843	563	483
2303	512	768	888	569	455
2559	512	768	931	575	428
2815	512	768	974	580	404
3071	512	768	1015	586	382
3327	512	768	1055	591	361
3583	512	768	1094	595	342
3839	512	768	1133	600	324
4095	512	768	1170	605	308
0	768	768	362	686	1277
256	768	768	588	735	951
512	768	768	688	754	844
768	768	768	768	768	768
1024	768	768	838	780	708
1280	768	768	902	790	658
1536	768	768	961	800	615
1792	768	768	1017	808	577
2048	768	768	1070	816	543
2303	768	768	1121	824	512
2559	768	768	1171	831	484
2815	768	768	1218	838	458
3071	768	768	1265	844	434
3327	768	768	1310	850	412
3583	768	768	1354	856	392
3839	768	768	1397	862	372
4095	768	768	1440	868	354
0	1024	768	482	915	1359
256	1024	768	743	972	1022
512	1024	768	856	994	910
768	1024	768	946	1010	831
1024	1024	768	1024	1024	768
1280	1024	768	1095	1036	716
1536	1024	768	1161	1047	670
1792	1024	768	1223	1057	630
2048	1024	768	1282	1066	595
2303	1024	768	1338	1075	562
2559	1024	768	1392	1083	533
2815	1024	768	1444	1091	506
3071	1024	768	1495	1098	481
3327	1024	768	1545	1106	457
3583	1024	768	1593	1112	436
3839	1024	768	1640	1119	415
4095	1024	768	1686	1125	396
0	1280	768	603	1143	1433
256	1280	768	894	1208	1085
512	1280	768	1018	1233	970
768	1280	768	1117	1251	888
1024	1280	768	1203	1266	822
1280	1280	768	1280	1280	768
1536	1280	768	1352	1292	721
1792	1280	768	1419	1303	679
2048	1280	768	1483	1314	642
2303	1280	768	1543	1323	609
2559	1280	768	1602	1333	578
2815	1280	768	1658	1341	549
3071	1280	768	1713	1350	523
3327	1280	768	1766	1358	499
3583	1280	768	1818	1366	476
3839	1280	768	1869	1373	454
4095	1280	768	1919	1380	434
0	1536	768	723	1372	1502
256	1536	768	1042	1443	1144
512	1536	768	1177	1470	1025
768	1536	768	1284	1491	940
1024	1536	768	1376	1508	873
1280	1536	768	1459	1523	817
1536	1536	768	1536	1536	768
1792	1536	768	1608	1548	725
2048	1536	768	1676	1560	686
2303	1536	768	1741	1570	652
2559	1536	768	1804	1580	620
2815	1536	768	1864	1590	590
3071	1536	768	1922	1599	563
3327	1536	768	1979	1608	537
3583	1536	768	2034	1616	513
3839	1536	768	2088	1625	491
4095	1536	768	2141	1632	470
0	1792	768	844	1601	1565
256	1792	768	1189	1678	1199
512	1792	768	1333	1708	1077
768	1792	768	1447	1730	990
1024	1792	768	1545	1748	921
1280	1792	768	1634	1764	863
1536	1792	768	1716	1779	812
1792	1792	768	1792	1792	768
2048	1792	768	1864	1804	728
2303	1792	768	1933	1816	692
2559	1792	768	1999	1827	659
2815	1792	768	2063	1837	629
3071	1792	768	2125	1847	600
3327	1792	768	2184	1857	574
3583	1792	768	2243	1866	549
3839	1792	768	2299	1875	526
4095	1792	768	2355	1883	504
0	2048	768	964	1829	1625
256	2048	768	1333	1913	1251
512	2048	768	1486	1944	1126
768	2048	768	1607	1968	1037
1024	2048	768	1711	1988	966
1280	2048	768	1805	2005	906
1536	2048	768	1891	2020	855
1792	2048	768	1972	2035	809
2048	2048	768	2048	2048	768
2303	2048	768	2120	2060	731
2559	2048	768	2190	2072	697
2815	2048	768	2257	2083	665
3071	2048	768	2322	2094	636
3327	2048	768	2384	2104	609
3583	2048	768	2445	2114	583
3839	2048	768	2505	2123	559
4095	2048	768	2563	2132	537
0	2303	768	1084	2057	1683
256	2303	768	1476	2146	1301
512	2303	768	1638	2179	1173
768	2303	768	1765	2205	1081
1024	2303	768	1874	2226	1009
1280	2303	768	1973	2244	948
1536	2303	768	2063	2261	895
1792	2303	768	2148	2276	848
2048	2303	768	2227	2290	806
2303	2303	768	2303	2303	768
2559	2303	768	2376	2315	733
2815	2303	768	2446	2327	701
3071	2303	768	2513	2339	670
3327	2303	768	2579	2349	642
3583	2303	768	2643	2360	616
3839	2303	768	2705	2370	591
4095	2303	768	2765	2379	568
0	2559	768	1205	2286	1738
256	2559	768	1618	2380	1348
512	2559	768	1788	2415	1218
768	2559	768	1921	2442	1125
1024	2559	768	2036	2464	1050
1280	2559	768	2139	2484	988
1536	2559	768	2233	2501	934
1792	2559	768	2321	2517	886
2048	2559	768	2404	2532	843
2303	2559	768	2483	2546	804
2559	2559	768	2559	2559	768
2815	2559	768	2632	2571	735
3071	2559	768	2702	2583	704
3327	2559	768	2770	2595	675
3583	2559	768	2837	2606	648
3839	2559	768	2901	2616	623
4095	2559	768	2964	2627	599
0	2815	768	1325	2515	1790
256	2815	768	1759	2614	1394
512	2815	768	1937	2651	1261
768	2815	768	2076	2679	1166
1024	2815	768	2195	2702	1091
1280	2815	768	2302	2723	1027
1536	2815	768	2401	2741	972
1792	2815	768	2492	2758	923
2048	2815	768	2579	2773	879
2303	2815	768	2661	2788	839
2559	2815	768	2739	2802	802
2815	2815	768	2815	2815	768
3071	2815	768	2888	2828	736
3327	2815	768	2959	2839	707
3583	2815	768	3027	2851	679
3839	2815	768	3094	2862	653
4095	2815	768	3159	2873	628
0	3071	768	1446	2743	1842
256	3071	768	1899	2847	1439
512	3071	768	2084	2886	1304
768	3071	768	2229	2915	1207
1024	3071	768	2353	2940	1130
1280	3071	768	2464	2961	1065
1536	3071	768	2566	2980	1009
1792	3071	768	2661	2998	959
2048	3071	768	2751	3014	914
2303	3071	768	2836	3030	873
2559	3071	768	2917	3044	835
2815	3071	768	2996	3058	800
3071	3071	768	3071	3071	768
3327	3071	768	3144	3084	738
3583	3071	768	3215	3096	709
3839	3071	768	3284	3107	683
4095	3071	768	3351	3118	657
0	3327	768	1566	2972	1891
256	3327	768	2039	3080	1483
512	3327	768	2231	3121	1345
768	3327	768	2381	3152	1247
1024	3327	768	2510	3177	1168
1280	3327	768	2625	3199	1102
1536	3327	768	2730	3220	1044
1792	3327	768	2829	3238	993
2048	3327	768	2921	3255	948
2303	3327	768	3009	3271	906
2559	3327	768	3093	3286	867
2815	3327	768	3174	3300	832
3071	3327	768	3252	3314	799
3327	3327	768	3327	3327	768
3583	3327	768	3400	3340	739
3839	3327	768	3471	3352	712
4095	3327	768	3541	3363	686
0	3583	768	1687	3201	1939
256	3583	768	2177	3313	1525
512	3583	768	2377	3356	1385
768	3583	768	2532	3388	1285
1024	3583	768	2665	3414	1205
1280	3583	768	2784	3437	1138
1536	3583	768	2893	3458	1079
1792	3583	768	2994	3477	1027
2048	3583	768	3090	3495	981
2303	3583	768	3180	3512	938
2559	3583	768	3267	3527	899
2815	3583	768	3350	3542	863
3071	3583	768	3430	3556	829
3327	3583	768	3508	3570	798
3583	3583	768	3583	3583	768
3839	3583	768	3656	3596	740
4095	3583	768	3728	3608	714
0	3839	768	1807	3429	1987
256	3839	768	2316	3546	1566
512	3839	768	2521	3590	1424
768	3839	768	2682	3623	1323
1024	3839	768	2819	3651	1242
1280	3839	768	2942	3675	1173
1536	3839	768	3054	3697	1114
1792	3839	768	3158	3716	1061
2048	3839	768	3257	3735	1013
2303	3839	768	3350	3752	970
2559	3839	768	3439	3768	930
2815	3839	768	3524	3784	893
3071	3839	768	3607	3798	859
3327	3839	768	3686	3812	827
3583	3839	768	3764	3826	796
3839	3839	768	3839	3839	768
4095	3839	768	3912	3852	741
0	4095	768	1928	3658	2032
256	4095	768	2453	3779	1607
512	4095	768	2666	3825	1463
768	4095	768	2831	3859	1360
1024	4095	768	2972	3887	1277
1280	4095	768	3098	3912	1208
1536	4095	768	3214	3935	1147
1792	4095	768	3321	3955	1094
2048	4095	768	3422	3974	1045
2303	4095	768	3518	3992	1001
2559	4095	768	3609	4009	961
2815	4095	768	3697	4025	923
3071	4095	768	3781	4040	888
3327	4095	768	3863	4055	855
3583	4095	768	3943	4069	824
3839	4095	768	4020	4082	795
4095	4095	768	4095	4095	768
0	0	1024	0	0	1024
256	0	1024	17	0	738
512	0	1024	34	1	645
768	0	1024	50	1	579
1024	0	1024	67	1	528
1280	0	1024	84	2	485
1536	0	1024	101	2	449
1792	0	1024	118	2	417
2048	0	1024	134	3	389
2303	0	1024	151	3	363
2559	0	1024	168	4	340
2815	0	1024	185	4	319
3071	0	1024	202	4	299
3327	0	1024	218	5	281
3583	0	1024	235	5	265
3839	0	1024	252	5	249
4095	0	1024	269	6	235
0	256	1024	121	229	1362
256	256	1024	256	256	1024
512	256	1024	320	267	912
768	256	1024	374	275	833
1024	256	1024	422	281	770
1280	256	1024	466	287	717
1536	256	1024	507	293	672
1792	256	1024	547	298	632
2048	256	1024	585	302	596
2303	256	1024	622	307	564
2559	256	1024	658	311	535
2815	256	1024	693	315	507
3071	256	1024	727	319	482
3327	256	1024	761	322	459
3583	256	1024	793	326	437
3839	256	1024	826	329	417
4095	256	1024	858	333	397
0	512	1024	241	457	1501
256	512	1024	428	497	1143
512	512	1024	512	512	1024
768	512	1024	580	523	939
1024	512	1024	641	533	872
1280	512	1024	696	542	816
1536	512	1024	748	549	767
1792	512	1024	797	556	724
2048	512	1024	843	563	686
2303	512	1024	888	569	651
2559	512	1024	931	575	619
2815	512	1024	974	580	589
3071	512	1024	1015	586	562
3327	512	1024	1055	591	537
3583	512	1024	1094	595	513
3839	512	1024	1133	600	491
4095	512	1024	1170	605	469
0	768	1024	362	686	1609
256	768	1024	588	735	1237
512	768	1024	688	754	1113
768	768	1024	768	768	1024
1024	768	1024	838	780	954
1280	768	1024	902	790	894
1536	768	1024	961	800	843
1792	768	1024	1017	808	798
2048	768	1024	1070	816	757
2303	768	1024	1121	824	720
2559	768	1024	1171	831	687
2815	768	1024	1218	838	655
3071	768	1024	1265	844	626
3327	768	1024	1310	850	599
3583	768	1024	1354	856	574
3839	768	1024	1397	862	550
4095	768	1024	1440	868	528
0	1024	1024	482	915	1703
256	1024	1024	743	972	1318
512	1024	1024	856	994	1189
768	1024	1024	946	1010	1097
1024	1024	1024	1024	1024	1024
1280	1024	1024	1095	1036	963
1536	1024	1024	1161	1047	909
1792	1024	1024	1223	1057	862
2048	1024	1024	1282	1066	820
2303	1024	1024	1338	1075	781
2559	1024	1024	1392	1083	746
2815	1024	1024	1444	1091	713
3071	1024	1024	1495	1098	683
3327	1024	1024	1545	1106	654
3583	1024	1024	1593	1112	628
3839	1024	1024	1640	1119	603
4095	1024	1024	1686	1125	579
0	1280	1024	603	1143	1786
256	1280	1024	894	1208	1391
512	1280	1024	1018	1233	1258
768	1280	1024	1117	1251	1163
1024	1280	1024	1203	1266	1088
1280	1280	1024	1280	1280	1024
1536	1280	1024	1352	1292	969
1792	1280	1024	1419	1303	920
2048	1280	1024	1483	1314	876
2303	1280	1024	1543	1323	836
2559	1280	1024	1602	1333	799
2815	1280	1024	1658	1341	765
3071	1280	1024	1713	1350	734
3327	1280	1024	1766	1358	704
3583	1280	1024	1818	1366	677
3839	1280	1024	1869	1373	651
4095	1280	1024	1919	1380	626
0	1536	1024	723	1372	1863
256	1536	1024	1042	1443	1458
512	1536	1024	1177	1470	1321
768	1536	1024	1284	1491	1224
1024	1536	1024	1376	1508	1146
1280	1536	1024	1459	1523	1081
1536	1536	1024	1536	1536	1024
1792	1536	1024	1608	1548	974
2048	1536	1024	1676	1560	928
2303	1536	1024	1741	1570	887
2559	1536	1024	1804	1580	849
2815	1536	1024	1864	1590	814
3071	1536	1024	1922	1599	781
3327	1536	1024	1979	1608	751
3583	1536	1024	2034	1616	722
3839	1536	1024	2088	1625	695
4095	1536	1024	2141	1632	670
0	1792	1024	844	1601	1935
256	1792	1024	1189	1678	1521
512	1792	1024	1333	1708	1381
768	1792	1024	1447	1730	1281
1024	1792	1024	1545	1748	1201
1280	1792	1024	1634	1764	1134
1536	1792	1024	1716	1779	1076
1792	1792	1024	1792	1792	1024
2048	1792	1024	1864	1804	977
2303	1792	1024	1933	1816	935
2559	1792	1024	1999	1827	896
2815	1792	1024	2063	1837	860
3071	1792	1024	2125	1847	826
3327	1792	1024	2184	1857	795
3583	1792	1024	2243	1866	765
3839	1792	1024	2299	1875	737
4095	1792	1024	2355	1883	711
0	2048	1024	964	1829	2002
256	2048	1024	1333	1913	1580
512	2048	1024	1486	1944	1437
768	2048	1024	1607	1968	1335
1024	2048	1024	1711	1988	1254
1280	2048	1024	1805	2005	1185
1536	2048	1024	1891	2020	1125
1792	2048	1024	1972	2035	1072
2048	2048	1024	2048	2048	1024
2303	2048	1024	2120	2060	981
2559	2048	1024	2190	2072	940
2815	2048	1024	2257	2083	903
3071	2048	1024	2322	2094	869
3327	2048	1024	2384	2104	836
3583	2048	1024	2445	2114	806
3839	2048	1024	2505	2123	777
4095	2048	1024	2563	2132	750
0	2303	1024	1084	2057	2066
256	2303	1024	1476	2146	1636
512	2303	1024	1638	2179	1491
768	2303	1024	1765	2205	1386
1024	2303	1024	1874	2226	1303
1280	2303	1024	1973	2244	1233
1536	2303	1024	2063	2261	1172
1792	2303	1024	2148	2276	1117
2048	2303	1024	2227	2290	1068
2303	2303	1024	2303	2303	1024
2559	2303	1024	2376	2315	983
2815	2303	1024	2446	2327	945
3071	2303	1024	2513	2339	909
3327	2303	1024	2579	2349	876
3583	2303	1024	2643	2360	845
3839	2303	1024	2705	2370	816
4095	2303	1024	2765	2379	788
0	2559	1024	1205	2286	2127
256	2559	1024	1618	2380	1690
512	2559	1024	1788	2415	1542
768	2559	1024	1921	2442	1436
1024	2559	1024	2036	2464	1351
1280	2559	1024	2139	2484	1279
1536	2559	1024	2233	2501	1217
1792	2559	1024	2321	2517	1162
2048	2559	1024	2404	2532	1111
2303	2559	1024	2483	2546	1066
2559	2559	1024	2559	2559	1024
2815	2559	1024	2632	2571	985
3071	2559	1024	2702	2583	949
3327	2559	1024	2770	2595	915
3583	2559	1024	2837	2606	883
3839	2559	1024	2901	2616	853
4095	2559	1024	2964	2627	824
0	2815	1024	1325	2515	2186
256	2815	1024	1759	2614	1742
512	2815	1024	1937	2651	1592
768	2815	1024	2076	2679	1484
1024	2815	1024	2195	2702	1397
1280	2815	1024	2302	2723	1324
1536	2815	1024	2401	2741	1261
1792	2815	1024	2492	2758	1204
2048	2815	1024	2579	2773	1153
2303	2815	1024	2661	2788	1107
2559	2815	1024	2739	2802	1064
2815	2815	1024	2815	2815	1024
3071	2815	1024	2888	2828	987
3327	2815	1024	2959	2839	952
3583	2815	1024	3027	2851	920
3839	2815	1024	3094	2862	889
4095	2815	1024	3159	2873	860
0	3071	1024	1446	2743	2243
256	3071	1024	1899	2847	1793
512	3071	1024	2084	2886	1640
768	3071	1024	2229	2915	1530
1024	3071	1024	2353	2940	1442
1280	3071	1024	2464	2961	1368
1536	3071	1024	2566	2980	1303
1792	3071	1024	2661	2998	1245
2048	3071	1024	2751	3014	1193
2303	3071	1024	2836	3030	1146
2559	3071	1024	2917	3044	1102
2815	3071	1024	2996	3058	1062
3071	3071	1024	3071	3071	1024
3327	3071	1024	3144	3084	989
3583	3071	1024	3215	3096	955
3839	3071	1024	3284	3107	924
4095	3071	1024	3351	3118	894
0	3327	1024	1566	2972	2299
256	3327	1024	2039	3080	1842
512	3327	1024	2231	3121	1686
768	3327	1024	2381	3152	1575
1024	3327	1024	2510	3177	1485
1280	3327	1024	2625	3199	1410
1536	3327	1024	2730	3220	1344
1792	3327	1024	2829	3238	1285
2048	3327	1024	2921	3255	1233
2303	3327	1024	3009	3271	1184
2559	3327	1024	3093	3286	1140
2815	3327	1024	3174	3300	1099
3071	3327	1024	3252	3314	1060
3327	3327	1024	3327	3327	1024
3583	3327	1024	3400	3340	990
3839	3327	1024	3471	3352	958
4095	3327	1024	3541	3363	928
0	3583	1024	1687	3201	2352
256	3583	1024	2177	3313	1889
512	3583	1024	2377	3356	1732
768	3583	1024	2532	3388	1618
1024	3583	1024	2665	3414	1528
1280	3583	1024	2784	3437	1451
1536	3583	1024	2893	3458	1384
1792	3583	1024	2994	3477	1325
2048	3583	1024	3090	3495	1271
2303	3583	1024	3180	3512	1222
2559	3583	1024	3267	3527	1177
2815	3583	1024	3350	3542	1135
3071	3583	1024	3430	3556	1095
3327	3583	1024	3508	3570	1059
3583	3583	1024	3583	3583	1024
3839	3583	1024	3656	3596	991
4095	3583	1024	3728	3608	960
0	3839	1024	1807	3429	2405
256	3839	1024	2316	3546	1936
512	3839	1024	2521	3590	1776
768	3839	1024	2682	3623	1661
1024	3839	1024	2819	3651	1569
1280	3839	1024	2942	3675	1491
1536	3839	1024	3054	3697	1423
1792	3839	1024	3158	3716	1363
2048	3839	1024	3257	3735	1308
2303	3839	1024	3350	3752	1258
2559	3839	1024	3439	3768	1212
2815	3839	1024	3524	3784	1170
3071	3839	1024	3607	3798	1130
3327	3839	1024	3686	3812	1092
3583	3839	1024	3764	3826	1057
3839	3839	1024	3839	3839	1024
4095	3839	1024	3912	3852	992
0	4095	1024	1928	3658	2456
256	4095	1024	2453	3779	1981
512	4095	1024	2666	3825	1819
768	4095	1024	2831	3859	1703
1024	4095	1024	2972	3887	1609
1280	4095	1024	3098	3912	1531
1536	4095	1024	3214	3935	1462
1792	4095	1024	3321	3955	1400
2048	4095	1024	3422	3974	1345
2303	4095	1024	3518	3992	1294
2559	4095	1024	3609	4009	1248
2815	4095	1024	3697	4025	1204
3071	4095	1024	3781	4040	1164
3327	4095	1024	3863	4055	1126
3583	4095	1024	3943	4069	1090
3839	4095	1024	4020	4082	1056
4095	4095	1024	4095	4095	1024
0	0	1280	0	0	1280
256	0	1280	17	0	954
512	0	1280	34	1	846
768	0	1280	50	1	770
1024	0	1280	67	1	710
1280	0	1280	84	2	660
1536	0	1280	101	2	617
1792	0	1280	118	2	579
2048	0	1280	134	3	545
2303	0	1280	151	3	514
2559	0	1280	168	4	486
2815	0	1280	185	4	460
3071	0	1280	202	4	436
3327	0	1280	218	5	414
3583	0	1280	235	5	393
3839	0	1280	252	5	374
4095	0	1280	269	6	356
0	256	1280	121	229	1659
256	256	1280	256	256	1280
512	256	1280	320	267	1153
768	256	1280	374	275	1063
1024	256	1280	422	281	991
1280	256	1280	466	287	931
1536	256	1280	507	293	878
1792	256	1280	547	298	832
2048	256	1280	585	302	790
2303	256	1280	622	307	753
2559	256	1280	658	311	718
2815	256	1280	693	315	686
3071	256	1280	727	319	656
3327	256	1280	761	322	628
3583	256	1280	793	326	602
3839	256	1280	826	329	578
4095	256	1280	858	333	555
0	512	1280	241	457	1813
256	512	1280	428	497	1414
512	512	1280	512	512	1280
768	512	1280	580	523	1184
1024	512	1280	641	533	1108
1280	512	1280	696	542	1044
1536	512	1280	748	549	988
1792	512	1280	797	556	939
2048	512	1280	843	563	894
2303	512	1280	888	569	854
2559	512	1280	931	575	817
2815	512	1280	974	580	782
3071	512	1280	1015	586	750
3327	512	1280	1055	591	720
3583	512	1280	1094	595	692
3839	512	1280	1133	600	666
4095	512	1280	1170	605	641
0	768	1280	362	686	1933
256	768	1280	588	735	1519
512	768	1280	688	754	1380
768	768	1280	768	768	1280
1024	768	1280	838	780	1200
1280	768	1280	902	790	1133
1536	768	1280	961	800	1075
1792	768	1280	1017	808	1023
2048	768	1280	1070	816	976
2303	768	1280	1121	824	934
2559	768	1280	1171	831	895
2815	768	1280	1218	838	859
3071	768	1280	1265	844	825
3327	768	1280	1310	850	794
3583	768	1280	1354	856	764
3839	768	1280	1397	862	736
4095	768	1280	1440	868	710
0	1024	1280	482	915	2036
256	1024	1280	743	972	1610
512	1024	1280	856	994	1466
768	1024	1280	946	1010	1362
1024	1024	1280	1024	1024	1280
1280	1024	1280	1095	1036	1210
1536	1024	1280	1161	1047	1150
1792	1024	1280	1223	1057	1096
2048	1024	1280	1282	1066	1048
2303	1024	1280	1338	1075	1004
2559	1024	1280	1392	1083	963
2815	1024	1280	1444	1091	925
3071	1024	1280	1495	1098	890
3327	1024	1280	1545	1106	858
3583	1024	1280	1593	1112	827
3839	1024	1280	1640	1119	798
4095	1024	1280	1686	1125	770
0	1280	1280	603	1143	2128
256	1280	1280	894	1208	1691
512	1280	1280	1018	1233	1543
768	1280	1280	1117	1251	1437
1024	1280	1280	1203	1266	1352
1280	1280	1280	1280	1280	1280
1536	1280	1280	1352	1292	1218
1792	1280	1280	1419	1303	1162
2048	1280	1280	1483	1314	1112
2303	1280	1280	1543	1323	1067
2559	1280	1280	1602	1333	1025
2815	1280	1280	1658	1341	986
3071	1280	1280	1713	1350	949
3327	1280	1280	1766	1358	915
3583	1280	1280	1818	1366	883
3839	1280	1280	1869	1373	853
4095	1280	1280	1919	1380	825
0	1536	1280	723	1372	2213
256	1536	1280	1042	1443	1765
512	1536	1280	1177	1470	1614
768	1536	1280	1284	1491	1505
1024	1536	1280	1376	1508	1418
1280	1536	1280	1459	1523	1344
1536	1536	1280	1536	1536	1280
1792	1536	1280	1608	1548	1223
2048	1536	1280	1676	1560	1172
2303	1536	1280	1741	1570	1125
2559	1536	1280	1804	1580	1081
2815	1536	1280	1864	1590	1041
3071	1536	1280	1922	1599	1004
3327	1536	1280	1979	1608	969
3583	1536	1280	2034	1616	936
3839	1536	1280	2088	1625	905
4095	1536	1280	2141	1632	875
0	1792	1280	844	1601	2291
256	1792	1280	1189	1678	1835
512	1792	1280	1333	1708	1680
768	1792	1280	1447	1730	1569
1024	1792	1280	1545	1748	1479
1280	1792	1280	1634	1764	1404
1536	1792	1280	1716	1779	1338
1792	1792	1280	1792	1792	1280
2048	1792	1280	1864	1804	1227
2303	1792	1280	1933	1816	1179
2559	1792	1280	1999	1827	1135
2815	1792	1280	2063	1837	1094
3071	1792	1280	2125	1847	1055
3327	1792	1280	2184	1857	1019
3583	1792	1280	2243	1866	985
3839	1792	1280	2299	1875	953
4095	1792	1280	2355	1883	923
0	2048	1280	964	1829	2365
256	2048	1280	1333	1913	1901
512	2048	1280	1486	1944	1742
768	2048	1280	1607	1968	1629
1024	2048	1280	1711	1988	1538
1280	2048	1280	1805	2005	1461
1536	2048	1280	1891	2020	1394
1792	2048	1280	1972	2035	1334
2048	2048	1280	2048	2048	1280
2303	2048	1280	2120	2060	1231
2559	2048	1280	2190	2072	1185
2815	2048	1280	2257	2083	1143
3071	2048	1280	2322	2094	1104
3327	2048	1280	2384	2104	1067
3583	2048	1280	2445	2114	1032
3839	2048	1280	2505	2123	999
4095	2048	1280	2563	2132	968
0	2303	1280	1084	2057	2435
256	2303	1280	1476	2146	1963
512	2303	1280	1638	2179	1802
768	2303	1280	1765	2205	1686
1024	2303	1280	1874	2226	1593
1280	2303	1280	1973	2244	1515
1536	2303	1280	2063	2261	1446
1792	2303	1280	2148	2276	1385
2048	2303	1280	2227	2290	1330
2303	2303	1280	2303	2303	1280
2559	2303	1280	2376	2315	1234
2815	2303	1280	2446	2327	1190
3071	2303	1280	2513	2339	1150
3327	2303	1280	2579	2349	1112
3583	2303	1280	2643	2360	1077
3839	2303	1280	2705	2370	1043
4095	2303	1280	2765	2379	1011
0	2559	1280	1205	2286	2502
256	2559	1280	1618	2380	2022
512	2559	1280	1788	2415	1859
768	2559	1280	1921	2442	1741
1024	2559	1280	2036	2464	1647
1280	2559	1280	2139	2484	1567
1536	2559	1280	2233	2501	1497
1792	2559	1280	2321	2517	1435
2048	2559	1280	2404	2532	1379
2303	2559	1280	2483	2546	1327
2559	2559	1280	2559	2559	1280
2815	2559	1280	2632	2571	1236
3071	2559	1280	2702	2583	1195
3327	2559	1280	2770	2595	1156
3583	2559	1280	2837	2606	1120
3839	2559	1280	2901	2616	1086
4095	2559	1280	2964	2627	1053
0	2815	1280	1325	2515	2567
256	2815	1280	1759	2614	2080
512	2815	1280	1937	2651	1914
768	2815	1280	2076	2679	1794
1024	2815	1280	2195	2702	1698
1280	2815	1280	2302	2723	1617
1536	2815	1280	2401	2741	1546
1792	2815	1280	2492	2758	1483
2048	2815	1280	2579	2773	1425
2303	2815	1280	2661	2788	1373
2559	2815	1280	2739	2802	1325
2815	2815	1280	2815	2815	1280
3071	2815	1280	2888	2828	1238
3327	2815	1280	2959	2839	1199
3583	2815	1280	3027	2851	1162
3839	2815	1280	3094	2862	1127
4095	2815	1280	3159	2873	1093
0	3071	1280	1446	2743	2629
256	3071	1280	1899	2847	2135
512	3071	1280	2084	2886	1967
768	3071	1280	2229	2915	1845
1024	3071	1280	2353	2940	1748
1280	3071	1280	2464	2961	1665
1536	3071	1280	2566	2980	1593
1792	3071	1280	2661	2998	1529
2048	3071	1280	2751	3014	1470
2303	3071	1280	2836	3030	1417
2559	3071	1280	2917	3044	1368
2815	3071	1280	2996	3058	1323
3071	3071	1280	3071	3071	1280
3327	3071	1280	3144	3084	1240
3583	3071	1280	3215	3096	1202
3839	3071	1280	3284	3107	1166
4095	3071	1280	3351	3118	1133
0	3327	1280	1566	2972	2689
256	3327	1280	2039	3080	2189
512	3327	1280	2231	3121	2018
768	3327	1280	2381	3152	1895
1024	3327	1280	2510	3177	1796
1280	3327	1280	2625	3199	1712
1536	3327	1280	2730	3220	1639
1792	3327	1280	2829	3238	1574
2048	3327	1280	2921	3255	1514
2303	3327	1280	3009	3271	1461
2559	3327	1280	3093	3286	1411
2815	3327	1280	3174	3300	1364
3071	3327	1280	3252	3314	1321
3327	3327	1280	3327	3327	1280
3583	3327	1280	3400	3340	1242
3839	3327	1280	3471	3352	1205
4095	3327	1280	3541	3363	1171
0	3583	1280	1687	3201	2748
256	3583	1280	2177	3313	2241
512	3583	1280	2377	3356	2068
768	3583	1280	2532	3388	1943
1024	3583	1280	2665	3414	1843
1280	3583	1280	2784	3437	1758
1536	3583	1280	2893	3458	1684
1792	3583	1280	2994	3477	1617
2048	3583	1280	3090	3495	1557
2303	3583	1280	3180	3512	1502
2559	3583	1280	3267	3527	1452
2815	3583	1280	3350	3542	1405
3071	3583	1280	3430	3556	1360
3327	3583	1280	3508	3570	1319
3583	3583	1280	3583	3583	1280
3839	3583	1280	3656	3596	1243
4095	3583	1280	3728	3608	1208
0	3839	1280	1807	3429	2804
256	3839	1280	2316	3546	2292
512	3839	1280	2521	3590	2117
768	3839	1280	2682	3623	1990
1024	3839	1280	2819	3651	1889
1280	3839	1280	2942	3675	1802
1536	3839	1280	3054	3697	1727
1792	3839	1280	3158	3716	1660
2048	3839	1280	3257	3735	1599
2303	3839	1280	3350	3752	1543
2559	3839	1280	3439	3768	1492
2815	3839	1280	3524	3784	1444
3071	3839	1280	3607	3798	1399
3327	3839	1280	3686	3812	1357
3583	3839	1280	3764	3826	1318
3839	3839	1280	3839	3839	1280
4095	3839	1280	3912	3852	1244
0	4095	1280	1928	3658	2860
256	4095	1280	2453	3779	2342
512	4095	1280	2666	3825	2164
768	4095	1280	2831	3859	2036
1024	4095	1280	2972	3887	1933
1280	4095	1280	3098	3912	1846
1536	4095	1280	3214	3935	1770
1792	4095	1280	3321	3955	1702
2048	4095	1280	3422	3974	1640
2303	4095	1280	3518	3992	1583
2559	4095	1280	3609	4009	1531
2815	4095	1280	3697	4025	1483
3071	4095	1280	3781	4040	1437
3327	4095	1280	3863	4055	1395
3583	4095	1280	3943	4069	1354
3839	4095	1280	4020	4082	1316
4095	4095	1280	4095	4095	1280
0	0	1536	0	0	1536
256	0	1536	17	0	1174
512	0	1536	34	1	1053
768	0	1536	50	1	967
1024	0	1536	67	1	899
1280	0	1536	84	2	841
1536	0	1536	101	2	792
1792	0	1536	118	2	748
2048	0	1536	134	3	709
2303	0	1536	151	3	673
2559	0	1536	168	4	641
2815	0	1536	185	4	611
3071	0	1536	202	4	583
3327	0	1536	218	5	557
3583	0	1536	235	5	533
3839	0	1536	252	5	510
4095	0	1536	269	6	488
0	256	1536	121	229	1952
256	256	1536	256	256	1536
512	256	1536	320	267	1396
768	256	1536	374	275	1295
1024	256	1536	422	281	1215
1280	256	1536	466	287	1147
1536	256	1536	507	293	1089
1792	256	1536	547	298	1036
2048	256	1536	585	302	990
2303	256	1536	622	307	947
2559	256	1536	658	311	907
2815	256	1536	693	315	871
3071	256	1536	727	319	837
3327	256	1536	761	322	805
3583	256	1536	793	326	776
3839	256	1536	826	329	748
4095	256	1536	858	333	721
0	512	1536	241	457	2120
256	512	1536	428	497	1684
512	512	1536	512	512	1536
768	512	1536	580	523	1430
1024	512	1536	641	533	1345
1280	512	1536	696	542	1274
1536	512	1536	748	549	1212
1792	512	1536	797	556	1156
2048	512	1536	843	563	1106
2303	512	1536	888	569	1061
2559	512	1536	931	575	1019
2815	512	1536	974	580	980
3071	512	1536	1015	586	944
3327	512	1536	1055	591	910
3583	512	1536	1094	595	878
3839	512	1536	1133	600	848
4095	512	1536	1170	605	820
0	768	1536	362	686	2251
256	768	1536	588	735	1799
512	768	1536	688	754	1646
768	768	1536	768	768	1536
1024	768	1536	838	780	1448
1280	768	1536	902	790	1373
1536	768	1536	961	800	1309
1792	768	1536	1017	808	1251
2048	768	1536	1070	816	1199
2303	768	1536	1121	824	1151
2559	768	1536	1171	831	1107
2815	768	1536	1218	838	1067
3071	768	1536	1265	844	1029
3327	768	1536	1310	850	993
3583	768	1536	1354	856	960
3839	768	1536	1397	862	928
4095	768	1536	1440	868	899
0	1024	1536	482	915	2363
256	1024	1536	743	972	1898
512	1024	1536	856	994	1740
768	1024	1536	946	1010	1627
1024	1024	1536	1024	1024	1536
1280	1024	1536	1095	1036	1459
1536	1024	1536	1161	1047	1392
1792	1024	1536	1223	1057	1332
2048	1024	1536	1282	1066	1278
2303	1024	1536	1338	1075	1229
2559	1024	1536	1392	1083	1184
2815	1024	1536	1444	1091	1142
3071	1024	1536	1495	1098	1102
3327	1024	1536	1545	1106	1065
3583	1024	1536	1593	1112	1031
3839	1024	1536	1640	1119	998
4095	1024	1536	1686	1125	967
0	1280	1536	603	1143	2463
256	1280	1536	894	1208	1987
512	1280	1536	1018	1233	1825
768	1280	1536	1117	1251	1709
1024	1280	1536	1203	1266	1615
1280	1280	1536	1280	1280	1536
1536	1280	1536	1352	1292	1467
1792	1280	1536	1419	1303	1406
2048	1280	1536	1483	1314	1350
2303	1280	1536	1543	1323	1299
2559	1280	1536	1602	1333	1252
2815	1280	1536	1658	1341	1209
3071	1280	1536	1713	1350	1168
3327	1280	1536	1766	1358	1130
3583	1280	1536	1818	1366	1094
3839	1280	1536	1869	1373	1061
4095	1280	1536	1919	1380	1028
0	1536	1536	723	1372	2554
256	1536	1536	1042	1443	2068
512	1536	1536	1177	1470	1903
768	1536	1536	1284	1491	1784
1024	1536	1536	1376	1508	1688
1280	1536	1536	1459	1523	1607
1536	1536	1536	1536	1536	1536
1792	1536	1536	1608	1548	1473
2048	1536	1536	1676	1560	1416
2303	1536	1536	1741	1570	1364
2559	1536	1536	1804	1580	1316
2815	1536	1536	1864	1590	1271
3071	1536	1536	1922	1599	1229
3327	1536	1536	1979	1608	1190
3583	1536	1536	2034	1616	1153
3839	1536	1536	2088	1625	1118
4095	1536	1536	2141	1632	1085
0	1792	1536	844	1601	2639
256	1792	1536	1189	1678	2144
512	1792	1536	1333	1708	1975
768	1792	1536	1447	1730	1853
1024	1792	1536	1545	1748	1756
1280	1792	1536	1634	1764	1673
1536	1792	1536	1716	1779	1600
1792	1792	1536	1792	1792	1536
2048	1792	1536	1864	1804	1478
2303	1792	1536	1933	1816	1424
2559	1792	1536	1999	1827	1375
2815	1792	1536	2063	1837	1329
3071	1792	1536	2125	1847	1287
3327	1792	1536	2184	1857	1246
3583	1792	1536	2243	1866	1209
3839	1792	1536	2299	1875	1173
4095	1792	1536	2355	1883	1139
0	2048	1536	964	1829	2719
256	2048	1536	1333	1913	2216
512	2048	1536	1486	1944	2043
768	2048	1536	1607	1968	1919
1024	2048	1536	1711	1988	1820
1280	2048	1536	1805	2005	1735
1536	2048	1536	1891	2020	1661
1792	2048	1536	1972	2035	1596
2048	2048	1536	2048	2048	1536
2303	2048	1536	2120	2060	1482
2559	2048	1536	2190	2072	1431
2815	2048	1536	2257	2083	1385
3071	2048	1536	2322	2094	1341
3327	2048	1536	2384	2104	1300
3583	2048	1536	2445	2114	1261
3839	2048	1536	2505	2123	1224
4095	2048	1536	2563	2132	1190
0	2303	1536	1084	2057	2794
256	2303	1536	1476	2146	2283
512	2303	1536	1638	2179	2108
768	2303	1536	1765	2205	1982
1024	2303	1536	1874	2226	1880
1280	2303	1536	1973	2244	1794
1536	2303	1536	2063	2261	1719
1792	2303	1536	2148	2276	1652
2048	2303	1536	2227	2290	1591
2303	2303	1536	2303	2303	1536
2559	2303	1536	2376	2315	1485
2815	2303	1536	2446	2327	1437
3071	2303	1536	2513	2339	1392
3327	2303	1536	2579	2349	1350
3583	2303	1536	2643	2360	1311
3839	2303	1536	2705	2370	1273
4095	2303	1536	2765	2379	1238
0	2559	1536	1205	2286	2867
256	2559	1536	1618	2380	2348
512	2559	1536	1788	2415	2170
768	2559	1536	1921	2442	2042
1024	2559	1536	2036	2464	1939
1280	2559	1536	2139	2484	1851
1536	2559	1536	2233	2501	1775
1792	2559	1536	2321	2517	1707
2048	2559	1536	2404	2532	1645
2303	2559	1536	2483	2546	1588
2559	2559	1536	2559	2559	1536
2815	2559	1536	2632	2571	1487
3071	2559	1536	2702	2583	1442
3327	2559	1536	2770	2595	1399
3583	2559	1536	2837	2606	1359
3839	2559	1536	2901	2616	1321
4095	2559	1536	2964	2627	1284
0	2815	1536	1325	2515	2936
256	2815	1536	1759	2614	2410
512	2815	1536	1937	2651	2230
768	2815	1536	2076	2679	2100
1024	2815	1536	2195	2702	1995
1280	2815	1536	2302	2723	1906
1536	2815	1536	2401	2741	1828
1792	2815	1536	2492	2758	1759
2048	2815	1536	2579	2773	1696
2303	2815	1536	2661	2788	1639
2559	2815	1536	2739	2802	1586
2815	2815	1536	2815	2815	1536
3071	2815	1536	2888	2828	1490
3327	2815	1536	2959	2839	1446
3583	2815	1536	3027	2851	1405
3839	2815	1536	3094	2862	1366
4095	2815	1536	3159	2873	1329
0	3071	1536	1446	2743	3003
256	3071	1536	1899	2847	2470
512	3071	1536	2084	2886	2287
768	3071	1536	2229	2915	2155
1024	3071	1536	2353	2940	2049
1280	3071	1536	2464	2961	1959
1536	3071	1536	2566	2980	1880
1792	3071	1536	2661	2998	1810
2048	3071	1536	2751	3014	1746
2303	3071	1536	2836	3030	1687
2559	3071	1536	2917	3044	1633
2815	3071	1536	2996	3058	1583
3071	3071	1536	3071	3071	1536
3327	3071	1536	3144	3084	1492
3583	3071	1536	3215	3096	1450
3839	3071	1536	3284	3107	1410
4095	3071	1536	3351	3118	1373
0	3327	1536	1566	2972	3068
256	3327	1536	2039	3080	2529
512	3327	1536	2231	3121	2343
768	3327	1536	2381	3152	2210
1024	3327	1536	2510	3177	2102
1280	3327	1536	2625	3199	2010
1536	3327	1536	2730	3220	1930
1792	3327	1536	2829	3238	1859
2048	3327	1536	2921	3255	1794
2303	3327	1536	3009	3271	1735
2559	3327	1536	3093	3286	1680
2815	3327	1536	3174	3300	1629
3071	3327	1536	3252	3314	1581
3327	3327	1536	3327	3327	1536
3583	3327	1536	3400	3340	1494
3839	3327	1536	3471	3352	1453
4095	3327	1536	3541	3363	1415
0	3583	1536	1687	3201	3130
256	3583	1536	2177	3313	2585
512	3583	1536	2377	3356	2397
768	3583	1536	2532	3388	2262
1024	3583	1536	2665	3414	2153
1280	3583	1536	2784	3437	2060
1536	3583	1536	2893	3458	1979
1792	3583	1536	2994	3477	1907
2048	3583	1536	3090	3495	1841
2303	3583	1536	3180	3512	1781
2559	3583	1536	3267	3527	1725
2815	3583	1536	3350	3542	1673
3071	3583	1536	3430	3556	1625
3327	3583	1536	3508	3570	1579
3583	3583	1536	3583	3583	1536
3839	3583	1536	3656	3596	1495
4095	3583	1536	3728	3608	1456
0	3839	1536	1807	3429	3191
256	3839	1536	2316	3546	2640
512	3839	1536	2521	3590	2450
768	3839	1536	2682	3623	2313
1024	3839	1536	2819	3651	2203
1280	3839	1536	2942	3675	2109
1536	3839	1536	3054	3697	2027
1792	3839	1536	3158	3716	1953
2048	3839	1536	3257	3735	1887
2303	3839	1536	3350	3752	1826
2559	3839	1536	3439	3768	1769
2815	3839	1536	3524	3784	1717
3071	3839	1536	3607	3798	1667
3327	3839	1536	3686	3812	1621
3583	3839	1536	3764	3826	1577
3839	3839	1536	3839	3839	1536
4095	3839	1536	3912	3852	1497
0	4095	1536	1928	3658	3251
256	4095	1536	2453	3779	2694
512	4095	1536	2666	3825	2502
768	4095	1536	2831	3859	2363
1024	4095	1536	2972	3887	2251
1280	4095	1536	3098	3912	2156
1536	4095	1536	3214	3935	2073
1792	4095	1536	3321	3955	1999
2048	4095	1536	3422	3974	1931
2303	4095	1536	3518	3992	1870
2559	4095	1536	3609	4009	1812
2815	4095	1536	3697	4025	1759
3071	4095	1536	3781	4040	1709
3327	4095	1536	3863	4055	1662
3583	4095	1536	3943	4069	1618
3839	4095	1536	4020	4082	1576
4095	4095	1536	4095	4095	1536
0	0	1792	0	0	1792
256	0	1792	17	0	1396
512	0	1792	34	1	1263
768	0	1792	50	1	1168
1024	0	1792	67	1	1092
1280	0	1792	84	2	1028
1536	0	1792	101	2	973
1792	0	1792	118	2	924
2048	0	1792	134	3	880
2303	0	1792	151	3	840
2559	0	1792	168	4	803
2815	0	1792	185	4	769
3071	0	1792	202	4	737
3327	0	1792	218	5	708
3583	0	1792	235	5	680
3839	0	1792	252	5	654
4095	0	1792	269	6	629
0	256	1792	121	229	2243
256	256	1792	256	256	1792
512	256	1792	320	267	1639
768	256	1792	374	275	1529
1024	256	1792	422	281	1441
1280	256	1792	466	287	1367
1536	256	1792	507	293	1302
1792	256	1792	547	298	1245
2048	256	1792	585	302	1193
2303	256	1792	622	307	1146
2559	256	1792	658	311	1102
2815	256	1792	693	315	1061
3071	256	1792	727	319	1023
3327	256	1792	761	322	988
3583	256	1792	793	326	955
3839	256	1792	826	329	923
4095	256	1792	858	333	894
0	512	1792	241	457	2424
256	512	1792	428	497	1953
512	512	1792	512	512	1792
768	512	1792	580	523	1677
1024	512	1792	641	533	1584
1280	512	1792	696	542	1506
1536	512	1792	748	549	1438
1792	512	1792	797	556	1377
2048	512	1792	843	563	1322
2303	512	1792	888	569	1272
2559	512	1792	931	575	1226
2815	512	1792	974	580	1183
3071	512	1792	1015	586	1143
3327	512	1792	1055	591	1105
3583	512	1792	1094	595	1069
3839	512	1792	1133	600	1036
4095	512	1792	1170	605	1004
0	768	1792	362	686	2564
256	768	1792	588	735	2078
512	768	1792	688	754	1911
768	768	1792	768	768	1792
1024	768	1792	838	780	1696
1280	768	1792	902	790	1615
1536	768	1792	961	800	1544
1792	768	1792	1017	808	1481
2048	768	1792	1070	816	1423
2303	768	1792	1121	824	1371
2559	768	1792	1171	831	1323
2815	768	1792	1218	838	1278
3071	768	1792	1265	844	1236
3327	768	1792	1310	850	1197
3583	768	1792	1354	856	1160
3839	768	1792	1397	862	1125
4095	768	1792	1440	868	1092
0	1024	1792	482	915	2684
256	1024	1792	743	972	2185
512	1024	1792	856	994	2014
768	1024	1792	946	1010	1891
1024	1024	1792	1024	1024	1792
1280	1024	1792	1095	1036	1708
1536	1024	1792	1161	1047	1635
1792	1024	1792	1223	1057	1570
2048	1024	1792	1282	1066	1511
2303	1024	1792	1338	1075	1457
2559	1024	1792	1392	1083	1407
2815	1024	1792	1444	1091	1361
3071	1024	1792	1495	1098	1317
3327	1024	1792	1545	1106	1277
3583	1024	1792	1593	1112	1238
3839	1024	1792	1640	1119	1202
4095	1024	1792	1686	1125	1168
0	1280	1792	603	1143	2791
256	1280	1792	894	1208	2280
512	1280	1792	1018	1233	2105
768	1280	1792	1117	1251	1979
1024	1280	1792	1203	1266	1878
1280	1280	1792	1280	1280	1792
1536	1280	1792	1352	1292	1717
1792	1280	1792	1419	1303	1650
2048	1280	1792	1483	1314	1589
2303	1280	1792	1543	1323	1534
2559	1280	1792	1602	1333	1482
2815	1280	1792	1658	1341	1435
3071	1280	1792	1713	1350	1390
3327	1280	1792	1766	1358	1348
3583	1280	1792	1818	1366	1309
3839	1280	1792	1869	1373	1271
4095	1280	1792	1919	1380	1236
0	1536	1792	723	1372	2889
256	1536	1792	1042	1443	2368
512	1536	1792	1177	1470	2189
768	1536	1792	1284	1491	2060
1024	1536	1792	1376	1508	1957
1280	1536	1792	1459	1523	1869
1536	1536	1792	1536	1536	1792
1792	1536	1792	1608	1548	1723
2048	1536	1792	1676	1560	1661
2303	1536	1792	1741	1570	1604
2559	1536	1792	1804	1580	1552
2815	1536	1792	1864	1590	1503
3071	1536	1792	1922	1599	1457
3327	1536	1792	1979	1608	1414
3583	1536	1792	2034	1616	1374
3839	1536	1792	2088	1625	1335
4095	1536	1792	2141	1632	1299
0	1792	1792	844	1601	2980
256	1792	1792	1189	1678	2449
512	1792	1792	1333	1708	2267
768	1792	1792	1447	1730	2136
1024	1792	1792	1545	1748	2030
1280	1792	1792	1634	1764	1941
1536	1792	1792	1716	1779	1862
1792	1792	1792	1792	1792	1792
2048	1792	1792	1864	1804	1728
2303	1792	1792	1933	1816	1671
2559	1792	1792	1999	1827	1617
2815	1792	1792	2063	1837	1567
3071	1792	1792	2125	1847	1520
3327	1792	1792	2184	1857	1476
3583	1792	1792	2243	1866	1434
3839	1792	1792	2299	1875	1395
4095	1792	1792	2355	1883	1358
0	2048	1792	964	1829	3065
256	2048	1792	1333	1913	2526
512	2048	1792	1486	1944	2341
768	2048	1792	1607	1968	2207
1024	2048	1792	1711	1988	2100
1280	2048	1792	1805	2005	2008
1536	2048	1792	1891	2020	1928
1792	2048	1792	1972	2035	1857
2048	2048	1792	2048	2048	1792
2303	2048	1792	2120	2060	1733
2559	2048	1792	2190	2072	1678
2815	2048	1792	2257	2083	1627
3071	2048	1792	2322	2094	1579
3327	2048	1792	2384	2104	1534
3583	2048	1792	2445	2114	1492
3839	2048	1792	2505	2123	1452
4095	2048	1792	2563	2132	1413
0	2303	1792	1084	2057	3145
256	2303	1792	1476	2146	2599
512	2303	1792	1638	2179	2411
768	2303	1792	1765	2205	2275
1024	2303	1792	1874	2226	2165
1280	2303	1792	1973	2244	2072
1536	2303	1792	2063	2261	1991
1792	2303	1792	2148	2276	1918
2048	2303	1792	2227	2290	1852
2303	2303	1792	2303	2303	1792
2559	2303	1792	2376	2315	1736
2815	2303	1792	2446	2327	1684
3071	2303	1792	2513	2339	1635
3327	2303	1792	2579	2349	1590
3583	2303	1792	2643	2360	1546
3839	2303	1792	2705	2370	1505
4095	2303	1792	2765	2379	1466
0	2559	1792	1205	2286	3223
256	2559	1792	1618	2380	2668
512	2559	1792	1788	2415	2477
768	2559	1792	1921	2442	2339
1024	2559	1792	2036	2464	2228
1280	2559	1792	2139	2484	2134
1536	2559	1792	2233	2501	2051
1792	2559	1792	2321	2517	1977
2048	2559	1792	2404	2532	1910
2303	2559	1792	2483	2546	1849
2559	2559	1792	2559	2559	1792
2815	2559	1792	2632	2571	1739
3071	2559	1792	2702	2583	1689
3327	2559	1792	2770	2595	1643
3583	2559	1792	2837	2606	1599
3839	2559	1792	2901	2616	1557
4095	2559	1792	2964	2627	1517
0	2815	1792	1325	2515	3297
256	2815	1792	1759	2614	2735
512	2815	1792	1937	2651	2541
768	2815	1792	2076	2679	2402
1024	2815	1792	2195	2702	2289
1280	2815	1792	2302	2723	2193
1536	2815	1792	2401	2741	2109
1792	2815	1792	2492	2758	2034
2048	2815	1792	2579	2773	1966
2303	2815	1792	2661	2788	1904
2559	2815	1792	2739	2802	1846
2815	2815	1792	2815	2815	1792
3071	2815	1792	2888	2828	1742
3327	2815	1792	2959	2839	1694
3583	2815	1792	3027	2851	1649
3839	2815	1792	3094	2862	1607
4095	2815	1792	3159	2873	1567
0	3071	1792	1446	2743	3368
256	3071	1792	1899	2847	2799
512	3071	1792	2084	2886	2603
768	3071	1792	2229	2915	2462
1024	3071	1792	2353	2940	2347
1280	3071	1792	2464	2961	2250
1536	3071	1792	2566	2980	2165
1792	3071	1792	2661	2998	2089
2048	3071	1792	2751	3014	2020
2303	3071	1792	2836	3030	1956
2559	3071	1792	2917	3044	1898
2815	3071	1792	2996	3058	1843
3071	3071	1792	3071	3071	1792
3327	3071	1792	3144	3084	1744
3583	3071	1792	3215	3096	1698
3839	3071	1792	3284	3107	1655
4095	3071	1792	3351	3118	1614
0	3327	1792	1566	2972	3437
256	3327	1792	2039	3080	2862
512	3327	1792	2231	3121	2663
768	3327	1792	2381	3152	2520
1024	3327	1792	2510	3177	2404
1280	3327	1792	2625	3199	2305
1536	3327	1792	2730	3220	2219
1792	3327	1792	2829	3238	2142
2048	3327	1792	2921	3255	2072
2303	3327	1792	3009	3271	2008
2559	3327	1792	3093	3286	1948
2815	3327	1792	3174	3300	1893
3071	3327	1792	3252	3314	1841
3327	3327	1792	3327	3327	1792
3583	3327	1792	3400	3340	1746
3839	3327	1792	3471	3352	1702
4095	3327	1792	3541	3363	1660
0	3583	1792	1687	3201	3503
256	3583	1792	2177	3313	2922
512	3583	1792	2377	3356	2721
768	3583	1792	2532	3388	2576
1024	3583	1792	2665	3414	2459
1280	3583	1792	2784	3437	2359
1536	3583	1792	2893	3458	2272
1792	3583	1792	2994	3477	2193
2048	3583	1792	3090	3495	2123
2303	3583	1792	3180	3512	2058
2559	3583	1792	3267	3527	1997
2815	3583	1792	3350	3542	1941
3071	3583	1792	3430	3556	1888
3327	3583	1792	3508	3570	1839
3583	3583	1792	3583	3583	1792
3839	3583	1792	3656	3596	1748
4095	3583	1792	3728	3608	1705
0	3839	1792	1807	3429	3568
256	3839	1792	2316	3546	2981
512	3839	1792	2521	3590	2778
768	3839	1792	2682	3623	2631
1024	3839	1792	2819	3651	2512
1280	3839	1792	2942	3675	2411
1536	3839	1792	3054	3697	2323
1792	3839	1792	3158	3716	2244
2048	3839	1792	3257	3735	2172
2303	3839	1792	3350	3752	2106
2559	3839	1792	3439	3768	2045
2815	3839	1792	3524	3784	1988
3071	3839	1792	3607	3798	1935
3327	3839	1792	3686	3812	1885
3583	3839	1792	3764	3826	1837
3839	3839	1792	3839	3839	1792
4095	3839	1792	3912	3852	1749
0	4095	1792	1928	3658	3631
256	4095	1792	2453	3779	3038
512	4095	1792	2666	3825	2833
768	4095	1792	2831	3859	2684
1024	4095	1792	2972	3887	2564
1280	4095	1792	3098	3912	2462
1536	4095	1792	3214	3935	2373
1792	4095	1792	3321	3955	2293
2048	4095	1792	3422	3974	2220
2303	4095	1792	3518	3992	2154
2559	4095	1792	3609	4009	2092
2815	4095	1792	3697	4025	2034
3071	4095	1792	3781	4040	1980
3327	4095	1792	3863	4055	1929
3583	4095	1792	3943	4069	1881
3839	4095	1792	4020	4082	1835
4095	4095	1792	4095	4095	1792
0	0	2048	0	0	2048
256	0	2048	17	0	1620
512	0	2048	34	1	1476
768	0	2048	50	1	1372
1024	0	2048	67	1	1289
1280	0	2048	84	2	1219
1536	0	2048	101	2	1159
1792	0	2048	118	2	1105
2048	0	2048	134	3	1056
2303	0	2048	151	3	1012
2559	0	2048	168	4	971
2815	0	2048	185	4	933
3071	0	2048	202	4	898
3327	0	2048	218	5	865
3583	0	2048	235	5	834
3839	0	2048	252	5	805
4095	0	2048	269	6	777
0	256	2048	121	229	2531
256	256	2048	256	256	2048
512	256	2048	320	267	1883
768	256	2048	374	275	1765
1024	256	2048	422	281	1670
1280	256	2048	466	287	1589
1536	256	2048	507	293	1519
1792	256	2048	547	298	1456
2048	256	2048	585	302	1399
2303	256	2048	622	307	1348
2559	256	2048	658	311	1300
2815	256	2048	693	315	1256
3071	256	2048	727	319	1214
3327	256	2048	761	322	1175
3583	256	2048	793	326	1139
3839	256	2048	826	329	1104
4095	256	2048	858	333	1071
0	512	2048	241	457	2724
256	512	2048	428	497	2220
512	512	2048	512	512	2048
768	512	2048	580	523	1924
1024	512	2048	641	533	1824
1280	512	2048	696	542	1739
1536	512	2048	748	549	1666
1792	512	2048	797	556	1600
2048	512	2048	843	563	1540
2303	512	2048	888	569	1486
2559	512	2048	931	575	1435
2815	512	2048	974	580	1388
3071	512	2048	1015	586	1344
3327	512	2048	1055	591	1303
3583	512	2048	1094	595	1265
3839	512	2048	1133	600	1228
4095	512	2048	1170	605	1193
0	768	2048	362	686	2874
256	768	2048	588	735	2354
512	768	2048	688	754	2176
768	768	2048	768	768	2048
1024	768	2048	838	780	1945
1280	768	2048	902	790	1857
1536	768	2048	961	800	1780
1792	768	2048	1017	808	1712
2048	768	2048	1070	816	1650
2303	768	2048	1121	824	1594
2559	768	2048	1171	831	1541
2815	768	2048	1218	838	1492
3071	768	2048	1265	844	1447
3327	768	2048	1310	850	1404
3583	768	2048	1354	856	1364
3839	768	2048	1397	862	1325
4095	768	2048	1440	868	1289
0	1024	2048	482	915	3001
256	1024	2048	743	972	2469
512	1024	2048	856	994	2286
768	1024	2048	946	1010	2154
1024	1024	2048	1024	1024	2048
1280	1024	2048	1095	1036	1958
1536	1024	2048	1161	1047	1879
1792	1024	2048	1223	1057	1809
2048	1024	2048	1282	1066	1745
2303	1024	2048	1338	1075	1686
2559	1024	2048	1392	1083	1632
2815	1024	2048	1444	1091	1582
3071	1024	2048	1495	1098	1535
3327	1024	2048	1545	1106	1491
3583	1024	2048	1593	1112	1449
3839	1024	2048	1640	1119	1409
4095	1024	2048	1686	1125	1372
0	1280	2048	603	1143	3115
256	1280	2048	894	1208	2571
512	1280	2048	1018	1233	2384
768	1280	2048	1117	1251	2249
1024	1280	2048	1203	1266	2140
1280	1280	2048	1280	1280	2048
1536	1280	2048	1352	1292	1967
1792	1280	2048	1419	1303	1895
2048	1280	2048	1483	1314	1829
2303	1280	2048	1543	1323	1770
2559	1280	2048	1602	1333	1714
2815	1280	2048	1658	1341	1662
3071	1280	2048	1713	1350	1614
3327	1280	2048	1766	1358	1569
3583	1280	2048	1818	1366	1526
3839	1280	2048	1869	1373	1485
4095	1280	2048	1919	1380	1446
0	1536	2048	723	1372	3219
256	1536	2048	1042	1443	2665
512	1536	2048	1177	1470	2474
768	1536	2048	1284	1491	2336
1024	1536	2048	1376	1508	2225
1280	1536	2048	1459	1523	2131
1536	1536	2048	1536	1536	2048
1792	1536	2048	1608	1548	1974
2048	1536	2048	1676	1560	1907
2303	1536	2048	1741	1570	1846
2559	1536	2048	1804	1580	1789
2815	1536	2048	1864	1590	1736
3071	1536	2048	1922	1599	1687
3327	1536	2048	1979	1608	1640
3583	1536	2048	2034	1616	1596
3839	1536	2048	2088	1625	1554
4095	1536	2048	2141	1632	1515
0	1792	2048	844	1601	3315
256	1792	2048	1189	1678	2752
512	1792	2048	1333	1708	2557
768	1792	2048	1447	1730	2417
1024	1792	2048	1545	1748	2304
1280	1792	2048	1634	1764	2208
1536	1792	2048	1716	1779	2123
1792	1792	2048	1792	1792	2048
2048	1792	2048	1864	1804	1980
2303	1792	2048	1933	1816	1917
2559	1792	2048	1999	1827	1859
2815	1792	2048	2063	1837	1805
3071	1792	2048	2125	1847	1755
3327	1792	2048	2184	1857	1707
3583	1792	2048	2243	1866	1662
3839	1792	2048	2299	1875	1619
4095	1792	2048	2355	1883	1579
0	2048	2048	964	1829	3405
256	2048	2048	1333	1913	2833
512	2048	2048	1486	1944	2636
768	2048	2048	1607	1968	2493
1024	2048	2048	1711	1988	2378
1280	2048	2048	1805	2005	2280
1536	2048	2048	1891	2020	2194
1792	2048	2048	1972	2035	2118
2048	2048	2048	2048	2048	2048
2303	2048	2048	2120	2060	1984
2559	2048	2048	2190	2072	1925
2815	2048	2048	2257	2083	1870
3071	2048	2048	2322	2094	1819
3327	2048	2048	2384	2104	1770
3583	2048	2048	2445	2114	1724
3839	2048	2048	2505	2123	1681
4095	2048	2048	2563	2132	1639
0	2303	2048	1084	2057	3490
256	2303	2048	1476	2146	2910
512	2303	2048	1638	2179	2710
768	2303	2048	1765	2205	2565
1024	2303	2048	1874	2226	2448
1280	2303	2048	1973	2244	2349
1536	2303	2048	2063	2261	2262
1792	2303	2048	2148	2276	2184
2048	2303	2048	2227	2290	2113
2303	2303	2048	2303	2303	2048
2559	2303	2048	2376	2315	1988
2815	2303	2048	2446	2327	1932
3071	2303	2048	2513	2339	1879
3327	2303	2048	2579	2349	1830
3583	2303	2048	2643	2360	1783
3839	2303	2048	2705	2370	1739
4095	2303	2048	2765	2379	1697
0	2559	2048	1205	2286	3572
256	2559	2048	1618	2380	2984
512	2559	2048	1788	2415	2781
768	2559	2048	1921	2442	2634
1024	2559	2048	2036	2464	2516
1280	2559	2048	2139	2484	2415
1536	2559	2048	2233	2501	2326
1792	2559	2048	2321	2517	2247
2048	2559	2048	2404	2532	2175
2303	2559	2048	2483	2546	2109
2559	2559	2048	2559	2559	2048
2815	2559	2048	2632	2571	1991
3071	2559	2048	2702	2583	1938
3327	2559	2048	2770	2595	1887
3583	2559	2048	2837	2606	1840
3839	2559	2048	2901	2616	1795
4095	2559	2048	2964	2627	1752
0	2815	2048	1325	2515	3650
256	2815	2048	1759	2614	3055
512	2815	2048	1937	2651	2850
768	2815	2048	2076	2679	2701
1024	2815	2048	2195	2702	2580
1280	2815	2048	2302	2723	2478
1536	2815	2048	2401	2741	2388
1792	2815	2048	2492	2758	2308
2048	2815	2048	2579	2773	2235
2303	2815	2048	2661	2788	2168
2559	2815	2048	2739	2802	2106
2815	2815	2048	2815	2815	2048
3071	2815	2048	2888	2828	1994
3327	2815	2048	2959	2839	1943
3583	2815	2048	3027	2851	1894
3839	2815	2048	3094	2862	1849
4095	2815	2048	3159	2873	1805
0	3071	2048	1446	2743	3726
256	3071	2048	1899	2847	3124
512	3071	2048	2084	2886	2915
768	3071	2048	2229	2915	2764
1024	3071	2048	2353	2940	2643
1280	3071	2048	2464	2961	2539
1536	3071	2048	2566	2980	2448
1792	3071	2048	2661	2998	2366
2048	3071	2048	2751	3014	2292
2303	3071	2048	2836	3030	2225
2559	3071	2048	2917	3044	2162
2815	3071	2048	2996	3058	2103
3071	3071	2048	3071	3071	2048
3327	3071	2048	3144	3084	1996
3583	3071	2048	3215	3096	1947
3839	3071	2048	3284	3107	1901
4095	3071	2048	3351	3118	1856
0	3327	2048	1566	2972	3798
256	3327	2048	2039	3080	3190
512	3327	2048	2231	3121	2979
768	3327	2048	2381	3152	2826
1024	3327	2048	2510	3177	2703
1280	3327	2048	2625	3199	2598
1536	3327	2048	2730	3220	2506
1792	3327	2048	2829	3238	2423
2048	3327	2048	2921	3255	2348
2303	3327	2048	3009	3271	2280
2559	3327	2048	3093	3286	2216
2815	3327	2048	3174	3300	2156
3071	3327	2048	3252	3314	2101
3327	3327	2048	3327	3327	2048
3583	3327	2048	3400	3340	1998
3839	3327	2048	3471	3352	1951
4095	3327	2048	3541	3363	1906
0	3583	2048	1687	3201	3869
256	3583	2048	2177	3313	3254
512	3583	2048	2377	3356	3041
768	3583	2048	2532	3388	2886
1024	3583	2048	2665	3414	2762
1280	3583	2048	2784	3437	2655
1536	3583	2048	2893	3458	2562
1792	3583	2048	2994	3477	2478
2048	3583	2048	3090	3495	2403
2303	3583	2048	3180	3512	2333
2559	3583	2048	3267	3527	2268
2815	3583	2048	3350	3542	2208
3071	3583	2048	3430	3556	2152
3327	3583	2048	3508	3570	2098
3583	3583	2048	3583	3583	2048
3839	3583	2048	3656	3596	2000
4095	3583	2048	3728	3608	1955
0	3839	2048	1807	3429	3937
256	3839	2048	2316	3546	3316
512	3839	2048	2521	3590	3101
768	3839	2048	2682	3623	2945
1024	3839	2048	2819	3651	2818
1280	3839	2048	2942	3675	2711
1536	3839	2048	3054	3697	2617
1792	3839	2048	3158	3716	2532
2048	3839	2048	3257	3735	2455
2303	3839	2048	3350	3752	2385
2559	3839	2048	3439	3768	2320
2815	3839	2048	3524	3784	2259
3071	3839	2048	3607	3798	2201
3327	3839	2048	3686	3812	2147
3583	3839	2048	3764	3826	2096
3839	3839	2048	3839	3839	2048
4095	3839	2048	3912	3852	2002
0	4095	2048	1928	3658	4004
256	4095	2048	2453	3779	3377
512	4095	2048	2666	3825	3159
768	4095	2048	2831	3859	3002
1024	4095	2048	2972	3887	2874
1280	4095	2048	3098	3912	2765
1536	4095	2048	3214	3935	2670
1792	4095	2048	3321	3955	2585
2048	4095	2048	3422	3974	2507
2303	4095	2048	3518	3992	2436
2559	4095	2048	3609	4009	2370
2815	4095	2048	3697	4025	2308
3071	4095	2048	3781	4040	2250
3327	4095	2048	3863	4055	2195
3583	4095	2048	3943	4069	2144
3839	4095	2048	4020	4082	2095
4095	4095	2048	4095	4095	2048
0	0	2303	0	0	2303
256	0	2303	17	0	1845
512	0	2303	34	1	1690
768	0	2303	50	1	1578
1024	0	2303	67	1	1489
1280	0	2303	84	2	1413
1536	0	2303	101	2	1347
1792	0	2303	118	2	1289
2048	0	2303	134	3	1236
2303	0	2303	151	3	1187
2559	0	2303	168	4	1143
2815	0	2303	185	4	1101
3071	0	2303	202	4	1063
3327	0	2303	218	5	1027
3583	0	2303	235	5	993
3839	0	2303	252	5	961
4095	0	2303	269	6	930
0	256	2303	121	229	2816
256	256	2303	256	256	2303
512	256	2303	320	267	2127
768	256	2303	374	275	2000
1024	256	2303	422	281	1898
1280	256	2303	466	287	1812
1536	256	2303	507	293	1736
1792	256	2303	547	298	1669
2048	256	2303	585	302	1608
2303	256	2303	622	307	1552
2559	256	2303	658	311	1500
2815	256	2303	693	315	1452
3071	256	2303	727	319	1407
3327	256	2303	761	322	1365
3583	256	2303	793	326	1325
3839	256	2303	826	329	1288
4095	256	2303	858	333	1252
0	512	2303	241	457	3021
256	512	2303	428	497	2487
512	512	2303	512	512	2303
768	512	2303	580	523	2171
1024	512	2303	641	533	2064
1280	512	2303	696	542	1973
1536	512	2303	748	549	1894
1792	512	2303	797	556	1823
2048	512	2303	843	563	1759
2303	512	2303	888	569	1701
2559	512	2303	931	575	1646
2815	512	2303	974	580	1596
3071	512	2303	1015	586	1549
3327	512	2303	1055	591	1504
3583	512	2303	1094	595	1462
3839	512	2303	1133	600	1422
4095	512	2303	1170	605	1385
0	768	2303	362	686	3179
256	768	2303	588	735	2629
512	768	2303	688	754	2440
768	768	2303	768	768	2303
1024	768	2303	838	780	2193
1280	768	2303	902	790	2099
1536	768	2303	961	800	2017
1792	768	2303	1017	808	1944
2048	768	2303	1070	816	1878
2303	768	2303	1121	824	1817
2559	768	2303	1171	831	1761
2815	768	2303	1218	838	1708
3071	768	2303	1265	844	1659
3327	768	2303	1310	850	1613
3583	768	2303	1354	856	1569
3839	768	2303	1397	862	1528
4095	768	2303	1440	868	1489
0	1024	2303	482	915	3314
256	1024	2303	743	972	2751
512	1024	2303	856	994	2557
768	1024	2303	946	1010	2416
1024	1024	2303	1024	1024	2303
1280	1024	2303	1095	1036	2207
1536	1024	2303	1161	1047	2123
1792	1024	2303	1223	1057	2047
2048	1024	2303	1282	1066	1979
2303	1024	2303	1338	1075	1916
2559	1024	2303	1392	1083	1858
2815	1024	2303	1444	1091	1804
3071	1024	2303	1495	1098	1754
3327	1024	2303	1545	1106	1706
3583	1024	2303	1593	1112	1661
3839	1024	2303	1640	1119	1619
4095	1024	2303	1686	1125	1578
0	1280	2303	603	1143	3434
256	1280	2303	894	1208	2859
512	1280	2303	1018	1233	2661
768	1280	2303	1117	1251	2517
1024	1280	2303	1203	1266	2401
1280	1280	2303	1280	1280	2303
1536	1280	2303	1352	1292	2217
1792	1280	2303	1419	1303	2140
2048	1280	2303	1483	1314	2070
2303	1280	2303	1543	1323	2006
2559	1280	2303	1602	1333	1946
2815	1280	2303	1658	1341	1891
3071	1280	2303	1713	1350	1839
3327	1280	2303	1766	1358	1790
3583	1280	2303	1818	1366	1744
3839	1280	2303	1869	1373	1700
4095	1280	2303	1919	1380	1658
0	1536	2303	723	1372	3543
256	1536	2303	1042	1443	2958
512	1536	2303	1177	1470	2756
768	1536	2303	1284	1491	2610
1024	1536	2303	1376	1508	2491
1280	1536	2303	1459	1523	2391
1536	1536	2303	1536	1536	2303
1792	1536	2303	1608	1548	2224
2048	1536	2303	1676	1560	2153
2303	1536	2303	1741	1570	2087
2559	1536	2303	1804	1580	2027
2815	1536	2303	1864	1590	1970
3071	1536	2303	1922	1599	1917
3327	1536	2303	1979	1608	1867
3583	1536	2303	2034	1616	1820
3839	1536	2303	2088	1625	1775
4095	1536	2303	2141	1632	1732
0	1792	2303	844	1601	3644
256	1792	2303	1189	1678	3050
512	1792	2303	1333	1708	2844
768	1792	2303	1447	1730	2695
1024	1792	2303	1545	1748	2575
1280	1792	2303	1634	1764	2473
1536	1792	2303	1716	1779	2383
1792	1792	2303	1792	1792	2303
2048	1792	2303	1864	1804	2230
2303	1792	2303	1933	1816	2163
2559	1792	2303	1999	1827	2101
2815	1792	2303	2063	1837	2044
3071	1792	2303	2125	1847	1989
3327	1792	2303	2184	1857	1938
3583	1792	2303	2243	1866	1890
3839	1792	2303	2299	1875	1844
4095	1792	2303	2355	1883	1801
0	2048	2303	964	1829	3739
256	2048	2303	1333	1913	3136
512	2048	2303	1486	1944	2927
768	2048	2303	1607	1968	2776
1024	2048	2303	1711	1988	2654
1280	2048	2303	1805	2005	2550
1536	2048	2303	1891	2020	2459
1792	2048	2303	1972	2035	2377
2048	2048	2303	2048	2048	2303
2303	2048	2303	2120	2060	2235
2559	2048	2303	2190	2072	2172
2815	2048	2303	2257	2083	2113
3071	2048	2303	2322	2094	2058
3327	2048	2303	2384	2104	2006
3583	2048	2303	2445	2114	1957
3839	2048	2303	2505	2123	1910
4095	2048	2303	2563	2132	1866
0	2303	2303	1084	2057	3829
256	2303	2303	1476	2146	3218
512	2303	2303	1638	2179	3006
768	2303	2303	1765	2205	2853
1024	2303	2303	1874	2226	2729
1280	2303	2303	1973	2244	2623
1536	2303	2303	2063	2261	2530
1792	2303	2303	2148	2276	2447
2048	2303	2303	2227	2290	2372
2303	2303	2303	2303	2303	2303
2559	2303	2303	2376	2315	2239
2815	2303	2303	2446	2327	2179
3071	2303	2303	2513	2339	2123
3327	2303	2303	2579	2349	2070
3583	2303	2303	2643	2360	2020
3839	2303	2303	2705	2370	1973
4095	2303	2303	2765	2379	1927
0	2559	2303	1205	2286	3915
256	2559	2303	1618	2380	3296
512	2559	2303	1788	2415	3081
768	2559	2303	1921	2442	2926
1024	2559	2303	2036	2464	2800
1280	2559	2303	2139	2484	2693
1536	2559	2303	2233	2501	2599
1792	2559	2303	2321	2517	2515
2048	2559	2303	2404	2532	2438
2303	2559	2303	2483	2546	2368
2559	2559	2303	2559	2559	2303
2815	2559	2303	2632	2571	2242
3071	2559	2303	2702	2583	2185
3327	2559	2303	2770	2595	2132
3583	2559	2303	2837	2606	2081
3839	2559	2303	2901	2616	2032
4095	2559	2303	2964	2627	1987
0	2815	2303	1325	2515	3997
256	2815	2303	1759	2614	3371
512	2815	2303	1937	2651	3154
768	2815	2303	2076	2679	2996
1024	2815	2303	2195	2702	2869
1280	2815	2303	2302	2723	2760
1536	2815	2303	2401	2741	2665
1792	2815	2303	2492	2758	2579
2048	2815	2303	2579	2773	2502
2303	2815	2303	2661	2788	2431
2559	2815	2303	2739	2802	2365
2815	2815	2303	2815	2815	2303
3071	2815	2303	2888	2828	2245
3327	2815	2303	2959	2839	2191
3583	2815	2303	3027	2851	2139
3839	2815	2303	3094	2862	2090
4095	2815	2303	3159	2873	2043
0	3071	2303	1446	2743	4076
256	3071	2303	1899	2847	3443
512	3071	2303	2084	2886	3223
768	3071	2303	2229	2915	3064
1024	3071	2303	2353	2940	2935
1280	3071	2303	2464	2961	2825
1536	3071	2303	2566	2980	2728
1792	3071	2303	2661	2998	2642
2048	3071	2303	2751	3014	2563
2303	3071	2303	2836	3030	2491
2559	3071	2303	2917	3044	2424
2815	3071	2303	2996	3058	2362
3071	3071	2303	3071	3071	2303
3327	3071	2303	3144	3084	2248
3583	3071	2303	3215	3096	2195
3839	3071	2303	3284	3107	2146
4095	3071	2303	3351	3118	2098
0	3327	2303	1566	2972	4095
256	3327	2303	2039	3080	3513
512	3327	2303	2231	3121	3290
768	3327	2303	2381	3152	3129
1024	3327	2303	2510	3177	2998
1280	3327	2303	2625	3199	2887
1536	3327	2303	2730	3220	2790
1792	3327	2303	2829	3238	2702
2048	3327	2303	2921	3255	2622
2303	3327	2303	3009	3271	2550
2559	3327	2303	3093	3286	2482
2815	3327	2303	3174	3300	2418
3071	3327	2303	3252	3314	2359
3327	3327	2303	3327	3327	2303
3583	3327	2303	3400	3340	2250
3839	3327	2303	3471	3352	2200
4095	3327	2303	3541	3363	2152
0	3583	2303	1687	3201	4095
256	3583	2303	2177	3313	3580
512	3583	2303	2377	3356	3355
768	3583	2303	2532	3388	3192
1024	3583	2303	2665	3414	3060
1280	3583	2303	2784	3437	2948
1536	3583	2303	2893	3458	2849
1792	3583	2303	2994	3477	2761
2048	3583	2303	3090	3495	2680
2303	3583	2303	3180	3512	2606
2559	3583	2303	3267	3527	2538
2815	3583	2303	3350	3542	2474
3071	3583	2303	3430	3556	2413
3327	3583	2303	3508	3570	2357
3583	3583	2303	3583	3583	2303
3839	3583	2303	3656	3596	2252
4095	3583	2303	3728	3608	2203
0	3839	2303	1807	3429	4095
256	3839	2303	2316	3546	3646
512	3839	2303	2521	3590	3419
768	3839	2303	2682	3623	3254
1024	3839	2303	2819	3651	3121
1280	3839	2303	2942	3675	3007
1536	3839	2303	3054	3697	2907
1792	3839	2303	3158	3716	2818
2048	3839	2303	3257	3735	2736
2303	3839	2303	3350	3752	2662
2559	3839	2303	3439	3768	2592
2815	3839	2303	3524	3784	2527
3071	3839	2303	3607	3798	2466
3327	3839	2303	3686	3812	2409
3583	3839	2303	3764	3826	2355
3839	3839	2303	3839	3839	2303
4095	3839	2303	3912	3852	2254
0	4095	2303	1928	3658	4095
256	4095	2303	2453	3779	3710
512	4095	2303	2666	3825	3480
768	4095	2303	2831	3859	3314
1024	4095	2303	2972	3887	3179
1280	4095	2303	3098	3912	3065
1536	4095	2303	3214	3935	2964
1792	4095	2303	3321	3955	2873
2048	4095	2303	3422	3974	2791
2303	4095	2303	3518	3992	2715
2559	4095	2303	3609	4009	2645
2815	4095	2303	3697	4025	2580
3071	4095	2303	3781	4040	2518
3327	4095	2303	3863	4055	2460
3583	4095	2303	3943	4069	2405
3839	4095	2303	4020	4082	2353
4095	4095	2303	4095	4095	2303
0	0	2559	0	0	2559
256	0	2559	17	0	2073
512	0	2559	34	1	1907
768	0	2559	50	1	1788
1024	0	2559	67	1	1692
1280	0	2559	84	2	1611
1536	0	2559	101	2	1540
1792	0	2559	118	2	1477
2048	0	2559	134	3	1420
2303	0	2559	151	3	1368
2559	0	2559	168	4	1319
2815	0	2559	185	4	1275
3071	0	2559	202	4	1233
3327	0	2559	218	5	1194
3583	0	2559	235	5	1157
3839	0	2559	252	5	1122
4095	0	2559	269	6	1089
0	256	2559	121	229	3101
256	256	2559	256	256	2559
512	256	2559	320	267	2372
768	256	2559	374	275	2238
1024	256	2559	422	281	2129
1280	256	2559	466	287	2037
1536	256	2559	507	293	1957
1792	256	2559	547	298	1885
2048	256	2559	585	302	1819
2303	256	2559	622	307	1760
2559	256	2559	658	311	1704
2815	256	2559	693	315	1653
3071	256	2559	727	319	1605
3327	256	2559	761	322	1559
3583	256	2559	793	326	1516
3839	256	2559	826	329	1476
4095	256	2559	858	333	1437
0	512	2559	241	457	3317
256	512	2559	428	497	2753
512	512	2559	512	512	2559
768	512	2559	580	523	2419
1024	512	2559	641	533	2305
1280	512	2559	696	542	2209
1536	512	2559	748	549	2125
1792	512	2559	797	556	2049
2048	512	2559	843	563	1981
2303	512	2559	888	569	1919
2559	512	2559	931	575	1861
2815	512	2559	974	580	1806
3071	512	2559	1015	586	1756
3327	512	2559	1055	591	1708
3583	512	2559	1094	595	1663
3839	512	2559	1133	600	1621
4095	512	2559	1170	605	1580
0	768	2559	362	686	3483
256	768	2559	588	735	2904
512	768	2559	688	754	2704
768	768	2559	768	768	2559
1024	768	2559	838	780	2442
1280	768	2559	902	790	2343
1536	768	2559	961	800	2256
1792	768	2559	1017	808	2178
2048	768	2559	1070	816	2107
2303	768	2559	1121	824	2043
2559	768	2559	1171	831	1982
2815	768	2559	1218	838	1926
3071	768	2559	1265	844	1874
3327	768	2559	1310	850	1825
3583	768	2559	1354	856	1778
3839	768	2559	1397	862	1734
4095	768	2559	1440	868	1692
0	1024	2559	482	915	3625
256	1024	2559	743	972	3032
512	1024	2559	856	994	2827
768	1024	2559	946	1010	2679
1024	1024	2559	1024	1024	2559
1280	1024	2559	1095	1036	2457
1536	1024	2559	1161	1047	2368
1792	1024	2559	1223	1057	2288
2048	1024	2559	1282	1066	2215
2303	1024	2559	1338	1075	2149
2559	1024	2559	1392	1083	2087
2815	1024	2559	1444	1091	2029
3071	1024	2559	1495	1098	1975
3327	1024	2559	1545	1106	1925
3583	1024	2559	1593	1112	1876
3839	1024	2559	1640	1119	1831
4095	1024	2559	1686	1125	1788
0	1280	2559	603	1143	3750
256	1280	2559	894	1208	3146
512	1280	2559	1018	1233	2937
768	1280	2559	1117	1251	2786
1024	1280	2559	1203	1266	2663
1280	1280	2559	1280	1280	2559
1536	1280	2559	1352	1292	2468
1792	1280	2559	1419	1303	2386
2048	1280	2559	1483	1314	2311
2303	1280	2559	1543	1323	2243
2559	1280	2559	1602	1333	2180
2815	1280	2559	1658	1341	2121
3071	1280	2559	1713	1350	2066
3327	1280	2559	1766	1358	2014
3583	1280	2559	1818	1366	1965
3839	1280	2559	1869	1373	1918
4095	1280	2559	1919	1380	1873
0	1536	2559	723	1372	3865
256	1536	2559	1042	1443	3251
512	1536	2559	1177	1470	3038
768	1536	2559	1284	1491	2883
1024	1536	2559	1376	1508	2758
1280	1536	2559	1459	1523	2652
1536	1536	2559	1536	1536	2559
1792	1536	2559	1608	1548	2476
2048	1536	2559	1676	1560	2400
2303	1536	2559	1741	1570	2330
2559	1536	2559	1804	1580	2266
2815	1536	2559	1864	1590	2205
3071	1536	2559	1922	1599	2149
3327	1536	2559	1979	1608	2096
3583	1536	2559	2034	1616	2045
3839	1536	2559	2088	1625	1998
4095	1536	2559	2141	1632	1952
0	1792	2559	844	1601	3971
256	1792	2559	1189	1678	3347
512	1792	2559	1333	1708	3131
768	1792	2559	1447	1730	2974
1024	1792	2559	1545	1748	2847
1280	1792	2559	1634	1764	2739
1536	1792	2559	1716	1779	2644
1792	1792	2559	1792	1792	2559
2048	1792	2559	1864	1804	2482
2303	1792	2559	1933	1816	2411
2559	1792	2559	1999	1827	2345
2815	1792	2559	2063	1837	2284
3071	1792	2559	2125	1847	2226
3327	1792	2559	2184	1857	2172
3583	1792	2559	2243	1866	2121
3839	1792	2559	2299	1875	2072
4095	1792	2559	2355	1883	2026
0	2048	2559	964	1829	4071
256	2048	2559	1333	1913	3438
512	2048	2559	1486	1944	3218
768	2048	2559	1607	1968	3059
1024	2048	2559	1711	1988	2930
1280	2048	2559	1805	2005	2820
1536	2048	2559	1891	2020	2724
1792	2048	2559	1972	2035	2638
2048	2048	2559	2048	2048	2559
2303	2048	2559	2120	2060	2487
2559	2048	2559	2190	2072	2420
2815	2048	2559	2257	2083	2358
3071	2048	2559	2322	2094	2299
3327	2048	2559	2384	2104	2244
3583	2048	2559	2445	2114	2192
3839	2048	2559	2505	2123	2142
4095	2048	2559	2563	2132	2095
0	2303	2559	1084	2057	4095
256	2303	2559	1476	2146	3524
512	2303	2559	1638	2179	3301
768	2303	2559	1765	2205	3140
1024	2303	2559	1874	2226	3009
1280	2303	2559	1973	2244	2897
1536	2303	2559	2063	2261	2799
1792	2303	2559	2148	2276	2712
2048	2303	2559	2227	2290	2632
2303	2303	2559	2303	2303	2559
2559	2303	2559	2376	2315	2491
2815	2303	2559	2446	2327	2428
3071	2303	2559	2513	2339	2368
3327	2303	2559	2579	2349	2312
3583	2303	2559	2643	2360	2259
3839	2303	2559	2705	2370	2208
4095	2303	2559	2765	2379	2160
0	2559	2559	1205	2286	4095
256	2559	2559	1618	2380	3606
512	2559	2559	1788	2415	3380
768	2559	2559	1921	2442	3217
1024	2559	2559	2036	2464	3084
1280	2559	2559	2139	2484	2971
1536	2559	2559	2233	2501	2872
1792	2559	2559	2321	2517	2783
2048	2559	2559	2404	2532	2702
2303	2559	2559	2483	2546	2628
2559	2559	2559	2559	2559	2559
2815	2559	2559	2632	2571	2495
3071	2559	2559	2702	2583	2434
3327	2559	2559	2770	2595	2377
3583	2559	2559	2837	2606	2323
3839	2559	2559	2901	2616	2272
4095	2559	2559	2964	2627	2223
0	2815	2559	1325	2515	4095
256	2815	2559	1759	2614	3685
512	2815	2559	1937	2651	3456
768	2815	2559	2076	2679	3291
1024	2815	2559	2195	2702	3156
1280	2815	2559	2302	2723	3042
1536	2815	2559	2401	2741	2941
1792	2815	2559	2492	2758	2851
2048	2815	2559	2579	2773	2769
2303	2815	2559	2661	2788	2694
2559	2815	2559	2739	2802	2624
2815	2815	2559	2815	2815	2559
3071	2815	2559	2888	2828	2498
3327	2815	2559	2959	2839	2440
3583	2815	2559	3027	2851	2385
3839	2815	2559	3094	2862	2333
4095	2815	2559	3159	2873	2284
0	3071	2559	1446	2743	4095
256	3071	2559	1899	2847	3760
512	3071	2559	2084	2886	3529
768	3071	2559	2229	2915	3362
1024	3071	2559	2353	2940	3226
1280	3071	2559	2464	2961	3110
1536	3071	2559	2566	2980	3008
1792	3071	2559	2661	2998	2917
2048	3071	2559	2751	3014	2834
2303	3071	2559	2836	3030	2758
2559	3071	2559	2917	3044	2687
2815	3071	2559	2996	3058	2621
3071	3071	2559	3071	3071	2559
3327	3071	2559	3144	3084	2500
3583	3071	2559	3215	3096	2445
3839	3071	2559	3284	3107	2392
4095	3071	2559	3351	3118	2342
0	3327	2559	1566	2972	4095
256	3327	2559	2039	3080	3833
512	3327	2559	2231	3121	3600
768	3327	2559	2381	3152	3430
1024	3327	2559	2510	3177	3293
1280	3327	2559	2625	3199	3176
1536	3327	2559	2730	3220	3073
1792	3327	2559	2829	3238	2981
2048	3327	2559	2921	3255	2897
2303	3327	2559	3009	3271	2820
2559	3327	2559	3093	3286	2748
2815	3327	2559	3174	3300	2681
3071	3327	2559	3252	3314	2618
3327	3327	2559	3327	3327	2559
3583	3327	2559	3400	3340	2503
3839	3327	2559	3471	3352	2449
4095	3327	2559	3541	3363	2399
0	3583	2559	1687	3201	4095
256	3583	2559	2177	3313	3904
512	3583	2559	2377	3356	3668
768	3583	2559	2532	3388	3497
1024	3583	2559	2665	3414	3358
1280	3583	2559	2784	3437	3240
1536	3583	2559	2893	3458	3136
1792	3583	2559	2994	3477	3043
2048	3583	2559	3090	3495	2958
2303	3583	2559	3180	3512	2880
2559	3583	2559	3267	3527	2807
2815	3583	2559	3350	3542	2740
3071	3583	2559	3430	3556	2676
3327	3583	2559	3508	3570	2616
3583	3583	2559	3583	3583	2559
3839	3583	2559	3656	3596	2505
4095	3583	2559	3728	3608	2453
0	3839	2559	1807	3429	4095
256	3839	2559	2316	3546	3973
512	3839	2559	2521	3590	3735
768	3839	2559	2682	3623	3562
1024	3839	2559	2819	3651	3422
1280	3839	2559	2942	3675	3302
1536	3839	2559	3054	3697	3197
1792	3839	2559	3158	3716	3103
2048	3839	2559	3257	3735	3017
2303	3839	2559	3350	3752	2938
2559	3839	2559	3439	3768	2865
2815	3839	2559	3524	3784	2796
3071	3839	2559	3607	3798	2732
3327	3839	2559	3686	3812	2671
3583	3839	2559	3764	3826	2614
3839	3839	2559	3839	3839	2559
4095	3839	2559	3912	3852	2507
0	4095	2559	1928	3658	4095
256	4095	2559	2453	3779	4040
512	4095	2559	2666	3825	3800
768	4095	2559	2831	3859	3625
1024	4095	2559	2972	3887	3483
1280	4095	2559	3098	3912	3363
1536	4095	2559	3214	3935	3256
1792	4095	2559	3321	3955	3161
2048	4095	2559	3422	3974	3074
2303	4095	2559	3518	3992	2995
2559	4095	2559	3609	4009	2921
2815	4095	2559	3697	4025	2852
3071	4095	2559	3781	4040	2787
3327	4095	2559	3863	4055	2725
3583	4095	2559	3943	4069	2667
3839	4095	2559	4020	4082	2612
4095	4095	2559	4095	4095	2559
0	0	2815	0	0	2815
256	0	2815	17	0	2302
512	0	2815	34	1	2126
768	0	2815	50	1	1999
1024	0	2815	67	1	1897
1280	0	2815	84	2	1811
1536	0	2815	101	2	1735
1792	0	2815	118	2	1668
2048	0	2815	134	3	1607
2303	0	2815	151	3	1551
2559	0	2815	168	4	1499
2815	0	2815	185	4	1451
3071	0	2815	202	4	1407
3327	0	2815	218	5	1364
3583	0	2815	235	5	1325
3839	0	2815	252	5	1287
4095	0	2815	269	6	1251
0	256	2815	121	229	3385
256	256	2815	256	256	2815
512	256	2815	320	267	2618
768	256	2815	374	275	2476
1024	256	2815	422	281	2361
1280	256	2815	466	287	2264
1536	256	2815	507	293	2178
1792	256	2815	547	298	2102
2048	256	2815	585	302	2033
2303	256	2815	622	307	1969
2559	256	2815	658	311	1910
2815	256	2815	693	315	1856
3071	256	2815	727	319	1804
3327	256	2815	761	322	1756
3583	256	2815	793	326	1710
3839	256	2815	826	329	1667
4095	256	2815	858	333	1626
0	512	2815	241	457	3611
256	512	2815	428	497	3019
512	512	2815	512	512	2815
768	512	2815	580	523	2667
1024	512	2815	641	533	2547
1280	512	2815	696	542	2446
1536	512	2815	748	549	2357
1792	512	2815	797	556	2277
2048	512	2815	843	563	2204
2303	512	2815	888	569	2138
2559	512	2815	931	575	2077
2815	512	2815	974	580	2019
3071	512	2815	1015	586	1965
3327	512	2815	1055	591	1915
3583	512	2815	1094	595	1867
3839	512	2815	1133	600	1821
4095	512	2815	1170	605	1778
0	768	2815	362	686	3785
256	768	2815	588	735	3178
512	768	2815	688	754	2967
768	768	2815	768	768	2815
1024	768	2815	838	780	2692
1280	768	2815	902	790	2587
1536	768	2815	961	800	2495
1792	768	2815	1017	808	2413
2048	768	2815	1070	816	2338
2303	768	2815	1121	824	2270
2559	768	2815	1171	831	2206
2815	768	2815	1218	838	2147
3071	768	2815	1265	844	2091
3327	768	2815	1310	850	2038
3583	768	2815	1354	856	1989
3839	768	2815	1397	862	1942
4095	768	2815	1440	868	1897
0	1024	2815	482	915	3933
256	1024	2815	743	972	3312
512	1024	2815	856	994	3097
768	1024	2815	946	1010	2941
1024	1024	2815	1024	1024	2815
1280	1024	2815	1095	1036	2708
1536	1024	2815	1161	1047	2613
1792	1024	2815	1223	1057	2529
2048	1024	2815	1282	1066	2452
2303	1024	2815	1338	1075	2382
2559	1024	2815	1392	1083	2316
2815	1024	2815	1444	1091	2256
3071	1024	2815	1495	1098	2198
3327	1024	2815	1545	1106	2144
3583	1024	2815	1593	1112	2093
3839	1024	2815	1640	1119	2045
4095	1024	2815	1686	1125	1999
0	1280	2815	603	1143	4065
256	1280	2815	894	1208	3432
512	1280	2815	1018	1233	3213
768	1280	2815	1117	1251	3053
1024	1280	2815	1203	1266	2925
1280	1280	2815	1280	1280	2815
1536	1280	2815	1352	1292	2719
1792	1280	2815	1419	1303	2632
2048	1280	2815	1483	1314	2554
2303	1280	2815	1543	1323	2482
2559	1280	2815	1602	1333	2415
2815	1280	2815	1658	1341	2353
3071	1280	2815	1713	1350	2294
3327	1280	2815	1766	1358	2239
3583	1280	2815	1818	1366	2187
3839	1280	2815	1869	1373	2137
4095	1280	2815	1919	1380	2090
0	1536	2815	723	1372	4095
256	1536	2815	1042	1443	3541
512	1536	2815	1177	1470	3318
768	1536	2815	1284	1491	3156
1024	1536	2815	1376	1508	3025
1280	1536	2815	1459	1523	2913
1536	1536	2815	1536	1536	2815
1792	1536	2815	1608	1548	2727
2048	1536	2815	1676	1560	2647
2303	1536	2815	1741	1570	2574
2559	1536	2815	1804	1580	2506
2815	1536	2815	1864	1590	2442
3071	1536	2815	1922	1599	2382
3327	1536	2815	1979	1608	2326
3583	1536	2815	2034	1616	2273
3839	1536	2815	2088	1625	2222
4095	1536	2815	2141	1632	2174
0	1792	2815	844	1601	4095
256	1792	2815	1189	1678	3643
512	1792	2815	1333	1708	3416
768	1792	2815	1447	1730	3251
1024	1792	2815	1545	1748	3118
1280	1792	2815	1634	1764	3004
1536	1792	2815	1716	1779	2905
1792	1792	2815	1792	1792	2815
2048	1792	2815	1864	1804	2734
2303	1792	2815	1933	1816	2659
2559	1792	2815	1999	1827	2590
2815	1792	2815	2063	1837	2525
3071	1792	2815	2125	1847	2464
3327	1792	2815	2184	1857	2407
3583	1792	2815	2243	1866	2352
3839	1792	2815	2299	1875	2301
4095	1792	2815	2355	1883	2252
0	2048	2815	964	1829	4095
256	2048	2815	1333	1913	3738
512	2048	2815	1486	1944	3508
768	2048	2815	1607	1968	3341
1024	2048	2815	1711	1988	3205
1280	2048	2815	1805	2005	3090
1536	2048	2815	1891	2020	2989
1792	2048	2815	1972	2035	2898
2048	2048	2815	2048	2048	2815
2303	2048	2815	2120	2060	2739
2559	2048	2815	2190	2072	2669
2815	2048	2815	2257	2083	2603
3071	2048	2815	2322	2094	2541
3327	2048	2815	2384	2104	2483
3583	2048	2815	2445	2114	2427
3839	2048	2815	2505	2123	2375
4095	2048	2815	2563	2132	2325
0	2303	2815	1084	2057	4095
256	2303	2815	1476	2146	3828
512	2303	2815	1638	2179	3594
768	2303	2815	1765	2205	3425
1024	2303	2815	1874	2226	3288
1280	2303	2815	1973	2244	3171
1536	2303	2815	2063	2261	3068
1792	2303	2815	2148	2276	2976
2048	2303	2815	2227	2290	2892
2303	2303	2815	2303	2303	2815
2559	2303	2815	2376	2315	2743
2815	2303	2815	2446	2327	2676
3071	2303	2815	2513	2339	2614
3327	2303	2815	2579	2349	2554
3583	2303	2815	2643	2360	2498
3839	2303	2815	2705	2370	2445
4095	2303	2815	2765	2379	2394
0	2559	2815	1205	2286	4095
256	2559	2815	1618	2380	3913
512	2559	2815	1788	2415	3677
768	2559	2815	1921	2442	3506
1024	2559	2815	2036	2464	3367
1280	2559	2815	2139	2484	3248
1536	2559	2815	2233	2501	3144
1792	2559	2815	2321	2517	3051
2048	2559	2815	2404	2532	2966
2303	2559	2815	2483	2546	2888
2559	2559	2815	2559	2559	2815
2815	2559	2815	2632	2571	2747
3071	2559	2815	2702	2583	2683
3327	2559	2815	2770	2595	2623
3583	2559	2815	2837	2606	2566
3839	2559	2815	2901	2616	2512
4095	2559	2815	2964	2627	2461
0	2815	2815	1325	2515	4095
256	2815	2815	1759	2614	3996
512	2815	2815	1937	2651	3757
768	2815	2815	2076	2679	3583
1024	2815	2815	2195	2702	3443
1280	2815	2815	2302	2723	3323
1536	2815	2815	2401	2741	3217
1792	2815	2815	2492	2758	3123
2048	2815	2815	2579	2773	3036
2303	2815	2815	2661	2788	2957
2559	2815	2815	2739	2802	2884
2815	2815	2815	2815	2815	2815
3071	2815	2815	2888	2828	2750
3327	2815	2815	2959	2839	2689
3583	2815	2815	3027	2851	2632
3839	2815	2815	3094	2862	2577
4095	2815	2815	3159	2873	2525
0	3071	2815	1446	2743	4095
256	3071	2815	1899	2847	4075
512	3071	2815	2084	2886	3833
768	3071	2815	2229	2915	3658
1024	3071	2815	2353	2940	3516
1280	3071	2815	2464	2961	3394
1536	3071	2815	2566	2980	3287
1792	3071	2815	2661	2998	3192
2048	3071	2815	2751	3014	3104
2303	3071	2815	2836	3030	3025
2559	3071	2815	2917	3044	2950
2815	3071	2815	2996	3058	2880
3071	3071	2815	3071	3071	2815
3327	3071	2815	3144	3084	2753
3583	3071	2815	3215	3096	2695
3839	3071	2815	3284	3107	2639
4095	3071	2815	3351	3118	2586
0	3327	2815	1566	2972	4095
256	3327	2815	2039	3080	4095
512	3327	2815	2231	3121	3907
768	3327	2815	2381	3152	3730
1024	3327	2815	2510	3177	3586
1280	3327	2815	2625	3199	3463
1536	3327	2815	2730	3220	3355
1792	3327	2815	2829	3238	3259
2048	3327	2815	2921	3255	3170
2303	3327	2815	3009	3271	3089
2559	3327	2815	3093	3286	3014
2815	3327	2815	3174	3300	2944
3071	3327	2815	3252	3314	2877
3327	3327	2815	3327	3327	2815
3583	3327	2815	3400	3340	2756
3839	3327	2815	3471	3352	2700
4095	3327	2815	3541	3363	2646
0	3583	2815	1687	3201	4095
256	3583	2815	2177	3313	4095
512	3583	2815	2377	3356	3979
768	3583	2815	2532	3388	3800
1024	3583	2815	2665	3414	3654
1280	3583	2815	2784	3437	3530
1536	3583	2815	2893	3458	3421
1792	3583	2815	2994	3477	3323
2048	3583	2815	3090	3495	3234
2303	3583	2815	3180	3512	3152
2559	3583	2815	3267	3527	3076
2815	3583	2815	3350	3542	3005
3071	3583	2815	3430	3556	2938
3327	3583	2815	3508	3570	2875
3583	3583	2815	3583	3583	2815
3839	3583	2815	3656	3596	2758
4095	3583	2815	3728	3608	2704
0	3839	2815	1807	3429	4095
256	3839	2815	2316	3546	4095
512	3839	2815	2521	3590	4048
768	3839	2815	2682	3623	3867
1024	3839	2815	2819	3651	3721
1280	3839	2815	2942	3675	3596
1536	3839	2815	3054	3697	3485
1792	3839	2815	3158	3716	3386
2048	3839	2815	3257	3735	3296
2303	3839	2815	3350	3752	3214
2559	3839	2815	3439	3768	3137
2815	3839	2815	3524	3784	3065
3071	3839	2815	3607	3798	2997
3327	3839	2815	3686	3812	2933
3583	3839	2815	3764	3826	2873
3839	3839	2815	3839	3839	2815
4095	3839	2815	3912	3852	2760
0	4095	2815	1928	3658	4095
256	4095	2815	2453	3779	4095
512	4095	2815	2666	3825	4095
768	4095	2815	2831	3859	3933
1024	4095	2815	2972	3887	3785
1280	4095	2815	3098	3912	3659
1536	4095	2815	3214	3935	3548
1792	4095	2815	3321	3955	3448
2048	4095	2815	3422	3974	3357
2303	4095	2815	3518	3992	3273
2559	4095	2815	3609	4009	3195
2815	4095	2815	3697	4025	3123
3071	4095	2815	3781	4040	3054
3327	4095	2815	3863	4055	2990
3583	4095	2815	3943	4069	2929
3839	4095	2815	4020	4082	2871
4095	4095	2815	4095	4095	2815
0	0	3071	0	0	3071
256	0	3071	17	0	2532
512	0	3071	34	1	2346
768	0	3071	50	1	2212
1024	0	3071	67	1	2105
1280	0	3071	84	2	2013
1536	0	3071	101	2	1933
1792	0	3071	118	2	1861
2048	0	3071	134	3	1797
2303	0	3071	151	3	1737
2559	0	3071	168	4	1682
2815	0	3071	185	4	1631
3071	0	3071	202	4	1583
3327	0	3071	218	5	1538
3583	0	3071	235	5	1496
3839	0	3071	252	5	1456
4095	0	3071	269	6	1417
0	256	3071	121	229	3668
256	256	3071	256	256	3071
512	256	3071	320	267	2865
768	256	3071	374	275	2715
1024	256	3071	422	281	2594
1280	256	3071	466	287	2492
1536	256	3071	507	293	2402
1792	256	3071	547	298	2321
2048	256	3071	585	302	2248
2303	256	3071	622	307	2181
2559	256	3071	658	311	2119
2815	256	3071	693	315	2061
3071	256	3071	727	319	2006
3327	256	3071	761	322	1955
3583	256	3071	793	326	1906
3839	256	3071	826	329	1860
4095	256	3071	858	333	1817
0	512	3071	241	457	3903
256	512	3071	428	497	3285
512	512	3071	512	512	3071
768	512	3071	580	523	2916
1024	512	3071	641	533	2790
1280	512	3071	696	542	2683
1536	512	3071	748	549	2589
1792	512	3071	797	556	2505
2048	512	3071	843	563	2429
2303	512	3071	888	569	2359
2559	512	3071	931	575	2294
2815	512	3071	974	580	2234
3071	512	3071	1015	586	2177
3327	512	3071	1055	591	2123
3583	512	3071	1094	595	2072
3839	512	3071	1133	600	2024
4095	512	3071	1170	605	1978
0	768	3071	362	686	4085
256	768	3071	588	735	3451
512	768	3071	688	754	3231
768	768	3071	768	768	3071
1024	768	3071	838	780	2942
1280	768	3071	902	790	2832
1536	768	3071	961	800	2735
1792	768	3071	1017	808	2649
2048	768	3071	1070	816	2570
2303	768	3071	1121	824	2498
2559	768	3071	1171	831	2431
2815	768	3071	1218	838	2368
3071	768	3071	1265	844	2309
3327	768	3071	1310	850	2254
3583	768	3071	1354	856	2202
3839	768	3071	1397	862	2152
4095	768	3071	1440	868	2104
0	1024	3071	482	915	4095
256	1024	3071	743	972	3592
512	1024	3071	856	994	3367
768	1024	3071	946	1010	3203
1024	1024	3071	1024	1024	3071
1280	1024	3071	1095	1036	2958
1536	1024	3071	1161	1047	2859
1792	1024	3071	1223	1057	2771
2048	1024	3071	1282	1066	2690
2303	1024	3071	1338	1075	2616
2559	1024	3071	1392	1083	2547
2815	1024	3071	1444	1091	2483
3071	1024	3071	1495	1098	2423
3327	1024	3071	1545	1106	2366
3583	1024	3071	1593	1112	2312
3839	1024	3071	1640	1119	2261
4095	1024	3071	1686	1125	2212
0	1280	3071	603	1143	4095
256	1280	3071	894	1208	3717
512	1280	3071	1018	1233	3487
768	1280	3071	1117	1251	3321
1024	1280	3071	1203	1266	3186
1280	1280	3071	1280	1280	3071
1536	1280	3071	1352	1292	2970
1792	1280	3071	1419	1303	2879
2048	1280	3071	1483	1314	2797
2303	1280	3071	1543	1323	2721
2559	1280	3071	1602	1333	2651
2815	1280	3071	1658	1341	2585
3071	1280	3071	1713	1350	2524
3327	1280	3071	1766	1358	2466
3583	1280	3071	1818	1366	2411
3839	1280	3071	1869	1373	2358
4095	1280	3071	1919	1380	2309
0	1536	3071	723	1372	4095
256	1536	3071	1042	1443	3831
512	1536	3071	1177	1470	3598
768	1536	3071	1284	1491	3428
1024	1536	3071	1376	1508	3291
1280	1536	3071	1459	1523	3174
1536	1536	3071	1536	1536	3071
1792	1536	3071	1608	1548	2979
2048	1536	3071	1676	1560	2895
2303	1536	3071	1741	1570	2818
2559	1536	3071	1804	1580	2746
2815	1536	3071	1864	1590	2679
3071	1536	3071	1922	1599	2616
3327	1536	3071	1979	1608	2557
3583	1536	3071	2034	1616	2501
3839	1536	3071	2088	1625	2448
4095	1536	3071	2141	1632	2397
0	1792	3071	844	1601	4095
256	1792	3071	1189	1678	3937
512	1792	3071	1333	1708	3700
768	1792	3071	1447	1730	3528
1024	1792	3071	1545	1748	3388
1280	1792	3071	1634	1764	3269
1536	1792	3071	1716	1779	3165
1792	1792	3071	1792	1792	3071
2048	1792	3071	1864	1804	2986
2303	1792	3071	1933	1816	2907
2559	1792	3071	1999	1827	2834
2815	1792	3071	2063	1837	2766
3071	1792	3071	2125	1847	2702
3327	1792	3071	2184	1857	2642
3583	1792	3071	2243	1866	2585
3839	1792	3071	2299	1875	2531
4095	1792	3071	2355	1883	2479
0	2048	3071	964	1829	4095
256	2048	3071	1333	1913	4036
512	2048	3071	1486	1944	3796
768	2048	3071	1607	1968	3621
1024	2048	3071	1711	1988	3480
1280	2048	3071	1805	2005	3359
1536	2048	3071	1891	2020	3253
1792	2048	3071	1972	2035	3158
2048	2048	3071	2048	2048	3071
2303	2048	3071	2120	2060	2992
2559	2048	3071	2190	2072	2917
2815	2048	3071	2257	2083	2848
3071	2048	3071	2322	2094	2783
3327	2048	3071	2384	2104	2722
3583	2048	3071	2445	2114	2664
3839	2048	3071	2505	2123	2609
4095	2048	3071	2563	2132	2556
0	2303	3071	1084	2057	4095
256	2303	3071	1476	2146	4095
512	2303	3071	1638	2179	3886
768	2303	3071	1765	2205	3709
1024	2303	3071	1874	2226	3566
1280	2303	3071	1973	2244	3444
1536	2303	3071	2063	2261	3336
1792	2303	3071	2148	2276	3240
2048	2303	3071	2227	2290	3152
2303	2303	3071	2303	2303	3071
2559	2303	3071	2376	2315	2996
2815	2303	3071	2446	2327	2926
3071	2303	3071	2513	2339	2860
3327	2303	3071	2579	2349	2797
3583	2303	3071	2643	2360	2738
3839	2303	3071	2705	2370	2682
4095	2303	3071	2765	2379	2629
0	2559	3071	1205	2286	4095
256	2559	3071	1618	2380	4095
512	2559	3071	1788	2415	3973
768	2559	3071	1921	2442	3794
1024	2559	3071	2036	2464	3649
1280	2559	3071	2139	2484	3525
1536	2559	3071	2233	2501	3416
1792	2559	3071	2321	2517	3318
2048	2559	3071	2404	2532	3229
2303	2559	3071	2483	2546	3147
2559	2559	3071	2559	2559	3071
2815	2559	3071	2632	2571	3000
3071	2559	3071	2702	2583	2933
3327	2559	3071	2770	2595	2870
3583	2559	3071	2837	2606	2810
3839	2559	3071	2901	2616	2753
4095	2559	3071	2964	2627	2699
0	2815	3071	1325	2515	4095
256	2815	3071	1759	2614	4095
512	2815	3071	1937	2651	4056
768	2815	3071	2076	2679	3875
1024	2815	3071	2195	2702	3728
1280	2815	3071	2302	2723	3602
1536	2815	3071	2401	2741	3492
1792	2815	3071	2492	2758	3393
2048	2815	3071	2579	2773	3303
2303	2815	3071	2661	2788	3220
2559	2815	3071	2739	2802	3143
2815	2815	3071	2815	2815	3071
3071	2815	3071	2888	2828	3003
3327	2815	3071	2959	2839	2939
3583	2815	3071	3027	2851	2879
3839	2815	3071	3094	2862	2821
4095	2815	3071	3159	2873	2766
0	3071	3071	1446	2743	4095
256	3071	3071	1899	2847	4095
512	3071	3071	2084	2886	4095
768	3071	3071	2229	2915	3952
1024	3071	3071	2353	2940	3804
1280	3071	3071	2464	2961	3677
1536	3071	3071	2566	2980	3566
1792	3071	3071	2661	2998	3465
2048	3071	3071	2751	3014	3374
2303	3071	3071	2836	3030	3291
2559	3071	3071	2917	3044	3212
2815	3071	3071	2996	3058	3140
3071	3071	3071	3071	3071	3071
3327	3071	3071	3144	3084	3006
3583	3071	3071	3215	3096	2945
3839	3071	3071	3284	3107	2887
4095	3071	3071	3351	3118	2831
0	3327	3071	1566	2972	4095
256	3327	3071	2039	3080	4095
512	3327	3071	2231	3121	4095
768	3327	3071	2381	3152	4027
1024	3327	3071	2510	3177	3878
1280	3327	3071	2625	3199	3749
1536	3327	3071	2730	3220	3637
1792	3327	3071	2829	3238	3535
2048	3327	3071	2921	3255	3443
2303	3327	3071	3009	3271	3359
2559	3327	3071	3093	3286	3280
2815	3327	3071	3174	3300	3206
3071	3327	3071	3252	3314	3136
3327	3327	3071	3327	3327	3071
3583	3327	3071	3400	3340	3009
3839	3327	3071	3471	3352	2950
4095	3327	3071	3541	3363	2894
0	3583	3071	1687	3201	4095
256	3583	3071	2177	3313	4095
512	3583	3071	2377	3356	4095
768	3583	3071	2532	3388	4095
1024	3583	3071	2665	3414	3949
1280	3583	3071	2784	3437	3819
1536	3583	3071	2893	3458	3705
1792	3583	3071	2994	3477	3603
2048	3583	3071	3090	3495	3510
2303	3583	3071	3180	3512	3424
2559	3583	3071	3267	3527	3345
2815	3583	3071	3350	3542	3270
3071	3583	3071	3430	3556	3200
3327	3583	3071	3508	3570	3134
3583	3583	3071	3583	3583	3071
3839	3583	3071	3656	3596	3011
4095	3583	3071	3728	3608	2954
0	3839	3071	1807	3429	4095
256	3839	3071	2316	3546	4095
512	3839	3071	2521	3590	4095
768	3839	3071	2682	3623	4095
1024	3839	3071	2819	3651	4018
1280	3839	3071	2942	3675	3887
1536	3839	3071	3054	3697	3772
1792	3839	3071	3158	3716	3669
2048	3839	3071	3257	3735	3575
2303	3839	3071	3350	3752	3488
2559	3839	3071	3439	3768	3408
2815	3839	3071	3524	3784	3333
3071	3839	3071	3607	3798	3262
3327	3839	3071	3686	3812	3195
3583	3839	3071	3764	3826	3131
3839	3839	3071	3839	3839	3071
4095	3839	3071	3912	3852	3013
0	4095	3071	1928	3658	4095
256	4095	3071	2453	3779	4095
512	4095	3071	2666	3825	4095
768	4095	3071	2831	3859	4095
1024	4095	3071	2972	3887	4085
1280	4095	3071	3098	3912	3953
1536	4095	3071	3214	3935	3837
1792	4095	3071	3321	3955	3733
2048	4095	3071	3422	3974	3638
2303	4095	3071	3518	3992	3551
2559	4095	3071	3609	4009	3469
2815	4095	3071	3697	4025	3393
3071	4095	3071	3781	4040	3322
3327	4095	3071	3863	4055	3254
3583	4095	3071	3943	4069	3190
3839	4095	3071	4020	4082	3129
4095	4095	3071	4095	4095	3071
0	0	3327	0	0	3327
256	0	3327	17	0	2763
512	0	3327	34	1	2568
768	0	3327	50	1	2427
1024	0	3327	67	1	2314
1280	0	3327	84	2	2217
1536	0	3327	101	2	2133
1792	0	3327	118	2	2057
2048	0	3327	134	3	1989
2303	0	3327	151	3	1926
2559	0	3327	168	4	1868
2815	0	3327	185	4	1814
3071	0	3327	202	4	1763
3327	0	3327	218	5	1715
3583	0	3327	235	5	1670
3839	0	3327	252	5	1628
4095	0	3327	269	6	1587
0	256	3327	121	229	3949
256	256	3327	256	256	3327
512	256	3327	320	267	3111
768	256	3327	374	275	2955
1024	256	3327	422	281	2828
1280	256	3327	466	287	2721
1536	256	3327	507	293	2626
1792	256	3327	547	298	2542
2048	256	3327	585	302	2465
2303	256	3327	622	307	2394
2559	256	3327	658	311	2329
2815	256	3327	693	315	2267
3071	256	3327	727	319	2210
3327	256	3327	761	322	2156
3583	256	3327	793	326	2105
3839	256	3327	826	329	2056
4095	256	3327	858	333	2010
0	512	3327	241	457	4095
256	512	3327	428	497	3551
512	512	3327	512	512	3327
768	512	3327	580	523	3165
1024	512	3327	641	533	3033
1280	512	3327	696	542	2921
1536	512	3327	748	549	2823
1792	512	3327	797	556	2735
2048	512	3327	843	563	2655
2303	512	3327	888	569	2582
2559	512	3327	931	575	2513
2815	512	3327	974	580	2449
3071	512	3327	1015	586	2390
3327	512	3327	1055	591	2333
3583	512	3327	1094	595	2280
3839	512	3327	1133	600	2229
4095	512	3327	1170	605	2181
0	768	3327	362	686	4095
256	768	3327	588	735	3723
512	768	3327	688	754	3494
768	768	3327	768	768	3327
1024	768	3327	838	780	3192
1280	768	3327	902	790	3077
1536	768	3327	961	800	2976
1792	768	3327	1017	808	2885
2048	768	3327	1070	816	2803
2303	768	3327	1121	824	2727
2559	768	3327	1171	831	2657
2815	768	3327	1218	838	2591
3071	768	3327	1265	844	2529
3327	768	3327	1310	850	2471
3583	768	3327	1354	856	2416
3839	768	3327	1397	862	2363
4095	768	3327	1440	868	2314
0	1024	3327	482	915	4095
256	1024	3327	743	972	3870
512	1024	3327	856	994	3635
768	1024	3327	946	1010	3465
1024	1024	3327	1024	1024	3327
1280	1024	3327	1095	1036	3209
1536	1024	3327	1161	1047	3106
1792	1024	3327	1223	1057	3013
2048	1024	3327	1282	1066	2928
2303	1024	3327	1338	1075	2851
2559	1024	3327	1392	1083	2779
2815	1024	3327	1444	1091	2711
3071	1024	3327	1495	1098	2648
3327	1024	3327	1545	1106	2589
3583	1024	3327	1593	1112	2532
3839	1024	3327	1640	1119	2478
4095	1024	3327	1686	1125	2427
0	1280	3327	603	1143	4095
256	1280	3327	894	1208	4000
512	1280	3327	1018	1233	3761
768	1280	3327	1117	1251	3588
1024	1280	3327	1203	1266	3447
1280	1280	3327	1280	1280	3327
1536	1280	3327	1352	1292	3221
1792	1280	3327	1419	1303	3127
2048	1280	3327	1483	1314	3040
2303	1280	3327	1543	1323	2961
2559	1280	3327	1602	1333	2888
2815	1280	3327	1658	1341	2819
3071	1280	3327	1713	1350	2754
3327	1280	3327	1766	1358	2693
3583	1280	3327	1818	1366	2636
3839	1280	3327	1869	1373	2581
4095	1280	3327	1919	1380	2528
0	1536	3327	723	1372	4095
256	1536	3327	1042	1443	4095
512	1536	3327	1177	1470	3876
768	1536	3327	1284	1491	3700
1024	1536	3327	1376	1508	3557
1280	1536	3327	1459	1523	3434
1536	1536	3327	1536	1536	3327
1792	1536	3327	1608	1548	3231
2048	1536	3327	1676	1560	3143
2303	1536	3327	1741	1570	3062
2559	1536	3327	1804	1580	2987
2815	1536	3327	1864	1590	2917
3071	1536	3327	1922	1599	2851
3327	1536	3327	1979	1608	2789
3583	1536	3327	2034	1616	2730
3839	1536	3327	2088	1625	2674
4095	1536	3327	2141	1632	2621
0	1792	3327	844	1601	4095
256	1792	3327	1189	1678	4095
512	1792	3327	1333	1708	3983
768	1792	3327	1447	1730	3804
1024	1792	3327	1545	1748	3658
1280	1792	3327	1634	1764	3534
1536	1792	3327	1716	1779	3425
1792	1792	3327	1792	1792	3327
2048	1792	3327	1864	1804	3238
2303	1792	3327	1933	1816	3156
2559	1792	3327	1999	1827	3080
2815	1792	3327	2063	1837	3008
3071	1792	3327	2125	1847	2941
3327	1792	3327	2184	1857	2878
3583	1792	3327	2243	1866	2818
3839	1792	3327	2299	1875	2761
4095	1792	3327	2355	1883	2707
0	2048	3327	964	1829	4095
256	2048	3327	1333	1913	4095
512	2048	3327	1486	1944	4083
768	2048	3327	1607	1968	3901
1024	2048	3327	1711	1988	3754
1280	2048	3327	1805	2005	3628
1536	2048	3327	1891	2020	3517
1792	2048	3327	1972	2035	3418
2048	2048	3327	2048	2048	3327
2303	2048	3327	2120	2060	3244
2559	2048	3327	2190	2072	3167
2815	2048	3327	2257	2083	3094
3071	2048	3327	2322	2094	3026
3327	2048	3327	2384	2104	2962
3583	2048	3327	2445	2114	2901
3839	2048	3327	2505	2123	2843
4095	2048	3327	2563	2132	2788
0	2303	3327	1084	2057	4095
256	2303	3327	1476	2146	4095
512	2303	3327	1638	2179	4095
768	2303	3327	1765	2205	3993
1024	2303	3327	1874	2226	3843
1280	2303	3327	1973	2244	3716
1536	2303	3327	2063	2261	3604
1792	2303	3327	2148	2276	3503
2048	2303	3327	2227	2290	3411
2303	2303	3327	2303	2303	3327
2559	2303	3327	2376	2315	3248
2815	2303	3327	2446	2327	3175
3071	2303	3327	2513	2339	3106
3327	2303	3327	2579	2349	3041
3583	2303	3327	2643	2360	2979
3839	2303	3327	2705	2370	2921
4095	2303	3327	2765	2379	2864
0	2559	3327	1205	2286	4095
256	2559	3327	1618	2380	4095
512	2559	3327	1788	2415	4095
768	2559	3327	1921	2442	4080
1024	2559	3327	2036	2464	3929
1280	2559	3327	2139	2484	3800
1536	2559	3327	2233	2501	3687
1792	2559	3327	2321	2517	3585
2048	2559	3327	2404	2532	3492
2303	2559	3327	2483	2546	3407
2559	2559	3327	2559	2559	3327
2815	2559	3327	2632	2571	3253
3071	2559	3327	2702	2583	3183
3327	2559	3327	2770	2595	3117
3583	2559	3327	2837	2606	3054
3839	2559	3327	2901	2616	2995
4095	2559	3327	2964	2627	2938
0	2815	3327	1325	2515	4095
256	2815	3327	1759	2614	4095
512	2815	3327	1937	2651	4095
768	2815	3327	2076	2679	4095
1024	2815	3327	2195	2702	4012
1280	2815	3327	2302	2723	3881
1536	2815	3327	2401	2741	3766
1792	2815	3327	2492	2758	3663
2048	2815	3327	2579	2773	3569
2303	2815	3327	2661	2788	3483
2559	2815	3327	2739	2802	3402
2815	2815	3327	2815	2815	3327
3071	2815	3327	2888	2828	3256
3327	2815	3327	2959	2839	3189
3583	2815	3327	3027	2851	3126
3839	2815	3327	3094	2862	3066
4095	2815	3327	3159	2873	3008
0	3071	3327	1446	2743	4095
256	3071	3327	1899	2847	4095
512	3071	3327	2084	2886	4095
768	3071	3327	2229	2915	4095
1024	3071	3327	2353	2940	4091
1280	3071	3327	2464	2961	3959
1536	3071	3327	2566	2980	3843
1792	3071	3327	2661	2998	3739
2048	3071	3327	2751	3014	3643
2303	3071	3327	2836	3030	3556
2559	3071	3327	2917	3044	3475
2815	3071	3327	2996	3058	3399
3071	3071	3327	3071	3071	3327
3327	3071	3327	3144	3084	3259
3583	3071	3327	3215	3096	3195
3839	3071	3327	3284	3107	3134
4095	3071	3327	3351	3118	3076
0	3327	3327	1566	2972	4095
256	3327	3327	2039	3080	4095
512	3327	3327	2231	3121	4095
768	3327	3327	2381	3152	4095
1024	3327	3327	2510	3177	4095
1280	3327	3327	2625	3199	4034
1536	3327	3327	2730	3220	3917
1792	3327	3327	2829	3238	3811
2048	3327	3327	2921	3255	3715
2303	3327	3327	3009	3271	3627
2559	3327	3327	3093	3286	3545
2815	3327	3327	3174	3300	3468
3071	3327	3327	3252	3314	3395
3327	3327	3327	3327	3327	3327
3583	3327	3327	3400	3340	3262
3839	3327	3327	3471	3352	3200
4095	3327	3327	3541	3363	3141
0	3583	3327	1687	3201	4095
256	3583	3327	2177	3313	4095
512	3583	3327	2377	3356	4095
768	3583	3327	2532	3388	4095
1024	3583	3327	2665	3414	4095
1280	3583	3327	2784	3437	4095
1536	3583	3327	2893	3458	3989
1792	3583	3327	2994	3477	3882
2048	3583	3327	3090	3495	3785
2303	3583	3327	3180	3512	3696
2559	3583	3327	3267	3527	3613
2815	3583	3327	3350	3542	3535
3071	3583	3327	3430	3556	3462
3327	3583	3327	3508	3570	3393
3583	3583	3327	3583	3583	3327
3839	3583	3327	3656	3596	3265
4095	3583	3327	3728	3608	3205
0	3839	3327	1807	3429	4095
256	3839	3327	2316	3546	4095
512	3839	3327	2521	3590	4095
768	3839	3327	2682	3623	4095
1024	3839	3327	2819	3651	4095
1280	3839	3327	2942	3675	4095
1536	3839	3327	3054	3697	4058
1792	3839	3327	3158	3716	3951
2048	3839	3327	3257	3735	3853
2303	3839	3327	3350	3752	3763
2559	3839	3327	3439	3768	3679
2815	3839	3327	3524	3784	3600
3071	3839	3327	3607	3798	3526
3327	3839	3327	3686	3812	3456
3583	3839	3327	3764	3826	3390
3839	3839	3327	3839	3839	3327
4095	3839	3327	3912	3852	3267
0	4095	3327	1928	3658	4095
256	4095	3327	2453	3779	4095
512	4095	3327	2666	3825	4095
768	4095	3327	2831	3859	4095
1024	4095	3327	2972	3887	4095
1280	4095	3327	3098	3912	4095
1536	4095	3327	3214	3935	4095
1792	4095	3327	3321	3955	4017
2048	4095	3327	3422	3974	3918
2303	4095	3327	3518	3992	3828
2559	4095	3327	3609	4009	3743
2815	4095	3327	3697	4025	3663
3071	4095	3327	3781	4040	3589
3327	4095	3327	3863	4055	3518
3583	4095	3327	3943	4069	3451
3839	4095	3327	4020	4082	3388
4095	4095	3327	4095	4095	3327
0	0	3583	0	0	3583
256	0	3583	17	0	2994
512	0	3583	34	1	2791
768	0	3583	50	1	2643
1024	0	3583	67	1	2525
1280	0	3583	84	2	2423
1536	0	3583	101	2	2335
1792	0	3583	118	2	2255
2048	0	3583	134	3	2183
2303	0	3583	151	3	2117
2559	0	3583	168	4	2056
2815	0	3583	185	4	1999
3071	0	3583	202	4	1945
3327	0	3583	218	5	1895
3583	0	3583	235	5	1847
3839	0	3583	252	5	1802
4095	0	3583	269	6	1759
0	256	3583	121	229	4095
256	256	3583	256	256	3583
512	256	3583	320	267	3358
768	256	3583	374	275	3195
1024	256	3583	422	281	3063
1280	256	3583	466	287	2951
1536	256	3583	507	293	2852
1792	256	3583	547	298	2763
2048	256	3583	585	302	2683
2303	256	3583	622	307	2609
2559	256	3583	658	311	2540
2815	256	3583	693	315	2476
3071	256	3583	727	319	2416
3327	256	3583	761	322	2359
3583	256	3583	793	326	2305
3839	256	3583	826	329	2254
4095	256	3583	858	333	2206
0	512	3583	241	457	4095
256	512	3583	428	497	3816
512	512	3583	512	512	3583
768	512	3583	580	523	3414
1024	512	3583	641	533	3277
1280	512	3583	696	542	3160
1536	512	3583	748	549	3058
1792	512	3583	797	556	2966
2048	512	3583	843	563	2882
2303	512	3583	888	569	2805
2559	512	3583	931	575	2734
2815	512	3583	974	580	2667
3071	512	3583	1015	586	2604
3327	512	3583	1055	591	2545
3583	512	3583	1094	595	2489
3839	512	3583	1133	600	2436
4095	512	3583	1170	605	2385
0	768	3583	362	686	4095
256	768	3583	588	735	3995
512	768	3583	688	754	3757
768	768	3583	768	768	3583
1024	768	3583	838	780	3442
1280	768	3583	902	790	3322
1536	768	3583	961	800	3217
1792	768	3583	1017	808	3122
2048	768	3583	1070	816	3036
2303	768	3583	1121	824	2957
2559	768	3583	1171	831	2883
2815	768	3583	1218	838	2815
3071	768	3583	1265	844	2750
3327	768	3583	1310	850	2689
3583	768	3583	1354	856	2631
3839	768	3583	1397	862	2577
4095	768	3583	1440	868	2524
0	1024	3583	482	915	4095
256	1024	3583	743	972	4095
512	1024	3583	856	994	3904
768	1024	3583	946	1010	3727
1024	1024	3583	1024	1024	3583
1280	1024	3583	1095	1036	3460
1536	1024	3583	1161	1047	3352
1792	1024	3583	1223	1057	3256
2048	1024	3583	1282	1066	3167
2303	1024	3583	1338	1075	3087
2559	1024	3583	1392	1083	3011
2815	1024	3583	1444	1091	2941
3071	1024	3583	1495	1098	2875
3327	1024	3583	1545	1106	2812
3583	1024	3583	1593	1112	2753
3839	1024	3583	1640	1119	2697
4095	1024	3583	1686	1125	2643
0	1280	3583	603	1143	4095
256	1280	3583	894	1208	4095
512	1280	3583	1018	1233	4035
768	1280	3583	1117	1251	3854
1024	1280	3583	1203	1266	3708
1280	1280	3583	1280	1280	3583
1536	1280	3583	1352	1292	3473
1792	1280	3583	1419	1303	3374
2048	1280	3583	1483	1314	3284
2303	1280	3583	1543	1323	3202
2559	1280	3583	1602	1333	3125
2815	1280	3583	1658	1341	3053
3071	1280	3583	1713	1350	2986
3327	1280	3583	1766	1358	2922
3583	1280	3583	1818	1366	2862
3839	1280	3583	1869	1373	2804
4095	1280	3583	1919	1380	2749
0	1536	3583	723	1372	4095
256	1536	3583	1042	1443	4095
512	1536	3583	1177	1470	4095
768	1536	3583	1284	1491	3971
1024	1536	3583	1376	1508	3822
1280	1536	3583	1459	1523	3695
1536	1536	3583	1536	1536	3583
1792	1536	3583	1608	1548	3483
2048	1536	3583	1676	1560	3391
2303	1536	3583	1741	1570	3307
2559	1536	3583	1804	1580	3229
2815	1536	3583	1864	1590	3156
3071	1536	3583	1922	1599	3087
3327	1536	3583	1979	1608	3022
3583	1536	3583	2034	1616	2961
3839	1536	3583	2088	1625	2902
4095	1536	3583	2141	1632	2846
0	1792	3583	844	1601	4095
256	1792	3583	1189	1678	4095
512	1792	3583	1333	1708	4095
768	1792	3583	1447	1730	4079
1024	1792	3583	1545	1748	3928
1280	1792	3583	1634	1764	3799
1536	1792	3583	1716	1779	3685
1792	1792	3583	1792	1792	3583
2048	1792	3583	1864	1804	3490
2303	1792	3583	1933	1816	3405
2559	1792	3583	1999	1827	3325
2815	1792	3583	2063	1837	3251
3071	1792	3583	2125	1847	3181
3327	1792	3583	2184	1857	3115
3583	1792	3583	2243	1866	3053
3839	1792	3583	2299	1875	2993
4095	1792	3583	2355	1883	2936
0	2048	3583	964	1829	4095
256	2048	3583	1333	1913	4095
512	2048	3583	1486	1944	4095
768	2048	3583	1607	1968	4095
1024	2048	3583	1711	1988	4027
1280	2048	3583	1805	2005	3896
1536	2048	3583	1891	2020	3781
1792	2048	3583	1972	2035	3677
2048	2048	3583	2048	2048	3583
2303	2048	3583	2120	2060	3496
2559	2048	3583	2190	2072	3416
2815	2048	3583	2257	2083	3340
3071	2048	3583	2322	2094	3269
3327	2048	3583	2384	2104	3202
3583	2048	3583	2445	2114	3139
3839	2048	3583	2505	2123	3079
4095	2048	3583	2563	2132	3021
0	2303	3583	1084	2057	4095
256	2303	3583	1476	2146	4095
512	2303	3583	1638	2179	4095
768	2303	3583	1765	2205	4095
1024	2303	3583	1874	2226	4095
1280	2303	3583	1973	2244	3988
1536	2303	3583	2063	2261	3871
1792	2303	3583	2148	2276	3766
2048	2303	3583	2227	2290	3671
2303	2303	3583	2303	2303	3583
2559	2303	3583	2376	2315	3501
2815	2303	3583	2446	2327	3425
3071	2303	3583	2513	2339	3353
3327	2303	3583	2579	2349	3285
3583	2303	3583	2643	2360	3221
3839	2303	3583	2705	2370	3159
4095	2303	3583	2765	2379	3101
0	2559	3583	1205	2286	4095
256	2559	3583	1618	2380	4095
512	2559	3583	1788	2415	4095
768	2559	3583	1921	2442	4095
1024	2559	3583	2036	2464	4095
1280	2559	3583	2139	2484	4075
1536	2559	3583	2233	2501	3957
1792	2559	3583	2321	2517	3851
2048	2559	3583	2404	2532	3755
2303	2559	3583	2483	2546	3666
2559	2559	3583	2559	2559	3583
2815	2559	3583	2632	2571	3506
3071	2559	3583	2702	2583	3433
3327	2559	3583	2770	2595	3364
3583	2559	3583	2837	2606	3299
3839	2559	3583	2901	2616	3237
4095	2559	3583	2964	2627	3177
0	2815	3583	1325	2515	4095
256	2815	3583	1759	2614	4095
512	2815	3583	1937	2651	4095
768	2815	3583	2076	2679	4095
1024	2815	3583	2195	2702	4095
1280	2815	3583	2302	2723	4095
1536	2815	3583	2401	2741	4040
1792	2815	3583	2492	2758	3933
2048	2815	3583	2579	2773	3835
2303	2815	3583	2661	2788	3745
2559	2815	3583	2739	2802	3661
2815	2815	3583	2815	2815	3583
3071	2815	3583	2888	2828	3509
3327	2815	3583	2959	2839	3440
3583	2815	3583	3027	2851	3374
3839	2815	3583	3094	2862	3311
4095	2815	3583	3159	2873	3251
0	3071	3583	1446	2743	4095
256	3071	3583	1899	2847	4095
512	3071	3583	2084	2886	4095
768	3071	3583	2229	2915	4095
1024	3071	3583	2353	2940	4095
1280	3071	3583	2464	2961	4095
1536	3071	3583	2566	2980	4095
1792	3071	3583	2661	2998	4011
2048	3071	3583	2751	3014	3912
2303	3071	3583	2836	3030	3821
2559	3071	3583	2917	3044	3737
2815	3071	3583	2996	3058	3658
3071	3071	3583	3071	3071	3583
3327	3071	3583	3144	3084	3513
3583	3071	3583	3215	3096	3446
3839	3071	3583	3284	3107	3382
4095	3071	3583	3351	3118	3321
0	3327	3583	1566	2972	4095
256	3327	3583	2039	3080	4095
512	3327	3583	2231	3121	4095
768	3327	3583	2381	3152	4095
1024	3327	3583	2510	3177	4095
1280	3327	3583	2625	3199	4095
1536	3327	3583	2730	3220	4095
1792	3327	3583	2829	3238	4087
2048	3327	3583	2921	3255	3987
2303	3327	3583	3009	3271	3895
2559	3327	3583	3093	3286	3810
2815	3327	3583	3174	3300	3730
3071	3327	3583	3252	3314	3654
3327	3327	3583	3327	3327	3583
3583	3327	3583	3400	3340	3515
3839	3327	3583	3471	3352	3451
4095	3327	3583	3541	3363	3390
0	3583	3583	1687	3201	4095
256	3583	3583	2177	3313	4095
512	3583	3583	2377	3356	4095
768	3583	3583	2532	3388	4095
1024	3583	3583	2665	3414	4095
1280	3583	3583	2784	3437	4095
1536	3583	3583	2893	3458	4095
1792	3583	3583	2994	3477	4095
2048	3583	3583	3090	3495	4059
2303	3583	3583	3180	3512	3967
2559	3583	3583	3267	3527	3880
2815	3583	3583	3350	3542	3799
3071	3583	3583	3430	3556	3723
3327	3583	3583	3508	3570	3651
3583	3583	3583	3583	3583	3583
3839	3583	3583	3656	3596	3518
4095	3583	3583	3728	3608	3456
0	3839	3583	1807	3429	4095
256	3839	3583	2316	3546	4095
512	3839	3583	2521	3590	4095
768	3839	3583	2682	3623	4095
1024	3839	3583	2819	3651	4095
1280	3839	3583	2942	3675	4095
1536	3839	3583	3054	3697	4095
1792	3839	3583	3158	3716	4095
2048	3839	3583	3257	3735	4095
2303	3839	3583	3350	3752	4036
2559	3839	3583	3439	3768	3949
2815	3839	3583	3524	3784	3867
3071	3839	3583	3607	3798	3790
3327	3839	3583	3686	3812	3718
3583	3839	3583	3764	3826	3649
3839	3839	3583	3839	3839	3583
4095	3839	3583	3912	3852	3520
0	4095	3583	1928	3658	4095
256	4095	3583	2453	3779	4095
512	4095	3583	2666	3825	4095
768	4095	3583	2831	3859	4095
1024	4095	3583	2972	3887	4095
1280	4095	3583	3098	3912	4095
1536	4095	3583	3214	3935	4095
1792	4095	3583	3321	3955	4095
2048	4095	3583	3422	3974	4095
2303	4095	3583	3518	3992	4095
2559	4095	3583	3609	4009	4015
2815	4095	3583	3697	4025	3933
3071	4095	3583	3781	4040	3855
3327	4095	3583	3863	4055	3782
3583	4095	3583	3943	4069	3713
3839	4095	3583	4020	4082	3646
4095	4095	3583	4095	4095	3583
0	0	3839	0	0	3839
256	0	3839	17	0	3227
512	0	3839	34	1	3015
768	0	3839	50	1	2861
1024	0	3839	67	1	2737
1280	0	3839	84	2	2631
1536	0	3839	101	2	2538
1792	0	3839	118	2	2455
2048	0	3839	134	3	2380
2303	0	3839	151	3	2310
2559	0	3839	168	4	2246
2815	0	3839	185	4	2186
3071	0	3839	202	4	2130
3327	0	3839	218	5	2077
3583	0	3839	235	5	2027
3839	0	3839	252	5	1979
4095	0	3839	269	6	1934
0	256	3839	121	229	4095
256	256	3839	256	256	3839
512	256	3839	320	267	3605
768	256	3839	374	275	3436
1024	256	3839	422	281	3298
1280	256	3839	466	287	3181
1536	256	3839	507	293	3078
1792	256	3839	547	298	2986
2048	256	3839	585	302	2902
2303	256	3839	622	307	2825
2559	256	3839	658	311	2753
2815	256	3839	693	315	2686
3071	256	3839	727	319	2623
3327	256	3839	761	322	2564
3583	256	3839	793	326	2507
3839	256	3839	826	329	2454
4095	256	3839	858	333	2403
0	512	3839	241	457	4095
256	512	3839	428	497	4081
512	512	3839	512	512	3839
768	512	3839	580	523	3663
1024	512	3839	641	533	3521
1280	512	3839	696	542	3400
1536	512	3839	748	549	3293
1792	512	3839	797	556	3197
2048	512	3839	843	563	3110
2303	512	3839	888	569	3029
2559	512	3839	931	575	2955
2815	512	3839	974	580	2885
3071	512	3839	1015	586	2820
3327	512	3839	1055	591	2758
3583	512	3839	1094	595	2699
3839	512	3839	1133	600	2644
4095	512	3839	1170	605	2591
0	768	3839	362	686	4095
256	768	3839	588	735	4095
512	768	3839	688	754	4019
768	768	3839	768	768	3839
1024	768	3839	838	780	3693
1280	768	3839	902	790	3568
1536	768	3839	961	800	3458
1792	768	3839	1017	808	3360
2048	768	3839	1070	816	3270
2303	768	3839	1121	824	3188
2559	768	3839	1171	831	3111
2815	768	3839	1218	838	3040
3071	768	3839	1265	844	2972
3327	768	3839	1310	850	2909
3583	768	3839	1354	856	2848
3839	768	3839	1397	862	2791
4095	768	3839	1440	868	2736
0	1024	3839	482	915	4095
256	1024	3839	743	972	4095
512	1024	3839	856	994	4095
768	1024	3839	946	1010	3988
1024	1024	3839	1024	1024	3839
1280	1024	3839	1095	1036	3712
1536	1024	3839	1161	1047	3599
1792	1024	3839	1223	1057	3499
2048	1024	3839	1282	1066	3407
2303	1024	3839	1338	1075	3323
2559	1024	3839	1392	1083	3244
2815	1024	3839	1444	1091	3171
3071	1024	3839	1495	1098	3102
3327	1024	3839	1545	1106	3037
3583	1024	3839	1593	1112	2975
3839	1024	3839	1640	1119	2917
4095	1024	3839	1686	1125	2861
0	1280	3839	603	1143	4095
256	1280	3839	894	1208	4095
512	1280	3839	1018	1233	4095
768	1280	3839	1117	1251	4095
1024	1280	3839	1203	1266	3969
1280	1280	3839	1280	1280	3839
1536	1280	3839	1352	1292	3725
1792	1280	3839	1419	1303	3622
2048	1280	3839	1483	1314	3529
2303	1280	3839	1543	1323	3443
2559	1280	3839	1602	1333	3363
2815	1280	3839	1658	1341	3288
3071	1280	3839	1713	1350	3218
3327	1280	3839	1766	1358	3151
3583	1280	3839	1818	1366	3088
3839	1280	3839	1869	1373	3029
4095	1280	3839	1919	1380	2971
0	1536	3839	723	1372	4095
256	1536	3839	1042	1443	4095
512	1536	3839	1177	1470	4095
768	1536	3839	1284	1491	4095
1024	1536	3839	1376	1508	4087
1280	1536	3839	1459	1523	3955
1536	1536	3839	1536	1536	3839
1792	1536	3839	1608	1548	3735
2048	1536	3839	1676	1560	3640
2303	1536	3839	1741	1570	3552
2559	1536	3839	1804	1580	3471
2815	1536	3839	1864	1590	3395
3071	1536	3839	1922	1599	3323
3327	1536	3839	1979	1608	3256
3583	1536	3839	2034	1616	3192
3839	1536	3839	2088	1625	3131
4095	1536	3839	2141	1632	3072
0	1792	3839	844	1601	4095
256	1792	3839	1189	1678	4095
512	1792	3839	1333	1708	4095
768	1792	3839	1447	1730	4095
1024	1792	3839	1545	1748	4095
1280	1792	3839	1634	1764	4063
1536	1792	3839	1716	1779	3945
1792	1792	3839	1792	1792	3839
2048	1792	3839	1864	1804	3742
2303	1792	3839	1933	1816	3654
2559	1792	3839	1999	1827	3571
2815	1792	3839	2063	1837	3494
3071	1792	3839	2125	1847	3421
3327	1792	3839	2184	1857	3353
3583	1792	3839	2243	1866	3287
3839	1792	3839	2299	1875	3225
4095	1792	3839	2355	1883	3166
0	2048	3839	964	1829	4095
256	2048	3839	1333	1913	4095
512	2048	3839	1486	1944	4095
768	2048	3839	1607	1968	4095
1024	2048	3839	1711	1988	4095
1280	2048	3839	1805	2005	4095
1536	2048	3839	1891	2020	4044
1792	2048	3839	1972	2035	3937
2048	2048	3839	2048	2048	3839
2303	2048	3839	2120	2060	3749
2559	2048	3839	2190	2072	3665
2815	2048	3839	2257	2083	3587
3071	2048	3839	2322	2094	3513
3327	2048	3839	2384	2104	3444
3583	2048	3839	2445	2114	3377
3839	2048	3839	2505	2123	3314
4095	2048	3839	2563	2132	3254
0	2303	3839	1084	2057	4095
256	2303	3839	1476	2146	4095
512	2303	3839	1638	2179	4095
768	2303	3839	1765	2205	4095
1024	2303	3839	1874	2226	4095
1280	2303	3839	1973	2244	4095
1536	2303	3839	2063	2261	4095
1792	2303	3839	2148	2276	4029
2048	2303	3839	2227	2290	3930
2303	2303	3839	2303	2303	3839
2559	2303	3839	2376	2315	3754
2815	2303	3839	2446	2327	3675
3071	2303	3839	2513	2339	3600
3327	2303	3839	2579	2349	3529
3583	2303	3839	2643	2360	3462
3839	2303	3839	2705	2370	3399
4095	2303	3839	2765	2379	3338
0	2559	3839	1205	2286	4095
256	2559	3839	1618	2380	4095
512	2559	3839	1788	2415	4095
768	2559	3839	1921	2442	4095
1024	2559	3839	2036	2464	4095
1280	2559	3839	2139	2484	4095
1536	2559	3839	2233	2501	4095
1792	2559	3839	2321	2517	4095
2048	2559	3839	2404	2532	4017
2303	2559	3839	2483	2546	3925
2559	2559	3839	2559	2559	3839
2815	2559	3839	2632	2571	3759
3071	2559	3839	2702	2583	3683
3327	2559	3839	2770	2595	3611
3583	2559	3839	2837	2606	3544
3839	2559	3839	2901	2616	3479
4095	2559	3839	2964	2627	3417
0	2815	3839	1325	2515	4095
256	2815	3839	1759	2614	4095
512	2815	3839	1937	2651	4095
768	2815	3839	2076	2679	4095
1024	2815	3839	2195	2702	4095
1280	2815	3839	2302	2723	4095
1536	2815	3839	2401	2741	4095
1792	2815	3839	2492	2758	4095
2048	2815	3839	2579	2773	4095
2303	2815	3839	2661	2788	4007
2559	2815	3839	2739	2802	3920
2815	2815	3839	2815	2815	3839
3071	2815	3839	2888	2828	3762
3327	2815	3839	2959	2839	3690
3583	2815	3839	3027	2851	3621
3839	2815	3839	3094	2862	3556
4095	2815	3839	3159	2873	3494
0	3071	3839	1446	2743	4095
256	3071	3839	1899	2847	4095
512	3071	3839	2084	2886	4095
768	3071	3839	2229	2915	4095
1024	3071	3839	2353	2940	4095
1280	3071	3839	2464	2961	4095
1536	3071	3839	2566	2980	4095
1792	3071	3839	2661	2998	4095
2048	3071	3839	2751	3014	4095
2303	3071	3839	2836	3030	4086
2559	3071	3839	2917	3044	3999
2815	3071	3839	2996	3058	3916
3071	3071	3839	3071	3071	3839
3327	3071	3839	3144	3084	3766
3583	3071	3839	3215	3096	3696
3839	3071	3839	3284	3107	3630
4095	3071	3839	3351	3118	3567
0	3327	3839	1566	2972	4095
256	3327	3839	2039	3080	4095
512	3327	3839	2231	3121	4095
768	3327	3839	2381	3152	4095
1024	3327	3839	2510	3177	4095
1280	3327	3839	2625	3199	4095
1536	3327	3839	2730	3220	4095
1792	3327	3839	2829	3238	4095
2048	3327	3839	2921	3255	4095
2303	3327	3839	3009	3271	4095
2559	3327	3839	3093	3286	4074
2815	3327	3839	3174	3300	3991
3071	3327	3839	3252	3314	3913
3327	3327	3839	3327	3327	3839
3583	3327	3839	3400	3340	3769
3839	3327	3839	3471	3352	3702
4095	3327	3839	3541	3363	3638
0	3583	3839	1687	3201	4095
256	3583	3839	2177	3313	4095
512	3583	3839	2377	3356	4095
768	3583	3839	2532	3388	4095
1024	3583	3839	2665	3414	4095
1280	3583	3839	2784	3437	4095
1536	3583	3839	2893	3458	4095
1792	3583	3839	2994	3477	4095
2048	3583	3839	3090	3495	4095
2303	3583	3839	3180	3512	4095
2559	3583	3839	3267	3527	4095
2815	3583	3839	3350	3542	4063
3071	3583	3839	3430	3556	3985
3327	3583	3839	3508	3570	3910
3583	3583	3839	3583	3583	3839
3839	3583	3839	3656	3596	3772
4095	3583	3839	3728	3608	3707
0	3839	3839	1807	3429	4095
256	3839	3839	2316	3546	4095
512	3839	3839	2521	3590	4095
768	3839	3839	2682	3623	4095
1024	3839	3839	2819	3651	4095
1280	3839	3839	2942	3675	4095
1536	3839	3839	3054	3697	4095
1792	3839	3839	3158	3716	4095
2048	3839	3839	3257	3735	4095
2303	3839	3839	3350	3752	4095
2559	3839	3839	3439	3768	4095
2815	3839	3839	3524	3784	4095
3071	3839	3839	3607	3798	4054
3327	3839	3839	3686	3812	3979
3583	3839	3839	3764	3826	3907
3839	3839	3839	3839	3839	3839
4095	3839	3839	3912	3852	3774
0	4095	3839	1928	3658	4095
256	4095	3839	2453	3779	4095
512	4095	3839	2666	3825	4095
768	4095	3839	2831	3859	4095
1024	4095	3839	2972	3887	4095
1280	4095	3839	3098	3912	4095
1536	4095	3839	3214	3935	4095
1792	4095	3839	3321	3955	4095
2048	4095	3839	3422	3974	4095
2303	4095	3839	3518	3992	4095
2559	4095	3839	3609	4009	4095
2815	4095	3839	3697	4025	4095
3071	4095	3839	3781	4040	4095
3327	4095	3839	3863	4055	4046
3583	4095	3839	3943	4069	3973
3839	4095	3839	4020	4082	3905
4095	4095	3839	4095	4095	3839
0	0	4095	0	0	4095
256	0	4095	17	0	3460
512	0	4095	34	1	3239
768	0	4095	50	1	3080
1024	0	4095	67	1	2950
1280	0	4095	84	2	2840
1536	0	4095	101	2	2743
1792	0	4095	118	2	2656
2048	0	4095	134	3	2578
2303	0	4095	151	3	2505
2559	0	4095	168	4	2438
2815	0	4095	185	4	2375
3071	0	4095	202	4	2317
3327	0	4095	218	5	2261
3583	0	4095	235	5	2209
3839	0	4095	252	5	2159
4095	0	4095	269	6	2111
0	256	4095	121	229	4095
256	256	4095	256	256	4095
512	256	4095	320	267	3853
768	256	4095	374	275	3677
1024	256	4095	422	281	3534
1280	256	4095	466	287	3413
1536	256	4095	507	293	3306
1792	256	4095	547	298	3209
2048	256	4095	585	302	3122
2303	256	4095	622	307	3042
2559	256	4095	658	311	2967
2815	256	4095	693	315	2897
3071	256	4095	727	319	2832
3327	256	4095	761	322	2770
3583	256	4095	793	326	2711
3839	256	4095	826	329	2655
4095	256	4095	858	333	2602
0	512	4095	241	457	4095
256	512	4095	428	497	4095
512	512	4095	512	512	4095
768	512	4095	580	523	3913
1024	512	4095	641	533	3765
1280	512	4095	696	542	3639
1536	512	4095	748	549	3528
1792	512	4095	797	556	3429
2048	512	4095	843	563	3338
2303	512	4095	888	569	3255
2559	512	4095	931	575	3177
2815	512	4095	974	580	3105
3071	512	4095	1015	586	3037
3327	512	4095	1055	591	2972
3583	512	4095	1094	595	2911
3839	512	4095	1133	600	2853
4095	512	4095	1170	605	2798
0	768	4095	362	686	4095
256	768	4095	588	735	4095
512	768	4095	688	754	4095
768	768	4095	768	768	4095
1024	768	4095	838	780	3944
1280	768	4095	902	790	3814
1536	768	4095	961	800	3701
1792	768	4095	1017	808	3598
2048	768	4095	1070	816	3505
2303	768	4095	1121	824	3420
2559	768	4095	1171	831	3340
2815	768	4095	1218	838	3265
3071	768	4095	1265	844	3195
3327	768	4095	1310	850	3129
3583	768	4095	1354	856	3067
3839	768	4095	1397	862	3007
4095	768	4095	1440	868	2950
0	1024	4095	482	915	4095
256	1024	4095	743	972	4095
512	1024	4095	856	994	4095
768	1024	4095	946	1010	4095
1024	1024	4095	1024	1024	4095
1280	1024	4095	1095	1036	3963
1536	1024	4095	1161	1047	3847
1792	1024	4095	1223	1057	3742
2048	1024	4095	1282	1066	3647
2303	1024	4095	1338	1075	3560
2559	1024	4095	1392	1083	3478
2815	1024	4095	1444	1091	3402
3071	1024	4095	1495	1098	3331
3327	1024	4095	1545	1106	3263
3583	1024	4095	1593	1112	3199
3839	1024	4095	1640	1119	3138
4095	1024	4095	1686	1125	3079
0	1280	4095	603	1143	4095
256	1280	4095	894	1208	4095
512	1280	4095	1018	1233	4095
768	1280	4095	1117	1251	4095
1024	1280	4095	1203	1266	4095
1280	1280	4095	1280	1280	4095
1536	1280	4095	1352	1292	3977
1792	1280	4095	1419	1303	3870
2048	1280	4095	1483	1314	3773
2303	1280	4095	1543	1323	3684
2559	1280	4095	1602	1333	3601
2815	1280	4095	1658	1341	3524
3071	1280	4095	1713	1350	3451
3327	1280	4095	1766	1358	3382
3583	1280	4095	1818	1366	3316
3839	1280	4095	1869	1373	3254
4095	1280	4095	1919	1380	3194
0	1536	4095	723	1372	4095
256	1536	4095	1042	1443	4095
512	1536	4095	1177	1470	4095
768	1536	4095	1284	1491	4095
1024	1536	4095	1376	1508	4095
1280	1536	4095	1459	1523	4095
1536	1536	4095	1536	1536	4095
1792	1536	4095	1608	1548	3987
2048	1536	4095	1676	1560	3888
2303	1536	4095	1741	1570	3798
2559	1536	4095	1804	1580	3713
2815	1536	4095	1864	1590	3635
3071	1536	4095	1922	1599	3560
3327	1536	4095	1979	1608	3490
3583	1536	4095	2034	1616	3423
3839	1536	4095	2088	1625	3360
4095	1536	4095	2141	1632	3300
0	1792	4095	844	1601	4095
256	1792	4095	1189	1678	4095
512	1792	4095	1333	1708	4095
768	1792	4095	1447	1730	4095
1024	1792	4095	1545	1748	4095
1280	1792	4095	1634	1764	4095
1536	1792	4095	1716	1779	4095
1792	1792	4095	1792	1792	4095
2048	1792	4095	1864	1804	3995
2303	1792	4095	1933	1816	3903
2559	1792	4095	1999	1827	3817
2815	1792	4095	2063	1837	3737
3071	1792	4095	2125	1847	3662
3327	1792	4095	2184	1857	3591
3583	1792	4095	2243	1866	3523
3839	1792	4095	2299	1875	3459
4095	1792	4095	2355	1883	3397
0	2048	4095	964	1829	4095
256	2048	4095	1333	1913	4095
512	2048	4095	1486	1944	4095
768	2048	4095	1607	1968	4095
1024	2048	4095	1711	1988	4095
1280	2048	4095	1805	2005	4095
1536	2048	4095	1891	2020	4095
1792	2048	4095	1972	2035	4095
2048	2048	4095	2048	2048	4095
2303	2048	4095	2120	2060	4002
2559	2048	4095	2190	2072	3915
2815	2048	4095	2257	2083	3834
3071	2048	4095	2322	2094	3757
3327	2048	4095	2384	2104	3685
3583	2048	4095	2445	2114	3616
3839	2048	4095	2505	2123	3551
4095	2048	4095	2563	2132	3489
0	2303	4095	1084	2057	4095
256	2303	4095	1476	2146	4095
512	2303	4095	1638	2179	4095
768	2303	4095	1765	2205	4095
1024	2303	4095	1874	2226	4095
1280	2303	4095	1973	2244	4095
1536	2303	4095	2063	2261	4095
1792	2303	4095	2148	2276	4095
2048	2303	4095	2227	2290	4095
2303	2303	4095	2303	2303	4095
2559	2303	4095	2376	2315	4007
2815	2303	4095	2446	2327	3925
3071	2303	4095	2513	2339	3847
3327	2303	4095	2579	2349	3774
3583	2303	4095	2643	2360	3704
3839	2303	4095	2705	2370	3638
4095	2303	4095	2765	2379	3575
0	2559	4095	1205	2286	4095
256	2559	4095	1618	2380	4095
512	2559	4095	1788	2415	4095
768	2559	4095	1921	2442	4095
1024	2559	4095	2036	2464	4095
1280	2559	4095	2139	2484	4095
1536	2559	4095	2233	2501	4095
1792	2559	4095	2321	2517	4095
2048	2559	4095	2404	2532	4095
2303	2559	4095	2483	2546	4095
2559	2559	4095	2559	2559	4095
2815	2559	4095	2632	2571	4012
3071	2559	4095	2702	2583	3933
3327	2559	4095	2770	2595	3859
3583	2559	4095	2837	2606	3789
3839	2559	4095	2901	2616	3722
4095	2559	4095	2964	2627	3658
0	2815	4095	1325	2515	4095
256	2815	4095	1759	2614	4095
512	2815	4095	1937	2651	4095
768	2815	4095	2076	2679	4095
1024	2815	4095	2195	2702	4095
1280	2815	4095	2302	2723	4095
1536	2815	4095	2401	2741	4095
1792	2815	4095	2492	2758	4095
2048	2815	4095	2579	2773	4095
2303	2815	4095	2661	2788	4095
2559	2815	4095	2739	2802	4095
2815	2815	4095	2815	2815	4095
3071	2815	4095	2888	2828	4016
3327	2815	4095	2959	2839	3941
3583	2815	4095	3027	2851	3870
3839	2815	4095	3094	2862	3802
4095	2815	4095	3159	2873	3737
0	3071	4095	1446	2743	4095
256	3071	4095	1899	2847	4095
512	3071	4095	2084	2886	4095
768	3071	4095	2229	2915	4095
1024	3071	4095	2353	2940	4095
1280	3071	4095	2464	2961	4095
1536	3071	4095	2566	2980	4095
1792	3071	4095	2661	2998	4095
2048	3071	4095	2751	3014	4095
2303	3071	4095	2836	3030	4095
2559	3071	4095	2917	3044	4095
2815	3071	4095	2996	3058	4095
3071	3071	4095	3071	3071	4095
3327	3071	4095	3144	3084	4019
3583	3071	4095	3215	3096	3947
3839	3071	4095	3284	3107	3879
4095	3071	4095	3351	3118	3813
0	3327	4095	1566	2972	4095
256	3327	4095	2039	3080	4095
512	3327	4095	2231	3121	4095
768	3327	4095	2381	3152	4095
1024	3327	4095	2510	3177	4095
1280	3327	4095	2625	3199	4095
1536	3327	4095	2730	3220	4095
1792	3327	4095	2829	3238	4095
2048	3327	4095	2921	3255	4095
2303	3327	4095	3009	3271	4095
2559	3327	4095	3093	3286	4095
2815	3327	4095	3174	3300	4095
3071	3327	4095	3252	3314	4095
3327	3327	4095	3327	3327	4095
3583	3327	4095	3400	3340	4022
3839	3327	4095	3471	3352	3953
4095	3327	4095	3541	3363	3887
0	3583	4095	1687	3201	4095
256	3583	4095	2177	3313	4095
512	3583	4095	2377	3356	4095
768	3583	4095	2532	3388	4095
1024	3583	4095	2665	3414	4095
1280	3583	4095	2784	3437	4095
1536	3583	4095	2893	3458	4095
1792	3583	4095	2994	3477	4095
2048	3583	4095	3090	3495	4095
2303	3583	4095	3180	3512	4095
2559	3583	4095	3267	3527	4095
2815	3583	4095	3350	3542	4095
3071	3583	4095	3430	3556	4095
3327	3583	4095	3508	3570	4095
3583	3583	4095	3583	3583	4095
3839	3583	4095	3656	3596	4025
4095	3583	4095	3728	3608	3958
0	3839	4095	1807	3429	4095
256	3839	4095	2316	3546	4095
512	3839	4095	2521	3590	4095
768	3839	4095	2682	3623	4095
1024	3839	4095	2819	3651	4095
1280	3839	4095	2942	3675	4095
1536	3839	4095	3054	3697	4095
1792	3839	4095	3158	3716	4095
2048	3839	4095	3257	3735	4095
2303	3839	4095	3350	3752	4095
2559	3839	4095	3439	3768	4095
2815	3839	4095	3524	3784	4095
3071	3839	4095	3607	3798	4095
3327	3839	4095	3686	3812	4095
3583	3839	4095	3764	3826	4095
3839	3839	4095	3839	3839	4095
4095	3839	4095	3912	3852	4028
0	4095	4095	1928	3658	4095
256	4095	4095	2453	3779	4095
512	4095	4095	2666	3825	4095
768	4095	4095	2831	3859	4095
1024	4095	4095	2972	3887	4095
1280	4095	4095	3098	3912	4095
1536	4095	4095	3214	3935	4095
1792	4095	4095	3321	3955	4095
2048	4095	4095	3422	3974	4095
2303	4095	4095	3518	3992	4095
2559	4095	4095	3609	4009	4095
2815	4095	4095	3697	4025	4095
3071	4095	4095	3781	4040	4095
3327	4095	4095	3863	4055	4095
3583	4095	4095	3943	4069	4095
3839	4095	4095	4020	4082	4095
4095	4095	4095	4095	4095	4095