0	0	0	4095	4095	4095
256	0	0	4095	3788	3070
512	0	0	4095	3678	2731
768	0	0	4095	3596	2491
1024	0	0	4095	3529	2301
1280	0	0	4095	3472	2143
1536	0	0	4095	3420	2006
1792	0	0	4095	3374	1885
2048	0	0	4095	3331	1777
2303	0	0	4095	3292	1680
2559	0	0	4095	3255	1590
2815	0	0	4095	3220	1508
3071	0	0	4095	3187	1432
3327	0	0	4095	3156	1362
3583	0	0	4095	3126	1296
3839	0	0	4095	3098	1234
4095	0	0	4095	3070	1177
0	256	0	2164	2621	1434
256	256	0	2381	2381	883
512	256	0	2465	2296	716
768	256	0	2528	2233	603
1024	256	0	2582	2181	517
1280	256	0	2629	2137	448
1536	256	0	2671	2098	391
1792	256	0	2710	2062	342
2048	256	0	2746	2030	300
2303	256	0	2781	2000	264
2559	256	0	2813	1972	232
2815	256	0	2844	1945	204
3071	256	0	2873	1920	179
3327	256	0	2902	1897	157
3583	256	0	2929	1874	137
3839	256	0	2956	1852	119
4095	256	0	2981	1832	104
0	512	0	1615	2165	816
256	512	0	1801	1949	426
512	512	0	1873	1873	316
768	512	0	1927	1816	245
1024	512	0	1973	1770	194
1280	512	0	2014	1731	154
1536	512	0	2051	1696	123
1792	512	0	2085	1664	98
2048	512	0	2116	1635	77
2303	512	0	2146	1609	60
2559	512	0	2174	1584	47
2815	512	0	2201	1560	35
3071	512	0	2226	1538	26
3327	512	0	2251	1517	19
3583	512	0	2275	1497	13
3839	512	0	2298	1478	8
4095	512	0	2320	1460	5
0	768	0	1261	1854	474
256	768	0	1424	1656	198
512	768	0	1487	1586	128
768	768	0	1535	1535	86
1024	768	0	1576	1493	58
1280	768	0	1612	1457	39
1536	768	0	1644	1425	25
1792	768	0	1674	1397	15
2048	768	0	1702	1370	8
2303	768	0	1728	1346	4
2559	768	0	1754	1323	1
2815	768	0	1777	1302	0
3071	768	0	1800	1282	0
3327	768	0	1822	1263	0
3583	768	0	1844	1245	0
3839	768	0	1864	1228	0
4095	768	0	1884	1211	0
0	1024	0	1002	1616	264
256	1024	0	1147	1433	78
512	1024	0	1203	1368	38
768	1024	0	1246	1321	18
1024	1024	0	1282	1282	8
1280	1024	0	1314	1249	2
1536	1024	0	1344	1220	0
1792	1024	0	1370	1194	0
2048	1024	0	1396	1169	0
2303	1024	0	1419	1147	0
2559	1024	0	1442	1126	0
2815	1024	0	1463	1107	0
3071	1024	0	1484	1089	0
3327	1024	0	1504	1071	0
3583	1024	0	1523	1055	0
3839	1024	0	1541	1039	0
4095	1024	0	1559	1024	0
0	1280	0	804	1423	135
256	1280	0	932	1253	20
512	1280	0	982	1193	4
768	1280	0	1021	1149	0
1024	1280	0	1053	1113	0
1280	1280	0	1082	1082	0
1536	1280	0	1108	1055	0
1792	1280	0	1133	1031	0
2048	1280	0	1155	1009	0
2303	1280	0	1177	988	0
2559	1280	0	1197	969	0
2815	1280	0	1216	951	0
3071	1280	0	1235	934	0
3327	1280	0	1253	918	0
3583	1280	0	1270	903	0
3839	1280	0	1287	889	0
4095	1280	0	1303	875	0
0	1536	0	645	1261	57
256	1536	0	760	1102	1
512	1536	0	805	1046	0
768	1536	0	840	1005	0
1024	1536	0	869	972	0
1280	1536	0	895	944	0
1536	1536	0	919	919	0
1792	1536	0	940	896	0
2048	1536	0	961	875	0
2303	1536	0	980	856	0
2559	1536	0	999	839	0
2815	1536	0	1016	822	0
3071	1536	0	1033	807	0
3327	1536	0	1049	792	0
3583	1536	0	1065	778	0
3839	1536	0	1080	765	0
4095	1536	0	1095	752	0
0	1792	0	518	1123	16
256	1792	0	620	974	0
512	1792	0	660	922	0
768	1792	0	691	884	0
1024	1792	0	717	853	0
1280	1792	0	741	826	0
1536	1792	0	762	803	0
1792	1792	0	782	782	0
2048	1792	0	800	763	0
2303	1792	0	818	745	0
2559	1792	0	835	729	0
2815	1792	0	851	714	0
3071	1792	0	866	699	0
3327	1792	0	881	685	0
3583	1792	0	895	673	0
3839	1792	0	909	660	0
4095	1792	0	922	648	0
0	2048	0	413	1003	1
256	2048	0	503	863	0
512	2048	0	540	814	0
768	2048	0	567	779	0
1024	2048	0	591	750	0
1280	2048	0	612	725	0
1536	2048	0	632	703	0
1792	2048	0	649	684	0
2048	2048	0	666	666	0
2303	2048	0	682	650	0
2559	2048	0	697	635	0
2815	2048	0	712	620	0
3071	2048	0	725	607	0
3327	2048	0	739	594	0
3583	2048	0	752	582	0
3839	2048	0	765	571	0
4095	2048	0	777	560	0
0	2303	0	327	898	0
256	2303	0	407	767	0
512	2303	0	439	721	0
768	2303	0	464	688	0
1024	2303	0	486	661	0
1280	2303	0	505	638	0
1536	2303	0	522	617	0
1792	2303	0	538	599	0
2048	2303	0	553	583	0
2303	2303	0	567	567	0
2559	2303	0	581	553	0
2815	2303	0	594	540	0
3071	2303	0	607	528	0
3327	2303	0	619	516	0
3583	2303	0	631	505	0
3839	2303	0	642	495	0
4095	2303	0	654	484	0
0	2559	0	256	804	0
256	2559	0	326	681	0
512	2559	0	355	638	0
768	2559	0	377	607	0
1024	2559	0	396	582	0
1280	2559	0	413	560	0
1536	2559	0	429	542	0
1792	2559	0	443	525	0
2048	2559	0	457	509	0
2303	2559	0	470	495	0
2559	2559	0	482	482	0
2815	2559	0	494	470	0
3071	2559	0	505	458	0
3327	2559	0	516	448	0
3583	2559	0	527	437	0
3839	2559	0	538	428	0
4095	2559	0	548	418	0
0	2815	0	197	721	0
256	2815	0	259	605	0
512	2815	0	284	565	0
768	2815	0	304	536	0
1024	2815	0	321	512	0
1280	2815	0	336	492	0
1536	2815	0	350	475	0
1792	2815	0	363	459	0
2048	2815	0	375	445	0
2303	2815	0	386	432	0
2559	2815	0	398	420	0
2815	2815	0	408	408	0
3071	2815	0	419	398	0
3327	2815	0	428	388	0
3583	2815	0	438	378	0
3839	2815	0	448	369	0
4095	2815	0	457	361	0
0	3071	0	149	646	0
256	3071	0	202	537	0
512	3071	0	224	500	0
768	3071	0	242	473	0
1024	3071	0	257	451	0
1280	3071	0	270	432	0
1536	3071	0	283	416	0
1792	3071	0	294	401	0
2048	3071	0	305	388	0
2303	3071	0	315	376	0
2559	3071	0	325	364	0
2815	3071	0	335	354	0
3071	3071	0	344	344	0
3327	3071	0	353	335	0
3583	3071	0	362	326	0
3839	3071	0	370	318	0
4095	3071	0	379	310	0
0	3327	0	109	579	0
256	3327	0	155	477	0
512	3327	0	174	441	0
768	3327	0	190	416	0
1024	3327	0	203	396	0
1280	3327	0	215	378	0
1536	3327	0	226	363	0
1792	3327	0	236	350	0
2048	3327	0	245	337	0
2303	3327	0	255	326	0
2559	3327	0	264	316	0
2815	3327	0	272	306	0
3071	3327	0	280	297	0
3327	3327	0	288	288	0
3583	3327	0	296	280	0
3839	3327	0	304	273	0
4095	3327	0	311	265	0
0	3583	0	78	518	0
256	3583	0	116	422	0
512	3583	0	133	389	0
768	3583	0	146	366	0
1024	3583	0	158	347	0
1280	3583	0	168	330	0
1536	3583	0	177	316	0
1792	3583	0	186	304	0
2048	3583	0	195	292	0
2303	3583	0	203	282	0
2559	3583	0	211	272	0
2815	3583	0	218	263	0
3071	3583	0	226	255	0
3327	3583	0	233	247	0
3583	3583	0	240	240	0
3839	3583	0	247	233	0
4095	3583	0	253	226	0
0	3839	0	53	463	0
256	3839	0	85	373	0
512	3839	0	99	342	0
768	3839	0	110	320	0
1024	3839	0	120	303	0
1280	3839	0	129	288	0
1536	3839	0	137	275	0
1792	3839	0	145	263	0
2048	3839	0	152	253	0
2303	3839	0	159	243	0
2559	3839	0	166	234	0
2815	3839	0	173	226	0
3071	3839	0	179	218	0
3327	3839	0	186	211	0
3583	3839	0	192	204	0
3839	3839	0	198	198	0
4095	3839	0	204	192	0
0	4095	0	34	414	0
256	4095	0	59	329	0
512	4095	0	71	300	0
768	4095	0	80	280	0
1024	4095	0	89	263	0
1280	4095	0	96	250	0
1536	4095	0	103	238	0
1792	4095	0	110	227	0
2048	4095	0	117	217	0
2303	4095	0	123	208	0
2559	4095	0	129	200	0
2815	4095	0	134	193	0
3071	4095	0	140	186	0
3327	4095	0	146	179	0
3583	4095	0	151	173	0
3839	4095	0	156	167	0
4095	4095	0	161	161	0
0	0	256	3530	3530	4095
256	0	256	3813	3248	4095
512	0	256	3920	3146	4095
768	0	256	4002	3071	4095
1024	0	256	4070	3010	3987
1280	0	256	4095	2957	3772
1536	0	256	4095	2910	3585
1792	0	256	4095	2868	3418
2048	0	256	4095	2829	3268
2303	0	256	4095	2793	3132
2559	0	256	4095	2759	3006
2815	0	256	4095	2727	2890
3071	0	256	4095	2697	2781
3327	0	256	4095	2669	2680
3583	0	256	4095	2641	2584
3839	0	256	4095	2615	2494
4095	0	256	4095	2590	2409
0	256	256	1771	2182	2784
256	256	256	1966	1966	1966
512	256	256	2041	1889	1702
768	256	256	2098	1832	1518
1024	256	256	2147	1786	1374
1280	256	256	2189	1747	1254
1536	256	256	2228	1711	1153
1792	256	256	2263	1680	1064
2048	256	256	2296	1651	985
2303	256	256	2327	1624	915
2559	256	256	2356	1599	851
2815	256	256	2384	1575	793
3071	256	256	2411	1553	740
3327	256	256	2437	1532	691
3583	256	256	2462	1512	646
3839	256	256	2486	1492	604
4095	256	256	2509	1474	565
0	512	256	1282	1771	1860
256	512	256	1447	1579	1216
512	512	256	1511	1511	1015
768	512	256	1559	1461	877
1024	512	256	1600	1420	771
1280	512	256	1636	1385	685
1536	512	256	1669	1354	612
1792	512	256	1699	1326	550
2048	512	256	1728	1300	495
2303	512	256	1754	1277	447
2559	512	256	1779	1255	405
2815	512	256	1804	1234	366
3071	512	256	1827	1215	332
3327	512	256	1849	1196	300
3583	512	256	1870	1179	272
3839	512	256	1891	1162	246
4095	512	256	1911	1146	222
0	768	256	972	1494	1299
256	768	256	1114	1319	781
512	768	256	1169	1257	624
768	768	256	1212	1212	520
1024	768	256	1248	1175	441
1280	768	256	1279	1143	378
1536	768	256	1308	1116	326
1792	768	256	1334	1090	282
2048	768	256	1359	1067	244
2303	768	256	1382	1046	212
2559	768	256	1405	1027	184
2815	768	256	1426	1008	159
3071	768	256	1446	991	138
3327	768	256	1466	974	118
3583	768	256	1485	958	101
3839	768	256	1503	944	87
4095	768	256	1521	929	73
0	1024	256	750	1283	916
256	1024	256	874	1122	497
512	1024	256	922	1066	377
768	1024	256	959	1024	298
1024	1024	256	991	991	241
1280	1024	256	1019	962	196
1536	1024	256	1044	937	160
1792	1024	256	1068	914	131
2048	1024	256	1090	893	107
2303	1024	256	1110	874	86
2559	1024	256	1130	856	69
2815	1024	256	1149	839	55
3071	1024	256	1167	824	43
3327	1024	256	1184	809	33
3583	1024	256	1201	794	25
3839	1024	256	1217	781	19
4095	1024	256	1233	768	13
0	1280	256	581	1113	640
256	1280	256	690	965	306
512	1280	256	733	913	215
768	1280	256	765	875	158
1024	1280	256	793	844	118
1280	1280	256	818	818	89
1536	1280	256	841	795	66
1792	1280	256	861	774	48
2048	1280	256	881	755	35
2303	1280	256	899	738	24
2559	1280	256	917	721	16
2815	1280	256	934	706	10
3071	1280	256	950	692	6
3327	1280	256	965	678	3
3583	1280	256	980	665	1
3839	1280	256	995	653	0
4095	1280	256	1009	641	0
0	1536	256	450	973	438
256	1536	256	545	835	176
512	1536	256	583	787	111
768	1536	256	612	752	72
1024	1536	256	636	724	47
1280	1536	256	658	700	30
1536	1536	256	678	678	18
1792	1536	256	697	659	10
2048	1536	256	714	642	5
2303	1536	256	731	626	2
2559	1536	256	746	611	0
2815	1536	256	762	597	0
3071	1536	256	776	584	0
3327	1536	256	790	572	0
3583	1536	256	803	560	0
3839	1536	256	816	549	0
4095	1536	256	829	538	0
0	1792	256	346	853	289
256	1792	256	429	726	91
512	1792	256	462	681	47
768	1792	256	488	649	25
1024	1792	256	510	623	12
1280	1792	256	529	600	4
1536	1792	256	547	581	1
1792	1792	256	563	563	0
2048	1792	256	579	547	0
2303	1792	256	593	533	0
2559	1792	256	608	519	0
2815	1792	256	621	506	0
3071	1792	256	634	494	0
3327	1792	256	646	483	0
3583	1792	256	658	472	0
3839	1792	256	670	462	0
4095	1792	256	682	453	0
0	2048	256	263	750	181
256	2048	256	335	632	38
512	2048	256	364	590	13
768	2048	256	387	561	3
1024	2048	256	406	537	0
1280	2048	256	423	516	0
1536	2048	256	439	498	0
1792	2048	256	453	482	0
2048	2048	256	467	467	0
2303	2048	256	480	454	0
2559	2048	256	493	441	0
2815	2048	256	505	430	0
3071	2048	256	516	419	0
3327	2048	256	527	408	0
3583	2048	256	538	399	0
3839	2048	256	549	389	0
4095	2048	256	559	381	0
0	2303	256	197	661	105
256	2303	256	259	551	10
512	2303	256	284	512	1
768	2303	256	304	485	0
1024	2303	256	321	463	0
1280	2303	256	336	444	0
1536	2303	256	350	427	0
1792	2303	256	363	412	0
2048	2303	256	375	399	0
2303	2303	256	387	387	0
2559	2303	256	398	375	0
2815	2303	256	408	364	0
3071	2303	256	419	354	0
3327	2303	256	429	345	0
3583	2303	256	438	336	0
3839	2303	256	448	328	0
4095	2303	256	457	320	0
0	2559	256	144	582	53
256	2559	256	196	479	0
512	2559	256	218	444	0
768	2559	256	235	419	0
1024	2559	256	250	398	0
1280	2559	256	263	381	0
1536	2559	256	276	366	0
1792	2559	256	287	352	0
2048	2559	256	298	340	0
2303	2559	256	308	328	0
2559	2559	256	318	318	0
2815	2559	256	327	308	0
3071	2559	256	336	299	0
3327	2559	256	345	290	0
3583	2559	256	354	282	0
3839	2559	256	362	275	0
4095	2559	256	370	267	0
0	2815	256	102	513	21
256	2815	256	146	417	0
512	2815	256	165	384	0
768	2815	256	179	361	0
1024	2815	256	192	342	0
1280	2815	256	204	326	0
1536	2815	256	214	312	0
1792	2815	256	224	300	0
2048	2815	256	234	288	0
2303	2815	256	243	278	0
2559	2815	256	251	268	0
2815	2815	256	260	260	0
3071	2815	256	268	251	0
3327	2815	256	275	243	0
3583	2815	256	283	236	0
3839	2815	256	290	229	0
4095	2815	256	298	223	0
0	3071	256	69	451	4
256	3071	256	105	362	0
512	3071	256	121	332	0
768	3071	256	134	310	0
1024	3071	256	145	293	0
1280	3071	256	154	278	0
1536	3071	256	164	265	0
1792	3071	256	172	254	0
2048	3071	256	180	244	0
2303	3071	256	188	234	0
2559	3071	256	196	226	0
2815	3071	256	203	217	0
3071	3071	256	210	210	0
3327	3071	256	217	203	0
3583	3071	256	224	196	0
3839	3071	256	230	190	0
4095	3071	256	236	184	0
0	3327	256	44	396	0
256	3327	256	73	314	0
512	3327	256	86	286	0
768	3327	256	97	266	0
1024	3327	256	106	250	0
1280	3327	256	114	236	0
1536	3327	256	122	225	0
1792	3327	256	129	214	0
2048	3327	256	136	205	0
2303	3327	256	143	196	0
2559	3327	256	150	188	0
2815	3327	256	156	181	0
3071	3327	256	162	174	0
3327	3327	256	168	168	0
3583	3327	256	174	162	0
3839	3327	256	179	156	0
4095	3327	256	185	151	0
0	3583	256	26	347	0
256	3583	256	48	270	0
512	3583	256	59	245	0
768	3583	256	67	227	0
1024	3583	256	75	212	0
1280	3583	256	82	200	0
1536	3583	256	88	189	0
1792	3583	256	95	179	0
2048	3583	256	100	171	0
2303	3583	256	106	163	0
2559	3583	256	112	156	0
2815	3583	256	117	150	0
3071	3583	256	122	143	0
3327	3583	256	127	138	0
3583	3583	256	132	132	0
3839	3583	256	137	127	0
4095	3583	256	142	123	0
0	3839	256	13	303	0
256	3839	256	30	232	0
512	3839	256	38	209	0
768	3839	256	44	192	0
1024	3839	256	50	179	0
1280	3839	256	56	167	0
1536	3839	256	61	158	0
1792	3839	256	67	149	0
2048	3839	256	71	142	0
2303	3839	256	76	135	0
2559	3839	256	81	128	0
2815	3839	256	85	122	0
3071	3839	256	90	117	0
3327	3839	256	94	112	0
3583	3839	256	98	107	0
3839	3839	256	102	102	0
4095	3839	256	107	98	0
0	4095	256	5	264	0
256	4095	256	16	199	0
512	4095	256	22	177	0
768	4095	256	27	162	0
1024	4095	256	32	150	0
1280	4095	256	36	139	0
1536	4095	256	40	131	0
1792	4095	256	45	123	0
2048	4095	256	48	116	0
2303	4095	256	52	110	0
2559	4095	256	56	104	0
2815	4095	256	60	99	0
3071	4095	256	63	94	0
3327	4095	256	67	89	0
3583	4095	256	71	85	0
3839	4095	256	74	81	0
4095	4095	256	78	78	0
0	0	512	3333	3333	4095
256	0	512	3606	3059	4095
512	0	512	3711	2961	4095
768	0	512	3790	2888	4095
1024	0	512	3856	2829	4095
1280	0	512	3915	2778	4095
1536	0	512	3968	2733	4095
1792	0	512	4016	2692	4095
2048	0	512	4061	2654	3947
2303	0	512	4095	2619	3796
2559	0	512	4095	2587	3656
2815	0	512	4095	2556	3527
3071	0	512	4095	2527	3406
3327	0	512	4095	2499	3292
3583	0	512	4095	2473	3185
3839	0	512	4095	2448	3084
4095	0	512	4095	2424	2988
0	256	512	1636	2031	3409
256	256	512	1823	1823	2488
512	256	512	1895	1749	2186
768	256	512	1950	1695	1974
1024	256	512	1997	1651	1808
1280	256	512	2037	1613	1669
1536	256	512	2074	1579	1549
1792	256	512	2108	1549	1445
2048	256	512	2140	1521	1352
2303	256	512	2170	1495	1268
2559	256	512	2198	1471	1191
2815	256	512	2225	1449	1122
3071	256	512	2251	1427	1057
3327	256	512	2276	1407	997
3583	256	512	2300	1388	942
3839	256	512	2323	1370	890
4095	256	512	2346	1352	842
0	512	512	1170	1636	2367
256	512	512	1326	1452	1624
512	512	512	1387	1387	1387
768	512	512	1434	1339	1223
1024	512	512	1473	1300	1095
1280	512	512	1507	1267	990
1536	512	512	1539	1238	901
1792	512	512	1568	1211	823
2048	512	512	1595	1187	755
2303	512	512	1620	1164	695
2559	512	512	1644	1143	640
2815	512	512	1667	1124	590
3071	512	512	1689	1105	545
3327	512	512	1711	1088	504
3583	512	512	1731	1071	466
3839	512	512	1751	1055	431
4095	512	512	1770	1040	399
0	768	512	876	1371	1721
256	768	512	1010	1204	1106
512	768	512	1062	1146	916
768	768	512	1103	1103	786
1024	768	512	1137	1068	686
1280	768	512	1167	1038	605
1536	768	512	1194	1011	537
1792	768	512	1219	987	479
2048	768	512	1243	966	429
2303	768	512	1265	946	385
2559	768	512	1286	927	345
2815	768	512	1306	910	310
3071	768	512	1326	893	279
3327	768	512	1344	877	250
3583	768	512	1362	863	224
3839	768	512	1380	849	201
4095	768	512	1397	835	180
0	1024	512	666	1170	1269
256	1024	512	783	1018	757
512	1024	512	828	964	604
768	1024	512	863	925	501
1024	1024	512	893	893	424
1280	1024	512	920	866	362
1536	1024	512	944	842	311
1792	1024	512	966	821	269
2048	1024	512	987	801	232
2303	1024	512	1006	783	201
2559	1024	512	1025	766	173
2815	1024	512	1043	750	150
3071	1024	512	1060	736	129
3327	1024	512	1076	722	110
3583	1024	512	1092	708	94
3839	1024	512	1108	696	80
4095	1024	512	1123	683	67
0	1280	512	509	1009	935
256	1280	512	610	869	511
512	1280	512	650	820	389
768	1280	512	681	784	309
1024	1280	512	707	755	250
1280	1280	512	730	730	204
1536	1280	512	752	709	168
1792	1280	512	771	689	138
2048	1280	512	790	671	113
2303	1280	512	807	655	92
2559	1280	512	823	640	74
2815	1280	512	839	625	59
3071	1280	512	854	612	47
3327	1280	512	869	599	37
3583	1280	512	883	587	28
3839	1280	512	897	576	21
4095	1280	512	911	565	15
0	1536	512	388	876	683
256	1536	512	475	747	334
512	1536	512	510	701	239
768	1536	512	537	669	178
1024	1536	512	560	642	136
1280	1536	512	581	619	103
1536	1536	512	599	599	79
1792	1536	512	617	582	59
2048	1536	512	633	565	44
2303	1536	512	648	550	32
2559	1536	512	663	537	22
2815	1536	512	677	524	15
3071	1536	512	691	511	9
3327	1536	512	704	500	5
3583	1536	512	717	489	3
3839	1536	512	729	479	1
4095	1536	512	741	469	0
0	1792	512	292	763	489
256	1792	512	368	644	208
512	1792	512	398	602	136
768	1792	512	422	572	92
1024	1792	512	442	548	63
1280	1792	512	460	527	43
1536	1792	512	477	509	28
1792	1792	512	492	492	17
2048	1792	512	507	477	10
2303	1792	512	520	464	5
2559	1792	512	533	451	2
2815	1792	512	546	439	0
3071	1792	512	558	428	0
3327	1792	512	570	418	0
3583	1792	512	581	408	0
3839	1792	512	592	399	0
4095	1792	512	602	390	0
0	2048	512	217	667	341
256	2048	512	282	556	119
512	2048	512	308	517	68
768	2048	512	329	490	39
1024	2048	512	347	467	22
1280	2048	512	362	448	11
1536	2048	512	377	432	5
1792	2048	512	390	417	1
2048	2048	512	403	403	0
2303	2048	512	415	391	0
2559	2048	512	427	379	0
2815	2048	512	438	369	0
3071	2048	512	449	359	0
3327	2048	512	459	349	0
3583	2048	512	469	340	0
3839	2048	512	479	332	0
4095	2048	512	488	324	0
0	2303	512	158	583	229
256	2303	512	213	480	60
512	2303	512	236	445	27
768	2303	512	254	419	11
1024	2303	512	269	399	3
1280	2303	512	283	381	0
1536	2303	512	295	366	0
1792	2303	512	307	353	0
2048	2303	512	318	340	0
2303	2303	512	329	329	0
2559	2303	512	339	319	0
2815	2303	512	349	309	0
3071	2303	512	358	300	0
3327	2303	512	368	291	0
3583	2303	512	376	283	0
3839	2303	512	385	275	0
4095	2303	512	394	268	0
0	2559	512	111	510	145
256	2559	512	157	415	24
512	2559	512	177	382	6
768	2559	512	192	359	1
1024	2559	512	205	340	0
1280	2559	512	217	324	0
1536	2559	512	228	310	0
1792	2559	512	238	297	0
2048	2559	512	248	286	0
2303	2559	512	257	276	0
2559	2559	512	266	266	0
2815	2559	512	275	258	0
3071	2559	512	283	249	0
3327	2559	512	291	242	0
3583	2559	512	299	234	0
3839	2559	512	307	227	0
4095	2559	512	314	221	0
0	2815	512	75	445	85
256	2815	512	113	357	5
512	2815	512	129	327	0
768	2815	512	142	306	0
1024	2815	512	153	288	0
1280	2815	512	164	274	0
1536	2815	512	173	261	0
1792	2815	512	182	250	0
2048	2815	512	190	240	0
2303	2815	512	198	230	0
2559	2815	512	206	222	0
2815	2815	512	214	214	0
3071	2815	512	221	206	0
3327	2815	512	228	199	0
3583	2815	512	235	193	0
3839	2815	512	242	186	0
4095	2815	512	248	181	0
0	3071	512	48	388	43
256	3071	512	78	307	0
512	3071	512	92	279	0
768	3071	512	102	259	0
1024	3071	512	112	244	0
1280	3071	512	120	230	0
1536	3071	512	128	219	0
1792	3071	512	136	209	0
2048	3071	512	143	199	0
2303	3071	512	150	191	0
2559	3071	512	157	183	0
2815	3071	512	163	176	0
3071	3071	512	169	169	0
3327	3071	512	175	163	0
3583	3071	512	181	157	0
3839	3071	512	187	152	0
4095	3071	512	193	146	0
0	3327	512	28	338	17
256	3327	512	51	262	0
512	3327	512	62	237	0
768	3327	512	71	219	0
1024	3327	512	78	205	0
1280	3327	512	86	193	0
1536	3327	512	92	182	0
1792	3327	512	99	173	0
2048	3327	512	105	165	0
2303	3327	512	110	157	0
2559	3327	512	116	150	0
2815	3327	512	122	144	0
3071	3327	512	127	138	0
3327	3327	512	132	132	0
3583	3327	512	137	127	0
3839	3327	512	142	122	0
4095	3327	512	147	117	0
0	3583	512	14	293	4
256	3583	512	31	224	0
512	3583	512	39	200	0
768	3583	512	46	184	0
1024	3583	512	53	171	0
1280	3583	512	58	160	0
1536	3583	512	64	151	0
1792	3583	512	69	142	0
2048	3583	512	74	135	0
2303	3583	512	79	128	0
2559	3583	512	83	122	0
2815	3583	512	88	116	0
3071	3583	512	92	111	0
3327	3583	512	97	106	0
3583	3583	512	101	101	0
3839	3583	512	105	97	0
4095	3583	512	110	93	0
0	3839	512	5	253	0
256	3839	512	17	189	0
512	3839	512	23	168	0
768	3839	512	28	153	0
1024	3839	512	33	142	0
1280	3839	512	37	132	0
1536	3839	512	42	123	0
1792	3839	512	46	116	0
2048	3839	512	50	109	0
2303	3839	512	54	103	0
2559	3839	512	57	98	0
2815	3839	512	61	92	0
3071	3839	512	65	88	0
3327	3839	512	68	83	0
3583	3839	512	72	79	0
3839	3839	512	76	76	0
4095	3839	512	79	72	0
0	4095	512	1	217	0
256	4095	512	7	159	0
512	4095	512	11	140	0
768	4095	512	15	127	0
1024	4095	512	18	116	0
1280	4095	512	22	107	0
1536	4095	512	25	100	0
1792	4095	512	28	93	0
2048	4095	512	31	87	0
2303	4095	512	34	82	0
2559	4095	512	37	77	0
2815	4095	512	40	72	0
3071	4095	512	43	68	0
3327	4095	512	46	65	0
3583	4095	512	49	61	0
3839	4095	512	52	58	0
4095	4095	512	55	55	0
0	0	768	3189	3189	4095
256	0	768	3456	2922	4095
512	0	768	3558	2826	4095
768	0	768	3635	2755	4095
1024	0	768	3700	2698	4095
1280	0	768	3758	2648	4095
1536	0	768	3809	2604	4095
1792	0	768	3856	2564	4095
2048	0	768	3901	2527	4095
2303	0	768	3942	2493	4095
2559	0	768	3981	2461	4095
2815	0	768	4018	2431	4049
3071	0	768	4054	2403	3918
3327	0	768	4088	2376	3796
3583	0	768	4095	2351	3680
3839	0	768	4095	2327	3571
4095	0	768	4095	2303	3467
0	256	768	1539	1921	3922
256	256	768	1720	1720	2922
512	256	768	1790	1648	2593
768	256	768	1843	1596	2360
1024	256	768	1888	1553	2175
1280	256	768	1928	1516	2021
1536	256	768	1964	1484	1889
1792	256	768	1997	1454	1772
2048	256	768	2027	1428	1668
2303	256	768	2056	1403	1574
2559	256	768	2084	1380	1488
2815	256	768	2110	1358	1408
3071	256	768	2135	1337	1335
3327	256	768	2159	1318	1268
3583	256	768	2183	1299	1204
3839	256	768	2205	1282	1145
4095	256	768	2227	1265	1090
0	512	768	1089	1539	2791
256	512	768	1240	1361	1972
512	512	768	1298	1298	1707
768	512	768	1343	1252	1523
1024	512	768	1381	1215	1379
1280	512	768	1414	1183	1259
1536	512	768	1445	1154	1157
1792	512	768	1473	1129	1068
2048	512	768	1499	1105	989
2303	512	768	1523	1084	919
2559	512	768	1547	1064	855
2815	512	768	1569	1045	797
3071	512	768	1591	1027	743
3327	512	768	1611	1010	694
3583	512	768	1631	994	649
3839	512	768	1650	979	607
4095	512	768	1669	964	568
0	768	768	807	1283	2079
256	768	768	936	1122	1391
512	768	768	986	1066	1174
768	768	768	1025	1025	1025
1024	768	768	1057	991	909
1280	768	768	1086	962	814
1536	768	768	1112	937	734
1792	768	768	1137	914	665
2048	768	768	1159	893	604
2303	768	768	1181	874	551
2559	768	768	1201	856	503
2815	768	768	1220	839	459
3071	768	768	1239	824	420
3327	768	768	1257	809	384
3583	768	768	1274	795	352
3839	768	768	1291	781	322
4095	768	768	1308	768	294
0	1024	768	607	1089	1574
256	1024	768	718	943	992
512	1024	768	762	892	813
768	1024	768	795	854	691
1024	1024	768	824	824	598
1280	1024	768	849	798	523
1536	1024	768	872	775	461
1792	1024	768	893	754	408
2048	1024	768	913	736	362
2303	1024	768	932	718	321
2559	1024	768	950	702	286
2815	1024	768	967	687	254
3071	1024	768	983	673	226
3327	1024	768	999	660	201
3583	1024	768	1015	647	178
3839	1024	768	1029	635	157
4095	1024	768	1044	624	139
0	1280	768	458	935	1196
256	1280	768	554	800	703
512	1280	768	592	754	556
768	1280	768	621	719	458
1024	1280	768	646	692	384
1280	1280	768	668	668	326
1536	1280	768	688	647	278
1792	1280	768	707	629	238
2048	1280	768	725	612	204
2303	1280	768	741	596	175
2559	1280	768	757	582	150
2815	1280	768	772	568	128
3071	1280	768	787	556	108
3327	1280	768	801	543	92
3583	1280	768	814	532	77
3839	1280	768	828	521	64
4095	1280	768	840	511	53
0	1536	768	344	807	905
256	1536	768	426	684	489
512	1536	768	459	641	370
768	1536	768	485	609	292
1024	1536	768	507	584	235
1280	1536	768	526	563	191
1536	1536	768	544	544	156
1792	1536	768	560	527	127
2048	1536	768	576	511	103
2303	1536	768	590	497	83
2559	1536	768	604	484	67
2815	1536	768	618	472	53
3071	1536	768	631	460	41
3327	1536	768	643	450	32
3583	1536	768	655	439	24
3839	1536	768	667	430	17
4095	1536	768	678	420	12
0	1792	768	255	700	677
256	1792	768	326	586	331
512	1792	768	354	546	236
768	1792	768	376	518	176
1024	1792	768	395	495	133
1280	1792	768	412	475	102
1536	1792	768	428	458	77
1792	1792	768	442	442	58
2048	1792	768	456	428	43
2303	1792	768	469	416	31
2559	1792	768	481	404	21
2815	1792	768	493	393	14
3071	1792	768	504	382	9
3327	1792	768	515	372	5
3583	1792	768	526	363	2
3839	1792	768	537	354	1
4095	1792	768	547	346	0
0	2048	768	185	608	498
256	2048	768	245	502	213
512	2048	768	270	466	140
768	2048	768	289	440	96
1024	2048	768	306	419	66
1280	2048	768	320	401	45
1536	2048	768	334	385	30
1792	2048	768	347	371	19
2048	2048	768	359	359	11
2303	2048	768	370	347	6
2559	2048	768	381	336	2
2815	2048	768	391	326	1
3071	2048	768	401	317	0
3327	2048	768	411	308	0
3583	2048	768	420	300	0
3839	2048	768	430	292	0
4095	2048	768	439	284	0
0	2303	768	131	528	358
256	2303	768	182	431	129
512	2303	768	203	398	75
768	2303	768	219	374	45
1024	2303	768	233	355	26
1280	2303	768	246	338	14
1536	2303	768	258	324	6
1792	2303	768	269	311	2
2048	2303	768	279	300	0
2303	2303	768	289	289	0
2559	2303	768	299	279	0
2815	2303	768	308	270	0
3071	2303	768	317	262	0
3327	2303	768	325	254	0
3583	2303	768	334	246	0
3839	2303	768	342	239	0
4095	2303	768	350	233	0
0	2559	768	90	459	249
256	2559	768	131	369	70
512	2559	768	149	339	33
768	2559	768	163	317	15
1024	2559	768	175	299	5
1280	2559	768	186	284	1
1536	2559	768	196	271	0
1792	2559	768	205	260	0
2048	2559	768	214	249	0
2303	2559	768	223	240	0
2559	2559	768	231	231	0
2815	2559	768	239	223	0
3071	2559	768	247	215	0
3327	2559	768	254	208	0
3583	2559	768	261	201	0
3839	2559	768	269	195	0
4095	2559	768	276	189	0
0	2815	768	58	398	165
256	2815	768	91	315	31
512	2815	768	106	287	10
768	2815	768	117	267	2
1024	2815	768	128	251	0
1280	2815	768	137	238	0
1536	2815	768	145	226	0
1792	2815	768	154	216	0
2048	2815	768	161	206	0
2303	2815	768	169	198	0
2559	2815	768	176	190	0
2815	2815	768	182	182	0
3071	2815	768	189	176	0
3327	2815	768	196	169	0
3583	2815	768	202	163	0
3839	2815	768	208	158	0
4095	2815	768	214	152	0
0	3071	768	34	344	102
256	3071	768	61	268	10
512	3071	768	72	243	1
768	3071	768	82	225	0
1024	3071	768	90	210	0
1280	3071	768	98	198	0
1536	3071	768	105	187	0
1792	3071	768	112	178	0
2048	3071	768	118	169	0
2303	3071	768	124	162	0
2559	3071	768	130	155	0
2815	3071	768	136	148	0
3071	3071	768	142	142	0
3327	3071	768	148	136	0
3583	3071	768	153	131	0
3839	3071	768	158	126	0
4095	3071	768	163	121	0
0	3327	768	18	297	57
256	3327	768	37	227	1
512	3327	768	47	204	0
768	3327	768	54	188	0
1024	3327	768	61	174	0
1280	3327	768	67	163	0
1536	3327	768	73	154	0
1792	3327	768	79	145	0
2048	3327	768	84	138	0
2303	3327	768	89	131	0
2559	3327	768	94	125	0
2815	3327	768	99	119	0
3071	3327	768	104	113	0
3327	3327	768	108	108	0
3583	3327	768	113	104	0
3839	3327	768	118	99	0
4095	3327	768	122	95	0
0	3583	768	8	255	27
256	3583	768	21	192	0
512	3583	768	28	170	0
768	3583	768	33	155	0
1024	3583	768	39	144	0
1280	3583	768	43	134	0
1536	3583	768	48	125	0
1792	3583	768	53	118	0
2048	3583	768	57	111	0
2303	3583	768	61	105	0
2559	3583	768	65	99	0
2815	3583	768	69	94	0
3071	3583	768	73	89	0
3327	3583	768	77	85	0
3583	3583	768	81	81	0
3839	3583	768	85	77	0
4095	3583	768	88	73	0
0	3839	768	2	219	9
256	3839	768	10	160	0
512	3839	768	14	141	0
768	3839	768	18	128	0
1024	3839	768	22	117	0
1280	3839	768	26	108	0
1536	3839	768	29	100	0
1792	3839	768	33	94	0
2048	3839	768	36	88	0
2303	3839	768	39	82	0
2559	3839	768	43	78	0
2815	3839	768	46	73	0
3071	3839	768	49	69	0
3327	3839	768	52	65	0
3583	3839	768	55	62	0
3839	3839	768	58	58	0
4095	3839	768	61	55	0
0	4095	768	0	186	1
256	4095	768	3	133	0
512	4095	768	6	116	0
768	4095	768	8	103	0
1024	4095	768	11	94	0
1280	4095	768	13	86	0
1536	4095	768	16	79	0
1792	4095	768	18	74	0
2048	4095	768	21	68	0
2303	4095	768	23	64	0
2559	4095	768	26	60	0
2815	4095	768	28	56	0
3071	4095	768	31	52	0
3327	4095	768	33	49	0
3583	4095	768	36	46	0
3839	4095	768	38	43	0
4095	4095	768	40	40	0
0	0	1024	3072	3072	4095
256	0	1024	3334	2810	4095
512	0	1024	3434	2717	4095
768	0	1024	3510	2648	4095
1024	0	1024	3574	2591	4095
1280	0	1024	3630	2542	4095
1536	0	1024	3680	2499	4095
1792	0	1024	3727	2460	4095
2048	0	1024	3770	2424	4095
2303	0	1024	3811	2391	4095
2559	0	1024	3849	2360	4095
2815	0	1024	3886	2331	4095
3071	0	1024	3921	2303	4095
3327	0	1024	3954	2277	4095
3583	0	1024	3987	2252	4095
3839	0	1024	4018	2228	4005
4095	0	1024	4048	2205	3894
0	256	1024	1461	1833	4095
256	256	1024	1637	1637	3312
512	256	1024	1705	1567	2959
768	256	1024	1757	1516	2708
1024	256	1024	1801	1475	2509
1280	256	1024	1839	1439	2342
1536	256	1024	1874	1407	2199
1792	256	1024	1906	1379	2072
2048	256	1024	1936	1352	1958
2303	256	1024	1965	1328	1855
2559	256	1024	1991	1306	1761
2815	256	1024	2017	1285	1674
3071	256	1024	2042	1265	1594
3327	256	1024	2065	1246	1519
3583	256	1024	2088	1228	1449
3839	256	1024	2110	1211	1383
4095	256	1024	2131	1195	1322
0	512	1024	1024	1461	3172
256	512	1024	1170	1288	2289
512	512	1024	1227	1227	2001
768	512	1024	1271	1183	1800
1024	512	1024	1307	1146	1641
1280	512	1024	1340	1115	1509
1536	512	1024	1369	1088	1397
1792	512	1024	1396	1063	1298
2048	512	1024	1422	1040	1210
2303	512	1024	1446	1019	1131
2559	512	1024	1468	1000	1060
2815	512	1024	1490	982	994
3071	512	1024	1511	964	934
3327	512	1024	1531	948	878
3583	512	1024	1550	933	826
3839	512	1024	1569	918	778
4095	512	1024	1587	904	734
0	768	1024	752	1212	2405
256	768	1024	876	1057	1655
512	768	1024	925	1002	1415
768	768	1024	962	962	1249
1024	768	1024	994	930	1120
1280	768	1024	1022	902	1014
1536	768	1024	1047	877	923
1792	768	1024	1070	855	845
2048	768	1024	1092	835	776
2303	768	1024	1113	817	714
2559	768	1024	1133	800	658
2815	768	1024	1152	783	608
3071	768	1024	1170	768	562
3327	768	1024	1187	754	520
3583	768	1024	1204	740	482
3839	768	1024	1220	727	446
4095	768	1024	1236	715	413
0	1024	1024	560	1025	1856
256	1024	1024	667	883	1213
512	1024	1024	709	834	1012
768	1024	1024	741	798	874
1024	1024	1024	768	768	768
1280	1024	1024	793	743	682
1536	1024	1024	815	721	610
1792	1024	1024	835	702	548
2048	1024	1024	855	684	493
2303	1024	1024	873	667	445
2559	1024	1024	890	652	403
2815	1024	1024	906	637	364
3071	1024	1024	922	624	330
3327	1024	1024	938	611	299
3583	1024	1024	952	599	270
3839	1024	1024	967	587	244
4095	1024	1024	981	576	221
0	1280	1024	418	875	1440
256	1280	1024	509	746	888
512	1280	1024	546	701	720
768	1280	1024	574	668	606
1024	1280	1024	598	642	520
1280	1280	1024	619	619	451
1536	1280	1024	638	599	393
1792	1280	1024	656	581	345
2048	1280	1024	673	565	303
2303	1280	1024	689	550	266
2559	1280	1024	704	536	234
2815	1280	1024	719	523	206
3071	1280	1024	733	511	181
3327	1280	1024	746	500	159
3583	1280	1024	759	489	139
3839	1280	1024	772	478	121
4095	1280	1024	784	468	105
0	1536	1024	310	753	1116
256	1536	1024	388	634	643
512	1536	1024	419	592	503
768	1536	1024	444	563	411
1024	1536	1024	464	538	341
1280	1536	1024	483	518	287
1536	1536	1024	500	500	242
1792	1536	1024	516	484	205
2048	1536	1024	530	469	174
2303	1536	1024	544	456	147
2559	1536	1024	558	443	124
2815	1536	1024	571	431	105
3071	1536	1024	583	420	87
3327	1536	1024	595	410	73
3583	1536	1024	606	400	60
3839	1536	1024	618	391	49
4095	1536	1024	629	382	39
0	1792	1024	226	649	859
256	1792	1024	293	540	456
512	1792	1024	319	502	342
768	1792	1024	341	475	268
1024	1792	1024	359	453	213
1280	1792	1024	375	434	172
1536	1792	1024	389	418	138
1792	1792	1024	403	403	111
2048	1792	1024	416	390	89
2303	1792	1024	428	378	71
2559	1792	1024	440	366	56
2815	1792	1024	451	356	43
3071	1792	1024	462	346	33
3327	1792	1024	473	337	25
3583	1792	1024	483	328	18
3839	1792	1024	493	320	12
4095	1792	1024	503	312	8
0	2048	1024	161	561	653
256	2048	1024	217	460	314
512	2048	1024	240	426	222
768	2048	1024	258	401	164
1024	2048	1024	274	381	124
1280	2048	1024	288	364	93
1536	2048	1024	301	349	70
1792	2048	1024	312	336	52
2048	2048	1024	324	324	37
2303	2048	1024	334	313	26
2559	2048	1024	345	303	18
2815	2048	1024	355	293	11
3071	2048	1024	364	284	7
3327	2048	1024	373	276	4
3583	2048	1024	382	268	1
3839	2048	1024	391	261	0
4095	2048	1024	400	254	0
0	2303	1024	112	485	489
256	2303	1024	158	392	208
512	2303	1024	177	361	136
768	2303	1024	193	338	92
1024	2303	1024	206	320	63
1280	2303	1024	218	305	43
1536	2303	1024	229	291	28
1792	2303	1024	239	279	17
2048	2303	1024	249	268	10
2303	2303	1024	258	258	5
2559	2303	1024	267	249	2
2815	2303	1024	276	241	0
3071	2303	1024	284	233	0
3327	2303	1024	292	225	0
3583	2303	1024	300	218	0
3839	2303	1024	308	212	0
4095	2303	1024	315	205	0
0	2559	1024	74	419	357
256	2559	1024	111	334	129
512	2559	1024	127	305	75
768	2559	1024	140	284	44
1024	2559	1024	151	268	26
1280	2559	1024	162	254	14
1536	2559	1024	171	241	6
1792	2559	1024	180	231	2
2048	2559	1024	188	221	0
2303	2559	1024	196	212	0
2559	2559	1024	204	204	0
2815	2559	1024	211	196	0
3071	2559	1024	218	189	0
3327	2559	1024	225	182	0
3583	2559	1024	232	176	0
3839	2559	1024	239	170	0
4095	2559	1024	245	165	0
0	2815	1024	45	361	253
256	2815	1024	75	283	72
512	2815	1024	88	257	35
768	2815	1024	99	238	16
1024	2815	1024	108	223	6
1280	2815	1024	117	210	1
1536	2815	1024	124	199	0
1792	2815	1024	132	189	0
2048	2815	1024	139	181	0
2303	2815	1024	146	173	0
2559	2815	1024	152	165	0
2815	2815	1024	159	159	0
3071	2815	1024	165	152	0
3327	2815	1024	171	146	0
3583	2815	1024	177	141	0
3839	2815	1024	182	136	0
4095	2815	1024	188	131	0
0	3071	1024	25	310	172
256	3071	1024	48	239	34
512	3071	1024	58	215	11
768	3071	1024	67	198	2
1024	3071	1024	74	184	0
1280	3071	1024	81	173	0
1536	3071	1024	88	163	0
1792	3071	1024	94	154	0
2048	3071	1024	100	146	0
2303	3071	1024	105	139	0
2559	3071	1024	111	133	0
2815	3071	1024	116	127	0
3071	3071	1024	121	121	0
3327	3071	1024	126	116	0
3583	3071	1024	131	111	0
3839	3071	1024	136	107	0
4095	3071	1024	141	102	0
0	3327	1024	12	266	110
256	3327	1024	28	200	12
512	3327	1024	36	179	1
768	3327	1024	42	163	0
1024	3327	1024	48	151	0
1280	3327	1024	54	141	0
1536	3327	1024	59	132	0
1792	3327	1024	64	124	0
2048	3327	1024	68	117	0
2303	3327	1024	73	111	0
2559	3327	1024	78	105	0
2815	3327	1024	82	100	0
3071	3327	1024	86	95	0
3327	3327	1024	91	91	0
3583	3327	1024	95	86	0
3839	3327	1024	99	82	0
4095	3327	1024	103	79	0
0	3583	1024	4	227	64
256	3583	1024	14	167	2
512	3583	1024	20	147	0
768	3583	1024	24	134	0
1024	3583	1024	29	123	0
1280	3583	1024	33	114	0
1536	3583	1024	37	106	0
1792	3583	1024	41	99	0
2048	3583	1024	45	93	0
2303	3583	1024	48	87	0
2559	3583	1024	52	82	0
2815	3583	1024	55	78	0
3071	3583	1024	59	73	0
3327	3583	1024	62	69	0
3583	3583	1024	66	66	0
3839	3583	1024	69	62	0
4095	3583	1024	72	59	0
0	3839	1024	0	192	33
256	3839	1024	5	138	0
512	3839	1024	9	120	0
768	3839	1024	12	108	0
1024	3839	1024	15	98	0
1280	3839	1024	18	90	0
1536	3839	1024	21	83	0
1792	3839	1024	24	77	0
2048	3839	1024	27	72	0
2303	3839	1024	29	67	0
2559	3839	1024	32	63	0
2815	3839	1024	35	59	0
3071	3839	1024	38	55	0
3327	3839	1024	40	52	0
3583	3839	1024	43	49	0
3839	3839	1024	46	46	0
4095	3839	1024	49	43	0
0	4095	1024	0	162	13
256	4095	1024	1	113	0
512	4095	1024	3	97	0
768	4095	1024	4	86	0
1024	4095	1024	6	78	0
1280	4095	1024	8	71	0
1536	4095	1024	10	65	0
1792	4095	1024	12	59	0
2048	4095	1024	14	55	0
2303	4095	1024	16	51	0
2559	4095	1024	18	47	0
2815	4095	1024	20	44	0
3071	4095	1024	22	40	0
3327	4095	1024	24	38	0
3583	4095	1024	26	35	0
3839	4095	1024	28	33	0
4095	4095	1024	30	30	0
0	0	1280	2972	2972	4095
256	0	1280	3230	2715	4095
512	0	1280	3328	2623	4095
768	0	1280	3403	2556	4095
1024	0	1280	3465	2500	4095
1280	0	1280	3520	2452	4095
1536	0	1280	3570	2410	4095
1792	0	1280	3616	2372	4095
2048	0	1280	3658	2337	4095
2303	0	1280	3698	2304	4095
2559	0	1280	3736	2274	4095
2815	0	1280	3772	2245	4095
3071	0	1280	3807	2218	4095
3327	0	1280	3840	2192	4095
3583	0	1280	3872	2168	4095
3839	0	1280	3902	2145	4095
4095	0	1280	3932	2122	4095
0	256	1280	1394	1758	4095
256	256	1280	1566	1566	3674
512	256	1280	1633	1498	3299
768	256	1280	1683	1448	3033
1024	256	1280	1726	1408	2821
1280	256	1280	1764	1373	2643
1536	256	1280	1798	1342	2489
1792	256	1280	1830	1314	2353
2048	256	1280	1859	1289	2231
2303	256	1280	1887	1266	2121
2559	256	1280	1913	1244	2019
2815	256	1280	1938	1223	1926
3071	256	1280	1962	1204	1839
3327	256	1280	1985	1185	1758
3583	256	1280	2007	1168	1682
3839	256	1280	2029	1151	1611
4095	256	1280	2050	1135	1544
0	512	1280	970	1395	3525
256	512	1280	1112	1226	2586
512	512	1280	1167	1167	2278
768	512	1280	1209	1124	2061
1024	512	1280	1245	1088	1890
1280	512	1280	1277	1058	1748
1536	512	1280	1305	1031	1625
1792	512	1280	1332	1007	1518
2048	512	1280	1357	985	1422
2303	512	1280	1380	965	1336
2559	512	1280	1402	946	1257
2815	512	1280	1423	928	1185
3071	512	1280	1443	912	1119
3327	512	1280	1463	896	1057
3583	512	1280	1482	881	1000
3839	512	1280	1500	867	947
4095	512	1280	1518	853	897
0	768	1280	706	1152	2710
256	768	1280	826	1001	1905
512	768	1280	873	948	1646
768	768	1280	909	909	1465
1024	768	1280	940	878	1324
1280	768	1280	967	851	1207
1536	768	1280	992	827	1107
1792	768	1280	1015	806	1020
2048	768	1280	1036	787	944
2303	768	1280	1056	769	875
2559	768	1280	1075	752	813
2815	768	1280	1094	736	756
3071	768	1280	1111	722	704
3327	768	1280	1128	708	657
3583	768	1280	1144	695	613
3839	768	1280	1160	682	572
4095	768	1280	1176	670	534
0	1024	1280	521	970	2122
256	1024	1280	624	833	1425
512	1024	1280	664	785	1205
768	1024	1280	695	750	1053
1024	1024	1280	722	722	936
1280	1024	1280	745	698	840
1536	1024	1280	767	677	758
1792	1024	1280	787	657	688
2048	1024	1280	805	640	626
2303	1024	1280	823	624	571
2559	1024	1280	840	609	522
2815	1024	1280	856	595	478
3071	1024	1280	871	582	438
3327	1024	1280	886	570	401
3583	1024	1280	900	558	368
3839	1024	1280	914	547	337
4095	1024	1280	928	537	309
0	1280	1280	385	826	1672
256	1280	1280	472	700	1068
512	1280	1280	507	657	881
768	1280	1280	534	625	754
1024	1280	1280	557	600	657
1280	1280	1280	578	578	578
1536	1280	1280	596	559	512
1792	1280	1280	614	541	455
2048	1280	1280	630	526	406
2303	1280	1280	645	511	363
2559	1280	1280	660	498	325
2815	1280	1280	674	486	291
3071	1280	1280	687	474	261
3327	1280	1280	700	463	233
3583	1280	1280	713	452	209
3839	1280	1280	725	443	186
4095	1280	1280	737	433	166
0	1536	1280	282	707	1319
256	1536	1280	356	592	795
512	1536	1280	386	552	637
768	1536	1280	409	523	532
1024	1536	1280	429	500	452
1280	1536	1280	447	481	388
1536	1536	1280	463	463	335
1792	1536	1280	478	448	290
2048	1536	1280	492	434	252
2303	1536	1280	506	421	219
2559	1536	1280	519	409	191
2815	1536	1280	531	398	165
3071	1536	1280	543	387	143
3327	1536	1280	554	377	124
3583	1536	1280	566	368	106
3839	1536	1280	576	359	91
4095	1536	1280	587	351	78
0	1792	1280	203	607	1036
256	1792	1280	265	502	584
512	1792	1280	291	465	452
768	1792	1280	311	439	365
1024	1792	1280	328	418	300
1280	1792	1280	343	400	249
1536	1792	1280	358	385	208
1792	1792	1280	371	371	174
2048	1792	1280	383	358	146
2303	1792	1280	395	346	122
2559	1792	1280	406	336	101
2815	1792	1280	417	326	83
3071	1792	1280	427	316	68
3327	1792	1280	437	307	56
3583	1792	1280	447	299	45
3839	1792	1280	457	291	35
4095	1792	1280	466	284	27
0	2048	1280	142	522	807
256	2048	1280	194	425	420
512	2048	1280	216	392	311
768	2048	1280	233	369	241
1024	2048	1280	248	349	190
1280	2048	1280	261	333	151
1536	2048	1280	273	319	120
1792	2048	1280	284	306	95
2048	2048	1280	295	295	75
2303	2048	1280	305	285	58
2559	2048	1280	315	275	45
2815	2048	1280	324	266	34
3071	2048	1280	333	257	25
3327	2048	1280	342	250	18
3583	2048	1280	351	242	12
3839	2048	1280	359	235	8
4095	2048	1280	367	228	4
0	2303	1280	96	449	621
256	2303	1280	139	360	293
512	2303	1280	157	330	205
768	2303	1280	171	309	150
1024	2303	1280	184	291	111
1280	2303	1280	195	277	82
1536	2303	1280	205	264	61
1792	2303	1280	215	253	44
2048	2303	1280	224	242	31
2303	2303	1280	233	233	21
2559	2303	1280	241	224	14
2815	2303	1280	249	216	8
3071	2303	1280	257	209	4
3327	2303	1280	265	202	2
3583	2303	1280	272	195	1
3839	2303	1280	280	189	0
4095	2303	1280	287	183	0
0	2559	1280	61	386	470
256	2559	1280	95	304	196
512	2559	1280	110	277	126
768	2559	1280	122	257	85
1024	2559	1280	133	242	57
1280	2559	1280	142	229	38
1536	2559	1280	151	217	24
1792	2559	1280	159	207	14
2048	2559	1280	167	198	8
2303	2559	1280	174	189	4
2559	2559	1280	182	182	1
2815	2559	1280	189	174	0
3071	2559	1280	195	168	0
3327	2559	1280	202	162	0
3583	2559	1280	208	156	0
3839	2559	1280	215	150	0
4095	2559	1280	221	145	0
0	2815	1280	36	331	348
256	2815	1280	62	256	123
512	2815	1280	74	231	71
768	2815	1280	84	214	41
1024	2815	1280	93	199	23
1280	2815	1280	100	188	12
1536	2815	1280	108	177	5
1792	2815	1280	114	168	2
2048	2815	1280	121	160	0
2303	2815	1280	127	152	0
2559	2815	1280	133	146	0
2815	2815	1280	139	139	0
3071	2815	1280	145	133	0
3327	2815	1280	151	128	0
3583	2815	1280	156	123	0
3839	2815	1280	162	118	0
4095	2815	1280	167	113	0
0	3071	1280	19	282	250
256	3071	1280	38	214	70
512	3071	1280	47	192	33
768	3071	1280	55	176	15
1024	3071	1280	62	163	6
1280	3071	1280	68	153	1
1536	3071	1280	74	143	0
1792	3071	1280	79	135	0
2048	3071	1280	85	128	0
2303	3071	1280	90	121	0
2559	3071	1280	95	115	0
2815	3071	1280	100	110	0
3071	3071	1280	105	105	0
3327	3071	1280	109	100	0
3583	3071	1280	114	95	0
3839	3071	1280	118	91	0
4095	3071	1280	123	87	0
0	3327	1280	8	240	173
256	3327	1280	21	178	35
512	3327	1280	27	158	11
768	3327	1280	33	144	3
1024	3327	1280	38	132	0
1280	3327	1280	43	123	0
1536	3327	1280	48	115	0
1792	3327	1280	52	107	0
2048	3327	1280	56	101	0
2303	3327	1280	61	95	0
2559	3327	1280	65	90	0
2815	3327	1280	69	85	0
3071	3327	1280	73	81	0
3327	3327	1280	77	77	0
3583	3327	1280	80	73	0
3839	3327	1280	84	69	0
4095	3327	1280	88	66	0
0	3583	1280	2	203	113
256	3583	1280	9	147	13
512	3583	1280	14	129	1
768	3583	1280	18	116	0
1024	3583	1280	21	106	0
1280	3583	1280	25	98	0
1536	3583	1280	28	90	0
1792	3583	1280	32	84	0
2048	3583	1280	35	78	0
2303	3583	1280	38	73	0
2559	3583	1280	42	69	0
2815	3583	1280	45	65	0
3071	3583	1280	48	61	0
3327	3583	1280	51	57	0
3583	3583	1280	54	54	0
3839	3583	1280	57	51	0
4095	3583	1280	60	48	0
0	3839	1280	0	171	68
256	3839	1280	3	120	2
512	3839	1280	5	104	0
768	3839	1280	8	92	0
1024	3839	1280	10	84	0
1280	3839	1280	13	76	0
1536	3839	1280	15	70	0
1792	3839	1280	17	65	0
2048	3839	1280	20	60	0
2303	3839	1280	22	55	0
2559	3839	1280	24	51	0
2815	3839	1280	27	48	0
3071	3839	1280	29	45	0
3327	3839	1280	32	42	0
3583	3839	1280	34	39	0
3839	3839	1280	36	36	0
4095	3839	1280	39	34	0
0	4095	1280	0	142	36
256	4095	1280	0	97	0
512	4095	1280	1	82	0
768	4095	1280	2	72	0
1024	4095	1280	3	65	0
1280	4095	1280	5	58	0
1536	4095	1280	6	53	0
1792	4095	1280	8	48	0
2048	4095	1280	9	44	0
2303	4095	1280	11	41	0
2559	4095	1280	12	37	0
2815	4095	1280	14	34	0
3071	4095	1280	16	32	0
3327	4095	1280	18	29	0
3583	4095	1280	19	27	0
3839	4095	1280	21	25	0
4095	4095	1280	23	23	0
0	0	1536	2884	2884	4095
256	0	1536	3138	2632	4095
512	0	1536	3234	2541	4095
768	0	1536	3308	2475	4095
1024	0	1536	3370	2420	4095
1280	0	1536	3424	2373	4095
1536	0	1536	3473	2332	4095
1792	0	1536	3518	2294	4095
2048	0	1536	3560	2260	4095
2303	0	1536	3599	2228	4095
2559	0	1536	3636	2198	4095
2815	0	1536	3672	2170	4095
3071	0	1536	3706	2143	4095
3327	0	1536	3739	2118	4095
3583	0	1536	3770	2094	4095
3839	0	1536	3800	2071	4095
4095	0	1536	3830	2049	4095
0	256	1536	1336	1692	4095
256	256	1536	1504	1504	4015
512	256	1536	1569	1438	3621
768	256	1536	1619	1389	3341
1024	256	1536	1661	1350	3117
1280	256	1536	1698	1316	2929
1536	256	1536	1731	1285	2767
1792	256	1536	1762	1258	2622
2048	256	1536	1791	1233	2493
2303	256	1536	1818	1211	2375
2559	256	1536	1844	1189	2267
2815	256	1536	1868	1169	2168
3071	256	1536	1892	1150	2075
3327	256	1536	1915	1132	1988
3583	256	1536	1936	1115	1907
3839	256	1536	1957	1099	1831
4095	256	1536	1978	1084	1759
0	512	1536	922	1337	3859
256	512	1536	1061	1172	2869
512	512	1536	1114	1114	2542
768	512	1536	1156	1072	2312
1024	512	1536	1191	1038	2130
1280	512	1536	1221	1008	1978
1536	512	1536	1249	982	1847
1792	512	1536	1275	959	1731
2048	512	1536	1299	937	1628
2303	512	1536	1322	918	1535
2559	512	1536	1344	899	1450
2815	512	1536	1364	882	1372
3071	512	1536	1384	866	1300
3327	512	1536	1403	851	1234
3583	512	1536	1422	836	1171
3839	512	1536	1440	822	1113
4095	512	1536	1457	809	1058
0	768	1536	666	1100	3000
256	768	1536	783	953	2146
512	768	1536	828	901	1868
768	768	1536	864	864	1674
1024	768	1536	893	833	1522
1280	768	1536	920	807	1396
1536	768	1536	944	784	1288
1792	768	1536	966	763	1193
2048	768	1536	987	744	1110
2303	768	1536	1006	727	1035
2559	768	1536	1025	711	966
2815	768	1536	1043	696	904
3071	768	1536	1060	681	847
3327	768	1536	1076	668	794
3583	768	1536	1092	655	745
3839	768	1536	1108	643	700
4095	768	1536	1123	632	658
0	1024	1536	488	923	2376
256	1024	1536	587	789	1631
512	1024	1536	626	743	1394
768	1024	1536	656	709	1229
1024	1024	1536	682	682	1101
1280	1024	1536	704	658	996
1536	1024	1536	725	638	906
1792	1024	1536	744	619	828
2048	1024	1536	762	602	760
2303	1024	1536	779	587	699
2559	1024	1536	796	573	644
2815	1024	1536	811	559	594
3071	1024	1536	826	546	549
3327	1024	1536	841	535	508
3583	1024	1536	855	523	470
3839	1024	1536	868	513	434
4095	1024	1536	881	502	402
0	1280	1536	357	782	1897
256	1280	1536	441	661	1245
512	1280	1536	474	618	1041
768	1280	1536	500	588	902
1024	1280	1536	522	563	794
1280	1280	1536	542	542	706
1536	1280	1536	560	524	632
1792	1280	1536	577	507	569
2048	1280	1536	593	492	513
2303	1280	1536	607	478	464
2559	1280	1536	622	465	421
2815	1280	1536	635	453	381
3071	1280	1536	648	442	346
3327	1280	1536	661	431	314
3583	1280	1536	673	421	285
3839	1280	1536	685	412	258
4095	1280	1536	697	403	234
0	1536	1536	258	667	1517
256	1536	1536	329	556	947
512	1536	1536	358	517	773
768	1536	1536	380	490	654
1024	1536	1536	399	467	564
1280	1536	1536	416	448	492
1536	1536	1536	432	432	432
1792	1536	1536	446	417	380
2048	1536	1536	460	403	336
2303	1536	1536	473	391	297
2559	1536	1536	485	379	263
2815	1536	1536	497	369	233
3071	1536	1536	509	359	206
3327	1536	1536	520	349	182
3583	1536	1536	530	340	161
3839	1536	1536	541	332	141
4095	1536	1536	551	324	124
0	1792	1536	183	570	1210
256	1792	1536	242	469	713
512	1792	1536	267	434	565
768	1792	1536	286	409	466
1024	1792	1536	302	388	392
1280	1792	1536	317	371	333
1536	1792	1536	330	356	284
1792	1792	1536	343	343	244
2048	1792	1536	355	331	209
2303	1792	1536	366	320	180
2559	1792	1536	377	309	154
2815	1792	1536	387	300	132
3071	1792	1536	397	291	112
3327	1792	1536	407	282	95
3583	1792	1536	416	274	80
3839	1792	1536	425	267	67
4095	1792	1536	434	260	56
0	2048	1536	126	488	960
256	2048	1536	175	395	529
512	2048	1536	195	364	404
768	2048	1536	211	341	322
1024	2048	1536	225	322	262
1280	2048	1536	238	307	215
1536	2048	1536	249	293	177
1792	2048	1536	260	281	146
2048	2048	1536	270	270	120
2303	2048	1536	280	260	99
2559	2048	1536	289	251	81
2815	2048	1536	298	243	65
3071	2048	1536	307	235	52
3327	2048	1536	316	227	41
3583	2048	1536	324	220	32
3839	2048	1536	332	214	24
4095	2048	1536	340	207	18
0	2303	1536	83	418	755
256	2303	1536	123	333	384
512	2303	1536	140	304	280
768	2303	1536	153	284	214
1024	2303	1536	165	267	166
1280	2303	1536	175	253	130
1536	2303	1536	185	241	102
1792	2303	1536	194	230	79
2048	2303	1536	203	220	61
2303	2303	1536	211	211	46
2559	2303	1536	219	203	35
2815	2303	1536	227	196	25
3071	2303	1536	235	188	18
3327	2303	1536	242	182	12
3583	2303	1536	249	176	7
3839	2303	1536	256	170	4
4095	2303	1536	263	164	2
0	2559	1536	51	357	586
256	2559	1536	82	280	270
512	2559	1536	96	253	185
768	2559	1536	107	235	133
1024	2559	1536	117	220	97
1280	2559	1536	126	207	71
1536	2559	1536	134	196	51
1792	2559	1536	142	187	36
2048	2559	1536	149	178	24
2303	2559	1536	156	170	16
2559	2559	1536	163	163	10
2815	2559	1536	169	156	5
3071	2559	1536	176	150	2
3327	2559	1536	182	144	1
3583	2559	1536	188	138	0
3839	2559	1536	194	133	0
4095	2559	1536	200	128	0
0	2815	1536	28	304	447
256	2815	1536	52	234	181
512	2815	1536	63	210	115
768	2815	1536	72	193	76
1024	2815	1536	80	180	50
1280	2815	1536	87	168	32
1536	2815	1536	94	159	20
1792	2815	1536	100	150	11
2048	2815	1536	106	142	5
2303	2815	1536	112	135	2
2559	2815	1536	118	129	0
2815	2815	1536	123	123	0
3071	2815	1536	128	118	0
3327	2815	1536	134	112	0
3583	2815	1536	139	108	0
3839	2815	1536	144	103	0
4095	2815	1536	149	99	0
0	3071	1536	13	258	333
256	3071	1536	30	194	115
512	3071	1536	38	173	65
768	3071	1536	45	158	37
1024	3071	1536	51	146	20
1280	3071	1536	57	136	10
1536	3071	1536	62	127	4
1792	3071	1536	68	119	1
2048	3071	1536	72	113	0
2303	3071	1536	77	106	0
2559	3071	1536	82	101	0
2815	3071	1536	86	96	0
3071	3071	1536	91	91	0
3327	3071	1536	95	86	0
3583	3071	1536	100	82	0
3839	3071	1536	104	78	0
4095	3071	1536	108	75	0
0	3327	1536	5	218	242
256	3327	1536	15	160	66
512	3327	1536	21	141	31
768	3327	1536	26	127	13
1024	3327	1536	30	117	5
1280	3327	1536	35	108	1
1536	3327	1536	39	100	0
1792	3327	1536	43	94	0
2048	3327	1536	47	88	0
2303	3327	1536	51	82	0
2559	3327	1536	54	77	0
2815	3327	1536	58	73	0
3071	3327	1536	61	69	0
3327	3327	1536	65	65	0
3583	3327	1536	68	61	0
3839	3327	1536	72	58	0
4095	3327	1536	75	55	0
0	3583	1536	1	183	169
256	3583	1536	6	130	33
512	3583	1536	9	113	10
768	3583	1536	13	101	2
1024	3583	1536	16	92	0
1280	3583	1536	19	84	0
1536	3583	1536	22	78	0
1792	3583	1536	25	72	0
2048	3583	1536	28	67	0
2303	3583	1536	31	62	0
2559	3583	1536	33	58	0
2815	3583	1536	36	54	0
3071	3583	1536	39	51	0
3327	3583	1536	42	48	0
3583	3583	1536	45	45	0
3839	3583	1536	47	42	0
4095	3583	1536	50	39	0
0	3839	1536	0	153	112
256	3839	1536	1	105	12
512	3839	1536	3	90	1
768	3839	1536	5	80	0
1024	3839	1536	7	71	0
1280	3839	1536	8	65	0
1536	3839	1536	10	59	0
1792	3839	1536	12	54	0
2048	3839	1536	14	50	0
2303	3839	1536	16	46	0
2559	3839	1536	18	42	0
2815	3839	1536	20	39	0
3071	3839	1536	23	36	0
3327	3839	1536	25	33	0
3583	3839	1536	27	31	0
3839	3839	1536	29	29	0
4095	3839	1536	31	27	0
0	4095	1536	0	126	69
256	4095	1536	0	84	2
512	4095	1536	0	70	0
768	4095	1536	1	61	0
1024	4095	1536	2	54	0
1280	4095	1536	2	48	0
1536	4095	1536	4	44	0
1792	4095	1536	5	39	0
2048	4095	1536	6	36	0
2303	4095	1536	7	32	0
2559	4095	1536	8	30	0
2815	4095	1536	10	27	0
3071	4095	1536	11	25	0
3327	4095	1536	13	22	0
3583	4095	1536	14	20	0
3839	4095	1536	16	19	0
4095	4095	1536	17	17	0
0	0	1792	2805	2805	4095
256	0	1792	3055	2556	4095
512	0	1792	3150	2468	4095
768	0	1792	3223	2402	4095
1024	0	1792	3284	2348	4095
1280	0	1792	3337	2302	4095
1536	0	1792	3385	2261	4095
1792	0	1792	3430	2224	4095
2048	0	1792	3471	2190	4095
2303	0	1792	3510	2159	4095
2559	0	1792	3547	2130	4095
2815	0	1792	3582	2102	4095
3071	0	1792	3615	2076	4095
3327	0	1792	3648	2051	4095
3583	0	1792	3679	2028	4095
3839	0	1792	3708	2005	4095
4095	0	1792	3737	1984	4095
0	256	1792	1285	1633	4095
256	256	1792	1449	1449	4095
512	256	1792	1513	1384	3930
768	256	1792	1562	1336	3636
1024	256	1792	1603	1298	3402
1280	256	1792	1639	1264	3205
1536	256	1792	1672	1235	3034
1792	256	1792	1702	1208	2882
2048	256	1792	1730	1184	2745
2303	256	1792	1757	1162	2622
2559	256	1792	1782	1141	2507
2815	256	1792	1806	1121	2402
3071	256	1792	1829	1103	2304
3327	256	1792	1851	1085	2212
3583	256	1792	1873	1068	2126
3839	256	1792	1894	1053	2045
4095	256	1792	1914	1037	1969
0	512	1792	880	1285	4095
256	512	1792	1015	1124	3141
512	512	1792	1068	1068	2797
768	512	1792	1108	1026	2554
1024	512	1792	1142	993	2362
1280	512	1792	1172	964	2201
1536	512	1792	1200	938	2062
1792	512	1792	1225	916	1939
2048	512	1792	1248	895	1830
2303	512	1792	1271	876	1731
2559	512	1792	1292	858	1640
2815	512	1792	1312	841	1556
3071	512	1792	1332	825	1479
3327	512	1792	1350	810	1407
3583	512	1792	1368	796	1340
3839	512	1792	1386	783	1278
4095	512	1792	1403	770	1219
0	768	1792	631	1054	3279
256	768	1792	744	910	2379
512	768	1792	789	860	2085
768	768	1792	823	823	1879
1024	768	1792	852	793	1716
1280	768	1792	878	768	1581
1536	768	1792	901	745	1466
1792	768	1792	923	725	1364
2048	768	1792	943	707	1274
2303	768	1792	962	690	1193
2559	768	1792	980	674	1119
2815	768	1792	998	660	1051
3071	768	1792	1014	646	989
3327	768	1792	1031	633	932
3583	768	1792	1046	620	878
3839	768	1792	1061	609	829
4095	768	1792	1076	597	782
0	1024	1792	458	881	2623
256	1024	1792	554	751	1833
512	1024	1792	592	705	1579
768	1024	1792	621	673	1403
1024	1024	1792	646	646	1265
1280	1024	1792	668	623	1151
1536	1024	1792	688	603	1054
1792	1024	1792	707	585	969
2048	1024	1792	725	569	895
2303	1024	1792	741	554	828
2559	1024	1792	757	540	768
2815	1024	1792	772	527	713
3071	1024	1792	787	515	663
3327	1024	1792	801	503	617
3583	1024	1792	814	492	574
3839	1024	1792	827	482	535
4095	1024	1792	840	472	498
0	1280	1792	332	744	2115
256	1280	1792	413	626	1420
512	1280	1792	445	585	1200
768	1280	1792	470	555	1049
1024	1280	1792	492	531	932
1280	1280	1792	511	511	836
1536	1280	1792	528	493	754
1792	1280	1792	544	477	684
2048	1280	1792	559	462	623
2303	1280	1792	574	449	568
2559	1280	1792	588	436	519
2815	1280	1792	601	425	475
3071	1280	1792	613	414	435
3327	1280	1792	626	404	399
3583	1280	1792	638	394	365
3839	1280	1792	649	385	335
4095	1280	1792	660	376	307
0	1536	1792	237	631	1711
256	1536	1792	305	524	1098
512	1536	1792	333	487	908
768	1536	1792	354	460	779
1024	1536	1792	372	438	680
1280	1536	1792	389	420	599
1536	1536	1792	404	404	532
1792	1536	1792	418	390	474
2048	1536	1792	431	377	424
2303	1536	1792	444	365	380
2559	1536	1792	456	354	341
2815	1536	1792	467	343	306
3071	1536	1792	478	334	275
3327	1536	1792	489	324	247
3583	1536	1792	499	316	221
3839	1536	1792	509	308	198
4095	1536	1792	519	300	177
0	1792	1792	165	538	1382
256	1792	1792	222	440	843
512	1792	1792	245	406	680
768	1792	1792	264	382	570
1024	1792	1792	279	362	487
1280	1792	1792	293	346	420
1536	1792	1792	306	331	365
1792	1792	1792	318	318	318
2048	1792	1792	330	307	278
2303	1792	1792	341	296	244
2559	1792	1792	351	286	213
2815	1792	1792	361	277	186
3071	1792	1792	371	268	163
3327	1792	1792	380	260	142
3583	1792	1792	389	253	123
3839	1792	1792	398	246	106
4095	1792	1792	406	239	91
0	2048	1792	112	458	1112
256	2048	1792	158	369	640
512	2048	1792	177	338	501
768	2048	1792	193	316	408
1024	2048	1792	206	299	339
1280	2048	1792	218	284	285
1536	2048	1792	229	271	241
1792	2048	1792	239	259	204
2048	2048	1792	249	249	173
2303	2048	1792	258	240	146
2559	2048	1792	267	231	123
2815	2048	1792	276	223	104
3071	2048	1792	284	215	87
3327	2048	1792	292	208	72
3583	2048	1792	300	201	59
3839	2048	1792	308	195	48
4095	2048	1792	315	189	39
0	2303	1792	72	391	889
256	2303	1792	109	309	478
512	2303	1792	125	281	360
768	2303	1792	137	262	284
1024	2303	1792	149	246	228
1280	2303	1792	159	232	184
1536	2303	1792	168	221	150
1792	2303	1792	177	210	122
2048	2303	1792	185	201	98
2303	2303	1792	193	193	79
2559	2303	1792	200	185	63
2815	2303	1792	208	178	50
3071	2303	1792	215	171	38
3327	2303	1792	222	165	29
3583	2303	1792	229	159	22
3839	2303	1792	235	153	15
4095	2303	1792	242	148	11
0	2559	1792	43	332	703
256	2559	1792	71	258	348
512	2559	1792	84	233	250
768	2559	1792	94	215	188
1024	2559	1792	104	201	144
1280	2559	1792	112	189	111
1536	2559	1792	119	178	85
1792	2559	1792	127	169	65
2048	2559	1792	134	161	48
2303	2559	1792	140	154	36
2559	2559	1792	147	147	26
2815	2559	1792	153	140	18
3071	2559	1792	159	134	12
3327	2559	1792	165	129	7
3583	2559	1792	171	124	4
3839	2559	1792	176	119	2
4095	2559	1792	182	114	0
0	2815	1792	22	282	549
256	2815	1792	44	214	246
512	2815	1792	54	191	166
768	2815	1792	62	175	117
1024	2815	1792	69	163	84
1280	2815	1792	76	152	59
1536	2815	1792	82	143	41
1792	2815	1792	88	135	28
2048	2815	1792	93	127	18
2303	2815	1792	99	121	11
2559	2815	1792	104	115	6
2815	2815	1792	109	109	3
3071	2815	1792	114	104	1
3327	2815	1792	119	99	0
3583	2815	1792	124	95	0
3839	2815	1792	129	91	0
4095	2815	1792	134	87	0
0	3071	1792	10	237	421
256	3071	1792	24	176	166
512	3071	1792	31	156	103
768	3071	1792	37	142	66
1024	3071	1792	43	130	42
1280	3071	1792	48	121	26
1536	3071	1792	53	113	15
1792	3071	1792	58	106	8
2048	3071	1792	62	99	3
2303	3071	1792	67	94	1
2559	3071	1792	71	88	0
2815	3071	1792	75	84	0
3071	3071	1792	79	79	0
3327	3071	1792	83	75	0
3583	3071	1792	87	71	0
3839	3071	1792	91	68	0
4095	3071	1792	95	64	0
0	3327	1792	3	199	316
256	3327	1792	11	144	105
512	3327	1792	16	126	58
768	3327	1792	20	113	32
1024	3327	1792	24	103	17
1280	3327	1792	28	95	8
1536	3327	1792	32	88	3
1792	3327	1792	35	82	0
2048	3327	1792	39	76	0
2303	3327	1792	42	71	0
2559	3327	1792	46	67	0
2815	3327	1792	49	63	0
3071	3327	1792	52	59	0
3327	3327	1792	55	55	0
3583	3327	1792	59	52	0
3839	3327	1792	62	49	0
4095	3327	1792	65	46	0
0	3583	1792	0	166	230
256	3583	1792	3	116	61
512	3583	1792	6	100	27
768	3583	1792	9	89	11
1024	3583	1792	12	80	3
1280	3583	1792	14	73	0
1536	3583	1792	17	67	0
1792	3583	1792	19	62	0
2048	3583	1792	22	57	0
2303	3583	1792	24	53	0
2559	3583	1792	27	49	0
2815	3583	1792	29	46	0
3071	3583	1792	32	42	0
3327	3583	1792	34	39	0
3583	3583	1792	37	37	0
3839	3583	1792	39	34	0
4095	3583	1792	42	32	0
0	3839	1792	0	137	162
256	3839	1792	0	93	30
512	3839	1792	1	79	9
768	3839	1792	3	69	2
1024	3839	1792	4	61	0
1280	3839	1792	6	55	0
1536	3839	1792	7	50	0
1792	3839	1792	9	45	0
2048	3839	1792	10	41	0
2303	3839	1792	12	38	0
2559	3839	1792	14	35	0
2815	3839	1792	16	32	0
3071	3839	1792	17	29	0
3327	3839	1792	19	27	0
3583	3839	1792	21	25	0
3839	3839	1792	23	23	0
4095	3839	1792	25	21	0
0	4095	1792	0	112	108
256	4095	1792	0	73	11
512	4095	1792	0	60	1
768	4095	1792	0	52	0
1024	4095	1792	1	46	0
1280	4095	1792	1	40	0
1536	4095	1792	2	36	0
1792	4095	1792	3	32	0
2048	4095	1792	4	29	0
2303	4095	1792	4	26	0
2559	4095	1792	5	23	0
2815	4095	1792	7	21	0
3071	4095	1792	8	19	0
3327	4095	1792	9	17	0
3583	4095	1792	10	15	0
3839	4095	1792	11	14	0
4095	4095	1792	13	13	0
0	0	2048	2733	2733	4095
256	0	2048	2979	2488	4095
512	0	2048	3074	2401	4095
768	0	2048	3145	2336	4095
1024	0	2048	3205	2283	4095
1280	0	2048	3258	2238	4095
1536	0	2048	3306	2197	4095
1792	0	2048	3350	2161	4095
2048	0	2048	3390	2128	4095
2303	0	2048	3429	2097	4095
2559	0	2048	3465	2068	4095
2815	0	2048	3500	2041	4095
3071	0	2048	3533	2015	4095
3327	0	2048	3564	1991	4095
3583	0	2048	3595	1968	4095
3839	0	2048	3625	1946	4095
4095	0	2048	3653	1924	4095
0	256	2048	1238	1580	4095
256	256	2048	1399	1399	4095
512	256	2048	1462	1335	4095
768	256	2048	1509	1289	3921
1024	256	2048	1550	1250	3677
1280	256	2048	1585	1218	3471
1536	256	2048	1618	1189	3292
1792	256	2048	1647	1163	3134
2048	256	2048	1675	1139	2991
2303	256	2048	1701	1117	2861
2559	256	2048	1726	1097	2741
2815	256	2048	1750	1078	2631
3071	256	2048	1772	1060	2527
3327	256	2048	1794	1042	2431
3583	256	2048	1815	1026	2341
3839	256	2048	1836	1011	2255
4095	256	2048	1855	996	2175
0	512	2048	842	1238	4095
256	512	2048	974	1081	3405
512	512	2048	1025	1025	3045
768	512	2048	1065	985	2791
1024	512	2048	1098	952	2588
1280	512	2048	1128	924	2419
1536	512	2048	1154	899	2272
1792	512	2048	1179	877	2143
2048	512	2048	1202	856	2027
2303	512	2048	1224	838	1922
2559	512	2048	1245	820	1826
2815	512	2048	1265	804	1738
3071	512	2048	1284	788	1656
3327	512	2048	1302	774	1579
3583	512	2048	1320	760	1508
3839	512	2048	1337	747	1441
4095	512	2048	1354	734	1378
0	768	2048	599	1012	3549
256	768	2048	710	871	2606
512	768	2048	753	822	2297
768	768	2048	786	786	2079
1024	768	2048	815	757	1907
1280	768	2048	840	732	1764
1536	768	2048	863	711	1641
1792	768	2048	884	691	1533
2048	768	2048	903	673	1437
2303	768	2048	922	657	1350
2559	768	2048	940	641	1271
2815	768	2048	957	627	1199
3071	768	2048	973	614	1132
3327	768	2048	989	601	1070
3583	768	2048	1004	589	1012
3839	768	2048	1019	578	959
4095	768	2048	1033	567	908
0	1024	2048	432	843	2862
256	1024	2048	524	716	2031
512	1024	2048	561	672	1762
768	1024	2048	590	640	1574
1024	1024	2048	614	614	1427
1280	1024	2048	635	592	1305
1536	1024	2048	655	572	1201
1792	1024	2048	673	555	1110
2048	1024	2048	690	539	1030
2303	1024	2048	706	525	958
2559	1024	2048	722	511	892
2815	1024	2048	737	498	833
3071	1024	2048	751	487	778
3327	1024	2048	764	475	728
3583	1024	2048	778	465	681
3839	1024	2048	791	455	638
4095	1024	2048	803	445	598
0	1280	2048	309	709	2329
256	1280	2048	387	594	1593
512	1280	2048	419	554	1358
768	1280	2048	443	525	1196
1024	1280	2048	464	502	1070
1280	1280	2048	482	482	966
1536	1280	2048	499	465	878
1792	1280	2048	515	450	802
2048	1280	2048	530	435	734
2303	1280	2048	544	423	675
2559	1280	2048	557	411	621
2815	1280	2048	570	399	572
3071	1280	2048	582	389	528
3327	1280	2048	594	379	487
3583	1280	2048	606	370	450
3839	1280	2048	617	361	416
4095	1280	2048	628	352	384
0	1536	2048	219	600	1901
256	1536	2048	284	495	1249
512	1536	2048	310	459	1045
768	1536	2048	331	433	905
1024	1536	2048	349	413	797
1280	1536	2048	365	395	709
1536	1536	2048	379	379	635
1792	1536	2048	393	365	571
2048	1536	2048	405	353	515
2303	1536	2048	418	341	466
2559	1536	2048	429	331	423
2815	1536	2048	440	321	383
3071	1536	2048	451	311	348
3327	1536	2048	461	303	316
3583	1536	2048	471	294	286
3839	1536	2048	481	286	260
4095	1536	2048	491	279	235
0	1792	2048	150	509	1552
256	1792	2048	204	414	975
512	1792	2048	227	381	797
768	1792	2048	244	358	677
1024	1792	2048	259	339	585
1280	1792	2048	273	323	511
1536	1792	2048	285	309	450
1792	1792	2048	297	297	397
2048	1792	2048	308	285	352
2303	1792	2048	318	275	312
2559	1792	2048	328	266	277
2815	1792	2048	338	257	246
3071	1792	2048	347	249	218
3327	1792	2048	356	241	194
3583	1792	2048	365	234	171
3839	1792	2048	373	227	151
4095	1792	2048	382	220	133
0	2048	2048	99	432	1264
256	2048	2048	143	345	753
512	2048	2048	162	316	600
768	2048	2048	176	295	498
1024	2048	2048	189	278	421
1280	2048	2048	200	264	359
1536	2048	2048	211	251	309
1792	2048	2048	221	240	266
2048	2048	2048	230	230	230
2303	2048	2048	239	221	199
2559	2048	2048	248	213	172
2815	2048	2048	256	205	148
3071	2048	2048	264	198	127
3327	2048	2048	272	191	109
3583	2048	2048	279	184	93
3839	2048	2048	286	178	79
4095	2048	2048	294	173	66
0	2303	2048	62	366	1024
256	2303	2048	97	288	575
512	2303	2048	112	261	444
768	2303	2048	124	242	358
1024	2303	2048	134	227	294
1280	2303	2048	144	214	244
1536	2303	2048	153	203	203
1792	2303	2048	161	193	170
2048	2303	2048	169	184	142
2303	2303	2048	176	176	118
2559	2303	2048	184	169	98
2815	2303	2048	191	162	80
3071	2303	2048	197	156	66
3327	2303	2048	204	150	53
3583	2303	2048	211	144	42
3839	2303	2048	217	139	33
4095	2303	2048	223	134	26
0	2559	2048	36	310	822
256	2559	2048	62	238	431
512	2559	2048	74	215	320
768	2559	2048	83	197	248
1024	2559	2048	92	184	197
1280	2559	2048	100	173	157
1536	2559	2048	107	163	125
1792	2559	2048	114	154	100
2048	2559	2048	120	146	79
2303	2559	2048	127	139	62
2559	2559	2048	133	133	48
2815	2559	2048	138	127	37
3071	2559	2048	144	121	27
3327	2559	2048	150	116	20
3583	2559	2048	155	111	14
3839	2559	2048	161	106	9
4095	2559	2048	166	102	5
0	2815	2048	18	261	653
256	2815	2048	37	196	315
512	2815	2048	46	175	222
768	2815	2048	53	160	164
1024	2815	2048	60	148	124
1280	2815	2048	66	138	93
1536	2815	2048	72	129	70
1792	2815	2048	77	121	52
2048	2815	2048	82	114	37
2303	2815	2048	88	108	26
2559	2815	2048	93	103	18
2815	2815	2048	97	97	12
3071	2815	2048	102	93	7
3327	2815	2048	107	88	4
3583	2815	2048	111	84	1
3839	2815	2048	116	80	0
4095	2815	2048	120	76	0
0	3071	2048	7	219	512
256	3071	2048	19	161	222
512	3071	2048	25	141	147
768	3071	2048	31	128	102
1024	3071	2048	36	117	71
1280	3071	2048	41	108	49
1536	3071	2048	45	101	33
1792	3071	2048	49	94	21
2048	3071	2048	54	88	13
2303	3071	2048	58	83	7
2559	3071	2048	62	78	3
2815	3071	2048	65	73	1
3071	3071	2048	69	69	0
3327	3071	2048	73	65	0
3583	3071	2048	77	62	0
3839	3071	2048	80	59	0
4095	3071	2048	84	55	0
0	3327	2048	1	182	394
256	3327	2048	8	130	150
512	3327	2048	12	113	91
768	3327	2048	16	101	57
1024	3327	2048	19	92	35
1280	3327	2048	23	84	21
1536	3327	2048	26	77	11
1792	3327	2048	29	72	5
2048	3327	2048	32	66	2
2303	3327	2048	35	62	0
2559	3327	2048	38	58	0
2815	3327	2048	41	54	0
3071	3327	2048	44	50	0
3327	3327	2048	47	47	0
3583	3327	2048	50	44	0
3839	3327	2048	53	41	0
4095	3327	2048	56	39	0
0	3583	2048	0	151	297
256	3583	2048	2	104	95
512	3583	2048	4	89	50
768	3583	2048	6	78	27
1024	3583	2048	8	70	13
1280	3583	2048	10	64	5
1536	3583	2048	13	58	1
1792	3583	2048	15	53	0
2048	3583	2048	17	49	0
2303	3583	2048	19	45	0
2559	3583	2048	21	41	0
2815	3583	2048	24	38	0
3071	3583	2048	26	35	0
3327	3583	2048	28	33	0
3583	3583	2048	30	30	0
3839	3583	2048	33	28	0
4095	3583	2048	35	26	0
0	3839	2048	0	123	217
256	3839	2048	0	82	55
512	3839	2048	0	69	23
768	3839	2048	1	60	9
1024	3839	2048	2	53	2
1280	3839	2048	3	47	0
1536	3839	2048	5	42	0
1792	3839	2048	6	38	0
2048	3839	2048	7	34	0
2303	3839	2048	9	31	0
2559	3839	2048	10	28	0
2815	3839	2048	12	26	0
3071	3839	2048	13	24	0
3327	3839	2048	15	21	0
3583	3839	2048	16	20	0
3839	3839	2048	18	18	0
4095	3839	2048	19	16	0
0	4095	2048	0	100	153
256	4095	2048	0	63	27
512	4095	2048	0	52	7
768	4095	2048	0	44	1
1024	4095	2048	0	38	0
1280	4095	2048	0	33	0
1536	4095	2048	1	30	0
1792	4095	2048	1	26	0
2048	4095	2048	2	23	0
2303	4095	2048	3	21	0
2559	4095	2048	3	18	0
2815	4095	2048	4	16	0
3071	4095	2048	5	15	0
3327	4095	2048	6	13	0
3583	4095	2048	7	12	0
3839	4095	2048	8	10	0
4095	4095	2048	9	9	0
0	0	2303	2667	2667	4095
256	0	2303	2910	2425	4095
512	0	2303	3003	2339	4095
768	0	2303	3074	2275	4095
1024	0	2303	3133	2223	4095
1280	0	2303	3185	2179	4095
1536	0	2303	3232	2139	4095
1792	0	2303	3276	2103	4095
2048	0	2303	3316	2070	4095
2303	0	2303	3354	2040	4095
2559	0	2303	3390	2011	4095
2815	0	2303	3424	1985	4095
3071	0	2303	3457	1959	4095
3327	0	2303	3488	1935	4095
3583	0	2303	3518	1913	4095
3839	0	2303	3548	1891	4095
4095	0	2303	3576	1870	4095
0	256	2303	1195	1531	4095
256	256	2303	1353	1353	4095
512	256	2303	1415	1291	4095
768	256	2303	1462	1245	4095
1024	256	2303	1501	1208	3944
1280	256	2303	1536	1175	3730
1536	256	2303	1568	1147	3544
1792	256	2303	1597	1122	3378
2048	256	2303	1625	1098	3229
2303	256	2303	1650	1077	3094
2559	256	2303	1675	1057	2969
2815	256	2303	1698	1038	2853
3071	256	2303	1720	1020	2746
3327	256	2303	1742	1004	2645
3583	256	2303	1763	988	2550
3839	256	2303	1783	972	2460
4095	256	2303	1802	958	2376
0	512	2303	808	1195	4095
256	512	2303	936	1041	3661
512	512	2303	987	987	3286
768	512	2303	1025	947	3021
1024	512	2303	1058	915	2809
1280	512	2303	1087	888	2632
1536	512	2303	1113	863	2478
1792	512	2303	1138	841	2343
2048	512	2303	1160	822	2221
2303	512	2303	1182	803	2111
2559	512	2303	1202	786	2010
2815	512	2303	1221	770	1916
3071	512	2303	1240	755	1830
3327	512	2303	1258	741	1749
3583	512	2303	1275	727	1673
3839	512	2303	1292	715	1603
4095	512	2303	1309	702	1536
0	768	2303	571	973	3811
256	768	2303	678	836	2828
512	768	2303	720	788	2504
768	768	2303	753	753	2276
1024	768	2303	781	725	2095
1280	768	2303	805	700	1944
1536	768	2303	828	679	1815
1792	768	2303	848	660	1700
2048	768	2303	868	643	1598
2303	768	2303	886	627	1506
2559	768	2303	903	612	1422
2815	768	2303	920	598	1345
3071	768	2303	936	585	1274
3327	768	2303	951	572	1208
3583	768	2303	966	561	1146
3839	768	2303	981	549	1089
4095	768	2303	995	539	1035
0	1024	2303	408	808	3095
256	1024	2303	498	684	2225
512	1024	2303	533	641	1942
768	1024	2303	561	610	1744
1024	1024	2303	585	585	1588
1280	1024	2303	606	563	1459
1536	1024	2303	625	544	1348
1792	1024	2303	643	527	1251
2048	1024	2303	659	512	1165
2303	1024	2303	675	498	1088
2559	1024	2303	690	485	1018
2815	1024	2303	704	473	954
3071	1024	2303	718	461	895
3327	1024	2303	732	450	840
3583	1024	2303	745	440	790
3839	1024	2303	757	430	743
4095	1024	2303	769	421	699
0	1280	2303	290	677	2538
256	1280	2303	365	566	1763
512	1280	2303	395	527	1515
768	1280	2303	419	499	1342
1024	1280	2303	439	476	1208
1280	1280	2303	457	457	1097
1536	1280	2303	473	440	1002
1792	1280	2303	489	425	920
2048	1280	2303	503	411	848
2303	1280	2303	517	399	783
2559	1280	2303	530	387	724
2815	1280	2303	542	376	671
3071	1280	2303	554	366	623
3327	1280	2303	566	357	578
3583	1280	2303	577	348	537
3839	1280	2303	588	339	500
4095	1280	2303	599	331	464
0	1536	2303	202	571	2089
256	1536	2303	265	470	1399
512	1536	2303	290	435	1181
768	1536	2303	310	409	1031
1024	1536	2303	328	389	915
1280	1536	2303	343	372	820
1536	1536	2303	357	357	739
1792	1536	2303	370	344	670
2048	1536	2303	382	331	609
2303	1536	2303	394	320	555
2559	1536	2303	405	310	507
2815	1536	2303	416	300	464
3071	1536	2303	426	291	424
3327	1536	2303	437	283	388
3583	1536	2303	446	275	355
3839	1536	2303	456	267	325
4095	1536	2303	465	260	298
0	1792	2303	137	483	1720
256	1792	2303	189	390	1106
512	1792	2303	210	359	915
768	1792	2303	227	336	785
1024	1792	2303	241	318	686
1280	1792	2303	254	303	605
1536	1792	2303	266	289	537
1792	1792	2303	277	277	479
2048	1792	2303	288	266	429
2303	1792	2303	298	257	384
2559	1792	2303	307	247	345
2815	1792	2303	317	239	310
3071	1792	2303	326	231	278
3327	1792	2303	334	224	250
3583	1792	2303	343	217	224
3839	1792	2303	351	210	201
4095	1792	2303	359	204	180
0	2048	2303	89	408	1414
256	2048	2303	130	324	868
512	2048	2303	148	296	702
768	2048	2303	162	275	590
1024	2048	2303	174	259	505
1280	2048	2303	185	245	437
1536	2048	2303	195	233	381
1792	2048	2303	204	223	333
2048	2048	2303	213	213	292
2303	2048	2303	222	204	256
2559	2048	2303	230	196	225
2815	2048	2303	238	189	197
3071	2048	2303	246	182	173
3327	2048	2303	253	175	151
3583	2048	2303	260	169	132
3839	2048	2303	267	164	114
4095	2048	2303	274	158	99
0	2303	2303	54	345	1158
256	2303	2303	86	269	675
512	2303	2303	101	243	531
768	2303	2303	112	225	436
1024	2303	2303	122	210	364
1280	2303	2303	131	198	307
1536	2303	2303	139	187	261
1792	2303	2303	147	178	222
2048	2303	2303	155	169	190
2303	2303	2303	162	162	162
2559	2303	2303	169	155	138
2815	2303	2303	175	148	117
3071	2303	2303	182	142	98
3327	2303	2303	188	136	83
3583	2303	2303	194	131	69
3839	2303	2303	201	126	57
4095	2303	2303	206	121	46
0	2559	2303	30	290	942
256	2559	2303	54	221	516
512	2559	2303	65	198	393
768	2559	2303	74	182	313
1024	2559	2303	82	169	253
1280	2559	2303	89	158	207
1536	2559	2303	96	149	170
1792	2559	2303	102	141	140
2048	2559	2303	108	133	115
2303	2559	2303	114	126	94
2559	2559	2303	120	120	76
2815	2559	2303	126	114	61
3071	2559	2303	131	109	48
3327	2559	2303	137	104	38
3583	2559	2303	142	100	29
3839	2559	2303	147	95	22
4095	2559	2303	152	91	16
0	2815	2303	14	243	759
256	2815	2303	31	181	387
512	2815	2303	39	160	283
768	2815	2303	46	146	216
1024	2815	2303	52	135	168
1280	2815	2303	57	125	132
1536	2815	2303	63	117	103
1792	2815	2303	68	109	81
2048	2815	2303	73	103	62
2303	2815	2303	78	97	47
2559	2815	2303	82	92	35
2815	2815	2303	87	87	26
3071	2815	2303	91	82	18
3327	2815	2303	96	78	12
3583	2815	2303	100	74	8
3839	2815	2303	104	71	4
4095	2815	2303	108	67	2
0	3071	2303	4	203	605
256	3071	2303	15	147	283
512	3071	2303	21	128	196
768	3071	2303	25	116	142
1024	3071	2303	30	106	105
1280	3071	2303	34	97	77
1536	3071	2303	38	90	56
1792	3071	2303	42	84	40
2048	3071	2303	46	78	28
2303	3071	2303	50	73	19
2559	3071	2303	53	69	12
2815	3071	2303	57	64	7
3071	3071	2303	61	61	3
3327	3071	2303	64	57	1
3583	3071	2303	68	54	0
3839	3071	2303	71	51	0
4095	3071	2303	74	48	0
0	3327	2303	0	168	476
256	3327	2303	5	118	199
512	3327	2303	9	102	129
768	3327	2303	12	90	87
1024	3327	2303	15	82	59
1280	3327	2303	18	74	39
1536	3327	2303	21	68	25
1792	3327	2303	24	63	15
2048	3327	2303	27	58	8
2303	3327	2303	29	54	4
2559	3327	2303	32	50	1
2815	3327	2303	35	46	0
3071	3327	2303	38	43	0
3327	3327	2303	40	40	0
3583	3327	2303	43	38	0
3839	3327	2303	46	35	0
4095	3327	2303	48	33	0
0	3583	2303	0	137	367
256	3583	2303	1	93	134
512	3583	2303	2	79	79
768	3583	2303	4	69	48
1024	3583	2303	6	62	28
1280	3583	2303	8	55	15
1536	3583	2303	9	50	8
1792	3583	2303	11	46	3
2048	3583	2303	13	42	1
2303	3583	2303	15	38	0
2559	3583	2303	17	35	0
2815	3583	2303	19	32	0
3071	3583	2303	21	29	0
3327	3583	2303	23	27	0
3583	3583	2303	25	25	0
3839	3583	2303	27	23	0
4095	3583	2303	29	21	0
0	3839	2303	0	111	277
256	3839	2303	0	72	85
512	3839	2303	0	60	43
768	3839	2303	0	52	21
1024	3839	2303	1	45	10
1280	3839	2303	2	40	3
1536	3839	2303	3	36	1
1792	3839	2303	4	32	0
2048	3839	2303	5	29	0
2303	3839	2303	6	26	0
2559	3839	2303	7	23	0
2815	3839	2303	8	21	0
3071	3839	2303	10	19	0
3327	3839	2303	11	17	0
3583	3839	2303	12	15	0
3839	3839	2303	14	14	0
4095	3839	2303	15	12	0
0	4095	2303	0	89	203
256	4095	2303	0	55	48
512	4095	2303	0	44	19
768	4095	2303	0	37	6
1024	4095	2303	0	32	1
1280	4095	2303	0	28	0
1536	4095	2303	0	24	0
1792	4095	2303	0	21	0
2048	4095	2303	1	19	0
2303	4095	2303	1	16	0
2559	4095	2303	2	14	0
2815	4095	2303	2	13	0
3071	4095	2303	3	11	0
3327	4095	2303	4	10	0
3583	4095	2303	5	8	0
3839	4095	2303	6	7	0
4095	4095	2303	6	6	0
0	0	2559	2606	2606	4095
256	0	2559	2846	2367	4095
512	0	2559	2937	2282	4095
768	0	2559	3007	2219	4095
1024	0	2559	3066	2168	4095
1280	0	2559	3117	2124	4095
1536	0	2559	3164	2084	4095
1792	0	2559	3207	2049	4095
2048	0	2559	3247	2017	4095
2303	0	2559	3284	1987	4095
2559	0	2559	3320	1959	4095
2815	0	2559	3353	1932	4095
3071	0	2559	3386	1907	4095
3327	0	2559	3417	1884	4095
3583	0	2559	3447	1861	4095
3839	0	2559	3476	1840	4095
4095	0	2559	3504	1819	4095
0	256	2559	1155	1485	4095
256	256	2559	1311	1311	4095
512	256	2559	1371	1249	4095
768	256	2559	1418	1204	4095
1024	256	2559	1457	1168	4095
1280	256	2559	1491	1136	3983
1536	256	2559	1522	1108	3790
1792	256	2559	1551	1083	3619
2048	256	2559	1578	1060	3464
2303	256	2559	1603	1039	3323
2559	256	2559	1627	1020	3193
2815	256	2559	1650	1001	3073
3071	256	2559	1672	984	2961
3327	256	2559	1693	968	2856
3583	256	2559	1714	952	2757
3839	256	2559	1733	937	2663
4095	256	2559	1752	923	2575
0	512	2559	776	1156	4095
256	512	2559	902	1004	3912
512	512	2559	951	951	3523
768	512	2559	989	912	3247
1024	512	2559	1021	881	3027
1280	512	2559	1049	854	2842
1536	512	2559	1075	830	2682
1792	512	2559	1099	809	2540
2048	512	2559	1121	789	2413
2303	512	2559	1142	771	2298
2559	512	2559	1162	755	2192
2815	512	2559	1181	739	2094
3071	512	2559	1200	724	2003
3327	512	2559	1217	710	1918
3583	512	2559	1234	697	1839
3839	512	2559	1251	685	1764
4095	512	2559	1267	673	1693
0	768	2559	544	938	4067
256	768	2559	649	803	3047
512	768	2559	690	756	2709
768	768	2559	722	722	2470
1024	768	2559	749	695	2281
1280	768	2559	773	671	2123
1536	768	2559	795	650	1987
1792	768	2559	815	631	1867
2048	768	2559	834	614	1759
2303	768	2559	852	599	1663
2559	768	2559	869	584	1574
2815	768	2559	886	571	1492
3071	768	2559	901	558	1417
3327	768	2559	916	546	1347
3583	768	2559	931	534	1281
3839	768	2559	945	524	1220
4095	768	2559	959	513	1163
0	1024	2559	386	776	3325
256	1024	2559	473	655	2417
512	1024	2559	508	613	2121
768	1024	2559	535	583	1912
1024	1024	2559	558	558	1748
1280	1024	2559	579	537	1612
1536	1024	2559	597	519	1495
1792	1024	2559	615	502	1392
2048	1024	2559	631	487	1301
2303	1024	2559	646	473	1219
2559	1024	2559	661	461	1144
2815	1024	2559	675	449	1076
3071	1024	2559	688	438	1013
3327	1024	2559	701	427	955
3583	1024	2559	714	417	901
3839	1024	2559	726	408	850
4095	1024	2559	738	399	803
0	1280	2559	271	648	2744
256	1280	2559	344	539	1933
512	1280	2559	374	502	1671
768	1280	2559	397	474	1489
1024	1280	2559	416	452	1346
1280	1280	2559	434	434	1229
1536	1280	2559	450	417	1128
1792	1280	2559	464	403	1040
2048	1280	2559	478	389	963
2303	1280	2559	492	377	893
2559	1280	2559	504	366	830
2815	1280	2559	516	355	773
3071	1280	2559	528	346	721
3327	1280	2559	539	336	672
3583	1280	2559	550	328	628
3839	1280	2559	561	319	587
4095	1280	2559	571	311	548
0	1536	2559	187	545	2275
256	1536	2559	248	446	1549
512	1536	2559	272	412	1318
768	1536	2559	292	387	1158
1024	1536	2559	308	368	1034
1280	1536	2559	323	351	933
1536	1536	2559	337	337	846
1792	1536	2559	349	324	772
2048	1536	2559	361	312	706
2303	1536	2559	373	301	647
2559	1536	2559	383	291	595
2815	1536	2559	394	282	547
3071	1536	2559	404	273	504
3327	1536	2559	414	265	464
3583	1536	2559	423	257	428
3839	1536	2559	433	250	395
4095	1536	2559	442	243	364
0	1792	2559	125	459	1888
256	1792	2559	174	369	1238
512	1792	2559	195	338	1035
768	1792	2559	211	317	896
1024	1792	2559	225	299	788
1280	1792	2559	237	284	701
1536	1792	2559	249	271	627
1792	1792	2559	260	260	564
2048	1792	2559	270	249	509
2303	1792	2559	279	240	460
2559	1792	2559	289	231	417
2815	1792	2559	298	223	378
3071	1792	2559	306	215	342
3327	1792	2559	315	208	310
3583	1792	2559	323	201	281
3839	1792	2559	331	195	255
4095	1792	2559	339	189	231
0	2048	2559	80	386	1565
256	2048	2559	119	305	984
512	2048	2559	135	277	806
768	2048	2559	149	258	685
1024	2048	2559	160	242	593
1280	2048	2559	171	229	518
1536	2048	2559	180	217	456
1792	2048	2559	189	207	403
2048	2048	2559	198	198	357
2303	2048	2559	206	190	317
2559	2048	2559	214	182	282
2815	2048	2559	222	175	251
3071	2048	2559	229	168	223
3327	2048	2559	236	162	198
3583	2048	2559	243	156	175
3839	2048	2559	250	150	155
4095	2048	2559	257	145	137
0	2303	2559	47	325	1294
256	2303	2559	77	251	777
512	2303	2559	91	227	621
768	2303	2559	101	209	516
1024	2303	2559	111	195	438
1280	2303	2559	119	183	375
1536	2303	2559	127	173	323
1792	2303	2559	135	164	280
2048	2303	2559	142	156	242
2303	2303	2559	149	149	210
2559	2303	2559	155	142	182
2815	2303	2559	162	136	158
3071	2303	2559	168	130	136
3327	2303	2559	174	124	117
3583	2303	2559	180	119	100
3839	2303	2559	186	115	85
4095	2303	2559	191	110	72
0	2559	2559	25	272	1064
256	2559	2559	47	206	605
512	2559	2559	57	184	470
768	2559	2559	65	168	381
1024	2559	2559	73	156	314
1280	2559	2559	80	145	262
1536	2559	2559	86	136	220
1792	2559	2559	92	128	185
2048	2559	2559	98	121	155
2303	2559	2559	104	115	130
2559	2559	2559	109	109	109
2815	2559	2559	114	104	91
3071	2559	2559	120	99	75
3327	2559	2559	125	94	61
3583	2559	2559	130	90	50
3839	2559	2559	134	86	40
4095	2559	2559	139	82	31
0	2815	2559	10	227	868
256	2815	2559	25	167	463
512	2815	2559	33	147	347
768	2815	2559	39	134	273
1024	2815	2559	45	123	218
1280	2815	2559	50	114	176
1536	2815	2559	55	106	142
1792	2815	2559	60	99	115
2048	2815	2559	64	93	92
2303	2815	2559	69	87	74
2559	2815	2559	73	82	58
2815	2815	2559	78	78	45
3071	2815	2559	82	73	35
3327	2815	2559	86	69	26
3583	2815	2559	90	66	19
3839	2815	2559	94	62	13
4095	2815	2559	98	59	9
0	3071	2559	3	188	702
256	3071	2559	11	134	347
512	3071	2559	16	117	250
768	3071	2559	21	105	188
1024	3071	2559	25	95	144
1280	3071	2559	29	87	110
1536	3071	2559	32	81	85
1792	3071	2559	36	75	64
2048	3071	2559	40	69	48
2303	3071	2559	43	65	35
2559	3071	2559	46	61	25
2815	3071	2559	50	57	17
3071	3071	2559	53	53	11
3327	3071	2559	56	50	7
3583	3071	2559	60	47	4
3839	3071	2559	63	44	2
4095	3071	2559	66	41	0
0	3327	2559	0	154	561
256	3327	2559	3	107	253
512	3327	2559	6	91	172
768	3327	2559	9	81	122
1024	3327	2559	12	73	88
1280	3327	2559	14	66	63
1536	3327	2559	17	60	44
1792	3327	2559	19	55	30
2048	3327	2559	22	51	20
2303	3327	2559	24	47	13
2559	3327	2559	27	43	7
2815	3327	2559	29	40	3
3071	3327	2559	32	37	1
3327	3327	2559	34	34	0
3583	3327	2559	37	32	0
3839	3327	2559	39	29	0
4095	3327	2559	42	27	0
0	3583	2559	0	125	441
256	3583	2559	0	83	178
512	3583	2559	1	70	112
768	3583	2559	2	61	74
1024	3583	2559	4	54	48
1280	3583	2559	5	48	31
1536	3583	2559	7	43	19
1792	3583	2559	8	39	10
2048	3583	2559	10	36	5
2303	3583	2559	12	32	2
2559	3583	2559	13	29	0
2815	3583	2559	15	27	0
3071	3583	2559	17	24	0
3327	3583	2559	19	22	0
3583	3583	2559	20	20	0
3839	3583	2559	22	19	0
4095	3583	2559	24	17	0
0	3839	2559	0	101	341
256	3839	2559	0	64	119
512	3839	2559	0	52	68
768	3839	2559	0	45	39
1024	3839	2559	0	39	22
1280	3839	2559	1	34	11
1536	3839	2559	2	30	5
1792	3839	2559	2	27	1
2048	3839	2559	3	24	0
2303	3839	2559	4	21	0
2559	3839	2559	5	19	0
2815	3839	2559	6	17	0
3071	3839	2559	7	15	0
3327	3839	2559	8	13	0
3583	3839	2559	9	12	0
3839	3839	2559	11	11	0
4095	3839	2559	12	9	0
0	4095	2559	0	80	258
256	4095	2559	0	48	74
512	4095	2559	0	38	36
768	4095	2559	0	32	17
1024	4095	2559	0	27	7
1280	4095	2559	0	23	2
1536	4095	2559	0	20	0
1792	4095	2559	0	17	0
2048	4095	2559	0	15	0
2303	4095	2559	1	13	0
2559	4095	2559	1	11	0
2815	4095	2559	1	10	0
3071	4095	2559	2	8	0
3327	4095	2559	2	7	0
3583	4095	2559	3	6	0
3839	4095	2559	4	5	0
4095	4095	2559	4	4	0
0	0	2815	2548	2548	4095
256	0	2815	2785	2312	4095
512	0	2815	2876	2228	4095
768	0	2815	2945	2166	4095
1024	0	2815	3003	2116	4095
1280	0	2815	3054	2072	4095
1536	0	2815	3100	2033	4095
1792	0	2815	3142	1999	4095
2048	0	2815	3182	1967	4095
2303	0	2815	3219	1937	4095
2559	0	2815	3254	1909	4095
2815	0	2815	3287	1883	4095
3071	0	2815	3319	1859	4095
3327	0	2815	3350	1836	4095
3583	0	2815	3380	1813	4095
3839	0	2815	3408	1792	4095
4095	0	2815	3436	1772	4095
0	256	2815	1118	1443	4095
256	256	2815	1271	1271	4095
512	256	2815	1331	1211	4095
768	256	2815	1376	1167	4095
1024	256	2815	1415	1131	4095
1280	256	2815	1449	1100	4095
1536	256	2815	1479	1072	4032
1792	256	2815	1508	1048	3855
2048	256	2815	1534	1025	3695
2303	256	2815	1559	1005	3549
2559	256	2815	1583	985	3414
2815	256	2815	1605	967	3289
3071	256	2815	1627	950	3173
3327	256	2815	1648	934	3063
3583	256	2815	1668	919	2961
3839	256	2815	1687	904	2863
4095	256	2815	1706	890	2772
0	512	2815	746	1119	4095
256	512	2815	870	970	4095
512	512	2815	918	918	3756
768	512	2815	955	880	3470
1024	512	2815	987	849	3241
1280	512	2815	1014	823	3050
1536	512	2815	1040	799	2883
1792	512	2815	1063	778	2736
2048	512	2815	1085	759	2603
2303	512	2815	1106	742	2483
2559	512	2815	1125	726	2372
2815	512	2815	1144	710	2270
3071	512	2815	1162	696	2175
3327	512	2815	1179	682	2086
3583	512	2815	1196	669	2003
3839	512	2815	1212	657	1924
4095	512	2815	1228	645	1851
0	768	2815	520	905	4095
256	768	2815	622	773	3262
512	768	2815	663	727	2911
768	768	2815	694	694	2662
1024	768	2815	720	667	2465
1280	768	2815	744	644	2300
1536	768	2815	765	623	2158
1792	768	2815	785	605	2032
2048	768	2815	804	588	1920
2303	768	2815	821	573	1818
2559	768	2815	838	559	1725
2815	768	2815	854	546	1639
3071	768	2815	869	533	1560
3327	768	2815	884	521	1486
3583	768	2815	898	510	1417
3839	768	2815	912	500	1352
4095	768	2815	926	490	1291
0	1024	2815	366	746	3550
256	1024	2815	451	628	2607
512	1024	2815	485	587	2298
768	1024	2815	511	557	2080
1024	1024	2815	533	533	1908
1280	1024	2815	553	513	1765
1536	1024	2815	572	495	1642
1792	1024	2815	588	479	1534
2048	1024	2815	604	464	1438
2303	1024	2815	619	451	1351
2559	1024	2815	634	438	1272
2815	1024	2815	647	427	1199
3071	1024	2815	661	416	1132
3327	1024	2815	673	406	1071
3583	1024	2815	686	396	1013
3839	1024	2815	698	387	959
4095	1024	2815	710	378	909
0	1280	2815	255	622	2947
256	1280	2815	325	515	2101
512	1280	2815	354	478	1827
768	1280	2815	376	452	1636
1024	1280	2815	395	430	1485
1280	1280	2815	412	412	1361
1536	1280	2815	428	396	1254
1792	1280	2815	442	382	1161
2048	1280	2815	456	369	1079
2303	1280	2815	469	357	1005
2559	1280	2815	481	346	938
2815	1280	2815	493	336	876
3071	1280	2815	504	327	820
3327	1280	2815	515	318	768
3583	1280	2815	526	309	720
3839	1280	2815	536	301	676
4095	1280	2815	546	293	634
0	1536	2815	174	520	2459
256	1536	2815	232	424	1698
512	1536	2815	256	391	1455
768	1536	2815	274	367	1287
1024	1536	2815	290	348	1155
1280	1536	2815	305	332	1047
1536	1536	2815	318	318	955
1792	1536	2815	330	305	875
2048	1536	2815	342	294	804
2303	1536	2815	353	283	742
2559	1536	2815	363	274	685
2815	1536	2815	374	265	633
3071	1536	2815	383	257	586
3327	1536	2815	393	249	543
3583	1536	2815	402	241	504
3839	1536	2815	411	234	467
4095	1536	2815	420	228	433
0	1792	2815	114	436	2054
256	1792	2815	161	349	1371
512	1792	2815	181	320	1156
768	1792	2815	196	298	1008
1024	1792	2815	210	281	893
1280	1792	2815	222	267	799
1536	1792	2815	233	255	720
1792	1792	2815	243	243	652
2048	1792	2815	253	233	592
2303	1792	2815	263	224	539
2559	1792	2815	272	216	491
2815	1792	2815	280	208	449
3071	1792	2815	289	200	410
3327	1792	2815	297	194	375
3583	1792	2815	305	187	342
3839	1792	2815	312	181	313
4095	1792	2815	320	175	286
0	2048	2815	71	366	1716
256	2048	2815	108	287	1102
512	2048	2815	124	261	912
768	2048	2815	137	242	782
1024	2048	2815	148	227	683
1280	2048	2815	158	214	602
1536	2048	2815	167	203	534
1792	2048	2815	176	193	477
2048	2048	2815	184	184	426
2303	2048	2815	192	176	382
2559	2048	2815	199	169	343
2815	2048	2815	207	162	308
3071	2048	2815	214	155	277
3327	2048	2815	221	149	248
3583	2048	2815	228	144	223
3839	2048	2815	234	138	199
4095	2048	2815	241	133	178
0	2303	2815	41	306	1430
256	2303	2815	69	235	880
512	2303	2815	81	212	713
768	2303	2815	92	195	600
1024	2303	2815	101	181	514
1280	2303	2815	109	170	446
1536	2303	2815	116	160	389
1792	2303	2815	123	152	340
2048	2303	2815	130	144	299
2303	2303	2815	137	137	262
2559	2303	2815	143	130	231
2815	2303	2815	149	124	203
3071	2303	2815	155	119	178
3327	2303	2815	161	114	156
3583	2303	2815	167	109	136
3839	2303	2815	172	104	118
4095	2303	2815	178	100	103
0	2559	2815	20	255	1186
256	2559	2815	41	191	695
512	2559	2815	50	170	549
768	2559	2815	58	155	452
1024	2559	2815	65	143	379
1280	2559	2815	71	133	321
1536	2559	2815	77	125	274
1792	2559	2815	83	117	234
2048	2559	2815	89	111	200
2303	2559	2815	94	105	171
2559	2559	2815	99	99	146
2815	2559	2815	104	94	125
3071	2559	2815	109	89	106
3327	2559	2815	114	85	89
3583	2559	2815	119	81	75
3839	2559	2815	123	77	62
4095	2559	2815	128	73	51
0	2815	2815	8	212	978
256	2815	2815	21	154	542
512	2815	2815	28	136	415
768	2815	2815	34	122	332
1024	2815	2815	39	112	271
1280	2815	2815	44	103	223
1536	2815	2815	48	96	185
1792	2815	2815	53	89	153
2048	2815	2815	57	84	126
2303	2815	2815	61	78	104
2559	2815	2815	65	74	85
2815	2815	2815	69	69	69
3071	2815	2815	73	65	56
3327	2815	2815	77	62	44
3583	2815	2815	81	58	35
3839	2815	2815	85	55	27
4095	2815	2815	89	52	20
0	3071	2815	2	174	800
256	3071	2815	9	123	415
512	3071	2815	13	107	307
768	3071	2815	17	95	237
1024	3071	2815	20	86	187
1280	3071	2815	24	79	148
1536	3071	2815	27	72	117
1792	3071	2815	31	67	93
2048	3071	2815	34	62	73
2303	3071	2815	37	57	57
2559	3071	2815	40	53	43
2815	3071	2815	43	50	33
3071	3071	2815	46	46	24
3327	3071	2815	49	43	17
3583	3071	2815	52	40	11
3839	3071	2815	55	38	7
4095	3071	2815	58	35	4
0	3327	2815	0	142	648
256	3327	2815	2	97	311
512	3327	2815	4	82	219
768	3327	2815	7	72	162
1024	3327	2815	9	65	121
1280	3327	2815	11	58	91
1536	3327	2815	13	53	68
1792	3327	2815	15	48	50
2048	3327	2815	18	44	36
2303	3327	2815	20	40	26
2559	3327	2815	22	37	17
2815	3327	2815	24	34	11
3071	3327	2815	27	31	6
3327	3327	2815	29	29	3
3583	3327	2815	31	27	1
3839	3327	2815	34	25	0
4095	3327	2815	36	23	0
0	3583	2815	0	115	518
256	3583	2815	0	75	226
512	3583	2815	0	62	150
768	3583	2815	1	54	104
1024	3583	2815	2	47	73
1280	3583	2815	3	42	51
1536	3583	2815	5	37	34
1792	3583	2815	6	34	22
2048	3583	2815	7	30	14
2303	3583	2815	9	27	8
2559	3583	2815	10	25	4
2815	3583	2815	12	22	1
3071	3583	2815	13	20	0
3327	3583	2815	15	18	0
3583	3583	2815	16	16	0
3839	3583	2815	18	15	0
4095	3583	2815	20	13	0
0	3839	2815	0	91	409
256	3839	2815	0	56	158
512	3839	2815	0	46	97
768	3839	2815	0	39	62
1024	3839	2815	0	33	39
1280	3839	2815	0	29	23
1536	3839	2815	1	25	13
1792	3839	2815	1	22	7
2048	3839	2815	2	19	3
2303	3839	2815	3	17	1
2559	3839	2815	3	15	0
2815	3839	2815	4	13	0
3071	3839	2815	5	12	0
3327	3839	2815	6	10	0
3583	3839	2815	7	9	0
3839	3839	2815	8	8	0
4095	3839	2815	9	7	0
0	4095	2815	0	71	316
256	4095	2815	0	41	105
512	4095	2815	0	33	58
768	4095	2815	0	27	32
1024	4095	2815	0	22	17
1280	4095	2815	0	19	8
1536	4095	2815	0	16	3
1792	4095	2815	0	14	0
2048	4095	2815	0	11	0
2303	4095	2815	0	10	0
2559	4095	2815	0	8	0
2815	4095	2815	1	7	0
3071	4095	2815	1	6	0
3327	4095	2815	1	5	0
3583	4095	2815	2	4	0
3839	4095	2815	2	3	0
4095	4095	2815	3	3	0
0	0	3071	2494	2494	4095
256	0	3071	2728	2261	4095
512	0	3071	2818	2178	4095
768	0	3071	2886	2117	4095
1024	0	3071	2944	2067	4095
1280	0	3071	2994	2024	4095
1536	0	3071	3040	1986	4095
1792	0	3071	3082	1951	4095
2048	0	3071	3121	1920	4095
2303	0	3071	3157	1890	4095
2559	0	3071	3192	1863	4095
2815	0	3071	3225	1838	4095
3071	0	3071	3257	1813	4095
3327	0	3071	3287	1790	4095
3583	0	3071	3316	1768	4095
3839	0	3071	3345	1748	4095
4095	0	3071	3372	1728	4095
0	256	3071	1084	1403	4095
256	256	3071	1235	1235	4095
512	256	3071	1293	1175	4095
768	256	3071	1338	1131	4095
1024	256	3071	1375	1096	4095
1280	256	3071	1409	1066	4095
1536	256	3071	1439	1039	4095
1792	256	3071	1467	1015	4087
2048	256	3071	1493	993	3922
2303	256	3071	1518	972	3771
2559	256	3071	1541	953	3632
2815	256	3071	1563	935	3502
3071	256	3071	1584	919	3382
3327	256	3071	1605	903	3268
3583	256	3071	1625	888	3162
3839	256	3071	1644	874	3061
4095	256	3071	1663	860	2966
0	512	3071	718	1084	4095
256	512	3071	840	938	4095
512	512	3071	887	887	3985
768	512	3071	924	850	3689
1024	512	3071	954	819	3453
1280	512	3071	982	794	3254
1536	512	3071	1007	771	3082
1792	512	3071	1030	750	2929
2048	512	3071	1051	732	2791
2303	512	3071	1071	714	2666
2559	512	3071	1091	698	2551
2815	512	3071	1109	683	2444
3071	512	3071	1127	669	2345
3327	512	3071	1144	656	2253
3583	512	3071	1160	643	2166
3839	512	3071	1176	631	2084
4095	512	3071	1192	620	2007
0	768	3071	497	875	4095
256	768	3071	597	745	3474
512	768	3071	637	700	3111
768	768	3071	667	667	2853
1024	768	3071	693	641	2648
1280	768	3071	716	618	2476
1536	768	3071	737	598	2328
1792	768	3071	757	580	2197
2048	768	3071	775	564	2079
2303	768	3071	792	549	1973
2559	768	3071	808	535	1876
2815	768	3071	824	522	1786
3071	768	3071	839	510	1702
3327	768	3071	854	499	1625
3583	768	3071	868	488	1552
3839	768	3071	881	478	1484
4095	768	3071	895	468	1420
0	1024	3071	347	719	3772
256	1024	3071	430	603	2795
512	1024	3071	463	563	2473
768	1024	3071	489	534	2247
1024	1024	3071	510	510	2067
1280	1024	3071	530	490	1918
1536	1024	3071	548	473	1789
1792	1024	3071	564	457	1676
2048	1024	3071	580	443	1574
2303	1024	3071	594	430	1483
2559	1024	3071	608	418	1400
2815	1024	3071	622	407	1323
3071	1024	3071	635	396	1253
3327	1024	3071	647	386	1187
3583	1024	3071	659	377	1126
3839	1024	3071	671	368	1069
4095	1024	3071	683	359	1016
0	1280	3071	240	597	3148
256	1280	3071	308	493	2269
512	1280	3071	336	457	1983
768	1280	3071	357	431	1782
1024	1280	3071	376	410	1625
1280	1280	3071	392	392	1494
1536	1280	3071	407	377	1382
1792	1280	3071	422	363	1283
2048	1280	3071	435	350	1196
2303	1280	3071	447	339	1118
2559	1280	3071	459	328	1047
2815	1280	3071	471	318	982
3071	1280	3071	482	309	922
3327	1280	3071	493	300	866
3583	1280	3071	503	292	815
3839	1280	3071	513	284	767
4095	1280	3071	523	277	723
0	1536	3071	161	498	2641
256	1536	3071	217	404	1848
512	1536	3071	240	372	1593
768	1536	3071	258	349	1416
1024	1536	3071	274	330	1277
1280	1536	3071	288	314	1162
1536	1536	3071	301	301	1065
1792	1536	3071	313	288	980
2048	1536	3071	324	277	905
2303	1536	3071	335	267	838
2559	1536	3071	345	258	777
2815	1536	3071	355	249	722
3071	1536	3071	364	241	671
3327	1536	3071	374	234	625
3583	1536	3071	382	226	582
3839	1536	3071	391	220	543
4095	1536	3071	400	213	506
0	1792	3071	105	416	2220
256	1792	3071	149	331	1505
512	1792	3071	168	302	1278
768	1792	3071	183	282	1121
1024	1792	3071	196	265	999
1280	1792	3071	208	251	899
1536	1792	3071	218	239	815
1792	1792	3071	229	229	741
2048	1792	3071	238	219	677
2303	1792	3071	247	210	620
2559	1792	3071	256	202	569
2815	1792	3071	264	194	522
3071	1792	3071	272	187	480
3327	1792	3071	280	181	442
3583	1792	3071	288	174	406
3839	1792	3071	295	168	374
4095	1792	3071	303	163	344
0	2048	3071	64	347	1866
256	2048	3071	99	271	1221
512	2048	3071	114	245	1019
768	2048	3071	126	227	881
1024	2048	3071	137	212	775
1280	2048	3071	146	200	688
1536	2048	3071	155	189	615
1792	2048	3071	163	180	553
2048	2048	3071	171	171	498
2303	2048	3071	179	164	450
2559	2048	3071	186	156	407
2815	2048	3071	193	150	369
3071	2048	3071	200	144	334
3327	2048	3071	207	138	302
3583	2048	3071	213	133	274
3839	2048	3071	220	128	248
4095	2048	3071	226	123	224
0	2303	3071	35	289	1567
256	2303	3071	62	221	986
512	2303	3071	73	198	807
768	2303	3071	83	182	686
1024	2303	3071	91	169	594
1280	2303	3071	99	158	519
1536	2303	3071	106	148	457
1792	2303	3071	113	140	404
2048	2303	3071	120	133	358
2303	2303	3071	126	126	318
2559	2303	3071	132	120	283
2815	2303	3071	138	114	251
3071	2303	3071	144	109	223
3327	2303	3071	149	104	198
3583	2303	3071	155	99	176
3839	2303	3071	160	95	155
4095	2303	3071	165	91	137
0	2559	3071	17	240	1310
256	2559	3071	35	178	788
512	2559	3071	44	158	631
768	2559	3071	51	144	526
1024	2559	3071	58	132	446
1280	2559	3071	64	123	383
1536	2559	3071	69	115	330
1792	2559	3071	75	107	286
2048	2559	3071	80	101	249
2303	2559	3071	85	95	216
2559	2559	3071	90	90	187
2815	2559	3071	95	85	163
3071	2559	3071	99	81	141
3327	2559	3071	104	77	121
3583	2559	3071	109	73	104
3839	2559	3071	113	69	89
4095	2559	3071	117	66	76
0	2815	3071	6	198	1089
256	2815	3071	17	143	623
512	2815	3071	23	125	486
768	2815	3071	29	112	395
1024	2815	3071	33	102	328
1280	2815	3071	38	94	274
1536	2815	3071	42	87	231
1792	2815	3071	46	81	195
2048	2815	3071	50	75	165
2303	2815	3071	54	71	139
2559	2815	3071	58	66	117
2815	2815	3071	62	62	97
3071	2815	3071	66	58	81
3327	2815	3071	69	55	67
3583	2815	3071	73	51	55
3839	2815	3071	77	49	44
4095	2815	3071	80	46	35
0	3071	3071	1	162	900
256	3071	3071	6	113	486
512	3071	3071	10	97	367
768	3071	3071	14	86	290
1024	3071	3071	17	78	233
1280	3071	3071	20	71	189
1536	3071	3071	23	65	154
1792	3071	3071	26	59	125
2048	3071	3071	29	55	102
2303	3071	3071	32	51	82
2559	3071	3071	35	47	66
2815	3071	3071	38	44	52
3071	3071	3071	40	40	40
3327	3071	3071	43	38	31
3583	3071	3071	46	35	23
3839	3071	3071	49	33	17
4095	3071	3071	52	30	12
0	3327	3071	0	131	737
256	3327	3071	1	88	372
512	3327	3071	3	74	270
768	3327	3071	5	65	205
1024	3327	3071	6	58	159
1280	3327	3071	8	52	124
1536	3327	3071	10	47	96
1792	3327	3071	12	42	74
2048	3327	3071	14	38	57
2303	3327	3071	16	35	43
2559	3327	3071	18	32	31
2815	3327	3071	20	29	22
3071	3327	3071	22	27	15
3327	3327	3071	24	24	10
3583	3327	3071	27	22	6
3839	3327	3071	29	21	3
4095	3327	3071	31	19	1
0	3583	3071	0	105	598
256	3583	3071	0	67	278
512	3583	3071	0	55	192
768	3583	3071	1	47	139
1024	3583	3071	1	41	102
1280	3583	3071	2	36	75
1536	3583	3071	3	32	54
1792	3583	3071	4	29	38
2048	3583	3071	5	26	27
2303	3583	3071	7	23	18
2559	3583	3071	8	20	11
2815	3583	3071	9	18	6
3071	3583	3071	10	16	3
3327	3583	3071	12	15	1
3583	3583	3071	13	13	0
3839	3583	3071	15	12	0
4095	3583	3071	16	10	0
0	3839	3071	0	83	479
256	3839	3071	0	50	201
512	3839	3071	0	40	131
768	3839	3071	0	33	88
1024	3839	3071	0	28	60
1280	3839	3071	0	24	40
1536	3839	3071	0	21	26
1792	3839	3071	1	18	16
2048	3839	3071	1	16	9
2303	3839	3071	1	14	4
2559	3839	3071	2	12	2
2815	3839	3071	3	10	0
3071	3839	3071	3	9	0
3327	3839	3071	4	8	0
3583	3839	3071	5	7	0
3839	3839	3071	6	6	0
4095	3839	3071	7	5	0
0	4095	3071	0	64	377
256	4095	3071	0	36	140
512	4095	3071	0	28	83
768	4095	3071	0	22	51
1024	4095	3071	0	18	31
1280	4095	3071	0	15	17
1536	4095	3071	0	13	9
1792	4095	3071	0	11	4
2048	4095	3071	0	9	1
2303	4095	3071	0	7	0
2559	4095	3071	0	6	0
2815	4095	3071	0	5	0
3071	4095	3071	0	4	0
3327	4095	3071	1	3	0
3583	4095	3071	1	3	0
3839	4095	3071	1	2	0
4095	4095	3071	2	2	0
0	0	3327	2443	2443	4095
256	0	3327	2675	2213	4095
512	0	3327	2764	2130	4095
768	0	3327	2831	2070	4095
1024	0	3327	2888	2021	4095
1280	0	3327	2938	1978	4095
1536	0	3327	2983	1940	4095
1792	0	3327	3024	1906	4095
2048	0	3327	3063	1875	4095
2303	0	3327	3099	1847	4095
2559	0	3327	3133	1820	4095
2815	0	3327	3166	1794	4095
3071	0	3327	3197	1770	4095
3327	0	3327	3228	1748	4095
3583	0	3327	3257	1726	4095
3839	0	3327	3285	1706	4095
4095	0	3327	3312	1686	4095
0	256	3327	1052	1366	4095
256	256	3327	1200	1200	4095
512	256	3327	1257	1141	4095
768	256	3327	1301	1098	4095
1024	256	3327	1339	1063	4095
1280	256	3327	1371	1033	4095
1536	256	3327	1401	1007	4095
1792	256	3327	1429	983	4095
2048	256	3327	1454	962	4095
2303	256	3327	1479	942	3990
2559	256	3327	1502	923	3846
2815	256	3327	1524	906	3713
3071	256	3327	1545	889	3588
3327	256	3327	1565	874	3471
3583	256	3327	1584	859	3361
3839	256	3327	1603	845	3257
4095	256	3327	1622	831	3158
0	512	3327	693	1052	4095
256	512	3327	811	908	4095
512	512	3327	858	858	4095
768	512	3327	894	821	3906
1024	512	3327	924	792	3662
1280	512	3327	951	766	3457
1536	512	3327	976	744	3278
1792	512	3327	998	724	3120
2048	512	3327	1019	705	2977
2303	512	3327	1039	689	2848
2559	512	3327	1058	673	2728
2815	512	3327	1076	658	2618
3071	512	3327	1094	644	2515
3327	512	3327	1111	631	2419
3583	512	3327	1127	619	2329
3839	512	3327	1143	607	2244
4095	512	3327	1158	596	2163
0	768	3327	476	846	4095
256	768	3327	574	719	3683
512	768	3327	613	675	3308
768	768	3327	643	643	3041
1024	768	3327	668	617	2829
1280	768	3327	690	594	2651
1536	768	3327	711	575	2497
1792	768	3327	730	557	2361
2048	768	3327	748	542	2238
2303	768	3327	765	527	2128
2559	768	3327	781	513	2026
2815	768	3327	796	501	1932
3071	768	3327	811	489	1845
3327	768	3327	825	478	1764
3583	768	3327	839	467	1688
3839	768	3327	852	457	1617
4095	768	3327	865	447	1550
0	1024	3327	330	693	3991
256	1024	3327	410	580	2982
512	1024	3327	443	540	2648
768	1024	3327	468	512	2412
1024	1024	3327	489	489	2226
1280	1024	3327	508	470	2070
1536	1024	3327	526	452	1936
1792	1024	3327	542	437	1817
2048	1024	3327	557	423	1711
2303	1024	3327	571	411	1616
2559	1024	3327	585	399	1529
2815	1024	3327	598	388	1448
3071	1024	3327	611	377	1374
3327	1024	3327	623	368	1305
3583	1024	3327	635	358	1241
3839	1024	3327	646	350	1181
4095	1024	3327	658	341	1124
0	1280	3327	225	573	3347
256	1280	3327	292	472	2436
512	1280	3327	319	437	2138
768	1280	3327	340	411	1929
1024	1280	3327	358	391	1764
1280	1280	3327	374	374	1627
1536	1280	3327	389	359	1509
1792	1280	3327	402	345	1406
2048	1280	3327	415	333	1314
2303	1280	3327	427	322	1232
2559	1280	3327	439	312	1157
2815	1280	3327	450	302	1088
3071	1280	3327	461	293	1025
3327	1280	3327	472	284	966
3583	1280	3327	482	276	912
3839	1280	3327	492	269	861
4095	1280	3327	502	262	813
0	1536	3327	150	477	2822
256	1536	3327	204	385	1997
512	1536	3327	226	354	1731
768	1536	3327	244	331	1545
1024	1536	3327	259	313	1399
1280	1536	3327	272	298	1279
1536	1536	3327	285	285	1176
1792	1536	3327	296	273	1086
2048	1536	3327	307	262	1007
2303	1536	3327	318	252	936
2559	1536	3327	328	243	871
2815	1536	3327	337	235	812
3071	1536	3327	346	227	758
3327	1536	3327	355	220	709
3583	1536	3327	364	213	663
3839	1536	3327	373	206	620
4095	1536	3327	381	200	581
0	1792	3327	96	397	2385
256	1792	3327	139	314	1638
512	1792	3327	157	286	1400
768	1792	3327	171	266	1235
1024	1792	3327	183	250	1107
1280	1792	3327	195	237	1001
1536	1792	3327	205	225	911
1792	1792	3327	215	215	833
2048	1792	3327	224	205	764
2303	1792	3327	233	197	703
2559	1792	3327	241	189	648
2815	1792	3327	249	182	598
3071	1792	3327	257	175	553
3327	1792	3327	265	168	511
3583	1792	3327	272	162	473
3839	1792	3327	280	157	438
4095	1792	3327	287	151	405
0	2048	3327	57	330	2016
256	2048	3327	90	256	1340
512	2048	3327	105	231	1128
768	2048	3327	116	213	982
1024	2048	3327	126	199	869
1280	2048	3327	135	187	776
1536	2048	3327	144	177	698
1792	2048	3327	152	168	631
2048	2048	3327	160	160	572
2303	2048	3327	167	152	520
2559	2048	3327	174	145	474
2815	2048	3327	181	139	432
3071	2048	3327	187	133	394
3327	2048	3327	194	128	359
3583	2048	3327	200	122	328
3839	2048	3327	206	118	299
4095	2048	3327	212	113	273
0	2303	3327	30	274	1703
256	2303	3327	55	207	1092
512	2303	3327	66	185	903
768	2303	3327	75	169	774
1024	2303	3327	83	157	675
1280	2303	3327	91	147	595
1536	2303	3327	97	138	528
1792	2303	3327	104	130	470
2048	2303	3327	110	123	421
2303	2303	3327	116	116	377
2559	2303	3327	122	110	338
2815	2303	3327	128	105	303
3071	2303	3327	133	100	272
3327	2303	3327	138	95	244
3583	2303	3327	144	91	219
3839	2303	3327	149	87	196
4095	2303	3327	154	83	175
0	2559	3327	13	226	1434
256	2559	3327	30	166	883
512	2559	3327	38	147	715
768	2559	3327	45	133	602
1024	2559	3327	51	122	517
1280	2559	3327	57	113	448
1536	2559	3327	62	105	390
1792	2559	3327	67	98	342
2048	2559	3327	72	92	300
2303	2559	3327	77	87	264
2559	2559	3327	82	82	232
2815	2559	3327	86	77	204
3071	2559	3327	91	73	179
3327	2559	3327	95	69	157
3583	2559	3327	99	65	137
3839	2559	3327	104	62	119
4095	2559	3327	108	59	104
0	2815	3327	4	185	1202
256	2815	3327	14	132	707
512	2815	3327	20	115	560
768	2815	3327	24	103	461
1024	2815	3327	29	94	387
1280	2815	3327	33	86	329
1536	2815	3327	37	79	281
1792	2815	3327	41	73	240
2048	2815	3327	44	68	206
2303	2815	3327	48	63	177
2559	2815	3327	52	59	151
2815	2815	3327	55	55	129
3071	2815	3327	59	52	110
3327	2815	3327	62	49	93
3583	2815	3327	66	46	78
3839	2815	3327	69	43	65
4095	2815	3327	72	40	54
0	3071	3327	0	151	1002
256	3071	3327	5	104	559
512	3071	3327	8	89	430
768	3071	3327	11	78	346
1024	3071	3327	14	70	283
1280	3071	3327	16	63	234
1536	3071	3327	19	58	194
1792	3071	3327	22	53	162
2048	3071	3327	25	49	134
2303	3071	3327	27	45	111
2559	3071	3327	30	41	92
2815	3071	3327	33	38	75
3071	3071	3327	35	35	61
3327	3071	3327	38	33	49
3583	3071	3327	40	30	39
3839	3071	3327	43	28	30
4095	3071	3327	46	26	23
0	3327	3327	0	121	829
256	3327	3327	0	80	436
512	3327	3327	2	67	324
768	3327	3327	3	58	252
1024	3327	3327	5	51	200
1280	3327	3327	6	46	160
1536	3327	3327	8	41	128
1792	3327	3327	10	37	102
2048	3327	3327	11	33	81
2303	3327	3327	13	30	64
2559	3327	3327	15	27	49
2815	3327	3327	17	25	38
3071	3327	3327	19	23	28
3327	3327	3327	21	21	21
3583	3327	3327	22	19	14
3839	3327	3327	24	17	10
4095	3327	3327	26	15	6
0	3583	3327	0	96	680
256	3583	3327	0	60	332
512	3583	3327	0	49	237
768	3583	3327	0	42	177
1024	3583	3327	1	36	134
1280	3583	3327	1	31	102
1536	3583	3327	2	28	78
1792	3583	3327	3	24	58
2048	3583	3327	4	22	43
2303	3583	3327	5	19	31
2559	3583	3327	6	17	22
2815	3583	3327	7	15	15
3071	3583	3327	8	13	9
3327	3583	3327	9	12	5
3583	3583	3327	10	10	3
3839	3583	3327	12	9	1
4095	3583	3327	13	8	0
0	3839	3327	0	75	552
256	3839	3327	0	44	247
512	3839	3327	0	35	167
768	3839	3327	0	29	118
1024	3839	3327	0	24	85
1280	3839	3327	0	20	60
1536	3839	3327	0	17	42
1792	3839	3327	0	15	29
2048	3839	3327	0	13	19
2303	3839	3327	1	11	11
2559	3839	3327	1	9	6
2815	3839	3327	2	8	3
3071	3839	3327	2	7	1
3327	3839	3327	3	6	0
3583	3839	3327	3	5	0
3839	3839	3327	4	4	0
4095	3839	3327	5	3	0
0	4095	3327	0	57	441
256	4095	3327	0	31	178
512	4095	3327	0	23	112
768	4095	3327	0	19	74
1024	4095	3327	0	15	48
1280	4095	3327	0	12	31
1536	4095	3327	0	10	19
1792	4095	3327	0	8	10
2048	4095	3327	0	7	5
2303	4095	3327	0	5	2
2559	4095	3327	0	4	0
2815	4095	3327	0	3	0
3071	4095	3327	0	3	0
3327	4095	3327	0	2	0
3583	4095	3327	0	2	0
3839	4095	3327	1	1	0
4095	4095	3327	1	1	0
0	0	3583	2394	2394	4095
256	0	3583	2624	2167	4095
512	0	3583	2712	2085	4095
768	0	3583	2778	2026	4095
1024	0	3583	2835	1977	4095
1280	0	3583	2884	1935	4095
1536	0	3583	2929	1898	4095
1792	0	3583	2970	1864	4095
2048	0	3583	3008	1833	4095
2303	0	3583	3044	1805	4095
2559	0	3583	3078	1778	4095
2815	0	3583	3110	1753	4095
3071	0	3583	3141	1730	4095
3327	0	3583	3171	1707	4095
3583	0	3583	3200	1686	4095
3839	0	3583	3228	1666	4095
4095	0	3583	3255	1646	4095
0	256	3583	1021	1331	4095
256	256	3583	1167	1167	4095
512	256	3583	1224	1109	4095
768	256	3583	1267	1067	4095
1024	256	3583	1304	1033	4095
1280	256	3583	1336	1003	4095
1536	256	3583	1366	977	4095
1792	256	3583	1393	954	4095
2048	256	3583	1418	933	4095
2303	256	3583	1442	913	4095
2559	256	3583	1464	895	4058
2815	256	3583	1486	878	3921
3071	256	3583	1507	861	3793
3327	256	3583	1527	846	3672
3583	256	3583	1546	832	3558
3839	256	3583	1565	818	3451
4095	256	3583	1583	805	3349
0	512	3583	668	1021	4095
256	512	3583	785	880	4095
512	512	3583	831	831	4095
768	512	3583	866	795	4095
1024	512	3583	896	766	3868
1280	512	3583	922	741	3657
1536	512	3583	946	719	3473
1792	512	3583	969	699	3309
2048	512	3583	989	681	3162
2303	512	3583	1009	664	3028
2559	512	3583	1028	649	2905
2815	512	3583	1045	635	2790
3071	512	3583	1063	621	2684
3327	512	3583	1079	608	2584
3583	512	3583	1095	596	2491
3839	512	3583	1111	585	2402
4095	512	3583	1126	574	2319
0	768	3583	457	819	4095
256	768	3583	552	694	3891
512	768	3583	590	651	3504
768	768	3583	619	619	3228
1024	768	3583	644	594	3009
1280	768	3583	666	572	2825
1536	768	3583	686	553	2665
1792	768	3583	705	536	2524
2048	768	3583	723	520	2397
2303	768	3583	739	506	2282
2559	768	3583	755	493	2176
2815	768	3583	770	480	2079
3071	768	3583	784	469	1988
3327	768	3583	799	458	1904
3583	768	3583	812	448	1825
3839	768	3583	825	438	1750
4095	768	3583	838	428	1680
0	1024	3583	314	669	4095
256	1024	3583	392	558	3167
512	1024	3583	424	519	2822
768	1024	3583	448	491	2577
1024	1024	3583	469	469	2384
1280	1024	3583	488	450	2222
1536	1024	3583	505	433	2082
1792	1024	3583	520	418	1959
2048	1024	3583	535	405	1849
2303	1024	3583	549	392	1749
2559	1024	3583	563	381	1658
2815	1024	3583	576	370	1574
3071	1024	3583	588	360	1496
3327	1024	3583	600	351	1424
3583	1024	3583	612	342	1357
3839	1024	3583	623	333	1293
4095	1024	3583	634	325	1234
0	1280	3583	212	552	3544
256	1280	3583	277	452	2602
512	1280	3583	303	418	2293
768	1280	3583	323	393	2075
1024	1280	3583	341	373	1903
1280	1280	3583	357	357	1761
1536	1280	3583	371	342	1638
1792	1280	3583	384	329	1530
2048	1280	3583	397	317	1434
2303	1280	3583	409	306	1347
2559	1280	3583	420	296	1268
2815	1280	3583	431	287	1196
3071	1280	3583	442	278	1129
3327	1280	3583	452	270	1067
3583	1280	3583	462	262	1010
3839	1280	3583	472	255	956
4095	1280	3583	481	248	906
0	1536	3583	140	457	3001
256	1536	3583	192	367	2146
512	1536	3583	213	337	1869
768	1536	3583	230	315	1675
1024	1536	3583	245	298	1523
1280	1536	3583	258	283	1396
1536	1536	3583	270	270	1288
1792	1536	3583	281	258	1194
2048	1536	3583	292	248	1110
2303	1536	3583	302	238	1035
2559	1536	3583	312	230	967
2815	1536	3583	321	222	904
3071	1536	3583	330	214	847
3327	1536	3583	339	207	795
3583	1536	3583	347	200	746
3839	1536	3583	356	194	700
4095	1536	3583	364	188	658
0	1792	3583	88	379	2549
256	1792	3583	129	299	1772
512	1792	3583	146	271	1523
768	1792	3583	160	252	1350
1024	1792	3583	172	237	1215
1280	1792	3583	183	223	1104
1536	1792	3583	193	212	1009
1792	1792	3583	202	202	927
2048	1792	3583	211	193	854
2303	1792	3583	219	185	789
2559	1792	3583	228	177	730
2815	1792	3583	235	170	677
3071	1792	3583	243	163	628
3327	1792	3583	251	157	583
3583	1792	3583	258	152	542
3839	1792	3583	265	146	504
4095	1792	3583	272	141	469
0	2048	3583	51	314	2166
256	2048	3583	82	242	1461
512	2048	3583	96	218	1238
768	2048	3583	107	201	1084
1024	2048	3583	117	187	964
1280	2048	3583	126	175	866
1536	2048	3583	134	165	784
1792	2048	3583	141	157	712
2048	2048	3583	149	149	649
2303	2048	3583	156	142	593
2559	2048	3583	163	135	543
2815	2048	3583	169	129	498
3071	2048	3583	176	123	457
3327	2048	3583	182	118	419
3583	2048	3583	188	113	385
3839	2048	3583	194	109	354
4095	2048	3583	200	104	325
0	2303	3583	26	259	1840
256	2303	3583	49	195	1200
512	2303	3583	59	173	1001
768	2303	3583	68	158	864
1024	2303	3583	76	146	759
1280	2303	3583	83	136	673
1536	2303	3583	89	128	601
1792	2303	3583	95	120	539
2048	2303	3583	101	113	486
2303	2303	3583	107	107	438
2559	2303	3583	113	101	396
2815	2303	3583	118	96	358
3071	2303	3583	123	91	324
3327	2303	3583	128	87	293
3583	2303	3583	133	83	265
3839	2303	3583	138	79	239
4095	2303	3583	143	75	216
0	2559	3583	11	213	1559
256	2559	3583	26	155	980
512	2559	3583	34	137	802
768	2559	3583	40	123	681
1024	2559	3583	46	113	589
1280	2559	3583	51	104	515
1536	2559	3583	56	97	453
1792	2559	3583	61	90	400
2048	2559	3583	65	84	355
2303	2559	3583	70	79	315
2559	2559	3583	74	74	280
2815	2559	3583	79	70	248
3071	2559	3583	83	66	221
3327	2559	3583	87	62	196
3583	2559	3583	91	59	173
3839	2559	3583	95	56	153
4095	2559	3583	99	53	135
0	2815	3583	3	173	1316
256	2815	3583	11	122	793
512	2815	3583	16	106	635
768	2815	3583	21	95	529
1024	2815	3583	25	86	450
1280	2815	3583	28	78	386
1536	2815	3583	32	72	333
1792	2815	3583	36	66	289
2048	2815	3583	39	61	251
2303	2815	3583	43	57	218
2559	2815	3583	46	53	190
2815	2815	3583	49	49	164
3071	2815	3583	53	46	142
3327	2815	3583	56	43	123
3583	2815	3583	59	40	106
3839	2815	3583	62	38	90
4095	2815	3583	65	35	77
0	3071	3583	0	140	1105
256	3071	3583	3	95	635
512	3071	3583	6	81	496
768	3071	3583	8	71	404
1024	3071	3583	11	63	336
1280	3071	3583	13	57	282
1536	3071	3583	16	52	238
1792	3071	3583	18	47	201
2048	3071	3583	21	43	170
2303	3071	3583	23	39	144
2559	3071	3583	26	36	121
2815	3071	3583	28	33	102
3071	3071	3583	31	31	85
3327	3071	3583	33	28	70
3583	3071	3583	35	26	58
3839	3071	3583	38	24	47
4095	3071	3583	40	22	38
0	3327	3583	0	112	922
256	3327	3583	0	72	502
512	3327	3583	1	60	381
768	3327	3583	2	52	302
1024	3327	3583	3	45	244
1280	3327	3583	5	40	199
1536	3327	3583	6	36	163
1792	3327	3583	7	32	133
2048	3327	3583	9	29	109
2303	3327	3583	11	26	88
2559	3327	3583	12	23	71
2815	3327	3583	14	21	57
3071	3327	3583	15	19	45
3327	3327	3583	17	17	35
3583	3327	3583	19	15	26
3839	3327	3583	21	14	19
4095	3327	3583	22	12	14
0	3583	3583	0	88	764
256	3583	3583	0	54	390
512	3583	3583	0	43	285
768	3583	3583	0	37	219
1024	3583	3583	0	31	170
1280	3583	3583	1	27	134
1536	3583	3583	1	24	105
1792	3583	3583	2	21	82
2048	3583	3583	2	18	63
2303	3583	3583	3	16	48
2559	3583	3583	4	14	36
2815	3583	3583	5	12	27
3071	3583	3583	6	11	19
3327	3583	3583	7	9	13
3583	3583	3583	8	8	8
3839	3583	3583	9	7	5
4095	3583	3583	10	6	2
0	3839	3583	0	68	627
256	3839	3583	0	39	297
512	3839	3583	0	30	208
768	3839	3583	0	25	152
1024	3839	3583	0	20	113
1280	3839	3583	0	17	84
1536	3839	3583	0	14	62
1792	3839	3583	0	12	45
2048	3839	3583	0	10	32
2303	3839	3583	0	9	22
2559	3839	3583	0	7	14
2815	3839	3583	1	6	9
3071	3839	3583	1	5	5
3327	3839	3583	2	4	2
3583	3839	3583	2	3	1
3839	3839	3583	3	3	0
4095	3839	3583	3	2	0
0	4095	3583	0	51	508
256	4095	3583	0	27	220
512	4095	3583	0	20	145
768	4095	3583	0	15	100
1024	4095	3583	0	12	70
1280	4095	3583	0	10	48
1536	4095	3583	0	8	32
1792	4095	3583	0	6	21
2048	4095	3583	0	5	12
2303	4095	3583	0	4	7
2559	4095	3583	0	3	3
2815	4095	3583	0	2	1
3071	4095	3583	0	2	0
3327	4095	3583	0	1	0
3583	4095	3583	0	1	0
3839	4095	3583	0	1	0
4095	4095	3583	0	0	0
0	0	3839	2348	2348	4095
256	0	3839	2575	2123	4095
512	0	3839	2662	2043	4095
768	0	3839	2728	1984	4095
1024	0	3839	2784	1935	4095
1280	0	3839	2833	1894	4095
1536	0	3839	2877	1857	4095
1792	0	3839	2918	1824	4095
2048	0	3839	2956	1793	4095
2303	0	3839	2991	1765	4095
2559	0	3839	3025	1739	4095
2815	0	3839	3057	1714	4095
3071	0	3839	3088	1691	4095
3327	0	3839	3117	1669	4095
3583	0	3839	3146	1648	4095
3839	0	3839	3173	1628	4095
4095	0	3839	3200	1609	4095
0	256	3839	992	1297	4095
256	256	3839	1136	1136	4095
512	256	3839	1192	1079	4095
768	256	3839	1235	1037	4095
1024	256	3839	1271	1004	4095
1280	256	3839	1303	975	4095
1536	256	3839	1332	949	4095
1792	256	3839	1358	926	4095
2048	256	3839	1383	905	4095
2303	256	3839	1407	886	4095
2559	256	3839	1429	868	4095
2815	256	3839	1451	851	4095
3071	256	3839	1471	835	3995
3327	256	3839	1491	820	3871
3583	256	3839	1510	806	3754
3839	256	3839	1528	792	3643
4095	256	3839	1546	779	3538
0	512	3839	645	993	4095
256	512	3839	760	854	4095
512	512	3839	805	805	4095
768	512	3839	840	770	4095
1024	512	3839	869	741	4073
1280	512	3839	895	716	3855
1536	512	3839	919	695	3666
1792	512	3839	940	675	3497
2048	512	3839	961	658	3345
2303	512	3839	980	642	3207
2559	512	3839	999	627	3080
2815	512	3839	1016	612	2962
3071	512	3839	1033	599	2852
3327	512	3839	1049	587	2749
3583	512	3839	1065	575	2652
3839	512	3839	1080	563	2561
4095	512	3839	1095	553	2474
0	768	3839	438	793	4095
256	768	3839	531	671	4095
512	768	3839	569	628	3698
768	768	3839	597	597	3414
1024	768	3839	622	572	3188
1280	768	3839	643	551	2997
1536	768	3839	663	532	2832
1792	768	3839	681	516	2686
2048	768	3839	699	500	2555
2303	768	3839	715	486	2436
2559	768	3839	730	474	2327
2815	768	3839	745	461	2225
3071	768	3839	759	450	2131
3327	768	3839	773	439	2044
3583	768	3839	787	429	1961
3839	768	3839	800	420	1884
4095	768	3839	812	410	1811
0	1024	3839	298	646	4095
256	1024	3839	375	537	3350
512	1024	3839	406	499	2994
768	1024	3839	430	472	2742
1024	1024	3839	450	450	2541
1280	1024	3839	468	432	2374
1536	1024	3839	485	415	2229
1792	1024	3839	501	401	2101
2048	1024	3839	515	387	1986
2303	1024	3839	529	375	1883
2559	1024	3839	542	364	1788
2815	1024	3839	555	354	1700
3071	1024	3839	567	344	1619
3327	1024	3839	578	334	1544
3583	1024	3839	590	326	1473
3839	1024	3839	601	317	1407
4095	1024	3839	612	310	1345
0	1280	3839	200	531	3739
256	1280	3839	263	433	2767
512	1280	3839	288	400	2447
768	1280	3839	308	376	2221
1024	1280	3839	325	357	2043
1280	1280	3839	340	340	1895
1536	1280	3839	354	326	1767
1792	1280	3839	367	313	1654
2048	1280	3839	380	302	1554
2303	1280	3839	391	291	1463
2559	1280	3839	402	281	1381
2815	1280	3839	413	272	1305
3071	1280	3839	424	264	1235
3327	1280	3839	434	256	1170
3583	1280	3839	443	248	1109
3839	1280	3839	453	241	1053
4095	1280	3839	462	234	1000
0	1536	3839	130	438	3180
256	1536	3839	180	351	2295
512	1536	3839	201	321	2007
768	1536	3839	217	300	1805
1024	1536	3839	231	283	1647
1280	1536	3839	244	268	1515
1536	1536	3839	256	256	1402
1792	1536	3839	267	245	1303
2048	1536	3839	277	235	1215
2303	1536	3839	287	225	1136
2559	1536	3839	296	217	1064
2815	1536	3839	306	209	998
3071	1536	3839	314	202	938
3327	1536	3839	323	195	882
3583	1536	3839	331	188	830
3839	1536	3839	339	182	782
4095	1536	3839	347	176	737
0	1792	3839	80	362	2712
256	1792	3839	119	284	1907
512	1792	3839	136	258	1647
768	1792	3839	149	239	1466
1024	1792	3839	161	224	1325
1280	1792	3839	171	211	1208
1536	1792	3839	181	200	1109
1792	1792	3839	190	190	1022
2048	1792	3839	199	181	945
2303	1792	3839	207	173	876
2559	1792	3839	215	166	814
2815	1792	3839	223	159	757
3071	1792	3839	230	153	705
3327	1792	3839	237	147	658
3583	1792	3839	244	141	614
3839	1792	3839	251	136	573
4095	1792	3839	258	131	535
0	2048	3839	45	299	2316
256	2048	3839	75	229	1582
512	2048	3839	88	205	1349
768	2048	3839	99	189	1187
1024	2048	3839	108	176	1061
1280	2048	3839	116	164	958
1536	2048	3839	124	155	870
1792	2048	3839	132	146	794
2048	2048	3839	139	139	728
2303	2048	3839	146	132	668
2559	2048	3839	152	126	615
2815	2048	3839	158	120	566
3071	2048	3839	165	114	522
3327	2048	3839	171	109	482
3583	2048	3839	176	105	445
3839	2048	3839	182	100	411
4095	2048	3839	188	96	379
0	2303	3839	22	246	1977
256	2303	3839	44	183	1309
512	2303	3839	53	162	1100
768	2303	3839	62	148	955
1024	2303	3839	69	136	844
1280	2303	3839	75	127	753
1536	2303	3839	82	118	677
1792	2303	3839	88	111	611
2048	2303	3839	93	105	553
2303	2303	3839	99	99	502
2559	2303	3839	104	93	456
2815	2303	3839	109	88	415
3071	2303	3839	114	84	378
3327	2303	3839	119	80	344
3583	2303	3839	124	76	314
3839	2303	3839	129	72	286
4095	2303	3839	133	68	260
0	2559	3839	8	201	1684
256	2559	3839	22	145	1077
512	2559	3839	29	127	890
768	2559	3839	35	114	762
1024	2559	3839	40	104	664
1280	2559	3839	45	96	584
1536	2559	3839	50	89	518
1792	2559	3839	55	83	461
2048	2559	3839	59	77	412
2303	2559	3839	63	72	368
2559	2559	3839	68	68	330
2815	2559	3839	72	63	296
3071	2559	3839	76	60	265
3327	2559	3839	80	56	237
3583	2559	3839	84	53	212
3839	2559	3839	87	50	190
4095	2559	3839	91	47	169
0	2815	3839	2	163	1430
256	2815	3839	9	113	880
512	2815	3839	13	98	713
768	2815	3839	17	87	600
1024	2815	3839	21	78	514
1280	2815	3839	24	71	446
1536	2815	3839	28	65	389
1792	2815	3839	31	60	340
2048	2815	3839	34	55	299
2303	2815	3839	38	51	262
2559	2815	3839	41	47	231
2815	2815	3839	44	44	203
3071	2815	3839	47	41	178
3327	2815	3839	50	38	156
3583	2815	3839	53	35	136
3839	2815	3839	56	33	118
4095	2815	3839	59	31	103
0	3071	3839	0	130	1209
256	3071	3839	2	87	713
512	3071	3839	4	74	564
768	3071	3839	6	64	466
1024	3071	3839	9	57	391
1280	3071	3839	11	51	332
1536	3071	3839	13	46	284
1792	3071	3839	15	42	243
2048	3071	3839	17	38	209
2303	3071	3839	20	35	179
2559	3071	3839	22	32	154
2815	3071	3839	24	29	131
3071	3071	3839	26	26	112
3327	3071	3839	29	24	95
3583	3071	3839	31	22	80
3839	3071	3839	33	20	67
4095	3071	3839	35	19	56
0	3327	3839	0	103	1017
256	3327	3839	0	66	570
512	3327	3839	0	54	440
768	3327	3839	1	46	354
1024	3327	3839	2	40	291
1280	3327	3839	3	35	241
1536	3327	3839	4	31	201
1792	3327	3839	6	28	167
2048	3327	3839	7	25	139
2303	3327	3839	8	22	116
2559	3327	3839	10	20	96
2815	3327	3839	11	18	79
3071	3327	3839	13	16	64
3327	3327	3839	14	14	52
3583	3327	3839	16	13	41
3839	3327	3839	17	11	32
4095	3327	3839	19	10	25
0	3583	3839	0	80	849
256	3583	3839	0	48	450
512	3583	3839	0	38	336
768	3583	3839	0	32	263
1024	3583	3839	0	27	209
1280	3583	3839	0	23	168
1536	3583	3839	1	20	135
1792	3583	3839	1	17	109
2048	3583	3839	1	15	87
2303	3583	3839	2	13	69
2559	3583	3839	3	11	54
2815	3583	3839	4	10	42
3071	3583	3839	4	8	32
3327	3583	3839	5	7	23
3583	3583	3839	6	6	17
3839	3583	3839	7	5	11
4095	3583	3839	8	4	7
0	3839	3839	0	61	704
256	3839	3839	0	34	349
512	3839	3839	0	26	251
768	3839	3839	0	21	189
1024	3839	3839	0	17	144
1280	3839	3839	0	14	111
1536	3839	3839	0	12	85
1792	3839	3839	0	10	65
2048	3839	3839	0	8	49
2303	3839	3839	0	7	36
2559	3839	3839	0	5	26
2815	3839	3839	0	4	18
3071	3839	3839	1	4	12
3327	3839	3839	1	3	7
3583	3839	3839	1	2	4
3839	3839	3839	2	2	2
4095	3839	3839	2	1	0
0	4095	3839	0	46	577
256	4095	3839	0	23	264
512	4095	3839	0	17	181
768	4095	3839	0	13	130
1024	4095	3839	0	10	94
1280	4095	3839	0	8	68
1536	4095	3839	0	6	49
1792	4095	3839	0	4	34
2048	4095	3839	0	3	23
2303	4095	3839	0	3	15
2559	4095	3839	0	2	9
2815	4095	3839	0	1	5
3071	4095	3839	0	1	2
3327	4095	3839	0	1	1
3583	4095	3839	0	0	0
3839	4095	3839	0	0	0
4095	4095	3839	0	0	0
0	0	4095	2304	2304	4095
256	0	4095	2529	2081	4095
512	0	4095	2615	2002	4095
768	0	4095	2681	1944	4095
1024	0	4095	2736	1896	4095
1280	0	4095	2784	1855	4095
1536	0	4095	2828	1818	4095
1792	0	4095	2868	1786	4095
2048	0	4095	2906	1756	4095
2303	0	4095	2941	1728	4095
2559	0	4095	2974	1702	4095
2815	0	4095	3006	1677	4095
3071	0	4095	3037	1654	4095
3327	0	4095	3066	1633	4095
3583	0	4095	3094	1612	4095
3839	0	4095	3121	1592	4095
4095	0	4095	3148	1573	4095
0	256	4095	965	1266	4095
256	256	4095	1106	1106	4095
512	256	4095	1161	1050	4095
768	256	4095	1204	1009	4095
1024	256	4095	1239	976	4095
1280	256	4095	1271	947	4095
1536	256	4095	1299	922	4095
1792	256	4095	1326	900	4095
2048	256	4095	1350	879	4095
2303	256	4095	1374	860	4095
2559	256	4095	1396	842	4095
2815	256	4095	1417	826	4095
3071	256	4095	1437	810	4095
3327	256	4095	1457	795	4068
3583	256	4095	1475	781	3948
3839	256	4095	1494	768	3834
4095	256	4095	1511	755	3726
0	512	4095	624	965	4095
256	512	4095	736	828	4095
512	512	4095	781	781	4095
768	512	4095	815	746	4095
1024	512	4095	843	718	4095
1280	512	4095	869	693	4052
1536	512	4095	892	672	3857
1792	512	4095	914	653	3684
2048	512	4095	934	636	3528
2303	512	4095	953	620	3386
2559	512	4095	971	605	3254
2815	512	4095	988	591	3133
3071	512	4095	1005	578	3019
3327	512	4095	1021	566	2913
3583	512	4095	1037	554	2813
3839	512	4095	1052	543	2718
4095	512	4095	1066	533	2629
0	768	4095	420	769	4095
256	768	4095	512	648	4095
512	768	4095	548	607	3890
768	768	4095	576	576	3598
1024	768	4095	600	552	3365
1280	768	4095	622	531	3169
1536	768	4095	641	513	2999
1792	768	4095	659	496	2848
2048	768	4095	676	482	2713
2303	768	4095	692	468	2590
2559	768	4095	707	455	2476
2815	768	4095	722	443	2372
3071	768	4095	736	432	2274
3327	768	4095	749	422	2183
3583	768	4095	762	412	2098
3839	768	4095	775	402	2018
4095	768	4095	788	394	1942
0	1024	4095	284	624	4095
256	1024	4095	359	517	3533
512	1024	4095	389	480	3166
768	1024	4095	412	454	2906
1024	1024	4095	432	432	2699
1280	1024	4095	450	414	2525
1536	1024	4095	467	398	2375
1792	1024	4095	482	384	2243
2048	1024	4095	496	371	2124
2303	1024	4095	509	359	2016
2559	1024	4095	522	348	1918
2815	1024	4095	535	338	1827
3071	1024	4095	547	328	1742
3327	1024	4095	558	319	1664
3583	1024	4095	569	311	1590
3839	1024	4095	580	303	1521
4095	1024	4095	591	295	1457
0	1280	4095	189	511	3932
256	1280	4095	249	416	2931
512	1280	4095	274	383	2601
768	1280	4095	294	360	2368
1024	1280	4095	310	341	2183
1280	1280	4095	325	325	2029
1536	1280	4095	339	311	1896
1792	1280	4095	351	299	1779
2048	1280	4095	363	287	1674
2303	1280	4095	375	277	1580
2559	1280	4095	386	268	1494
2815	1280	4095	396	259	1415
3071	1280	4095	406	250	1341
3327	1280	4095	416	243	1273
3583	1280	4095	426	235	1210
3839	1280	4095	435	228	1151
4095	1280	4095	444	222	1095
0	1536	4095	121	421	3357
256	1536	4095	169	335	2444
512	1536	4095	190	307	2146
768	1536	4095	205	286	1936
1024	1536	4095	219	269	1771
1280	1536	4095	232	255	1634
1536	1536	4095	243	243	1516
1792	1536	4095	254	232	1413
2048	1536	4095	264	222	1321
2303	1536	4095	273	213	1238
2559	1536	4095	282	205	1163
2815	1536	4095	291	197	1094
3071	1536	4095	300	190	1030
3327	1536	4095	308	184	971
3583	1536	4095	316	177	917
3839	1536	4095	324	171	866
4095	1536	4095	332	166	818
0	1792	4095	73	346	2875
256	1792	4095	111	270	2042
512	1792	4095	127	244	1772
768	1792	4095	140	226	1583
1024	1792	4095	151	212	1436
1280	1792	4095	161	199	1314
1536	1792	4095	170	189	1209
1792	1792	4095	179	179	1118
2048	1792	4095	187	171	1037
2303	1792	4095	195	163	965
2559	1792	4095	203	156	899
2815	1792	4095	211	149	839
3071	1792	4095	218	143	785
3327	1792	4095	225	137	734
3583	1792	4095	232	132	687
3839	1792	4095	238	127	644
4095	1792	4095	245	122	603
0	2048	4095	40	285	2465
256	2048	4095	68	216	1704
512	2048	4095	81	194	1460
768	2048	4095	91	178	1291
1024	2048	4095	100	165	1160
1280	2048	4095	108	154	1051
1536	2048	4095	116	145	959
1792	2048	4095	123	137	879
2048	2048	4095	129	129	808
2303	2048	4095	136	123	745
2559	2048	4095	142	117	688
2815	2048	4095	148	111	637
3071	2048	4095	154	106	590
3327	2048	4095	160	101	546
3583	2048	4095	166	97	507
3839	2048	4095	171	92	470
4095	2048	4095	177	88	436
0	2303	4095	19	233	2115
256	2303	4095	39	172	1420
512	2303	4095	48	152	1200
768	2303	4095	56	138	1049
1024	2303	4095	63	127	931
1280	2303	4095	69	118	835
1536	2303	4095	75	110	754
1792	2303	4095	80	103	684
2048	2303	4095	86	97	622
2303	2303	4095	91	91	568
2559	2303	4095	96	86	519
2815	2303	4095	101	81	475
3071	2303	4095	106	77	435
3327	2303	4095	111	73	399
3583	2303	4095	115	69	365
3839	2303	4095	120	65	335
4095	2303	4095	124	62	307
0	2559	4095	7	189	1810
256	2559	4095	19	136	1177
512	2559	4095	25	118	979
768	2559	4095	31	106	844
1024	2559	4095	36	96	740
1280	2559	4095	40	88	656
1536	2559	4095	45	82	585
1792	2559	4095	49	76	524
2048	2559	4095	53	70	471
2303	2559	4095	57	66	425
2559	2559	4095	61	61	383
2815	2559	4095	65	57	346
3071	2559	4095	69	54	312
3327	2559	4095	73	50	282
3583	2559	4095	77	47	254
3839	2559	4095	80	45	229
4095	2559	4095	84	42	207
0	2815	4095	1	152	1546
256	2815	4095	7	105	969
512	2815	4095	11	90	792
768	2815	4095	14	80	673
1024	2815	4095	18	71	581
1280	2815	4095	21	65	508
1536	2815	4095	24	59	446
1792	2815	4095	27	54	394
2048	2815	4095	30	50	349
2303	2815	4095	33	46	309
2559	2815	4095	36	42	274
2815	2815	4095	39	39	244
3071	2815	4095	42	36	216
3327	2815	4095	45	33	191
3583	2815	4095	48	31	169
3839	2815	4095	50	29	149
4095	2815	4095	53	27	131
0	3071	4095	0	121	1315
256	3071	4095	1	80	792
512	3071	4095	3	67	635
768	3071	4095	5	58	529
1024	3071	4095	7	51	449
1280	3071	4095	9	46	386
1536	3071	4095	11	41	333
1792	3071	4095	13	37	289
2048	3071	4095	15	33	251
2303	3071	4095	17	30	218
2559	3071	4095	19	28	189
2815	3071	4095	21	25	164
3071	3071	4095	23	23	142
3327	3071	4095	25	21	123
3583	3071	4095	27	19	105
3839	3071	4095	29	17	90
4095	3071	4095	31	16	77
0	3327	4095	0	95	1113
256	3327	4095	0	60	641
512	3327	4095	0	49	502
768	3327	4095	1	41	409
1024	3327	4095	1	36	340
1280	3327	4095	2	31	286
1536	3327	4095	3	27	241
1792	3327	4095	4	24	204
2048	3327	4095	5	21	173
2303	3327	4095	6	19	147
2559	3327	4095	8	17	124
2815	3327	4095	9	15	104
3071	3327	4095	10	13	87
3327	3327	4095	12	12	72
3583	3327	4095	13	10	59
3839	3327	4095	14	9	48
4095	3327	4095	16	8	39
0	3583	4095	0	73	937
256	3583	4095	0	43	512
512	3583	4095	0	34	390
768	3583	4095	0	28	310
1024	3583	4095	0	23	251
1280	3583	4095	0	20	205
1536	3583	4095	0	17	168
1792	3583	4095	0	14	138
2048	3583	4095	1	12	113
2303	3583	4095	1	10	92
2559	3583	4095	2	9	75
2815	3583	4095	2	8	60
3071	3583	4095	3	6	47
3327	3583	4095	4	5	37
3583	3583	4095	5	5	28
3839	3583	4095	5	4	21
4095	3583	4095	6	3	15
0	3839	4095	0	55	783
256	3839	4095	0	30	403
512	3839	4095	0	22	297
768	3839	4095	0	18	228
1024	3839	4095	0	14	179
1280	3839	4095	0	11	141
1536	3839	4095	0	9	111
1792	3839	4095	0	8	88
2048	3839	4095	0	6	68
2303	3839	4095	0	5	53
2559	3839	4095	0	4	40
2815	3839	4095	0	3	30
3071	3839	4095	0	2	21
3327	3839	4095	0	2	15
3583	3839	4095	1	1	10
3839	3839	4095	1	1	6
4095	3839	4095	1	1	3
0	4095	4095	0	41	648
256	4095	4095	0	19	311
512	4095	4095	0	14	220
768	4095	4095	0	10	162
1024	4095	4095	0	8	122
1280	4095	4095	0	6	91
1536	4095	4095	0	4	68
1792	4095	4095	0	3	50
2048	4095	4095	0	2	36
2303	4095	4095	0	2	26
2559	4095	4095	0	1	17
2815	4095	4095	0	1	11
3071	4095	4095	0	0	6
3327	4095	4095	0	0	3
3583	4095	4095	0	0	1
3839	4095	4095	0	0	0
4095	4095	4095	0	0	0
