0	0	0	0	0	0
256	0	0	240	3	0
512	0	0	485	6	0
768	0	0	717	9	0
1024	0	0	945	11	0
1280	0	0	1178	14	0
1536	0	0	1408	17	0
1792	0	0	1627	19	0
2048	0	0	1855	22	0
2303	0	0	2082	25	0
2559	0	0	2333	27	0
2815	0	0	2555	30	0
3071	0	0	2780	31	0
3327	0	0	3007	34	0
3583	0	0	3243	38	0
3839	0	0	3474	40	0
4095	0	0	3689	43	0
0	256	0	17	256	2
256	256	0	258	261	1
512	256	0	504	266	1
768	256	0	736	269	1
1024	256	0	963	270	1
1280	256	0	1197	273	1
1536	256	0	1426	275	1
1792	256	0	1646	277	0
2048	256	0	1877	279	0
2303	256	0	2101	278	0
2559	256	0	2357	281	0
2815	256	0	2575	284	0
3071	256	0	2803	285	0
3327	256	0	3034	289	0
3583	256	0	3268	292	0
3839	256	0	3494	296	0
4095	256	0	3707	300	0
0	512	0	35	506	3
256	512	0	275	513	3
512	512	0	522	517	3
768	512	0	750	519	3
1024	512	0	979	522	3
1280	512	0	1213	525	2
1536	512	0	1438	527	2
1792	512	0	1658	528	2
2048	512	0	1886	527	2
2303	512	0	2118	526	2
2559	512	0	2375	528	2
2815	512	0	2595	531	1
3071	512	0	2817	534	1
3327	512	0	3044	536	1
3583	512	0	3278	541	1
3839	512	0	3502	546	1
4095	512	0	3719	550	1
0	768	0	52	747	5
256	768	0	293	753	5
512	768	0	538	755	5
768	768	0	765	759	4
1024	768	0	993	762	4
1280	768	0	1228	764	4
1536	768	0	1452	767	4
1792	768	0	1671	768	4
2048	768	0	1901	765	4
2303	768	0	2139	764	3
2559	768	0	2385	764	3
2815	768	0	2608	770	3
3071	768	0	2831	772	3
3327	768	0	3058	774	3
3583	768	0	3290	780	3
3839	768	0	3513	785	2
4095	768	0	3731	790	2
0	1024	0	69	988	6
256	1024	0	310	996	6
512	1024	0	556	998	6
768	1024	0	779	1002	6
1024	1024	0	1008	1004	6
1280	1024	0	1245	1009	6
1536	1024	0	1467	1012	6
1792	1024	0	1688	1011	5
2048	1024	0	1916	1010	5
2303	1024	0	2152	1008	5
2559	1024	0	2400	1010	5
2815	1024	0	2616	1012	5
3071	1024	0	2840	1014	5
3327	1024	0	3070	1018	4
3583	1024	0	3304	1025	4
3839	1024	0	3526	1032	4
4095	1024	0	3745	1038	4
0	1280	0	86	1243	8
256	1280	0	328	1251	8
512	1280	0	570	1255	8
768	1280	0	795	1255	8
1024	1280	0	1028	1263	7
1280	1280	0	1263	1266	7
1536	1280	0	1483	1267	7
1792	1280	0	1704	1266	7
2048	1280	0	1933	1264	7
2303	1280	0	2169	1262	7
2559	1280	0	2414	1263	6
2815	1280	0	2631	1264	6
3071	1280	0	2848	1265	6
3327	1280	0	3080	1269	6
3583	1280	0	3314	1276	6
3839	1280	0	3536	1283	6
4095	1280	0	3759	1291	5
0	1536	0	104	1471	10
256	1536	0	344	1481	10
512	1536	0	585	1486	9
768	1536	0	810	1487	9
1024	1536	0	1041	1488	9
1280	1536	0	1278	1491	9
1536	1536	0	1496	1493	9
1792	1536	0	1715	1490	9
2048	1536	0	1940	1484	8
2303	1536	0	2180	1481	8
2559	1536	0	2420	1482	8
2815	1536	0	2635	1482	8
3071	1536	0	2858	1485	8
3327	1536	0	3091	1489	8
3583	1536	0	3322	1495	7
3839	1536	0	3540	1502	7
4095	1536	0	3759	1507	7
0	1792	0	121	1711	11
256	1792	0	358	1723	11
512	1792	0	594	1726	11
768	1792	0	819	1728	11
1024	1792	0	1046	1730	11
1280	1792	0	1283	1735	11
1536	1792	0	1497	1735	10
1792	1792	0	1714	1728	10
2048	1792	0	1941	1723	10
2303	1792	0	2179	1720	10
2559	1792	0	2416	1720	10
2815	1792	0	2633	1723	10
3071	1792	0	2850	1722	9
3327	1792	0	3079	1728	9
3583	1792	0	3308	1732	9
3839	1792	0	3524	1739	9
4095	1792	0	3744	1745	9
0	2048	0	136	1949	13
256	2048	0	372	1956	13
512	2048	0	606	1958	13
768	2048	0	827	1961	12
1024	2048	0	1054	1965	12
1280	2048	0	1288	1966	12
1536	2048	0	1499	1966	12
1792	2048	0	1717	1957	12
2048	2048	0	1942	1950	12
2303	2048	0	2181	1945	11
2559	2048	0	2410	1944	11
2815	2048	0	2621	1944	11
3071	2048	0	2841	1948	11
3327	2048	0	3068	1951	11
3583	2048	0	3298	1962	11
3839	2048	0	3511	1965	11
4095	2048	0	3730	1975	10
0	2303	0	151	2201	15
256	2303	0	387	2207	14
512	2303	0	617	2210	14
768	2303	0	838	2213	14
1024	2303	0	1065	2218	14
1280	2303	0	1296	2220	14
1536	2303	0	1506	2218	14
1792	2303	0	1721	2209	13
2048	2303	0	1945	2203	13
2303	2303	0	2186	2197	13
2559	2303	0	2412	2196	13
2815	2303	0	2625	2199	13
3071	2303	0	2845	2203	13
3327	2303	0	3070	2206	12
3583	2303	0	3301	2215	12
3839	2303	0	3510	2219	12
4095	2303	0	3732	2228	12
0	2559	0	169	2441	16
256	2559	0	403	2446	16
512	2559	0	632	2448	16
768	2559	0	853	2449	16
1024	2559	0	1079	2455	16
1280	2559	0	1310	2458	15
1536	2559	0	1517	2458	15
1792	2559	0	1734	2444	14
2048	2559	0	1959	2435	14
2303	2559	0	2202	2434	14
2559	2559	0	2427	2435	14
2815	2559	0	2640	2439	13
3071	2559	0	2863	2444	13
3327	2559	0	3086	2445	13
3583	2559	0	3312	2452	13
3839	2559	0	3525	2456	13
4095	2559	0	3743	2467	13
0	2815	0	185	2684	18
256	2815	0	420	2691	18
512	2815	0	646	2691	17
768	2815	0	867	2693	17
1024	2815	0	1095	2700	17
1280	2815	0	1322	2704	17
1536	2815	0	1532	2702	17
1792	2815	0	1749	2688	16
2048	2815	0	1976	2679	16
2303	2815	0	2218	2676	15
2559	2815	0	2439	2673	15
2815	2815	0	2654	2676	15
3071	2815	0	2875	2681	15
3327	2815	0	3102	2687	15
3583	2815	0	3327	2695	15
3839	2815	0	3541	2699	14
4095	2815	0	3764	2711	14
0	3071	0	202	2928	19
256	3071	0	437	2935	19
512	3071	0	662	2938	19
768	3071	0	884	2938	19
1024	3071	0	1111	2941	18
1280	3071	0	1337	2945	18
1536	3071	0	1543	2937	17
1792	3071	0	1762	2928	17
2048	3071	0	1987	2917	17
2303	3071	0	2232	2912	17
2559	3071	0	2456	2915	17
2815	3071	0	2670	2919	17
3071	3071	0	2894	2923	16
3327	3071	0	3123	2931	16
3583	3071	0	3343	2939	16
3839	3071	0	3559	2949	16
4095	3071	0	3780	2956	16
0	3327	0	219	3162	21
256	3327	0	456	3170	21
512	3327	0	681	3172	21
768	3327	0	903	3170	21
1024	3327	0	1131	3173	20
1280	3327	0	1354	3176	19
1536	3327	0	1563	3167	19
1792	3327	0	1779	3158	19
2048	3327	0	2005	3148	19
2303	3327	0	2255	3145	19
2559	3327	0	2474	3149	18
2815	3327	0	2692	3151	18
3071	3327	0	2915	3155	18
3327	3327	0	3142	3165	18
3583	3327	0	3368	3175	18
3839	3327	0	3583	3183	18
4095	3327	0	3807	3194	17
0	3583	0	238	3409	23
256	3583	0	474	3414	23
512	3583	0	698	3416	22
768	3583	0	922	3417	22
1024	3583	0	1151	3418	21
1280	3583	0	1375	3419	21
1536	3583	0	1585	3414	21
1792	3583	0	1801	3400	21
2048	3583	0	2029	3387	20
2303	3583	0	2278	3387	20
2559	3583	0	2494	3390	20
2815	3583	0	2713	3396	20
3071	3583	0	2939	3402	20
3327	3583	0	3168	3410	20
3583	3583	0	3394	3420	19
3839	3583	0	3611	3432	19
4095	3583	0	3829	3447	19
0	3839	0	255	3649	24
256	3839	0	494	3656	24
512	3839	0	717	3659	24
768	3839	0	941	3661	24
1024	3839	0	1171	3660	24
1280	3839	0	1393	3658	23
1536	3839	0	1606	3652	22
1792	3839	0	1826	3638	22
2048	3839	0	2056	3627	22
2303	3839	0	2303	3625	22
2559	3839	0	2517	3625	22
2815	3839	0	2736	3630	22
3071	3839	0	2963	3637	21
3327	3839	0	3192	3646	21
3583	3839	0	3415	3659	21
3839	3839	0	3635	3674	21
4095	3839	0	3857	3691	21
0	4095	0	274	3886	26
256	4095	0	513	3897	26
512	4095	0	736	3895	26
768	4095	0	962	3900	25
1024	4095	0	1193	3899	25
1280	4095	0	1414	3895	25
1536	4095	0	1627	3887	25
1792	4095	0	1847	3877	24
2048	4095	0	2079	3864	24
2303	4095	0	2325	3858	23
2559	4095	0	2543	3859	23
2815	4095	0	2763	3867	23
3071	4095	0	2989	3871	23
3327	4095	0	3217	3882	23
3583	4095	0	3441	3895	23
3839	4095	0	3664	3912	22
4095	4095	0	3886	3930	22
0	0	256	13	2	234
256	0	256	251	5	234
512	0	256	492	8	234
768	0	256	720	11	233
1024	0	256	947	14	232
1280	0	256	1180	16	231
1536	0	256	1407	19	231
1792	0	256	1621	22	229
2048	0	256	1847	24	228
2303	0	256	2078	27	227
2559	0	256	2325	29	227
2815	0	256	2548	32	225
3071	0	256	2775	35	226
3327	0	256	3002	37	226
3583	0	256	3236	40	227
3839	0	256	3460	42	228
4095	0	256	3671	45	229
0	256	256	30	260	239
256	256	256	266	264	236
512	256	256	507	267	234
768	256	256	735	270	233
1024	256	256	961	271	233
1280	256	256	1195	275	233
1536	256	256	1420	278	233
1792	256	256	1639	279	232
2048	256	256	1869	281	229
2303	256	256	2099	282	229
2559	256	256	2358	284	229
2815	256	256	2572	287	228
3071	256	256	2799	289	229
3327	256	256	3024	292	229
3583	256	256	3254	296	228
3839	256	256	3476	299	229
4095	256	256	3690	303	229
0	512	256	47	514	240
256	512	256	283	514	237
512	512	256	524	518	236
768	512	256	749	521	236
1024	512	256	978	524	235
1280	512	256	1211	527	234
1536	512	256	1433	529	234
1792	512	256	1653	531	231
2048	512	256	1883	532	231
2303	512	256	2119	531	230
2559	512	256	2369	533	230
2815	512	256	2590	536	230
3071	512	256	2809	538	229
3327	512	256	3035	541	229
3583	512	256	3267	544	230
3839	512	256	3486	549	230
4095	512	256	3703	554	231
0	768	256	64	753	243
256	768	256	300	755	239
512	768	256	541	758	238
768	768	256	764	761	238
1024	768	256	991	763	236
1280	768	256	1226	766	236
1536	768	256	1446	769	235
1792	768	256	1668	769	233
2048	768	256	1898	768	232
2303	768	256	2131	768	231
2559	768	256	2379	770	230
2815	768	256	2597	774	230
3071	768	256	2823	777	230
3327	768	256	3047	778	230
3583	768	256	3279	784	231
3839	768	256	3500	790	233
4095	768	256	3714	794	231
0	1024	256	81	997	244
256	1024	256	317	998	240
512	1024	256	557	1001	239
768	1024	256	779	1004	239
1024	1024	256	1010	1009	238
1280	1024	256	1245	1014	238
1536	1024	256	1463	1017	236
1792	1024	256	1683	1016	236
2048	1024	256	1911	1015	234
2303	1024	256	2150	1015	232
2559	1024	256	2394	1016	233
2815	1024	256	2613	1020	233
3071	1024	256	2837	1024	233
3327	1024	256	3061	1024	232
3583	1024	256	3292	1030	232
3839	1024	256	3510	1035	233
4095	1024	256	3728	1041	233
0	1280	256	98	1253	245
256	1280	256	335	1254	241
512	1280	256	572	1259	240
768	1280	256	797	1264	239
1024	1280	256	1026	1264	239
1280	1280	256	1262	1271	238
1536	1280	256	1478	1273	237
1792	1280	256	1697	1272	236
2048	1280	256	1927	1270	236
2303	1280	256	2166	1269	235
2559	1280	256	2408	1271	234
2815	1280	256	2623	1272	233
3071	1280	256	2844	1275	233
3327	1280	256	3076	1280	233
3583	1280	256	3306	1284	234
3839	1280	256	3523	1288	234
4095	1280	256	3744	1295	235
0	1536	256	115	1484	247
256	1536	256	351	1487	243
512	1536	256	588	1489	242
768	1536	256	812	1489	241
1024	1536	256	1040	1493	241
1280	1536	256	1276	1498	240
1536	1536	256	1492	1501	239
1792	1536	256	1712	1497	239
2048	1536	256	1941	1495	238
2303	1536	256	2182	1494	236
2559	1536	256	2420	1494	235
2815	1536	256	2637	1496	235
3071	1536	256	2854	1495	235
3327	1536	256	3085	1498	235
3583	1536	256	3317	1505	234
3839	1536	256	3530	1511	234
4095	1536	256	3749	1517	235
0	1792	256	131	1729	248
256	1792	256	367	1734	243
512	1792	256	598	1734	243
768	1792	256	822	1736	241
1024	1792	256	1050	1741	241
1280	1792	256	1284	1743	241
1536	1792	256	1495	1742	241
1792	1792	256	1714	1740	239
2048	1792	256	1943	1737	238
2303	1792	256	2185	1737	237
2559	1792	256	2421	1738	236
2815	1792	256	2633	1737	236
3071	1792	256	2852	1738	235
3327	1792	256	3078	1743	235
3583	1792	256	3303	1744	234
3839	1792	256	3515	1754	235
4095	1792	256	3736	1758	234
0	2048	256	147	1964	245
256	2048	256	380	1971	243
512	2048	256	611	1973	242
768	2048	256	832	1972	242
1024	2048	256	1058	1974	240
1280	2048	256	1293	1980	239
1536	2048	256	1503	1984	239
1792	2048	256	1722	1976	238
2048	2048	256	1947	1972	237
2303	2048	256	2189	1971	236
2559	2048	256	2417	1969	234
2815	2048	256	2628	1970	233
3071	2048	256	2851	1970	234
3327	2048	256	3073	1972	234
3583	2048	256	3302	1979	234
3839	2048	256	3513	1984	234
4095	2048	256	3726	1993	235
0	2303	256	162	2220	245
256	2303	256	395	2226	243
512	2303	256	623	2226	241
768	2303	256	844	2227	239
1024	2303	256	1069	2232	239
1280	2303	256	1301	2238	239
1536	2303	256	1510	2238	239
1792	2303	256	1731	2233	238
2048	2303	256	1956	2225	235
2303	2303	256	2196	2222	234
2559	2303	256	2421	2222	234
2815	2303	256	2635	2225	233
3071	2303	256	2853	2228	233
3327	2303	256	3077	2231	233
3583	2303	256	3309	2236	232
3839	2303	256	3516	2247	232
4095	2303	256	3732	2250	233
0	2559	256	179	2459	244
256	2559	256	411	2466	242
512	2559	256	638	2467	242
768	2559	256	858	2466	241
1024	2559	256	1085	2471	240
1280	2559	256	1315	2479	239
1536	2559	256	1520	2477	237
1792	2559	256	1739	2465	237
2048	2559	256	1969	2462	236
2303	2559	256	2212	2463	235
2559	2559	256	2436	2464	235
2815	2559	256	2650	2463	234
3071	2559	256	2870	2466	233
3327	2559	256	3094	2471	233
3583	2559	256	3323	2477	233
3839	2559	256	3527	2484	234
4095	2559	256	3744	2490	234
0	2815	256	195	2705	245
256	2815	256	428	2713	244
512	2815	256	653	2713	243
768	2815	256	875	2714	241
1024	2815	256	1102	2719	240
1280	2815	256	1328	2722	240
1536	2815	256	1535	2720	238
1792	2815	256	1752	2709	238
2048	2815	256	1984	2705	237
2303	2815	256	2225	2704	236
2559	2815	256	2445	2705	234
2815	2815	256	2663	2706	234
3071	2815	256	2885	2710	234
3327	2815	256	3110	2717	234
3583	2815	256	3335	2724	235
3839	2815	256	3543	2729	235
4095	2815	256	3766	2738	234
0	3071	256	212	2953	247
256	3071	256	444	2955	245
512	3071	256	669	2956	244
768	3071	256	889	2958	242
1024	3071	256	1115	2959	242
1280	3071	256	1340	2963	241
1536	3071	256	1547	2960	241
1792	3071	256	1769	2952	238
2048	3071	256	1995	2947	238
2303	3071	256	2241	2944	237
2559	3071	256	2461	2947	236
2815	3071	256	2678	2949	235
3071	3071	256	2902	2954	236
3327	3071	256	3129	2962	235
3583	3071	256	3353	2968	235
3839	3071	256	3561	2976	236
4095	3071	256	3776	2982	237
0	3327	256	228	3186	249
256	3327	256	462	3187	247
512	3327	256	685	3186	245
768	3327	256	907	3188	244
1024	3327	256	1134	3190	243
1280	3327	256	1356	3191	242
1536	3327	256	1565	3187	242
1792	3327	256	1784	3178	240
2048	3327	256	2012	3179	240
2303	3327	256	2260	3173	239
2559	3327	256	2477	3176	238
2815	3327	256	2695	3179	236
3071	3327	256	2920	3187	236
3327	3327	256	3148	3195	237
3583	3327	256	3368	3201	237
3839	3327	256	3580	3209	238
4095	3327	256	3800	3222	238
0	3583	256	246	3429	250
256	3583	256	480	3428	249
512	3583	256	703	3427	248
768	3583	256	925	3426	246
1024	3583	256	1153	3429	245
1280	3583	256	1374	3431	244
1536	3583	256	1584	3432	243
1792	3583	256	1806	3428	242
2048	3583	256	2034	3414	241
2303	3583	256	2282	3414	240
2559	3583	256	2499	3417	239
2815	3583	256	2716	3424	238
3071	3583	256	2942	3428	239
3327	3583	256	3169	3436	239
3583	3583	256	3390	3447	239
3839	3583	256	3606	3456	238
4095	3583	256	3826	3464	240
0	3839	256	262	3667	251
256	3839	256	498	3668	251
512	3839	256	719	3664	249
768	3839	256	942	3668	248
1024	3839	256	1172	3672	247
1280	3839	256	1391	3671	247
1536	3839	256	1603	3666	245
1792	3839	256	1825	3657	244
2048	3839	256	2054	3649	242
2303	3839	256	2304	3648	240
2559	3839	256	2518	3654	240
2815	3839	256	2738	3656	241
3071	3839	256	2961	3660	240
3327	3839	256	3189	3667	240
3583	3839	256	3411	3677	241
3839	3839	256	3628	3690	242
4095	3839	256	3844	3704	242
0	4095	256	281	3900	253
256	4095	256	516	3904	253
512	4095	256	738	3896	253
768	4095	256	961	3903	251
1024	4095	256	1192	3909	249
1280	4095	256	1411	3908	249
1536	4095	256	1623	3902	248
1792	4095	256	1846	3892	246
2048	4095	256	2079	3880	245
2303	4095	256	2328	3879	244
2559	4095	256	2539	3884	243
2815	4095	256	2759	3888	242
3071	4095	256	2985	3889	242
3327	4095	256	3212	3898	243
3583	4095	256	3430	3909	244
3839	4095	256	3649	3921	245
4095	4095	256	3867	3935	245
0	0	512	26	4	469
256	0	512	263	7	468
512	0	512	505	11	467
768	0	512	730	13	466
1024	0	512	955	16	465
1280	0	512	1188	18	466
1536	0	512	1415	21	464
1792	0	512	1630	24	460
2048	0	512	1856	26	458
2303	0	512	2087	29	456
2559	0	512	2339	32	456
2815	0	512	2559	34	456
3071	0	512	2784	37	454
3327	0	512	3012	39	455
3583	0	512	3241	42	456
3839	0	512	3462	45	457
4095	0	512	3679	47	458
0	256	512	43	264	475
256	256	512	279	267	469
512	256	512	521	269	468
768	256	512	744	272	467
1024	256	512	970	275	467
1280	256	512	1204	277	466
1536	256	512	1428	280	466
1792	256	512	1650	282	463
2048	256	512	1880	284	460
2303	256	512	2114	285	459
2559	256	512	2367	287	458
2815	256	512	2581	290	458
3071	256	512	2807	293	458
3327	256	512	3032	294	457
3583	256	512	3263	298	459
3839	256	512	3486	302	460
4095	256	512	3701	306	460
0	512	512	59	517	478
256	512	512	296	518	470
512	512	512	536	521	469
768	512	512	758	524	468
1024	512	512	985	526	468
1280	512	512	1219	529	467
1536	512	512	1443	532	467
1792	512	512	1664	533	463
2048	512	512	1893	534	461
2303	512	512	2129	534	460
2559	512	512	2380	537	460
2815	512	512	2600	541	460
3071	512	512	2820	542	459
3327	512	512	3046	544	458
3583	512	512	3278	548	458
3839	512	512	3497	553	460
4095	512	512	3714	557	461
0	768	512	76	758	479
256	768	512	313	759	472
512	768	512	551	761	471
768	768	512	774	762	471
1024	768	512	1000	766	470
1280	768	512	1236	768	469
1536	768	512	1457	771	466
1792	768	512	1679	773	464
2048	768	512	1909	774	462
2303	768	512	2146	774	461
2559	768	512	2393	776	460
2815	768	512	2610	778	460
3071	768	512	2838	783	460
3327	768	512	3060	784	458
3583	768	512	3289	787	460
3839	768	512	3507	792	461
4095	768	512	3726	797	462
0	1024	512	93	1002	480
256	1024	512	330	1005	474
512	1024	512	567	1008	472
768	1024	512	788	1008	471
1024	1024	512	1019	1014	471
1280	1024	512	1254	1016	469
1536	1024	512	1472	1018	469
1792	1024	512	1694	1021	468
2048	1024	512	1925	1021	463
2303	1024	512	2165	1021	460
2559	1024	512	2406	1021	460
2815	1024	512	2623	1024	461
3071	1024	512	2845	1027	460
3327	1024	512	3075	1029	460
3583	1024	512	3305	1034	461
3839	1024	512	3519	1040	461
4095	1024	512	3739	1044	462
0	1280	512	110	1260	481
256	1280	512	347	1263	475
512	1280	512	583	1265	473
768	1280	512	807	1267	472
1024	1280	512	1032	1270	472
1280	1280	512	1270	1275	471
1536	1280	512	1488	1278	469
1792	1280	512	1708	1276	468
2048	1280	512	1939	1275	466
2303	1280	512	2181	1276	463
2559	1280	512	2421	1276	462
2815	1280	512	2637	1279	462
3071	1280	512	2860	1282	461
3327	1280	512	3089	1284	461
3583	1280	512	3316	1288	461
3839	1280	512	3535	1294	462
4095	1280	512	3755	1300	464
0	1536	512	128	1492	482
256	1536	512	365	1493	476
512	1536	512	598	1494	476
768	1536	512	821	1497	474
1024	1536	512	1050	1500	472
1280	1536	512	1287	1504	472
1536	1536	512	1502	1504	472
1792	1536	512	1723	1503	470
2048	1536	512	1952	1500	466
2303	1536	512	2196	1499	465
2559	1536	512	2433	1500	463
2815	1536	512	2648	1501	463
3071	1536	512	2871	1503	463
3327	1536	512	3101	1504	461
3583	1536	512	3328	1512	461
3839	1536	512	3540	1514	463
4095	1536	512	3759	1522	463
0	1792	512	144	1735	482
256	1792	512	379	1740	477
512	1792	512	610	1742	474
768	1792	512	831	1741	474
1024	1792	512	1059	1746	473
1280	1792	512	1298	1753	472
1536	1792	512	1506	1750	473
1792	1792	512	1730	1750	470
2048	1792	512	1959	1745	465
2303	1792	512	2200	1744	464
2559	1792	512	2433	1745	464
2815	1792	512	2647	1746	463
3071	1792	512	2867	1749	463
3327	1792	512	3091	1751	463
3583	1792	512	3318	1755	462
3839	1792	512	3534	1760	460
4095	1792	512	3748	1765	460
0	2048	512	160	1972	477
256	2048	512	393	1980	474
512	2048	512	623	1981	473
768	2048	512	842	1980	471
1024	2048	512	1069	1984	471
1280	2048	512	1306	1991	469
1536	2048	512	1514	1991	469
1792	2048	512	1736	1987	467
2048	2048	512	1963	1982	465
2303	2048	512	2206	1980	462
2559	2048	512	2433	1980	462
2815	2048	512	2647	1983	460
3071	2048	512	2868	1986	460
3327	2048	512	3094	1986	460
3583	2048	512	3321	1991	460
3839	2048	512	3530	1998	461
4095	2048	512	3742	2003	461
0	2303	512	175	2228	474
256	2303	512	408	2236	472
512	2303	512	634	2237	470
768	2303	512	855	2238	469
1024	2303	512	1081	2242	468
1280	2303	512	1313	2248	467
1536	2303	512	1523	2248	466
1792	2303	512	1744	2245	466
2048	2303	512	1973	2238	464
2303	2303	512	2216	2239	461
2559	2303	512	2441	2240	459
2815	2303	512	2654	2241	459
3071	2303	512	2873	2242	459
3327	2303	512	3097	2245	458
3583	2303	512	3323	2252	458
3839	2303	512	3533	2257	459
4095	2303	512	3752	2266	460
0	2559	512	191	2468	474
256	2559	512	424	2475	470
512	2559	512	650	2477	470
768	2559	512	869	2479	469
1024	2559	512	1096	2484	469
1280	2559	512	1326	2489	467
1536	2559	512	1534	2486	466
1792	2559	512	1754	2477	465
2048	2559	512	1986	2474	462
2303	2559	512	2232	2474	460
2559	2559	512	2454	2478	460
2815	2559	512	2669	2480	459
3071	2559	512	2890	2483	458
3327	2559	512	3114	2485	457
3583	2559	512	3339	2488	459
3839	2559	512	3549	2498	459
4095	2559	512	3766	2501	459
0	2815	512	207	2715	473
256	2815	512	441	2724	471
512	2815	512	664	2727	470
768	2815	512	885	2726	469
1024	2815	512	1113	2731	469
1280	2815	512	1340	2735	468
1536	2815	512	1548	2731	465
1792	2815	512	1767	2726	462
2048	2815	512	2001	2720	462
2303	2815	512	2247	2717	460
2559	2815	512	2467	2723	460
2815	2815	512	2684	2726	459
3071	2815	512	2905	2729	458
3327	2815	512	3131	2731	458
3583	2815	512	3351	2734	459
3839	2815	512	3559	2741	460
4095	2815	512	3782	2749	461
0	3071	512	224	2960	475
256	3071	512	457	2969	473
512	3071	512	680	2970	471
768	3071	512	900	2969	470
1024	3071	512	1128	2972	470
1280	3071	512	1352	2975	470
1536	3071	512	1561	2972	468
1792	3071	512	1783	2963	465
2048	3071	512	2012	2961	464
2303	3071	512	2262	2961	461
2559	3071	512	2482	2963	461
2815	3071	512	2697	2966	461
3071	3071	512	2921	2972	460
3327	3071	512	3148	2976	460
3583	3071	512	3369	2981	460
3839	3071	512	3578	2989	461
4095	3071	512	3795	2994	462
0	3327	512	241	3196	477
256	3327	512	475	3199	474
512	3327	512	696	3198	473
768	3327	512	918	3198	472
1024	3327	512	1145	3200	472
1280	3327	512	1367	3203	471
1536	3327	512	1579	3200	467
1792	3327	512	1800	3192	464
2048	3327	512	2030	3191	463
2303	3327	512	2280	3189	462
2559	3327	512	2495	3188	462
2815	3327	512	2712	3193	462
3071	3327	512	2936	3200	461
3327	3327	512	3166	3209	461
3583	3327	512	3386	3216	462
3839	3327	512	3599	3221	463
4095	3327	512	3813	3230	464
0	3583	512	259	3438	480
256	3583	512	492	3441	478
512	3583	512	713	3439	476
768	3583	512	935	3438	475
1024	3583	512	1164	3440	473
1280	3583	512	1385	3444	471
1536	3583	512	1597	3444	470
1792	3583	512	1820	3437	467
2048	3583	512	2051	3428	465
2303	3583	512	2302	3426	465
2559	3583	512	2512	3429	463
2815	3583	512	2731	3436	462
3071	3583	512	2958	3440	463
3327	3583	512	3185	3449	463
3583	3583	512	3404	3458	465
3839	3583	512	3618	3465	465
4095	3583	512	3832	3472	466
0	3839	512	274	3675	481
256	3839	512	511	3678	480
512	3839	512	730	3675	479
768	3839	512	951	3676	477
1024	3839	512	1182	3678	475
1280	3839	512	1401	3679	475
1536	3839	512	1614	3676	473
1792	3839	512	1838	3668	468
2048	3839	512	2071	3662	467
2303	3839	512	2318	3660	466
2559	3839	512	2531	3665	465
2815	3839	512	2753	3668	465
3071	3839	512	2976	3672	465
3327	3839	512	3205	3680	466
3583	3839	512	3424	3691	466
3839	3839	512	3638	3701	468
4095	3839	512	3853	3710	468
0	4095	512	294	3908	483
256	4095	512	528	3909	481
512	4095	512	748	3909	481
768	4095	512	969	3911	480
1024	4095	512	1202	3913	479
1280	4095	512	1420	3912	477
1536	4095	512	1633	3907	474
1792	4095	512	1858	3898	472
2048	4095	512	2093	3893	470
2303	4095	512	2338	3889	469
2559	4095	512	2553	3889	468
2815	4095	512	2771	3894	467
3071	4095	512	3000	3902	468
3327	4095	512	3226	3911	469
3583	4095	512	3446	3919	470
3839	4095	512	3663	3930	471
4095	4095	512	3876	3943	473
0	0	768	39	7	701
256	0	768	277	9	697
512	0	768	518	13	696
768	0	768	742	15	695
1024	0	768	967	18	693
1280	0	768	1199	21	694
1536	0	768	1423	23	693
1792	0	768	1640	26	687
2048	0	768	1870	29	683
2303	0	768	2103	31	680
2559	0	768	2352	34	680
2815	0	768	2573	36	680
3071	0	768	2795	39	680
3327	0	768	3025	42	679
3583	0	768	3254	44	681
3839	0	768	3473	47	683
4095	0	768	3690	50	685
0	256	768	56	267	702
256	256	768	292	270	698
512	256	768	535	273	697
768	256	768	757	275	695
1024	256	768	982	277	694
1280	256	768	1218	280	694
1536	256	768	1440	283	693
1792	256	768	1661	285	690
2048	256	768	1891	286	686
2303	256	768	2128	288	684
2559	256	768	2377	290	683
2815	256	768	2592	292	682
3071	256	768	2816	295	683
3327	256	768	3044	297	682
3583	256	768	3277	301	684
3839	256	768	3496	305	686
4095	256	768	3711	307	687
0	512	768	72	520	711
256	512	768	309	523	700
512	512	768	549	525	698
768	512	768	771	527	694
1024	512	768	999	530	694
1280	512	768	1231	531	694
1536	512	768	1452	535	694
1792	512	768	1673	535	691
2048	512	768	1904	536	686
2303	512	768	2144	538	685
2559	512	768	2392	540	684
2815	512	768	2608	542	684
3071	512	768	2830	544	684
3327	512	768	3058	546	683
3583	512	768	3291	551	684
3839	512	768	3508	555	685
4095	512	768	3726	559	688
0	768	768	89	762	710
256	768	768	326	763	700
512	768	768	563	765	698
768	768	768	784	765	696
1024	768	768	1013	768	696
1280	768	768	1248	772	695
1536	768	768	1465	774	693
1792	768	768	1688	776	690
2048	768	768	1919	777	688
2303	768	768	2161	777	686
2559	768	768	2407	780	685
2815	768	768	2623	782	685
3071	768	768	2844	784	684
3327	768	768	3076	787	683
3583	768	768	3304	790	684
3839	768	768	3518	795	686
4095	768	768	3741	800	689
0	1024	768	106	1008	710
256	1024	768	343	1012	701
512	1024	768	579	1014	698
768	1024	768	800	1013	696
1024	1024	768	1027	1016	696
1280	1024	768	1264	1021	695
1536	1024	768	1480	1022	695
1792	1024	768	1704	1025	692
2048	1024	768	1938	1026	690
2303	1024	768	2181	1027	687
2559	1024	768	2421	1027	685
2815	1024	768	2638	1029	685
3071	1024	768	2856	1030	685
3327	1024	768	3090	1034	685
3583	1024	768	3318	1038	685
3839	1024	768	3534	1044	688
4095	1024	768	3752	1048	688
0	1280	768	124	1267	711
256	1280	768	359	1269	701
512	1280	768	594	1269	700
768	1280	768	817	1270	697
1024	1280	768	1043	1275	697
1280	1280	768	1281	1278	697
1536	1280	768	1494	1280	697
1792	1280	768	1719	1280	695
2048	1280	768	1951	1279	692
2303	1280	768	2195	1281	690
2559	1280	768	2435	1283	687
2815	1280	768	2652	1285	686
3071	1280	768	2873	1286	687
3327	1280	768	3107	1290	685
3583	1280	768	3332	1294	685
3839	1280	768	3547	1298	687
4095	1280	768	3763	1303	689
0	1536	768	141	1496	711
256	1536	768	378	1498	702
512	1536	768	610	1499	701
768	1536	768	832	1501	700
1024	1536	768	1062	1504	700
1280	1536	768	1298	1508	699
1536	1536	768	1509	1508	698
1792	1536	768	1733	1506	696
2048	1536	768	1963	1503	692
2303	1536	768	2210	1504	691
2559	1536	768	2447	1506	689
2815	1536	768	2662	1506	687
3071	1536	768	2884	1509	686
3327	1536	768	3114	1511	685
3583	1536	768	3343	1516	685
3839	1536	768	3551	1517	685
4095	1536	768	3768	1524	688
0	1792	768	157	1740	709
256	1792	768	392	1743	703
512	1792	768	623	1746	701
768	1792	768	845	1748	699
1024	1792	768	1071	1751	699
1280	1792	768	1308	1757	699
1536	1792	768	1516	1756	698
1792	1792	768	1742	1755	697
2048	1792	768	1972	1752	692
2303	1792	768	2216	1751	689
2559	1792	768	2447	1752	689
2815	1792	768	2662	1751	686
3071	1792	768	2884	1754	686
3327	1792	768	3110	1757	686
3583	1792	768	3335	1759	687
3839	1792	768	3548	1764	681
4095	1792	768	3761	1769	682
0	2048	768	172	1976	703
256	2048	768	407	1984	698
512	2048	768	635	1988	698
768	2048	768	856	1990	696
1024	2048	768	1082	1991	696
1280	2048	768	1316	1997	696
1536	2048	768	1526	1999	695
1792	2048	768	1750	1995	692
2048	2048	768	1980	1990	689
2303	2048	768	2223	1990	686
2559	2048	768	2449	1992	685
2815	2048	768	2664	1992	683
3071	2048	768	2884	1994	683
3327	2048	768	3112	1996	681
3583	2048	768	3338	1999	682
3839	2048	768	3546	2008	682
4095	2048	768	3762	2012	683
0	2303	768	188	2233	699
256	2303	768	421	2241	695
512	2303	768	647	2245	696
768	2303	768	869	2249	695
1024	2303	768	1095	2251	693
1280	2303	768	1326	2256	693
1536	2303	768	1535	2255	691
1792	2303	768	1757	2251	691
2048	2303	768	1991	2249	688
2303	2303	768	2236	2250	685
2559	2303	768	2460	2250	682
2815	2303	768	2673	2252	680
3071	2303	768	2893	2253	680
3327	2303	768	3118	2254	679
3583	2303	768	3340	2261	680
3839	2303	768	3550	2266	682
4095	2303	768	3769	2272	681
0	2559	768	204	2477	698
256	2559	768	437	2485	695
512	2559	768	662	2486	694
768	2559	768	882	2489	694
1024	2559	768	1110	2492	693
1280	2559	768	1337	2497	693
1536	2559	768	1547	2496	691
1792	2559	768	1767	2489	687
2048	2559	768	1998	2486	686
2303	2559	768	2248	2486	683
2559	2559	768	2469	2489	682
2815	2559	768	2687	2492	679
3071	2559	768	2907	2493	678
3327	2559	768	3131	2494	679
3583	2559	768	3354	2497	679
3839	2559	768	3562	2503	679
4095	2559	768	3787	2512	681
0	2815	768	221	2726	698
256	2815	768	453	2730	695
512	2815	768	676	2735	694
768	2815	768	898	2735	693
1024	2815	768	1124	2738	693
1280	2815	768	1350	2743	693
1536	2815	768	1560	2740	690
1792	2815	768	1779	2736	686
2048	2815	768	2014	2730	685
2303	2815	768	2264	2727	684
2559	2815	768	2482	2731	682
2815	2815	768	2700	2736	681
3071	2815	768	2922	2739	679
3327	2815	768	3148	2741	679
3583	2815	768	3369	2745	680
3839	2815	768	3577	2752	681
4095	2815	768	3797	2758	683
0	3071	768	236	2967	699
256	3071	768	470	2973	696
512	3071	768	692	2977	696
768	3071	768	912	2976	694
1024	3071	768	1140	2980	693
1280	3071	768	1362	2984	693
1536	3071	768	1573	2978	690
1792	3071	768	1795	2972	688
2048	3071	768	2026	2971	684
2303	3071	768	2280	2971	683
2559	3071	768	2496	2973	682
2815	3071	768	2713	2976	682
3071	3071	768	2937	2983	681
3327	3071	768	3164	2986	681
3583	3071	768	3384	2990	682
3839	3071	768	3593	2998	682
4095	3071	768	3808	3004	683
0	3327	768	253	3199	701
256	3327	768	487	3205	697
512	3327	768	708	3206	697
768	3327	768	929	3205	695
1024	3327	768	1157	3209	694
1280	3327	768	1378	3213	694
1536	3327	768	1589	3209	691
1792	3327	768	1813	3200	686
2048	3327	768	2045	3201	684
2303	3327	768	2297	3200	683
2559	3327	768	2511	3198	682
2815	3327	768	2728	3204	683
3071	3327	768	2954	3211	683
3327	3327	768	3182	3218	682
3583	3327	768	3399	3223	683
3839	3327	768	3612	3228	684
4095	3327	768	3826	3234	685
0	3583	768	271	3444	701
256	3583	768	505	3446	700
512	3583	768	725	3444	699
768	3583	768	946	3446	698
1024	3583	768	1177	3450	697
1280	3583	768	1394	3452	695
1536	3583	768	1606	3450	693
1792	3583	768	1832	3443	689
2048	3583	768	2066	3438	686
2303	3583	768	2314	3436	684
2559	3583	768	2527	3437	684
2815	3583	768	2748	3446	683
3071	3583	768	2972	3448	684
3327	3583	768	3197	3455	684
3583	3583	768	3417	3461	686
3839	3583	768	3633	3469	686
4095	3583	768	3849	3481	688
0	3839	768	287	3680	704
256	3839	768	524	3685	704
512	3839	768	741	3680	701
768	3839	768	965	3685	699
1024	3839	768	1194	3686	698
1280	3839	768	1409	3688	697
1536	3839	768	1624	3684	696
1792	3839	768	1850	3676	692
2048	3839	768	2087	3668	688
2303	3839	768	2331	3666	686
2559	3839	768	2544	3670	686
2815	3839	768	2766	3676	685
3071	3839	768	2991	3678	686
3327	3839	768	3218	3688	686
3583	3839	768	3436	3697	688
3839	3839	768	3654	3707	689
4095	3839	768	3868	3717	690
0	4095	768	306	3914	706
256	4095	768	541	3917	705
512	4095	768	760	3916	705
768	4095	768	982	3917	702
1024	4095	768	1214	3924	702
1280	4095	768	1428	3923	701
1536	4095	768	1643	3915	698
1792	4095	768	1871	3904	694
2048	4095	768	2106	3897	691
2303	4095	768	2351	3897	689
2559	4095	768	2565	3898	689
2815	4095	768	2787	3902	689
3071	4095	768	3018	3914	688
3327	4095	768	3239	3916	689
3583	4095	768	3461	3927	690
3839	4095	768	3680	3939	693
4095	4095	768	3890	3948	694
0	0	1024	52	9	933
256	0	1024	291	12	926
512	0	1024	532	15	926
768	0	1024	755	18	924
1024	0	1024	980	20	923
1280	0	1024	1214	23	924
1536	0	1024	1436	25	924
1792	0	1024	1653	28	920
2048	0	1024	1881	31	914
2303	0	1024	2116	33	910
2559	0	1024	2364	36	909
2815	0	1024	2583	39	908
3071	0	1024	2805	41	907
3327	0	1024	3037	44	908
3583	0	1024	3266	46	908
3839	0	1024	3485	49	911
4095	0	1024	3705	53	914
0	256	1024	68	271	932
256	256	1024	306	273	927
512	256	1024	547	276	926
768	256	1024	769	277	925
1024	256	1024	997	281	925
1280	256	1024	1232	284	926
1536	256	1024	1452	286	925
1792	256	1024	1672	288	921
2048	256	1024	1902	289	917
2303	256	1024	2141	291	914
2559	256	1024	2388	293	913
2815	256	1024	2606	294	911
3071	256	1024	2826	297	910
3327	256	1024	3059	300	911
3583	256	1024	3290	303	912
3839	256	1024	3508	307	913
4095	256	1024	3727	310	916
0	512	1024	85	524	942
256	512	1024	323	527	930
512	512	1024	560	529	927
768	512	1024	783	530	925
1024	512	1024	1011	533	925
1280	512	1024	1244	535	925
1536	512	1024	1464	538	925
1792	512	1024	1686	540	922
2048	512	1024	1917	540	918
2303	512	1024	2156	541	915
2559	512	1024	2404	543	913
2815	512	1024	2622	545	912
3071	512	1024	2841	547	912
3327	512	1024	3072	549	911
3583	512	1024	3304	554	913
3839	512	1024	3520	558	913
4095	512	1024	3742	562	917
0	768	1024	102	766	942
256	768	1024	339	767	930
512	768	1024	576	768	929
768	768	1024	798	770	927
1024	768	1024	1025	772	926
1280	768	1024	1261	777	926
1536	768	1024	1476	779	926
1792	768	1024	1700	780	921
2048	768	1024	1932	781	919
2303	768	1024	2175	782	917
2559	768	1024	2419	783	914
2815	768	1024	2636	786	913
3071	768	1024	2857	786	912
3327	768	1024	3088	789	911
3583	768	1024	3319	795	912
3839	768	1024	3532	798	915
4095	768	1024	3754	803	916
0	1024	1024	119	1015	943
256	1024	1024	357	1017	933
512	1024	1024	591	1018	930
768	1024	1024	814	1020	927
1024	1024	1024	1038	1020	926
1280	1024	1024	1277	1026	927
1536	1024	1024	1491	1027	927
1792	1024	1024	1717	1030	923
2048	1024	1024	1951	1031	920
2303	1024	1024	2193	1030	917
2559	1024	1024	2433	1031	915
2815	1024	1024	2651	1033	913
3071	1024	1024	2871	1035	914
3327	1024	1024	3104	1039	914
3583	1024	1024	3331	1044	913
3839	1024	1024	3547	1047	916
4095	1024	1024	3764	1053	917
0	1280	1024	137	1272	943
256	1280	1024	374	1274	934
512	1280	1024	608	1276	931
768	1280	1024	830	1275	928
1024	1280	1024	1056	1279	927
1280	1280	1024	1295	1286	927
1536	1280	1024	1506	1284	929
1792	1280	1024	1732	1286	926
2048	1280	1024	1963	1284	922
2303	1280	1024	2209	1285	918
2559	1280	1024	2448	1289	916
2815	1280	1024	2667	1291	915
3071	1280	1024	2890	1292	914
3327	1280	1024	3121	1293	914
3583	1280	1024	3347	1299	913
3839	1280	1024	3560	1302	915
4095	1280	1024	3775	1306	916
0	1536	1024	154	1501	943
256	1536	1024	392	1504	934
512	1536	1024	623	1505	932
768	1536	1024	847	1506	930
1024	1536	1024	1075	1509	930
1280	1536	1024	1312	1516	930
1536	1536	1024	1522	1514	929
1792	1536	1024	1745	1511	927
2048	1536	1024	1978	1509	922
2303	1536	1024	2224	1511	921
2559	1536	1024	2458	1512	919
2815	1536	1024	2676	1514	915
3071	1536	1024	2898	1515	911
3327	1536	1024	3128	1514	911
3583	1536	1024	3356	1518	911
3839	1536	1024	3565	1521	912
4095	1536	1024	3783	1529	914
0	1792	1024	170	1745	939
256	1792	1024	405	1748	933
512	1792	1024	635	1751	930
768	1792	1024	858	1755	929
1024	1792	1024	1086	1757	928
1280	1792	1024	1319	1763	929
1536	1792	1024	1529	1765	928
1792	1792	1024	1755	1761	926
2048	1792	1024	1986	1759	922
2303	1792	1024	2232	1758	920
2559	1792	1024	2462	1759	917
2815	1792	1024	2678	1760	915
3071	1792	1024	2901	1762	913
3327	1792	1024	3127	1764	913
3583	1792	1024	3352	1765	907
3839	1792	1024	3560	1770	908
4095	1792	1024	3779	1776	908
0	2048	1024	185	1983	933
256	2048	1024	420	1989	926
512	2048	1024	648	1993	925
768	2048	1024	871	1996	925
1024	2048	1024	1099	2000	925
1280	2048	1024	1330	2005	925
1536	2048	1024	1540	2006	923
1792	2048	1024	1764	2002	921
2048	2048	1024	1994	2001	919
2303	2048	1024	2241	2002	915
2559	2048	1024	2466	2003	913
2815	2048	1024	2682	2002	911
3071	2048	1024	2903	2003	909
3327	2048	1024	3129	2005	908
3583	2048	1024	3356	2006	907
3839	2048	1024	3561	2013	909
4095	2048	1024	3780	2018	906
0	2303	1024	201	2240	926
256	2303	1024	435	2248	923
512	2303	1024	661	2253	923
768	2303	1024	883	2258	923
1024	2303	1024	1110	2263	923
1280	2303	1024	1339	2264	922
1536	2303	1024	1549	2263	920
1792	2303	1024	1770	2259	919
2048	2303	1024	2004	2259	916
2303	2303	1024	2253	2260	914
2559	2303	1024	2476	2260	911
2815	2303	1024	2691	2260	907
3071	2303	1024	2912	2263	906
3327	2303	1024	3136	2265	905
3583	2303	1024	3357	2270	905
3839	2303	1024	3569	2276	906
4095	2303	1024	3787	2279	907
0	2559	1024	217	2484	925
256	2559	1024	451	2490	922
512	2559	1024	675	2494	922
768	2559	1024	896	2499	922
1024	2559	1024	1124	2504	922
1280	2559	1024	1351	2506	921
1536	2559	1024	1562	2506	919
1792	2559	1024	1781	2500	915
2048	2559	1024	2013	2499	914
2303	2559	1024	2266	2499	911
2559	2559	1024	2486	2499	909
2815	2559	1024	2705	2501	907
3071	2559	1024	2928	2502	906
3327	2559	1024	3153	2505	906
3583	2559	1024	3371	2509	905
3839	2559	1024	3580	2514	904
4095	2559	1024	3803	2519	906
0	2815	1024	233	2733	925
256	2815	1024	466	2736	922
512	2815	1024	688	2742	922
768	2815	1024	911	2747	922
1024	2815	1024	1138	2750	922
1280	2815	1024	1363	2753	921
1536	2815	1024	1574	2750	920
1792	2815	1024	1794	2745	914
2048	2815	1024	2029	2743	912
2303	2815	1024	2281	2740	911
2559	2815	1024	2498	2743	909
2815	2815	1024	2719	2747	908
3071	2815	1024	2942	2748	907
3327	2815	1024	3166	2750	905
3583	2815	1024	3384	2754	905
3839	2815	1024	3594	2761	906
4095	2815	1024	3810	2768	908
0	3071	1024	249	2976	926
256	3071	1024	484	2978	923
512	3071	1024	705	2987	923
768	3071	1024	925	2987	923
1024	3071	1024	1155	2990	921
1280	3071	1024	1375	2994	921
1536	3071	1024	1586	2989	918
1792	3071	1024	1810	2982	915
2048	3071	1024	2043	2983	913
2303	3071	1024	2299	2981	912
2559	3071	1024	2510	2985	909
2815	3071	1024	2731	2989	908
3071	3071	1024	2958	2994	908
3327	3071	1024	3183	2997	906
3583	3071	1024	3399	3000	907
3839	3071	1024	3610	3007	908
4095	3071	1024	3827	3016	908
0	3327	1024	266	3205	925
256	3327	1024	500	3212	926
512	3327	1024	720	3217	923
768	3327	1024	942	3216	923
1024	3327	1024	1171	3220	922
1280	3327	1024	1390	3224	922
1536	3327	1024	1602	3220	919
1792	3327	1024	1827	3212	915
2048	3327	1024	2062	3212	911
2303	3327	1024	2313	3210	909
2559	3327	1024	2525	3209	909
2815	3327	1024	2745	3216	910
3071	3327	1024	2973	3223	908
3327	3327	1024	3198	3225	909
3583	3327	1024	3414	3231	908
3839	3327	1024	3629	3238	909
4095	3327	1024	3843	3243	911
0	3583	1024	283	3450	928
256	3583	1024	519	3455	926
512	3583	1024	737	3453	926
768	3583	1024	959	3455	924
1024	3583	1024	1190	3461	924
1280	3583	1024	1406	3464	924
1536	3583	1024	1620	3460	920
1792	3583	1024	1845	3452	916
2048	3583	1024	2081	3450	913
2303	3583	1024	2331	3449	911
2559	3583	1024	2542	3449	911
2815	3583	1024	2764	3458	910
3071	3583	1024	2990	3458	910
3327	3583	1024	3214	3464	909
3583	3583	1024	3434	3471	911
3839	3583	1024	3654	3479	911
4095	3583	1024	3868	3490	914
0	3839	1024	301	3688	931
256	3839	1024	536	3690	929
512	3839	1024	753	3687	928
768	3839	1024	977	3695	926
1024	3839	1024	1208	3697	926
1280	3839	1024	1422	3697	925
1536	3839	1024	1636	3692	923
1792	3839	1024	1863	3685	919
2048	3839	1024	2103	3681	916
2303	3839	1024	2346	3677	914
2559	3839	1024	2558	3682	913
2815	3839	1024	2781	3689	912
3071	3839	1024	3010	3691	912
3327	3839	1024	3235	3701	912
3583	3839	1024	3452	3708	914
3839	3839	1024	3672	3717	914
4095	3839	1024	3885	3727	917
0	4095	1024	319	3923	935
256	4095	1024	553	3927	932
512	4095	1024	772	3924	931
768	4095	1024	995	3928	930
1024	4095	1024	1228	3933	930
1280	4095	1024	1439	3931	930
1536	4095	1024	1654	3922	927
1792	4095	1024	1883	3914	922
2048	4095	1024	2122	3908	919
2303	4095	1024	2364	3907	917
2559	4095	1024	2580	3912	915
2815	4095	1024	2804	3913	915
3071	4095	1024	3034	3922	915
3327	4095	1024	3257	3927	915
3583	4095	1024	3475	3939	916
3839	4095	1024	3693	3948	917
4095	4095	1024	3905	3956	920
0	0	1280	66	12	1169
256	0	1280	304	15	1162
512	0	1280	546	17	1162
768	0	1280	769	20	1160
1024	0	1280	996	22	1160
1280	0	1280	1231	25	1161
1536	0	1280	1451	28	1160
1792	0	1280	1668	30	1155
2048	0	1280	1894	33	1150
2303	0	1280	2128	36	1146
2559	0	1280	2375	38	1145
2815	0	1280	2593	41	1143
3071	0	1280	2816	43	1142
3327	0	1280	3047	46	1142
3583	0	1280	3279	49	1143
3839	0	1280	3501	52	1144
4095	0	1280	3723	55	1148
0	256	1280	81	274	1169
256	256	1280	319	275	1164
512	256	1280	560	279	1163
768	256	1280	783	281	1163
1024	256	1280	1012	284	1162
1280	256	1280	1247	286	1163
1536	256	1280	1465	288	1162
1792	256	1280	1686	291	1157
2048	256	1280	1916	292	1153
2303	256	1280	2155	293	1151
2559	256	1280	2399	295	1149
2815	256	1280	2619	298	1147
3071	256	1280	2839	300	1145
3327	256	1280	3072	303	1145
3583	256	1280	3304	306	1146
3839	256	1280	3523	310	1148
4095	256	1280	3744	313	1151
0	512	1280	99	528	1178
256	512	1280	336	531	1166
512	512	1280	573	533	1164
768	512	1280	798	534	1163
1024	512	1280	1026	536	1162
1280	512	1280	1262	540	1162
1536	512	1280	1479	542	1162
1792	512	1280	1701	544	1158
2048	512	1280	1931	544	1154
2303	512	1280	2171	544	1153
2559	512	1280	2417	547	1149
2815	512	1280	2636	549	1148
3071	512	1280	2855	550	1147
3327	512	1280	3087	552	1147
3583	512	1280	3319	557	1147
3839	512	1280	3535	561	1149
4095	512	1280	3759	565	1151
0	768	1280	115	771	1180
256	768	1280	353	772	1168
512	768	1280	590	773	1165
768	768	1280	812	776	1163
1024	768	1280	1039	778	1162
1280	768	1280	1276	782	1162
1536	768	1280	1491	784	1162
1792	768	1280	1715	785	1158
2048	768	1280	1946	786	1155
2303	768	1280	2190	786	1153
2559	768	1280	2430	787	1150
2815	768	1280	2650	789	1148
3071	768	1280	2872	791	1148
3327	768	1280	3101	793	1148
3583	768	1280	3333	799	1147
3839	768	1280	3546	802	1149
4095	768	1280	3768	807	1150
0	1024	1280	134	1020	1180
256	1024	1280	371	1022	1170
512	1024	1280	606	1024	1166
768	1024	1280	829	1025	1164
1024	1024	1280	1054	1026	1164
1280	1024	1280	1292	1030	1164
1536	1024	1280	1505	1033	1162
1792	1024	1280	1731	1034	1159
2048	1024	1280	1963	1035	1156
2303	1024	1280	2206	1034	1154
2559	1024	1280	2445	1036	1151
2815	1024	1280	2665	1039	1150
3071	1024	1280	2888	1040	1149
3327	1024	1280	3118	1044	1149
3583	1024	1280	3346	1049	1149
3839	1024	1280	3561	1051	1150
4095	1024	1280	3780	1057	1151
0	1280	1280	150	1278	1181
256	1280	1280	388	1280	1171
512	1280	1280	622	1282	1168
768	1280	1280	845	1282	1165
1024	1280	1280	1072	1285	1164
1280	1280	1280	1311	1292	1165
1536	1280	1280	1521	1291	1165
1792	1280	1280	1746	1292	1162
2048	1280	1280	1979	1292	1157
2303	1280	1280	2226	1292	1154
2559	1280	1280	2462	1295	1153
2815	1280	1280	2682	1296	1151
3071	1280	1280	2905	1297	1150
3327	1280	1280	3132	1299	1149
3583	1280	1280	3362	1303	1149
3839	1280	1280	3576	1307	1149
4095	1280	1280	3793	1311	1150
0	1536	1280	167	1506	1181
256	1536	1280	405	1510	1171
512	1536	1280	637	1512	1168
768	1536	1280	861	1513	1166
1024	1536	1280	1090	1515	1167
1280	1536	1280	1326	1521	1167
1536	1536	1280	1537	1521	1166
1792	1536	1280	1762	1520	1162
2048	1536	1280	1996	1518	1159
2303	1536	1280	2241	1518	1157
2559	1536	1280	2473	1519	1154
2815	1536	1280	2691	1519	1148
3071	1536	1280	2914	1519	1147
3327	1536	1280	3142	1520	1145
3583	1536	1280	3371	1525	1145
3839	1536	1280	3583	1530	1145
4095	1536	1280	3801	1535	1147
0	1792	1280	183	1752	1174
256	1792	1280	419	1756	1167
512	1792	1280	649	1759	1166
768	1792	1280	872	1763	1164
1024	1792	1280	1102	1766	1164
1280	1792	1280	1335	1772	1164
1536	1792	1280	1545	1773	1162
1792	1792	1280	1771	1771	1161
2048	1792	1280	2003	1769	1157
2303	1792	1280	2251	1769	1156
2559	1792	1280	2478	1768	1154
2815	1792	1280	2695	1769	1150
3071	1792	1280	2919	1770	1148
3327	1792	1280	3144	1771	1140
3583	1792	1280	3368	1773	1141
3839	1792	1280	3577	1779	1142
4095	1792	1280	3798	1784	1143
0	2048	1280	198	1991	1167
256	2048	1280	434	1996	1161
512	2048	1280	660	1999	1159
768	2048	1280	884	2004	1159
1024	2048	1280	1114	2009	1160
1280	2048	1280	1345	2015	1160
1536	2048	1280	1556	2015	1158
1792	2048	1280	1778	2010	1156
2048	2048	1280	2010	2011	1153
2303	2048	1280	2259	2012	1151
2559	2048	1280	2484	2012	1148
2815	2048	1280	2701	2012	1145
3071	2048	1280	2922	2011	1144
3327	2048	1280	3148	2013	1143
3583	2048	1280	3373	2017	1142
3839	2048	1280	3583	2023	1140
4095	2048	1280	3801	2026	1139
0	2303	1280	214	2251	1159
256	2303	1280	449	2258	1158
512	2303	1280	674	2262	1156
768	2303	1280	897	2266	1157
1024	2303	1280	1126	2273	1158
1280	2303	1280	1354	2277	1159
1536	2303	1280	1565	2275	1155
1792	2303	1280	1786	2273	1151
2048	2303	1280	2021	2272	1150
2303	2303	1280	2272	2273	1149
2559	2303	1280	2492	2273	1146
2815	2303	1280	2708	2272	1143
3071	2303	1280	2931	2275	1141
3327	2303	1280	3158	2279	1140
3583	2303	1280	3380	2281	1140
3839	2303	1280	3590	2286	1139
4095	2303	1280	3806	2291	1141
0	2559	1280	229	2492	1158
256	2559	1280	464	2497	1155
512	2559	1280	688	2503	1156
768	2559	1280	911	2508	1156
1024	2559	1280	1140	2514	1156
1280	2559	1280	1365	2518	1157
1536	2559	1280	1577	2517	1154
1792	2559	1280	1799	2513	1150
2048	2559	1280	2034	2512	1149
2303	2559	1280	2286	2512	1147
2559	2559	1280	2503	2511	1145
2815	2559	1280	2722	2512	1143
3071	2559	1280	2946	2515	1141
3327	2559	1280	3173	2518	1141
3583	2559	1280	3392	2523	1139
3839	2559	1280	3603	2525	1139
4095	2559	1280	3819	2531	1140
0	2815	1280	246	2739	1158
256	2815	1280	480	2745	1154
512	2815	1280	702	2751	1154
768	2815	1280	925	2756	1155
1024	2815	1280	1154	2761	1156
1280	2815	1280	1377	2763	1156
1536	2815	1280	1589	2760	1154
1792	2815	1280	1813	2756	1150
2048	2815	1280	2045	2755	1147
2303	2815	1280	2302	2756	1146
2559	2815	1280	2516	2756	1144
2815	2815	1280	2737	2760	1144
3071	2815	1280	2961	2761	1142
3327	2815	1280	3185	2764	1141
3583	2815	1280	3404	2769	1139
3839	2815	1280	3614	2774	1138
4095	2815	1280	3829	2780	1140
0	3071	1280	261	2982	1155
256	3071	1280	497	2987	1155
512	3071	1280	718	2996	1155
768	3071	1280	940	2998	1155
1024	3071	1280	1171	3003	1156
1280	3071	1280	1391	3007	1155
1536	3071	1280	1603	3001	1152
1792	3071	1280	1827	2996	1149
2048	3071	1280	2062	2995	1147
2303	3071	1280	2316	2995	1145
2559	3071	1280	2527	3001	1145
2815	3071	1280	2751	3004	1143
3071	3071	1280	2977	3008	1143
3327	3071	1280	3202	3012	1141
3583	3071	1280	3417	3015	1140
3839	3071	1280	3631	3021	1139
4095	3071	1280	3849	3029	1141
0	3327	1280	279	3214	1157
256	3327	1280	514	3220	1157
512	3327	1280	734	3229	1157
768	3327	1280	957	3228	1156
1024	3327	1280	1186	3234	1156
1280	3327	1280	1404	3238	1156
1536	3327	1280	1618	3232	1154
1792	3327	1280	1844	3226	1150
2048	3327	1280	2081	3224	1147
2303	3327	1280	2328	3222	1144
2559	3327	1280	2540	3224	1144
2815	3327	1280	2764	3233	1143
3071	3327	1280	2991	3235	1142
3327	3327	1280	3218	3239	1143
3583	3327	1280	3436	3245	1141
3839	3327	1280	3652	3251	1140
4095	3327	1280	3864	3259	1143
0	3583	1280	296	3458	1161
256	3583	1280	532	3462	1159
512	3583	1280	750	3466	1158
768	3583	1280	973	3467	1158
1024	3583	1280	1205	3477	1158
1280	3583	1280	1419	3478	1158
1536	3583	1280	1635	3472	1156
1792	3583	1280	1862	3467	1151
2048	3583	1280	2100	3463	1148
2303	3583	1280	2346	3461	1145
2559	3583	1280	2558	3465	1145
2815	3583	1280	2782	3470	1143
3071	3583	1280	3009	3470	1143
3327	3583	1280	3235	3478	1142
3583	3583	1280	3455	3486	1142
3839	3583	1280	3674	3496	1142
4095	3583	1280	3886	3503	1146
0	3839	1280	314	3699	1164
256	3839	1280	549	3702	1162
512	3839	1280	767	3699	1162
768	3839	1280	990	3704	1161
1024	3839	1280	1222	3710	1160
1280	3839	1280	1437	3710	1160
1536	3839	1280	1651	3704	1157
1792	3839	1280	1879	3697	1154
2048	3839	1280	2119	3693	1150
2303	3839	1280	2360	3690	1148
2559	3839	1280	2577	3700	1146
2815	3839	1280	2800	3703	1146
3071	3839	1280	3029	3706	1144
3327	3839	1280	3254	3716	1144
3583	3839	1280	3471	3720	1145
3839	3839	1280	3691	3728	1146
4095	3839	1280	3902	3739	1150
0	4095	1280	333	3934	1169
256	4095	1280	566	3937	1168
512	4095	1280	785	3933	1164
768	4095	1280	1008	3939	1164
1024	4095	1280	1241	3941	1165
1280	4095	1280	1452	3941	1164
1536	4095	1280	1669	3933	1161
1792	4095	1280	1897	3925	1156
2048	4095	1280	2137	3921	1152
2303	4095	1280	2377	3921	1150
2559	4095	1280	2597	3927	1148
2815	4095	1280	2821	3928	1147
3071	4095	1280	3048	3933	1147
3327	4095	1280	3275	3941	1147
3583	4095	1280	3492	3949	1147
3839	4095	1280	3710	3957	1148
4095	4095	1280	3922	3968	1151
0	0	1536	79	14	1403
256	0	1536	318	17	1395
512	0	1536	559	19	1396
768	0	1536	782	22	1395
1024	0	1536	1010	25	1392
1280	0	1536	1246	27	1392
1536	0	1536	1464	30	1390
1792	0	1536	1682	33	1385
2048	0	1536	1906	35	1380
2303	0	1536	2141	38	1376
2559	0	1536	2387	40	1374
2815	0	1536	2602	43	1374
3071	0	1536	2825	46	1373
3327	0	1536	3058	48	1372
3583	0	1536	3292	52	1373
3839	0	1536	3513	54	1376
4095	0	1536	3736	57	1378
0	256	1536	95	277	1405
256	256	1536	335	280	1397
512	256	1536	573	282	1395
768	256	1536	797	285	1394
1024	256	1536	1026	286	1395
1280	256	1536	1262	290	1394
1536	256	1536	1480	293	1393
1792	256	1536	1700	293	1387
2048	256	1536	1929	295	1383
2303	256	1536	2169	296	1380
2559	256	1536	2412	298	1379
2815	256	1536	2630	301	1377
3071	256	1536	2852	303	1379
3327	256	1536	3084	305	1376
3583	256	1536	3317	310	1376
3839	256	1536	3534	312	1379
4095	256	1536	3756	316	1382
0	512	1536	112	532	1405
256	512	1536	350	534	1397
512	512	1536	587	537	1395
768	512	1536	813	538	1394
1024	512	1536	1042	541	1395
1280	512	1536	1279	545	1393
1536	512	1536	1494	546	1392
1792	512	1536	1715	547	1388
2048	512	1536	1945	548	1385
2303	512	1536	2187	548	1383
2559	512	1536	2429	550	1380
2815	512	1536	2646	552	1379
3071	512	1536	2869	553	1378
3327	512	1536	3100	556	1379
3583	512	1536	3332	559	1378
3839	512	1536	3548	564	1379
4095	512	1536	3770	568	1381
0	768	1536	129	774	1411
256	768	1536	369	777	1400
512	768	1536	604	780	1396
768	768	1536	826	781	1394
1024	768	1536	1055	784	1392
1280	768	1536	1291	787	1394
1536	768	1536	1506	789	1392
1792	768	1536	1730	791	1389
2048	768	1536	1961	790	1386
2303	768	1536	2205	790	1383
2559	768	1536	2442	791	1382
2815	768	1536	2661	792	1380
3071	768	1536	2885	795	1381
3327	768	1536	3116	798	1379
3583	768	1536	3346	802	1379
3839	768	1536	3559	806	1379
4095	768	1536	3777	809	1380
0	1024	1536	147	1024	1410
256	1024	1536	385	1027	1400
512	1024	1536	619	1029	1397
768	1024	1536	844	1031	1395
1024	1024	1536	1069	1033	1395
1280	1024	1536	1308	1037	1396
1536	1024	1536	1520	1040	1393
1792	1024	1536	1744	1038	1389
2048	1024	1536	1977	1038	1387
2303	1024	1536	2222	1040	1385
2559	1024	1536	2459	1041	1384
2815	1024	1536	2678	1044	1383
3071	1024	1536	2903	1045	1381
3327	1024	1536	3132	1047	1381
3583	1024	1536	3360	1051	1379
3839	1024	1536	3576	1056	1381
4095	1024	1536	3793	1061	1381
0	1280	1536	163	1283	1411
256	1280	1536	403	1285	1401
512	1280	1536	636	1288	1399
768	1280	1536	860	1290	1397
1024	1280	1536	1089	1293	1396
1280	1280	1536	1324	1297	1397
1536	1280	1536	1536	1299	1396
1792	1280	1536	1763	1299	1391
2048	1280	1536	1996	1299	1389
2303	1280	1536	2244	1299	1388
2559	1280	1536	2476	1301	1385
2815	1280	1536	2695	1301	1382
3071	1280	1536	2916	1301	1382
3327	1280	1536	3145	1305	1380
3583	1280	1536	3374	1306	1380
3839	1280	1536	3593	1312	1380
4095	1280	1536	3807	1316	1379
0	1536	1536	181	1512	1409
256	1536	1536	419	1514	1401
512	1536	1536	650	1517	1398
768	1536	1536	876	1519	1397
1024	1536	1536	1105	1522	1397
1280	1536	1536	1340	1526	1398
1536	1536	1536	1552	1528	1396
1792	1536	1536	1781	1529	1394
2048	1536	1536	2014	1526	1391
2303	1536	1536	2258	1526	1389
2559	1536	1536	2487	1525	1380
2815	1536	1536	2706	1523	1377
3071	1536	1536	2930	1525	1377
3327	1536	1536	3157	1529	1376
3583	1536	1536	3385	1533	1373
3839	1536	1536	3598	1537	1374
4095	1536	1536	3818	1540	1375
0	1792	1536	196	1757	1400
256	1792	1536	433	1763	1395
512	1792	1536	662	1767	1394
768	1792	1536	887	1770	1393
1024	1792	1536	1118	1775	1394
1280	1792	1536	1350	1780	1395
1536	1792	1536	1561	1781	1392
1792	1792	1536	1787	1782	1390
2048	1792	1536	2021	1779	1388
2303	1792	1536	2270	1778	1386
2559	1792	1536	2493	1777	1383
2815	1792	1536	2712	1776	1380
3071	1792	1536	2935	1777	1371
3327	1792	1536	3160	1778	1370
3583	1792	1536	3387	1782	1370
3839	1792	1536	3595	1789	1370
4095	1792	1536	3816	1792	1371
0	2048	1536	212	1998	1393
256	2048	1536	447	2004	1388
512	2048	1536	674	2006	1388
768	2048	1536	898	2011	1388
1024	2048	1536	1129	2018	1389
1280	2048	1536	1361	2024	1390
1536	2048	1536	1572	2024	1388
1792	2048	1536	1792	2020	1385
2048	2048	1536	2029	2020	1383
2303	2048	1536	2278	2020	1380
2559	2048	1536	2500	2019	1376
2815	2048	1536	2717	2020	1374
3071	2048	1536	2940	2020	1373
3327	2048	1536	3166	2022	1372
3583	2048	1536	3389	2026	1370
3839	2048	1536	3602	2032	1368
4095	2048	1536	3820	2034	1369
0	2303	1536	226	2256	1386
256	2303	1536	462	2264	1385
512	2303	1536	687	2269	1384
768	2303	1536	910	2273	1385
1024	2303	1536	1142	2279	1386
1280	2303	1536	1369	2289	1388
1536	2303	1536	1582	2286	1385
1792	2303	1536	1804	2284	1380
2048	2303	1536	2039	2285	1379
2303	2303	1536	2292	2287	1377
2559	2303	1536	2508	2287	1375
2815	2303	1536	2724	2286	1372
3071	2303	1536	2949	2289	1371
3327	2303	1536	3178	2292	1369
3583	2303	1536	3400	2292	1368
3839	2303	1536	3609	2296	1368
4095	2303	1536	3825	2304	1370
0	2559	1536	242	2499	1383
256	2559	1536	478	2504	1380
512	2559	1536	700	2511	1382
768	2559	1536	924	2514	1383
1024	2559	1536	1154	2522	1383
1280	2559	1536	1378	2528	1385
1536	2559	1536	1593	2526	1382
1792	2559	1536	1819	2523	1378
2048	2559	1536	2055	2523	1377
2303	2559	1536	2307	2524	1376
2559	2559	1536	2520	2526	1375
2815	2559	1536	2738	2526	1372
3071	2559	1536	2962	2527	1371
3327	2559	1536	3188	2530	1369
3583	2559	1536	3409	2533	1367
3839	2559	1536	3623	2535	1367
4095	2559	1536	3837	2541	1369
0	2815	1536	258	2743	1381
256	2815	1536	494	2751	1380
512	2815	1536	715	2757	1379
768	2815	1536	938	2762	1380
1024	2815	1536	1170	2769	1381
1280	2815	1536	1391	2773	1383
1536	2815	1536	1605	2773	1381
1792	2815	1536	1831	2771	1377
2048	2815	1536	2065	2766	1376
2303	2815	1536	2321	2771	1374
2559	2815	1536	2533	2767	1373
2815	2815	1536	2753	2773	1373
3071	2815	1536	2979	2777	1372
3327	2815	1536	3204	2781	1371
3583	2815	1536	3422	2784	1368
3839	2815	1536	3635	2786	1365
4095	2815	1536	3850	2791	1367
0	3071	1536	274	2988	1380
256	3071	1536	511	2995	1379
512	3071	1536	731	3002	1380
768	3071	1536	955	3007	1380
1024	3071	1536	1186	3016	1382
1280	3071	1536	1405	3019	1383
1536	3071	1536	1619	3015	1380
1792	3071	1536	1844	3010	1377
2048	3071	1536	2082	3008	1374
2303	3071	1536	2330	3010	1373
2559	3071	1536	2545	3015	1372
2815	3071	1536	2767	3017	1372
3071	3071	1536	2993	3021	1372
3327	3071	1536	3219	3026	1371
3583	3071	1536	3436	3029	1368
3839	3071	1536	3654	3033	1366
4095	3071	1536	3869	3040	1368
0	3327	1536	292	3222	1381
256	3327	1536	528	3229	1382
512	3327	1536	748	3236	1382
768	3327	1536	970	3238	1382
1024	3327	1536	1201	3245	1382
1280	3327	1536	1419	3247	1383
1536	3327	1536	1634	3244	1381
1792	3327	1536	1862	3240	1378
2048	3327	1536	2101	3237	1376
2303	3327	1536	2346	3236	1374
2559	3327	1536	2556	3239	1371
2815	3327	1536	2782	3246	1371
3071	3327	1536	3010	3248	1371
3327	3327	1536	3237	3256	1371
3583	3327	1536	3456	3260	1369
3839	3327	1536	3672	3265	1368
4095	3327	1536	3883	3272	1369
0	3583	1536	309	3463	1385
256	3583	1536	545	3471	1384
512	3583	1536	763	3475	1382
768	3583	1536	988	3480	1384
1024	3583	1536	1220	3488	1384
1280	3583	1536	1433	3487	1384
1536	3583	1536	1650	3482	1382
1792	3583	1536	1879	3479	1379
2048	3583	1536	2119	3475	1375
2303	3583	1536	2361	3472	1373
2559	3583	1536	2575	3476	1372
2815	3583	1536	2798	3478	1371
3071	3583	1536	3027	3482	1371
3327	3583	1536	3255	3491	1371
3583	3583	1536	3473	3499	1370
3839	3583	1536	3691	3507	1370
4095	3583	1536	3901	3513	1372
0	3839	1536	328	3706	1388
256	3839	1536	561	3711	1388
512	3839	1536	781	3710	1387
768	3839	1536	1004	3714	1387
1024	3839	1536	1235	3721	1388
1280	3839	1536	1450	3722	1386
1536	3839	1536	1666	3714	1384
1792	3839	1536	1895	3707	1379
2048	3839	1536	2136	3704	1376
2303	3839	1536	2377	3706	1374
2559	3839	1536	2594	3713	1373
2815	3839	1536	2816	3716	1372
3071	3839	1536	3044	3720	1371
3327	3839	1536	3271	3726	1371
3583	3839	1536	3490	3730	1372
3839	3839	1536	3709	3739	1373
4095	3839	1536	3918	3748	1375
0	4095	1536	346	3942	1395
256	4095	1536	579	3945	1393
512	4095	1536	798	3941	1392
768	4095	1536	1022	3945	1390
1024	4095	1536	1255	3950	1390
1280	4095	1536	1466	3951	1390
1536	4095	1536	1684	3943	1386
1792	4095	1536	1912	3934	1382
2048	4095	1536	2154	3932	1378
2303	4095	1536	2393	3934	1376
2559	4095	1536	2613	3940	1374
2815	4095	1536	2836	3944	1374
3071	4095	1536	3062	3944	1374
3327	4095	1536	3291	3952	1373
3583	4095	1536	3509	3958	1374
3839	4095	1536	3727	3966	1375
4095	4095	1536	3938	3977	1377
0	0	1792	91	16	1629
256	0	1792	330	19	1620
512	0	1792	569	22	1618
768	0	1792	792	24	1618
1024	0	1792	1019	27	1616
1280	0	1792	1254	30	1615
1536	0	1792	1471	33	1612
1792	0	1792	1689	35	1607
2048	0	1792	1914	37	1601
2303	0	1792	2151	40	1596
2559	0	1792	2394	43	1595
2815	0	1792	2607	45	1596
3071	0	1792	2828	48	1594
3327	0	1792	3063	50	1594
3583	0	1792	3295	53	1595
3839	0	1792	3512	57	1597
4095	0	1792	3732	59	1600
0	256	1792	107	278	1629
256	256	1792	347	282	1622
512	256	1792	584	284	1619
768	256	1792	809	286	1617
1024	256	1792	1037	289	1619
1280	256	1792	1273	292	1618
1536	256	1792	1490	294	1615
1792	256	1792	1710	295	1610
2048	256	1792	1940	297	1604
2303	256	1792	2180	299	1601
2559	256	1792	2421	300	1600
2815	256	1792	2637	303	1599
3071	256	1792	2857	305	1601
3327	256	1792	3090	307	1598
3583	256	1792	3320	311	1599
3839	256	1792	3536	314	1600
4095	256	1792	3759	317	1603
0	512	1792	126	533	1629
256	512	1792	364	536	1621
512	512	1792	600	540	1619
768	512	1792	824	542	1618
1024	512	1792	1052	544	1617
1280	512	1792	1291	547	1619
1536	512	1792	1504	549	1615
1792	512	1792	1726	548	1611
2048	512	1792	1955	549	1607
2303	512	1792	2199	549	1604
2559	512	1792	2437	552	1602
2815	512	1792	2651	554	1602
3071	512	1792	2875	555	1599
3327	512	1792	3108	558	1600
3583	512	1792	3337	560	1600
3839	512	1792	3553	565	1601
4095	512	1792	3771	569	1603
0	768	1792	142	776	1633
256	768	1792	382	779	1624
512	768	1792	616	782	1620
768	768	1792	839	784	1619
1024	768	1792	1066	786	1616
1280	768	1792	1304	790	1620
1536	768	1792	1519	792	1617
1792	768	1792	1742	792	1612
2048	768	1792	1973	792	1609
2303	768	1792	2217	791	1607
2559	768	1792	2451	793	1605
2815	768	1792	2668	794	1604
3071	768	1792	2891	796	1604
3327	768	1792	3125	799	1601
3583	768	1792	3353	803	1602
3839	768	1792	3564	807	1602
4095	768	1792	3781	810	1602
0	1024	1792	159	1025	1632
256	1024	1792	397	1029	1623
512	1024	1792	632	1033	1622
768	1024	1792	856	1034	1620
1024	1024	1792	1083	1038	1622
1280	1024	1792	1322	1041	1621
1536	1024	1792	1533	1043	1619
1792	1024	1792	1757	1042	1615
2048	1024	1792	1990	1042	1613
2303	1024	1792	2235	1043	1610
2559	1024	1792	2468	1043	1609
2815	1024	1792	2686	1046	1608
3071	1024	1792	2910	1048	1605
3327	1024	1792	3138	1049	1605
3583	1024	1792	3365	1054	1602
3839	1024	1792	3581	1058	1604
4095	1024	1792	3797	1063	1604
0	1280	1792	176	1283	1632
256	1280	1792	415	1287	1624
512	1280	1792	648	1290	1623
768	1280	1792	873	1294	1622
1024	1280	1792	1103	1297	1622
1280	1280	1792	1337	1301	1623
1536	1280	1792	1550	1305	1620
1792	1280	1792	1777	1302	1617
2048	1280	1792	2009	1302	1615
2303	1280	1792	2256	1302	1613
2559	1280	1792	2486	1302	1610
2815	1280	1792	2704	1303	1606
3071	1280	1792	2925	1303	1605
3327	1280	1792	3155	1307	1603
3583	1280	1792	3381	1308	1604
3839	1280	1792	3600	1313	1604
4095	1280	1792	3812	1316	1603
0	1536	1792	194	1513	1629
256	1536	1792	432	1516	1624
512	1536	1792	663	1519	1623
768	1536	1792	888	1523	1621
1024	1536	1792	1119	1526	1622
1280	1536	1792	1352	1530	1625
1536	1536	1792	1565	1531	1621
1792	1536	1792	1795	1533	1620
2048	1536	1792	2027	1532	1617
2303	1536	1792	2271	1529	1606
2559	1536	1792	2498	1528	1602
2815	1536	1792	2716	1529	1600
3071	1536	1792	2941	1530	1599
3327	1536	1792	3169	1533	1600
3583	1536	1792	3396	1536	1599
3839	1536	1792	3607	1542	1599
4095	1536	1792	3827	1545	1597
0	1792	1792	208	1757	1622
256	1792	1792	446	1765	1617
512	1792	1792	674	1769	1617
768	1792	1792	899	1773	1617
1024	1792	1792	1131	1780	1619
1280	1792	1792	1360	1785	1621
1536	1792	1792	1577	1785	1618
1792	1792	1792	1800	1787	1614
2048	1792	1792	2035	1783	1612
2303	1792	1792	2285	1782	1609
2559	1792	1792	2504	1782	1606
2815	1792	1792	2723	1782	1600
3071	1792	1792	2947	1783	1596
3327	1792	1792	3175	1784	1594
3583	1792	1792	3402	1789	1593
3839	1792	1792	3607	1793	1593
4095	1792	1792	3828	1798	1592
0	2048	1792	223	1996	1610
256	2048	1792	459	2003	1609
512	2048	1792	685	2007	1609
768	2048	1792	911	2015	1611
1024	2048	1792	1142	2024	1613
1280	2048	1792	1372	2029	1616
1536	2048	1792	1584	2031	1613
1792	2048	1792	1808	2032	1610
2048	2048	1792	2045	2029	1607
2303	2048	1792	2296	2029	1605
2559	2048	1792	2513	2026	1600
2815	2048	1792	2731	2026	1598
3071	2048	1792	2954	2027	1597
3327	2048	1792	3180	2027	1596
3583	2048	1792	3401	2028	1590
3839	2048	1792	3610	2033	1591
4095	2048	1792	3828	2039	1592
0	2303	1792	237	2252	1603
256	2303	1792	473	2262	1604
512	2303	1792	697	2269	1605
768	2303	1792	921	2275	1606
1024	2303	1792	1154	2282	1608
1280	2303	1792	1380	2291	1610
1536	2303	1792	1595	2294	1608
1792	2303	1792	1820	2290	1605
2048	2303	1792	2055	2295	1602
2303	2303	1792	2311	2297	1602
2559	2303	1792	2522	2295	1598
2815	2303	1792	2740	2296	1596
3071	2303	1792	2964	2297	1595
3327	2303	1792	3189	2298	1593
3583	2303	1792	3409	2300	1591
3839	2303	1792	3623	2302	1592
4095	2303	1792	3838	2309	1589
0	2559	1792	254	2499	1599
256	2559	1792	490	2506	1600
512	2559	1792	711	2513	1602
768	2559	1792	936	2518	1603
1024	2559	1792	1167	2525	1605
1280	2559	1792	1390	2532	1607
1536	2559	1792	1606	2532	1605
1792	2559	1792	1833	2530	1602
2048	2559	1792	2069	2531	1600
2303	2559	1792	2323	2535	1602
2559	2559	1792	2536	2535	1599
2815	2559	1792	2752	2535	1597
3071	2559	1792	2974	2534	1594
3327	2559	1792	3199	2535	1592
3583	2559	1792	3418	2538	1590
3839	2559	1792	3635	2542	1590
4095	2559	1792	3851	2546	1592
0	2815	1792	270	2742	1597
256	2815	1792	506	2752	1599
512	2815	1792	727	2756	1600
768	2815	1792	950	2764	1601
1024	2815	1792	1182	2773	1603
1280	2815	1792	1403	2777	1604
1536	2815	1792	1620	2779	1604
1792	2815	1792	1848	2779	1601
2048	2815	1792	2083	2777	1599
2303	2815	1792	2334	2777	1598
2559	2815	1792	2546	2777	1597
2815	2815	1792	2766	2779	1596
3071	2815	1792	2992	2785	1597
3327	2815	1792	3217	2788	1595
3583	2815	1792	3436	2792	1593
3839	2815	1792	3650	2795	1591
4095	2815	1792	3864	2797	1590
0	3071	1792	288	2987	1600
256	3071	1792	523	2995	1599
512	3071	1792	742	3002	1600
768	3071	1792	966	3012	1601
1024	3071	1792	1197	3019	1604
1280	3071	1792	1416	3022	1605
1536	3071	1792	1632	3022	1604
1792	3071	1792	1860	3019	1600
2048	3071	1792	2098	3019	1598
2303	3071	1792	2342	3020	1597
2559	3071	1792	2556	3020	1595
2815	3071	1792	2779	3024	1594
3071	3071	1792	3007	3031	1596
3327	3071	1792	3233	3033	1595
3583	3071	1792	3450	3034	1593
3839	3071	1792	3667	3037	1591
4095	3071	1792	3879	3044	1591
0	3327	1792	304	3220	1600
256	3327	1792	538	3230	1602
512	3327	1792	758	3233	1601
768	3327	1792	980	3239	1602
1024	3327	1792	1214	3246	1604
1280	3327	1792	1430	3250	1604
1536	3327	1792	1646	3250	1603
1792	3327	1792	1877	3247	1601
2048	3327	1792	2117	3246	1599
2303	3327	1792	2360	3244	1597
2559	3327	1792	2572	3248	1596
2815	3327	1792	2794	3254	1594
3071	3327	1792	3025	3257	1594
3327	3327	1792	3250	3260	1595
3583	3327	1792	3468	3265	1594
3839	3327	1792	3684	3269	1593
4095	3327	1792	3894	3273	1593
0	3583	1792	321	3462	1603
256	3583	1792	555	3472	1604
512	3583	1792	774	3471	1603
768	3583	1792	998	3483	1604
1024	3583	1792	1230	3486	1605
1280	3583	1792	1444	3487	1606
1536	3583	1792	1664	3484	1604
1792	3583	1792	1892	3482	1600
2048	3583	1792	2132	3481	1598
2303	3583	1792	2374	3478	1596
2559	3583	1792	2590	3479	1595
2815	3583	1792	2810	3483	1595
3071	3583	1792	3041	3491	1595
3327	3583	1792	3269	3497	1596
3583	3583	1792	3487	3501	1596
3839	3583	1792	3703	3508	1594
4095	3583	1792	3911	3514	1595
0	3839	1792	340	3700	1608
256	3839	1792	572	3707	1608
512	3839	1792	791	3710	1608
768	3839	1792	1016	3715	1608
1024	3839	1792	1247	3721	1609
1280	3839	1792	1459	3721	1608
1536	3839	1792	1679	3716	1605
1792	3839	1792	1908	3713	1601
2048	3839	1792	2150	3713	1597
2303	3839	1792	2391	3714	1596
2559	3839	1792	2605	3714	1595
2815	3839	1792	2826	3718	1596
3071	3839	1792	3057	3725	1596
3327	3839	1792	3284	3727	1595
3583	3839	1792	3506	3735	1596
3839	3839	1792	3721	3743	1596
4095	3839	1792	3929	3750	1598
0	4095	1792	358	3936	1615
256	4095	1792	590	3941	1613
512	4095	1792	808	3940	1612
768	4095	1792	1033	3941	1612
1024	4095	1792	1265	3953	1611
1280	4095	1792	1475	3951	1610
1536	4095	1792	1697	3943	1607
1792	4095	1792	1927	3939	1603
2048	4095	1792	2171	3940	1601
2303	4095	1792	2407	3941	1599
2559	4095	1792	2625	3943	1597
2815	4095	1792	2846	3947	1597
3071	4095	1792	3073	3948	1596
3327	4095	1792	3302	3954	1596
3583	4095	1792	3520	3963	1597
3839	4095	1792	3741	3969	1600
4095	4095	1792	3949	3977	1600
0	0	2048	103	19	1861
256	0	2048	340	21	1851
512	0	2048	576	24	1850
768	0	2048	797	26	1850
1024	0	2048	1022	29	1847
1280	0	2048	1257	33	1848
1536	0	2048	1472	35	1846
1792	0	2048	1692	37	1841
2048	0	2048	1917	40	1834
2303	0	2048	2153	42	1829
2559	0	2048	2390	45	1828
2815	0	2048	2602	47	1830
3071	0	2048	2823	50	1824
3327	0	2048	3049	53	1821
3583	0	2048	3280	55	1823
3839	0	2048	3499	58	1824
4095	0	2048	3718	60	1826
0	256	2048	121	278	1859
256	256	2048	358	282	1854
512	256	2048	593	286	1854
768	256	2048	818	287	1852
1024	256	2048	1042	289	1851
1280	256	2048	1278	292	1851
1536	256	2048	1494	294	1849
1792	256	2048	1715	296	1845
2048	256	2048	1945	297	1841
2303	256	2048	2185	299	1836
2559	256	2048	2422	300	1834
2815	256	2048	2636	303	1833
3071	256	2048	2856	304	1830
3327	256	2048	3082	306	1825
3583	256	2048	3310	310	1829
3839	256	2048	3527	313	1829
4095	256	2048	3743	315	1831
0	512	2048	138	532	1861
256	512	2048	375	536	1854
512	512	2048	610	538	1852
768	512	2048	833	542	1853
1024	512	2048	1062	544	1852
1280	512	2048	1296	546	1853
1536	512	2048	1507	547	1850
1792	512	2048	1733	548	1845
2048	512	2048	1961	548	1841
2303	512	2048	2203	549	1839
2559	512	2048	2437	550	1837
2815	512	2048	2652	552	1833
3071	512	2048	2873	553	1829
3327	512	2048	3102	555	1829
3583	512	2048	3329	560	1831
3839	512	2048	3546	562	1829
4095	512	2048	3759	566	1832
0	768	2048	154	773	1863
256	768	2048	393	778	1854
512	768	2048	625	781	1854
768	768	2048	849	783	1855
1024	768	2048	1075	785	1855
1280	768	2048	1312	788	1855
1536	768	2048	1523	789	1854
1792	768	2048	1748	790	1849
2048	768	2048	1980	790	1846
2303	768	2048	2224	790	1842
2559	768	2048	2455	792	1838
2815	768	2048	2670	794	1834
3071	768	2048	2893	795	1833
3327	768	2048	3117	798	1833
3583	768	2048	3348	801	1833
3839	768	2048	3562	805	1833
4095	768	2048	3776	809	1835
0	1024	2048	171	1020	1862
256	1024	2048	409	1027	1856
512	1024	2048	642	1031	1855
768	1024	2048	866	1033	1856
1024	1024	2048	1096	1037	1858
1280	1024	2048	1329	1039	1860
1536	1024	2048	1541	1041	1857
1792	1024	2048	1765	1041	1852
2048	1024	2048	1999	1043	1851
2303	1024	2048	2244	1042	1845
2559	1024	2048	2472	1042	1841
2815	1024	2048	2688	1043	1838
3071	1024	2048	2909	1045	1837
3327	1024	2048	3134	1048	1836
3583	1024	2048	3366	1052	1838
3839	1024	2048	3578	1055	1839
4095	1024	2048	3795	1060	1837
0	1280	2048	188	1279	1864
256	1280	2048	426	1285	1858
512	1280	2048	656	1287	1857
768	1280	2048	882	1292	1858
1024	1280	2048	1114	1298	1860
1280	1280	2048	1346	1301	1862
1536	1280	2048	1559	1304	1857
1792	1280	2048	1783	1302	1852
2048	1280	2048	2018	1303	1851
2303	1280	2048	2264	1300	1846
2559	1280	2048	2488	1298	1843
2815	1280	2048	2705	1299	1840
3071	1280	2048	2928	1301	1837
3327	1280	2048	3156	1304	1837
3583	1280	2048	3386	1306	1840
3839	1280	2048	3595	1310	1839
4095	1280	2048	3812	1314	1840
0	1536	2048	205	1506	1860
256	1536	2048	442	1512	1858
512	1536	2048	673	1515	1858
768	1536	2048	898	1519	1858
1024	1536	2048	1128	1523	1861
1280	1536	2048	1359	1529	1863
1536	1536	2048	1575	1530	1859
1792	1536	2048	1800	1529	1855
2048	1536	2048	2034	1529	1846
2303	1536	2048	2282	1528	1843
2559	1536	2048	2506	1528	1839
2815	1536	2048	2722	1530	1837
3071	1536	2048	2944	1531	1836
3327	1536	2048	3172	1533	1837
3583	1536	2048	3401	1536	1837
3839	1536	2048	3608	1539	1837
4095	1536	2048	3829	1545	1834
0	1792	2048	220	1754	1853
256	1792	2048	457	1759	1850
512	1792	2048	682	1765	1850
768	1792	2048	909	1770	1851
1024	1792	2048	1140	1776	1855
1280	1792	2048	1368	1783	1858
1536	1792	2048	1585	1782	1855
1792	1792	2048	1812	1784	1852
2048	1792	2048	2045	1782	1847
2303	1792	2048	2297	1782	1845
2559	1792	2048	2514	1782	1841
2815	1792	2048	2732	1782	1834
3071	1792	2048	2955	1783	1834
3327	1792	2048	3183	1786	1834
3583	1792	2048	3406	1789	1830
3839	1792	2048	3612	1792	1829
4095	1792	2048	3832	1797	1828
0	2048	2048	234	1988	1837
256	2048	2048	469	1997	1838
512	2048	2048	696	2006	1839
768	2048	2048	921	2014	1842
1024	2048	2048	1153	2023	1846
1280	2048	2048	1379	2029	1849
1536	2048	2048	1591	2031	1849
1792	2048	2048	1821	2034	1845
2048	2048	2048	2058	2037	1844
2303	2048	2048	2312	2036	1843
2559	2048	2048	2522	2031	1840
2815	2048	2048	2739	2026	1835
3071	2048	2048	2964	2028	1835
3327	2048	2048	3187	2029	1828
3583	2048	2048	3405	2029	1827
3839	2048	2048	3615	2034	1827
4095	2048	2048	3829	2036	1826
0	2303	2048	248	2248	1831
256	2303	2048	484	2258	1834
512	2303	2048	706	2265	1836
768	2303	2048	930	2271	1837
1024	2303	2048	1164	2280	1840
1280	2303	2048	1389	2289	1843
1536	2303	2048	1603	2295	1843
1792	2303	2048	1832	2295	1843
2048	2303	2048	2069	2297	1842
2303	2303	2048	2326	2301	1843
2559	2303	2048	2535	2297	1838
2815	2303	2048	2750	2298	1834
3071	2303	2048	2972	2299	1832
3327	2303	2048	3195	2300	1831
3583	2303	2048	3413	2302	1829
3839	2303	2048	3628	2302	1827
4095	2303	2048	3841	2306	1824
0	2559	2048	264	2490	1827
256	2559	2048	500	2499	1831
512	2559	2048	720	2505	1831
768	2559	2048	945	2516	1834
1024	2559	2048	1177	2524	1839
1280	2559	2048	1399	2528	1841
1536	2559	2048	1615	2531	1841
1792	2559	2048	1843	2534	1840
2048	2559	2048	2081	2535	1839
2303	2559	2048	2334	2535	1839
2559	2559	2048	2549	2540	1838
2815	2559	2048	2762	2535	1834
3071	2559	2048	2983	2533	1832
3327	2559	2048	3208	2537	1829
3583	2559	2048	3427	2541	1827
3839	2559	2048	3644	2543	1826
4095	2559	2048	3858	2547	1827
0	2815	2048	281	2736	1826
256	2815	2048	517	2744	1828
512	2815	2048	735	2749	1832
768	2815	2048	958	2758	1835
1024	2815	2048	1192	2766	1837
1280	2815	2048	1411	2774	1839
1536	2815	2048	1631	2778	1839
1792	2815	2048	1861	2780	1839
2048	2815	2048	2096	2780	1837
2303	2815	2048	2343	2778	1836
2559	2815	2048	2556	2779	1832
2815	2815	2048	2776	2784	1834
3071	2815	2048	2999	2786	1833
3327	2815	2048	3224	2789	1831
3583	2815	2048	3445	2792	1829
3839	2815	2048	3660	2796	1827
4095	2815	2048	3869	2795	1826
0	3071	2048	298	2975	1828
256	3071	2048	531	2988	1831
512	3071	2048	751	2996	1832
768	3071	2048	974	3001	1834
1024	3071	2048	1205	3012	1836
1280	3071	2048	1424	3018	1839
1536	3071	2048	1642	3020	1840
1792	3071	2048	1870	3020	1837
2048	3071	2048	2109	3021	1834
2303	3071	2048	2353	3023	1834
2559	3071	2048	2569	3025	1830
2815	3071	2048	2791	3029	1829
3071	3071	2048	3020	3036	1832
3327	3071	2048	3241	3034	1831
3583	3071	2048	3457	3034	1828
3839	3071	2048	3673	3037	1827
4095	3071	2048	3882	3040	1826
0	3327	2048	314	3205	1829
256	3327	2048	547	3218	1832
512	3327	2048	766	3224	1832
768	3327	2048	988	3232	1834
1024	3327	2048	1221	3244	1838
1280	3327	2048	1437	3246	1839
1536	3327	2048	1657	3244	1837
1792	3327	2048	1887	3244	1835
2048	3327	2048	2128	3245	1834
2303	3327	2048	2370	3247	1832
2559	3327	2048	2587	3251	1831
2815	3327	2048	2804	3255	1830
3071	3327	2048	3031	3256	1828
3327	3327	2048	3259	3261	1829
3583	3327	2048	3478	3266	1829
3839	3327	2048	3692	3268	1829
4095	3327	2048	3902	3271	1829
0	3583	2048	333	3448	1832
256	3583	2048	564	3458	1835
512	3583	2048	782	3460	1834
768	3583	2048	1005	3471	1836
1024	3583	2048	1235	3478	1838
1280	3583	2048	1452	3481	1839
1536	3583	2048	1673	3480	1838
1792	3583	2048	1902	3480	1835
2048	3583	2048	2144	3480	1832
2303	3583	2048	2384	3479	1830
2559	3583	2048	2600	3479	1828
2815	3583	2048	2819	3486	1830
3071	3583	2048	3050	3491	1829
3327	3583	2048	3277	3496	1830
3583	3583	2048	3495	3499	1831
3839	3583	2048	3711	3507	1831
4095	3583	2048	3917	3512	1829
0	3839	2048	350	3685	1839
256	3839	2048	580	3691	1837
512	3839	2048	798	3695	1838
768	3839	2048	1022	3702	1840
1024	3839	2048	1253	3713	1840
1280	3839	2048	1466	3713	1840
1536	3839	2048	1689	3714	1838
1792	3839	2048	1919	3714	1834
2048	3839	2048	2161	3712	1831
2303	3839	2048	2399	3711	1829
2559	3839	2048	2613	3710	1828
2815	3839	2048	2836	3712	1829
3071	3839	2048	3064	3724	1831
3327	3839	2048	3292	3724	1829
3583	3839	2048	3513	3732	1831
3839	3839	2048	3727	3739	1831
4095	3839	2048	3935	3744	1833
0	4095	2048	369	3916	1844
256	4095	2048	596	3921	1843
512	4095	2048	815	3926	1841
768	4095	2048	1040	3933	1844
1024	4095	2048	1272	3945	1844
1280	4095	2048	1482	3939	1841
1536	4095	2048	1705	3940	1838
1792	4095	2048	1937	3942	1836
2048	4095	2048	2182	3941	1834
2303	4095	2048	2416	3940	1832
2559	4095	2048	2632	3939	1830
2815	4095	2048	2853	3942	1829
3071	4095	2048	3081	3950	1831
3327	4095	2048	3310	3949	1830
3583	4095	2048	3528	3962	1831
3839	4095	2048	3746	3965	1833
4095	4095	2048	3952	3970	1835
0	0	2303	115	21	2094
256	0	2303	350	23	2084
512	0	2303	586	26	2082
768	0	2303	805	29	2081
1024	0	2303	1029	31	2077
1280	0	2303	1263	35	2079
1536	0	2303	1476	37	2083
1792	0	2303	1694	39	2073
2048	0	2303	1918	42	2067
2303	0	2303	2154	44	2064
2559	0	2303	2388	47	2060
2815	0	2303	2602	50	2057
3071	0	2303	2822	52	2055
3327	0	2303	3043	54	2049
3583	0	2303	3274	56	2052
3839	0	2303	3485	60	2054
4095	0	2303	3705	63	2058
0	256	2303	133	278	2090
256	256	2303	370	283	2086
512	256	2303	603	286	2087
768	256	2303	826	288	2084
1024	256	2303	1052	290	2087
1280	256	2303	1286	293	2085
1536	256	2303	1502	296	2082
1792	256	2303	1723	297	2078
2048	256	2303	1949	297	2072
2303	256	2303	2189	299	2066
2559	256	2303	2425	301	2063
2815	256	2303	2639	303	2061
3071	256	2303	2858	305	2061
3327	256	2303	3083	307	2054
3583	256	2303	3311	310	2056
3839	256	2303	3523	313	2059
4095	256	2303	3738	316	2062
0	512	2303	150	530	2091
256	512	2303	387	535	2086
512	512	2303	620	538	2088
768	512	2303	842	541	2088
1024	512	2303	1070	544	2089
1280	512	2303	1305	545	2086
1536	512	2303	1517	548	2084
1792	512	2303	1740	548	2080
2048	512	2303	1968	547	2077
2303	512	2303	2210	548	2071
2559	512	2303	2442	549	2067
2815	512	2303	2658	552	2064
3071	512	2303	2877	554	2063
3327	512	2303	3100	555	2063
3583	512	2303	3333	560	2064
3839	512	2303	3542	561	2064
4095	512	2303	3758	565	2063
0	768	2303	166	771	2089
256	768	2303	404	778	2088
512	768	2303	636	780	2088
768	768	2303	860	783	2088
1024	768	2303	1089	786	2092
1280	768	2303	1322	788	2092
1536	768	2303	1533	791	2088
1792	768	2303	1756	789	2082
2048	768	2303	1987	790	2078
2303	768	2303	2231	791	2075
2559	768	2303	2462	792	2070
2815	768	2303	2678	794	2067
3071	768	2303	2898	796	2068
3327	768	2303	3125	799	2065
3583	768	2303	3354	802	2068
3839	768	2303	3557	805	2066
4095	768	2303	3776	808	2068
0	1024	2303	183	1019	2091
256	1024	2303	420	1025	2090
512	1024	2303	652	1030	2090
768	1024	2303	876	1034	2093
1024	1024	2303	1106	1036	2095
1280	1024	2303	1338	1040	2096
1536	1024	2303	1548	1041	2092
1792	1024	2303	1772	1041	2088
2048	1024	2303	2006	1041	2082
2303	1024	2303	2254	1041	2080
2559	1024	2303	2480	1043	2077
2815	1024	2303	2697	1044	2074
3071	1024	2303	2918	1045	2072
3327	1024	2303	3141	1047	2070
3583	1024	2303	3369	1051	2073
3839	1024	2303	3579	1055	2073
4095	1024	2303	3797	1058	2073
0	1280	2303	199	1278	2093
256	1280	2303	437	1284	2093
512	1280	2303	666	1289	2093
768	1280	2303	893	1294	2094
1024	1280	2303	1124	1300	2097
1280	1280	2303	1355	1300	2096
1536	1280	2303	1567	1300	2093
1792	1280	2303	1788	1301	2086
2048	1280	2303	2025	1301	2087
2303	1280	2303	2275	1299	2082
2559	1280	2303	2498	1299	2078
2815	1280	2303	2713	1299	2075
3071	1280	2303	2933	1301	2073
3327	1280	2303	3161	1303	2073
3583	1280	2303	3391	1308	2071
3839	1280	2303	3600	1309	2070
4095	1280	2303	3812	1312	2073
0	1536	2303	216	1498	2089
256	1536	2303	453	1507	2090
512	1536	2303	681	1512	2091
768	1536	2303	907	1518	2093
1024	1536	2303	1140	1522	2097
1280	1536	2303	1369	1524	2098
1536	1536	2303	1582	1527	2094
1792	1536	2303	1809	1526	2087
2048	1536	2303	2050	1530	2083
2303	1536	2303	2296	1530	2082
2559	1536	2303	2516	1531	2079
2815	1536	2303	2731	1532	2074
3071	1536	2303	2954	1533	2072
3327	1536	2303	3180	1534	2071
3583	1536	2303	3401	1535	2069
3839	1536	2303	3608	1537	2069
4095	1536	2303	3828	1538	2067
0	1792	2303	231	1744	2074
256	1792	2303	467	1753	2074
512	1792	2303	692	1760	2077
768	1792	2303	917	1768	2081
1024	1792	2303	1149	1774	2087
1280	1792	2303	1376	1778	2090
1536	1792	2303	1592	1781	2088
1792	1792	2303	1821	1784	2087
2048	1792	2303	2055	1786	2085
2303	1792	2303	2309	1786	2083
2559	1792	2303	2525	1787	2075
2815	1792	2303	2742	1786	2070
3071	1792	2303	2965	1785	2070
3327	1792	2303	3190	1787	2069
3583	1792	2303	3408	1787	2067
3839	1792	2303	3618	1788	2065
4095	1792	2303	3831	1791	2065
0	2048	2303	245	1988	2066
256	2048	2303	482	1998	2068
512	2048	2303	707	2006	2069
768	2048	2303	930	2012	2074
1024	2048	2303	1162	2022	2079
1280	2048	2303	1388	2028	2083
1536	2048	2303	1601	2030	2084
1792	2048	2303	1835	2035	2084
2048	2048	2303	2077	2048	2087
2303	2048	2303	2329	2039	2084
2559	2048	2303	2539	2033	2077
2815	2048	2303	2753	2032	2073
3071	2048	2303	2979	2035	2071
3327	2048	2303	3202	2036	2068
3583	2048	2303	3417	2036	2065
3839	2048	2303	3628	2039	2063
4095	2048	2303	3844	2041	2064
0	2303	2303	259	2246	2057
256	2303	2303	496	2255	2063
512	2303	2303	718	2263	2066
768	2303	2303	941	2271	2070
1024	2303	2303	1176	2280	2075
1280	2303	2303	1398	2289	2076
1536	2303	2303	1613	2295	2078
1792	2303	2303	1845	2301	2081
2048	2303	2303	2084	2306	2080
2303	2303	2303	2343	2305	2082
2559	2303	2303	2550	2309	2077
2815	2303	2303	2764	2304	2073
3071	2303	2303	2985	2304	2072
3327	2303	2303	3208	2304	2070
3583	2303	2303	3424	2306	2067
3839	2303	2303	3639	2308	2063
4095	2303	2303	3851	2308	2063
0	2559	2303	276	2480	2054
256	2559	2303	510	2494	2060
512	2559	2303	731	2501	2062
768	2559	2303	955	2515	2067
1024	2559	2303	1187	2524	2072
1280	2559	2303	1410	2530	2076
1536	2559	2303	1628	2534	2077
1792	2559	2303	1858	2535	2077
2048	2559	2303	2099	2538	2076
2303	2559	2303	2348	2540	2076
2559	2559	2303	2560	2542	2076
2815	2559	2303	2780	2539	2072
3071	2559	2303	3002	2538	2070
3327	2559	2303	3223	2539	2068
3583	2559	2303	3438	2541	2065
3839	2559	2303	3654	2544	2064
4095	2559	2303	3866	2549	2064
0	2815	2303	291	2725	2053
256	2815	2303	527	2736	2059
512	2815	2303	745	2744	2062
768	2815	2303	969	2756	2067
1024	2815	2303	1201	2768	2071
1280	2815	2303	1420	2777	2074
1536	2815	2303	1641	2779	2074
1792	2815	2303	1872	2781	2075
2048	2815	2303	2111	2786	2076
2303	2815	2303	2353	2785	2074
2559	2815	2303	2568	2789	2069
2815	2815	2303	2793	2791	2072
3071	2815	2303	3017	2790	2070
3327	2815	2303	3239	2792	2066
3583	2815	2303	3454	2792	2063
3839	2815	2303	3668	2795	2063
4095	2815	2303	3877	2797	2062
0	3071	2303	309	2968	2054
256	3071	2303	541	2981	2058
512	3071	2303	761	2993	2062
768	3071	2303	982	2998	2066
1024	3071	2303	1213	3009	2069
1280	3071	2303	1432	3018	2073
1536	3071	2303	1652	3019	2073
1792	3071	2303	1884	3022	2070
2048	3071	2303	2125	3026	2070
2303	3071	2303	2367	3028	2072
2559	3071	2303	2585	3033	2067
2815	3071	2303	2805	3037	2069
3071	3071	2303	3035	3038	2069
3327	3071	2303	3256	3038	2066
3583	3071	2303	3470	3038	2065
3839	3071	2303	3684	3040	2065
4095	3071	2303	3892	3040	2063
0	3327	2303	326	3201	2056
256	3327	2303	558	3214	2060
512	3327	2303	775	3224	2063
768	3327	2303	996	3228	2067
1024	3327	2303	1229	3240	2072
1280	3327	2303	1447	3244	2074
1536	3327	2303	1668	3244	2072
1792	3327	2303	1899	3247	2071
2048	3327	2303	2142	3253	2070
2303	3327	2303	2382	3256	2068
2559	3327	2303	2599	3255	2065
2815	3327	2303	2818	3256	2064
3071	3327	2303	3046	3261	2066
3327	3327	2303	3274	3266	2067
3583	3327	2303	3487	3269	2066
3839	3327	2303	3705	3272	2067
4095	3327	2303	3914	3272	2066
0	3583	2303	344	3438	2062
256	3583	2303	574	3450	2064
512	3583	2303	791	3459	2065
768	3583	2303	1013	3465	2070
1024	3583	2303	1245	3474	2073
1280	3583	2303	1459	3478	2070
1536	3583	2303	1682	3480	2068
1792	3583	2303	1915	3482	2069
2048	3583	2303	2161	3486	2069
2303	3583	2303	2398	3487	2065
2559	3583	2303	2613	3487	2064
2815	3583	2303	2834	3492	2065
3071	3583	2303	3064	3494	2064
3327	3583	2303	3290	3501	2065
3583	3583	2303	3502	3506	2066
3839	3583	2303	3723	3510	2067
4095	3583	2303	3931	3514	2067
0	3839	2303	360	3673	2068
256	3839	2303	590	3682	2067
512	3839	2303	808	3692	2068
768	3839	2303	1030	3697	2071
1024	3839	2303	1263	3710	2072
1280	3839	2303	1475	3713	2071
1536	3839	2303	1699	3713	2070
1792	3839	2303	1930	3713	2068
2048	3839	2303	2175	3713	2067
2303	3839	2303	2410	3714	2065
2559	3839	2303	2626	3717	2065
2815	3839	2303	2850	3722	2066
3071	3839	2303	3074	3725	2066
3327	3839	2303	3303	3729	2065
3583	3839	2303	3519	3738	2069
3839	3839	2303	3739	3740	2068
4095	3839	2303	3944	3746	2069
0	4095	2303	380	3905	2071
256	4095	2303	607	3912	2072
512	4095	2303	825	3922	2073
768	4095	2303	1049	3932	2075
1024	4095	2303	1282	3938	2077
1280	4095	2303	1493	3942	2075
1536	4095	2303	1716	3941	2073
1792	4095	2303	1948	3940	2070
2048	4095	2303	2194	3938	2067
2303	4095	2303	2425	3938	2065
2559	4095	2303	2643	3939	2064
2815	4095	2303	2867	3945	2066
3071	4095	2303	3095	3956	2069
3327	4095	2303	3322	3955	2064
3583	4095	2303	3535	3967	2068
3839	4095	2303	3752	3966	2069
4095	4095	2303	3958	3971	2073
0	0	2559	129	23	2317
256	0	2559	364	26	2310
512	0	2559	595	28	2305
768	0	2559	815	31	2300
1024	0	2559	1040	33	2307
1280	0	2559	1273	37	2307
1536	0	2559	1484	39	2300
1792	0	2559	1700	41	2290
2048	0	2559	1924	44	2278
2303	0	2559	2162	47	2275
2559	0	2559	2395	49	2271
2815	0	2559	2608	52	2269
3071	0	2559	2828	54	2269
3327	0	2559	3052	57	2271
3583	0	2559	3282	60	2271
3839	0	2559	3492	62	2275
4095	0	2559	3711	65	2280
0	256	2559	146	281	2328
256	256	2559	383	285	2322
512	256	2559	616	288	2321
768	256	2559	838	290	2319
1024	256	2559	1063	292	2324
1280	256	2559	1300	296	2324
1536	256	2559	1510	297	2318
1792	256	2559	1728	298	2309
2048	256	2559	1957	300	2301
2303	256	2559	2198	301	2298
2559	256	2559	2431	303	2297
2815	256	2559	2645	304	2294
3071	256	2559	2866	307	2295
3327	256	2559	3091	309	2296
3583	256	2559	3319	312	2296
3839	256	2559	3530	315	2295
4095	256	2559	3745	319	2301
0	512	2559	162	531	2325
256	512	2559	400	537	2325
512	512	2559	632	540	2324
768	512	2559	853	541	2328
1024	512	2559	1081	545	2325
1280	512	2559	1318	548	2324
1536	512	2559	1526	550	2324
1792	512	2559	1748	550	2320
2048	512	2559	1976	549	2311
2303	512	2559	2222	550	2309
2559	512	2559	2451	553	2305
2815	512	2559	2666	554	2303
3071	512	2559	2887	556	2300
3327	512	2559	3107	557	2298
3583	512	2559	3338	561	2302
3839	512	2559	3548	565	2302
4095	512	2559	3768	567	2303
0	768	2559	179	772	2323
256	768	2559	417	779	2325
512	768	2559	648	782	2331
768	768	2559	871	786	2326
1024	768	2559	1099	788	2328
1280	768	2559	1330	788	2325
1536	768	2559	1542	791	2325
1792	768	2559	1765	790	2319
2048	768	2559	1996	791	2312
2303	768	2559	2244	792	2309
2559	768	2559	2471	794	2305
2815	768	2559	2685	796	2307
3071	768	2559	2910	798	2306
3327	768	2559	3133	798	2304
3583	768	2559	3357	801	2307
3839	768	2559	3568	806	2306
4095	768	2559	3787	809	2306
0	1024	2559	196	1021	2337
256	1024	2559	432	1026	2324
512	1024	2559	663	1031	2330
768	1024	2559	888	1036	2330
1024	1024	2559	1118	1039	2331
1280	1024	2559	1347	1041	2329
1536	1024	2559	1555	1043	2322
1792	1024	2559	1779	1042	2322
2048	1024	2559	2013	1041	2316
2303	1024	2559	2264	1041	2316
2559	1024	2559	2489	1045	2316
2815	1024	2559	2705	1047	2313
3071	1024	2559	2926	1048	2310
3327	1024	2559	3150	1050	2309
3583	1024	2559	3374	1053	2306
3839	1024	2559	3586	1056	2308
4095	1024	2559	3804	1059	2308
0	1280	2559	212	1278	2335
256	1280	2559	449	1285	2326
512	1280	2559	678	1290	2329
768	1280	2559	904	1292	2331
1024	1280	2559	1135	1296	2339
1280	1280	2559	1366	1302	2335
1536	1280	2559	1576	1303	2329
1792	1280	2559	1802	1301	2321
2048	1280	2559	2038	1301	2321
2303	1280	2559	2290	1301	2324
2559	1280	2559	2511	1302	2320
2815	1280	2559	2726	1302	2316
3071	1280	2559	2949	1303	2315
3327	1280	2559	3176	1305	2314
3583	1280	2559	3397	1306	2312
3839	1280	2559	3607	1309	2313
4095	1280	2559	3818	1312	2315
0	1536	2559	228	1498	2332
256	1536	2559	464	1506	2327
512	1536	2559	691	1510	2331
768	1536	2559	919	1515	2334
1024	1536	2559	1152	1523	2332
1280	1536	2559	1377	1526	2341
1536	1536	2559	1591	1526	2331
1792	1536	2559	1819	1529	2326
2048	1536	2559	2054	1529	2326
2303	1536	2559	2311	1531	2327
2559	1536	2559	2526	1530	2321
2815	1536	2559	2744	1531	2318
3071	1536	2559	2967	1533	2317
3327	1536	2559	3192	1533	2313
3583	1536	2559	3412	1537	2318
3839	1536	2559	3622	1543	2314
4095	1536	2559	3837	1545	2316
0	1792	2559	242	1743	2329
256	1792	2559	479	1753	2324
512	1792	2559	704	1759	2328
768	1792	2559	930	1769	2328
1024	1792	2559	1163	1777	2332
1280	1792	2559	1388	1780	2334
1536	1792	2559	1600	1781	2335
1792	1792	2559	1830	1788	2332
2048	1792	2559	2071	1792	2328
2303	1792	2559	2326	1791	2326
2559	1792	2559	2537	1790	2315
2815	1792	2559	2754	1792	2315
3071	1792	2559	2974	1790	2313
3327	1792	2559	3196	1789	2309
3583	1792	2559	3414	1792	2309
3839	1792	2559	3629	1795	2309
4095	1792	2559	3840	1797	2311
0	2048	2559	256	1982	2310
256	2048	2559	493	1994	2311
512	2048	2559	717	2002	2313
768	2048	2559	942	2012	2317
1024	2048	2559	1177	2020	2325
1280	2048	2559	1399	2028	2330
1536	2048	2559	1613	2032	2328
1792	2048	2559	1846	2037	2328
2048	2048	2559	2086	2042	2328
2303	2048	2559	2345	2040	2328
2559	2048	2559	2550	2039	2326
2815	2048	2559	2767	2037	2315
3071	2048	2559	2989	2034	2310
3327	2048	2559	3210	2035	2308
3583	2048	2559	3427	2037	2306
3839	2048	2559	3641	2042	2309
4095	2048	2559	3851	2043	2305
0	2303	2559	272	2245	2302
256	2303	2559	507	2258	2303
512	2303	2559	728	2266	2309
768	2303	2559	952	2275	2313
1024	2303	2559	1187	2287	2322
1280	2303	2559	1409	2296	2326
1536	2303	2559	1628	2300	2325
1792	2303	2559	1860	2305	2330
2048	2303	2559	2100	2309	2327
2303	2303	2559	2357	2314	2328
2559	2303	2559	2566	2316	2328
2815	2303	2559	2781	2311	2318
3071	2303	2559	3001	2312	2316
3327	2303	2559	3223	2315	2309
3583	2303	2559	3444	2315	2310
3839	2303	2559	3659	2313	2305
4095	2303	2559	3864	2311	2307
0	2559	2559	288	2484	2299
256	2559	2559	523	2497	2307
512	2559	2559	743	2505	2307
768	2559	2559	967	2515	2309
1024	2559	2559	1200	2527	2316
1280	2559	2559	1421	2535	2321
1536	2559	2559	1641	2537	2326
1792	2559	2559	1873	2540	2327
2048	2559	2559	2113	2546	2326
2303	2559	2559	2363	2551	2326
2559	2559	2559	2578	2550	2319
2815	2559	2559	2797	2554	2319
3071	2559	2559	3019	2548	2316
3327	2559	2559	3241	2548	2315
3583	2559	2559	3458	2548	2310
3839	2559	2559	3670	2550	2312
4095	2559	2559	3878	2552	2304
0	2815	2559	304	2729	2296
256	2815	2559	538	2745	2297
512	2815	2559	756	2750	2297
768	2815	2559	980	2761	2301
1024	2815	2559	1212	2771	2308
1280	2815	2559	1432	2779	2315
1536	2815	2559	1654	2783	2316
1792	2815	2559	1884	2786	2317
2048	2815	2559	2128	2792	2321
2303	2815	2559	2373	2799	2324
2559	2815	2559	2590	2799	2320
2815	2815	2559	2809	2799	2320
3071	2815	2559	3037	2800	2320
3327	2815	2559	3259	2801	2312
3583	2815	2559	3474	2804	2307
3839	2815	2559	3684	2804	2306
4095	2815	2559	3891	2804	2307
0	3071	2559	321	2973	2294
256	3071	2559	553	2984	2302
512	3071	2559	773	2996	2304
768	3071	2559	995	3004	2304
1024	3071	2559	1228	3016	2310
1280	3071	2559	1444	3022	2313
1536	3071	2559	1666	3024	2315
1792	3071	2559	1900	3029	2314
2048	3071	2559	2143	3034	2312
2303	3071	2559	2385	3036	2317
2559	3071	2559	2601	3036	2313
2815	3071	2559	2822	3041	2315
3071	3071	2559	3052	3046	2315
3327	3071	2559	3273	3046	2313
3583	3071	2559	3488	3045	2310
3839	3071	2559	3699	3045	2309
4095	3071	2559	3904	3047	2307
0	3327	2559	339	3202	2290
256	3327	2559	570	3214	2297
512	3327	2559	788	3224	2303
768	3327	2559	1011	3236	2302
1024	3327	2559	1243	3243	2307
1280	3327	2559	1456	3247	2312
1536	3327	2559	1681	3254	2308
1792	3327	2559	1914	3257	2308
2048	3327	2559	2160	3258	2314
2303	3327	2559	2400	3262	2315
2559	3327	2559	2615	3263	2312
2815	3327	2559	2835	3263	2315
3071	3327	2559	3062	3270	2315
3327	3327	2559	3294	3279	2313
3583	3327	2559	3504	3278	2311
3839	3327	2559	3713	3279	2309
4095	3327	2559	3920	3279	2308
0	3583	2559	357	3439	2292
256	3583	2559	586	3452	2299
512	3583	2559	805	3460	2301
768	3583	2559	1029	3471	2307
1024	3583	2559	1259	3482	2307
1280	3583	2559	1471	3479	2309
1536	3583	2559	1695	3485	2312
1792	3583	2559	1930	3490	2311
2048	3583	2559	2176	3492	2309
2303	3583	2559	2412	3495	2315
2559	3583	2559	2628	3500	2310
2815	3583	2559	2850	3503	2309
3071	3583	2559	3075	3505	2311
3327	3583	2559	3309	3506	2311
3583	3583	2559	3521	3518	2314
3839	3583	2559	3733	3523	2306
4095	3583	2559	3937	3522	2311
0	3839	2559	375	3673	2302
256	3839	2559	603	3684	2303
512	3839	2559	819	3693	2303
768	3839	2559	1044	3704	2308
1024	3839	2559	1277	3712	2313
1280	3839	2559	1486	3711	2308
1536	3839	2559	1710	3715	2308
1792	3839	2559	1945	3717	2308
2048	3839	2559	2192	3720	2308
2303	3839	2559	2426	3722	2307
2559	3839	2559	2643	3725	2309
2815	3839	2559	2867	3730	2309
3071	3839	2559	3091	3730	2308
3327	3839	2559	3324	3735	2308
3583	3839	2559	3539	3749	2307
3839	3839	2559	3751	3747	2315
4095	3839	2559	3952	3752	2311
0	4095	2559	393	3909	2307
256	4095	2559	620	3916	2307
512	4095	2559	837	3924	2307
768	4095	2559	1062	3932	2309
1024	4095	2559	1294	3944	2314
1280	4095	2559	1504	3942	2316
1536	4095	2559	1729	3939	2308
1792	4095	2559	1962	3939	2306
2048	4095	2559	2209	3946	2305
2303	4095	2559	2438	3948	2305
2559	4095	2559	2658	3947	2304
2815	4095	2559	2885	3949	2304
3071	4095	2559	3110	3955	2306
3327	4095	2559	3336	3956	2303
3583	4095	2559	3550	3972	2307
3839	4095	2559	3767	3972	2311
4095	4095	2559	3974	3981	2316
0	0	2815	141	25	2555
256	0	2815	377	28	2551
512	0	2815	609	30	2549
768	0	2815	828	33	2544
1024	0	2815	1053	36	2545
1280	0	2815	1285	38	2545
1536	0	2815	1496	41	2540
1792	0	2815	1712	43	2531
2048	0	2815	1936	46	2517
2303	0	2815	2176	49	2510
2559	0	2815	2408	51	2510
2815	0	2815	2623	54	2510
3071	0	2815	2845	57	2512
3327	0	2815	3073	59	2513
3583	0	2815	3296	62	2514
3839	0	2815	3508	64	2517
4095	0	2815	3728	67	2521
0	256	2815	159	284	2569
256	256	2815	396	287	2561
512	256	2815	628	290	2563
768	256	2815	851	293	2559
1024	256	2815	1076	294	2562
1280	256	2815	1310	297	2559
1536	256	2815	1522	300	2558
1792	256	2815	1742	300	2549
2048	256	2815	1970	302	2539
2303	256	2815	2213	303	2534
2559	256	2815	2445	305	2534
2815	256	2815	2661	308	2534
3071	256	2815	2883	310	2533
3327	256	2815	3106	312	2533
3583	256	2815	3335	315	2535
3839	256	2815	3545	318	2535
4095	256	2815	3762	321	2539
0	512	2815	175	536	2564
256	512	2815	414	540	2567
512	512	2815	644	543	2566
768	512	2815	866	545	2564
1024	512	2815	1094	547	2567
1280	512	2815	1328	551	2562
1536	512	2815	1535	551	2561
1792	512	2815	1758	551	2553
2048	512	2815	1987	552	2546
2303	512	2815	2234	553	2541
2559	512	2815	2464	555	2541
2815	512	2815	2681	557	2543
3071	512	2815	2903	560	2540
3327	512	2815	3128	561	2540
3583	512	2815	3356	565	2542
3839	512	2815	3564	567	2543
4095	512	2815	3784	571	2545
0	768	2815	192	776	2564
256	768	2815	430	781	2566
512	768	2815	660	785	2566
768	768	2815	883	787	2566
1024	768	2815	1112	789	2569
1280	768	2815	1342	793	2562
1536	768	2815	1554	795	2558
1792	768	2815	1778	794	2557
2048	768	2815	2008	793	2549
2303	768	2815	2256	795	2545
2559	768	2815	2481	797	2545
2815	768	2815	2699	799	2545
3071	768	2815	2924	802	2544
3327	768	2815	3148	803	2545
3583	768	2815	3374	805	2549
3839	768	2815	3583	810	2547
4095	768	2815	3799	813	2547
0	1024	2815	208	1025	2574
256	1024	2815	447	1031	2568
512	1024	2815	675	1034	2566
768	1024	2815	899	1038	2571
1024	1024	2815	1130	1043	2570
1280	1024	2815	1358	1043	2567
1536	1024	2815	1569	1045	2558
1792	1024	2815	1794	1045	2557
2048	1024	2815	2026	1046	2554
2303	1024	2815	2279	1048	2553
2559	1024	2815	2503	1049	2554
2815	1024	2815	2722	1051	2553
3071	1024	2815	2945	1052	2551
3327	1024	2815	3170	1054	2549
3583	1024	2815	3390	1056	2551
3839	1024	2815	3601	1060	2551
4095	1024	2815	3818	1064	2551
0	1280	2815	224	1279	2573
256	1280	2815	461	1286	2569
512	1280	2815	689	1291	2570
768	1280	2815	916	1295	2570
1024	1280	2815	1147	1299	2575
1280	1280	2815	1375	1302	2571
1536	1280	2815	1587	1301	2564
1792	1280	2815	1811	1299	2561
2048	1280	2815	2049	1302	2560
2303	1280	2815	2302	1304	2563
2559	1280	2815	2522	1307	2560
2815	1280	2815	2738	1307	2556
3071	1280	2815	2962	1308	2555
3327	1280	2815	3189	1311	2555
3583	1280	2815	3410	1311	2555
3839	1280	2815	3623	1313	2555
4095	1280	2815	3834	1316	2557
0	1536	2815	240	1502	2569
256	1536	2815	479	1509	2566
512	1536	2815	705	1513	2569
768	1536	2815	930	1519	2566
1024	1536	2815	1164	1525	2571
1280	1536	2815	1390	1529	2573
1536	1536	2815	1604	1532	2566
1792	1536	2815	1828	1532	2563
2048	1536	2815	2064	1532	2562
2303	1536	2815	2320	1533	2562
2559	1536	2815	2540	1537	2560
2815	1536	2815	2757	1537	2557
3071	1536	2815	2980	1539	2556
3327	1536	2815	3204	1541	2555
3583	1536	2815	3424	1542	2556
3839	1536	2815	3636	1545	2558
4095	1536	2815	3850	1548	2558
0	1792	2815	255	1751	2565
256	1792	2815	492	1757	2561
512	1792	2815	715	1762	2565
768	1792	2815	941	1769	2564
1024	1792	2815	1174	1777	2572
1280	1792	2815	1399	1784	2572
1536	1792	2815	1614	1788	2572
1792	1792	2815	1845	1791	2567
2048	1792	2815	2082	1791	2560
2303	1792	2815	2335	1791	2561
2559	1792	2815	2552	1793	2558
2815	1792	2815	2767	1792	2553
3071	1792	2815	2990	1792	2552
3327	1792	2815	3214	1793	2551
3583	1792	2815	3432	1797	2549
3839	1792	2815	3646	1801	2551
4095	1792	2815	3858	1801	2551
0	2048	2815	270	1985	2549
256	2048	2815	505	1994	2550
512	2048	2815	727	2001	2552
768	2048	2815	951	2010	2554
1024	2048	2815	1187	2020	2559
1280	2048	2815	1410	2027	2566
1536	2048	2815	1628	2033	2565
1792	2048	2815	1858	2037	2566
2048	2048	2815	2098	2040	2563
2303	2048	2815	2352	2040	2562
2559	2048	2815	2563	2039	2556
2815	2048	2815	2784	2041	2557
3071	2048	2815	3006	2041	2549
3327	2048	2815	3228	2043	2548
3583	2048	2815	3446	2045	2545
3839	2048	2815	3657	2048	2544
4095	2048	2815	3864	2050	2541
0	2303	2815	285	2250	2537
256	2303	2815	520	2261	2537
512	2303	2815	741	2271	2540
768	2303	2815	965	2281	2545
1024	2303	2815	1199	2291	2553
1280	2303	2815	1420	2297	2561
1536	2303	2815	1639	2301	2563
1792	2303	2815	1872	2306	2566
2048	2303	2815	2112	2312	2561
2303	2303	2815	2366	2317	2564
2559	2303	2815	2578	2315	2563
2815	2303	2815	2797	2317	2558
3071	2303	2815	3022	2317	2559
3327	2303	2815	3243	2318	2547
3583	2303	2815	3462	2319	2547
3839	2303	2815	3676	2319	2545
4095	2303	2815	3878	2319	2545
0	2559	2815	301	2487	2534
256	2559	2815	534	2501	2541
512	2559	2815	754	2510	2541
768	2559	2815	979	2520	2546
1024	2559	2815	1212	2532	2551
1280	2559	2815	1432	2539	2557
1536	2559	2815	1654	2543	2561
1792	2559	2815	1887	2545	2561
2048	2559	2815	2129	2549	2563
2303	2559	2815	2377	2558	2566
2559	2559	2815	2599	2564	2560
2815	2559	2815	2817	2560	2560
3071	2559	2815	3037	2556	2558
3327	2559	2815	3260	2557	2556
3583	2559	2815	3477	2559	2548
3839	2559	2815	3692	2560	2545
4095	2559	2815	3898	2560	2545
0	2815	2815	317	2736	2531
256	2815	2815	551	2748	2540
512	2815	2815	769	2754	2544
768	2815	2815	994	2766	2544
1024	2815	2815	1227	2779	2552
1280	2815	2815	1443	2785	2558
1536	2815	2815	1666	2788	2559
1792	2815	2815	1900	2792	2556
2048	2815	2815	2144	2797	2559
2303	2815	2815	2387	2805	2562
2559	2815	2815	2610	2808	2563
2815	2815	2815	2831	2812	2562
3071	2815	2815	3056	2812	2561
3327	2815	2815	3277	2810	2555
3583	2815	2815	3491	2811	2547
3839	2815	2815	3702	2812	2547
4095	2815	2815	3909	2813	2546
0	3071	2815	334	2981	2528
256	3071	2815	564	2994	2538
512	3071	2815	783	3004	2542
768	3071	2815	1007	3014	2542
1024	3071	2815	1241	3024	2549
1280	3071	2815	1455	3029	2555
1536	3071	2815	1680	3035	2552
1792	3071	2815	1914	3037	2554
2048	3071	2815	2158	3040	2556
2303	3071	2815	2402	3047	2557
2559	3071	2815	2622	3051	2559
2815	3071	2815	2844	3055	2561
3071	3071	2815	3069	3055	2560
3327	3071	2815	3293	3055	2554
3583	3071	2815	3506	3054	2548
3839	3071	2815	3722	3057	2548
4095	3071	2815	3930	3059	2548
0	3327	2815	352	3213	2531
256	3327	2815	582	3222	2535
512	3327	2815	799	3233	2540
768	3327	2815	1025	3239	2545
1024	3327	2815	1258	3250	2545
1280	3327	2815	1470	3255	2550
1536	3327	2815	1694	3256	2549
1792	3327	2815	1929	3262	2552
2048	3327	2815	2175	3266	2548
2303	3327	2815	2412	3268	2553
2559	3327	2815	2632	3273	2552
2815	3327	2815	2856	3274	2554
3071	3327	2815	3085	3280	2553
3327	3327	2815	3312	3288	2553
3583	3327	2815	3520	3286	2551
3839	3327	2815	3736	3292	2550
4095	3327	2815	3939	3292	2552
0	3583	2815	371	3448	2532
256	3583	2815	598	3459	2535
512	3583	2815	817	3470	2540
768	3583	2815	1041	3475	2547
1024	3583	2815	1275	3488	2547
1280	3583	2815	1487	3490	2550
1536	3583	2815	1710	3495	2548
1792	3583	2815	1945	3498	2544
2048	3583	2815	2193	3501	2548
2303	3583	2815	2428	3503	2547
2559	3583	2815	2644	3506	2548
2815	3583	2815	2869	3514	2548
3071	3583	2815	3101	3520	2551
3327	3583	2815	3330	3524	2549
3583	3583	2815	3538	3527	2554
3839	3583	2815	3753	3527	2551
4095	3583	2815	3956	3530	2552
0	3839	2815	388	3685	2534
256	3839	2815	616	3694	2538
512	3839	2815	833	3704	2543
768	3839	2815	1059	3709	2548
1024	3839	2815	1290	3716	2549
1280	3839	2815	1501	3724	2548
1536	3839	2815	1726	3727	2548
1792	3839	2815	1961	3725	2547
2048	3839	2815	2211	3727	2547
2303	3839	2815	2442	3730	2547
2559	3839	2815	2661	3736	2544
2815	3839	2815	2886	3744	2546
3071	3839	2815	3110	3747	2551
3327	3839	2815	3337	3749	2548
3583	3839	2815	3549	3757	2548
3839	3839	2815	3770	3757	2551
4095	3839	2815	3969	3762	2552
0	4095	2815	407	3923	2541
256	4095	2815	632	3927	2541
512	4095	2815	852	3935	2545
768	4095	2815	1078	3945	2546
1024	4095	2815	1307	3950	2549
1280	4095	2815	1516	3953	2549
1536	4095	2815	1742	3952	2550
1792	4095	2815	1978	3950	2548
2048	4095	2815	2228	3955	2545
2303	4095	2815	2457	3958	2545
2559	4095	2815	2676	3960	2546
2815	4095	2815	2901	3963	2546
3071	4095	2815	3127	3967	2548
3327	4095	2815	3352	3968	2549
3583	4095	2815	3567	3978	2549
3839	4095	2815	3785	3983	2549
4095	4095	2815	3992	3993	2555
0	0	3071	154	27	2790
256	0	3071	391	30	2787
512	0	3071	622	33	2785
768	0	3071	844	35	2782
1024	0	3071	1068	38	2780
1280	0	3071	1299	40	2774
1536	0	3071	1510	43	2773
1792	0	3071	1727	46	2763
2048	0	3071	1953	48	2755
2303	0	3071	2194	51	2748
2559	0	3071	2425	54	2746
2815	0	3071	2639	56	2748
3071	0	3071	2860	59	2747
3327	0	3071	3087	61	2750
3583	0	3071	3314	64	2753
3839	0	3071	3527	67	2754
4095	0	3071	3748	69	2758
0	256	3071	172	287	2801
256	256	3071	409	291	2798
512	256	3071	641	292	2798
768	256	3071	864	295	2796
1024	256	3071	1091	297	2794
1280	256	3071	1322	299	2793
1536	256	3071	1534	302	2791
1792	256	3071	1754	303	2783
2048	256	3071	1983	304	2774
2303	256	3071	2230	306	2769
2559	256	3071	2460	308	2771
2815	256	3071	2677	311	2769
3071	256	3071	2900	312	2768
3327	256	3071	3124	315	2769
3583	256	3071	3354	318	2772
3839	256	3071	3565	321	2773
4095	256	3071	3780	324	2776
0	512	3071	188	539	2799
256	512	3071	427	542	2801
512	512	3071	656	545	2802
768	512	3071	880	548	2797
1024	512	3071	1108	549	2799
1280	512	3071	1338	553	2798
1536	512	3071	1547	554	2788
1792	512	3071	1773	554	2786
2048	512	3071	2003	555	2781
2303	512	3071	2250	555	2777
2559	512	3071	2478	558	2774
2815	512	3071	2697	560	2777
3071	512	3071	2921	562	2776
3327	512	3071	3146	564	2777
3583	512	3071	3372	567	2779
3839	512	3071	3586	571	2782
4095	512	3071	3800	575	2783
0	768	3071	205	780	2799
256	768	3071	443	783	2800
512	768	3071	673	788	2802
768	768	3071	896	790	2798
1024	768	3071	1124	792	2803
1280	768	3071	1355	797	2798
1536	768	3071	1567	797	2791
1792	768	3071	1790	797	2791
2048	768	3071	2022	798	2786
2303	768	3071	2272	799	2780
2559	768	3071	2496	800	2780
2815	768	3071	2716	803	2782
3071	768	3071	2941	806	2781
3327	768	3071	3167	809	2780
3583	768	3071	3390	810	2782
3839	768	3071	3600	813	2785
4095	768	3071	3818	817	2784
0	1024	3071	220	1028	2800
256	1024	3071	460	1033	2799
512	1024	3071	688	1037	2799
768	1024	3071	913	1040	2801
1024	1024	3071	1143	1043	2804
1280	1024	3071	1371	1046	2799
1536	1024	3071	1584	1049	2796
1792	1024	3071	1806	1049	2791
2048	1024	3071	2040	1049	2791
2303	1024	3071	2294	1050	2786
2559	1024	3071	2515	1051	2787
2815	1024	3071	2735	1054	2787
3071	1024	3071	2959	1057	2785
3327	1024	3071	3185	1058	2785
3583	1024	3071	3405	1060	2787
3839	1024	3071	3616	1065	2787
4095	1024	3071	3834	1068	2791
0	1280	3071	237	1282	2803
256	1280	3071	475	1289	2801
512	1280	3071	703	1293	2799
768	1280	3071	929	1297	2804
1024	1280	3071	1160	1302	2806
1280	1280	3071	1388	1304	2805
1536	1280	3071	1600	1304	2798
1792	1280	3071	1826	1304	2794
2048	1280	3071	2062	1307	2793
2303	1280	3071	2317	1308	2793
2559	1280	3071	2537	1308	2792
2815	1280	3071	2754	1310	2791
3071	1280	3071	2978	1312	2792
3327	1280	3071	3203	1314	2791
3583	1280	3071	3424	1316	2790
3839	1280	3071	3638	1319	2791
4095	1280	3071	3852	1320	2796
0	1536	3071	253	1509	2803
256	1536	3071	493	1516	2798
512	1536	3071	718	1517	2801
768	1536	3071	943	1523	2800
1024	1536	3071	1177	1530	2806
1280	1536	3071	1402	1534	2804
1536	1536	3071	1617	1534	2800
1792	1536	3071	1845	1535	2795
2048	1536	3071	2080	1536	2793
2303	1536	3071	2333	1536	2793
2559	1536	3071	2552	1538	2791
2815	1536	3071	2771	1541	2792
3071	1536	3071	2995	1542	2791
3327	1536	3071	3221	1546	2790
3583	1536	3071	3440	1548	2790
3839	1536	3071	3653	1549	2791
4095	1536	3071	3866	1552	2794
0	1792	3071	268	1754	2790
256	1792	3071	506	1762	2791
512	1792	3071	729	1769	2796
768	1792	3071	954	1776	2796
1024	1792	3071	1187	1783	2802
1280	1792	3071	1410	1789	2807
1536	1792	3071	1626	1790	2805
1792	1792	3071	1857	1792	2791
2048	1792	3071	2094	1790	2792
2303	1792	3071	2346	1794	2790
2559	1792	3071	2563	1799	2789
2815	1792	3071	2781	1797	2787
3071	1792	3071	3008	1798	2785
3327	1792	3071	3232	1799	2784
3583	1792	3071	3450	1802	2785
3839	1792	3071	3665	1805	2785
4095	1792	3071	3872	1805	2787
0	2048	3071	282	1990	2779
256	2048	3071	520	2001	2779
512	2048	3071	740	2008	2784
768	2048	3071	965	2017	2787
1024	2048	3071	1200	2026	2791
1280	2048	3071	1421	2031	2799
1536	2048	3071	1639	2035	2798
1792	2048	3071	1869	2038	2797
2048	2048	3071	2109	2040	2791
2303	2048	3071	2361	2041	2790
2559	2048	3071	2574	2043	2789
2815	2048	3071	2798	2049	2789
3071	2048	3071	3021	2051	2786
3327	2048	3071	3244	2050	2785
3583	2048	3071	3464	2052	2783
3839	2048	3071	3677	2055	2784
4095	2048	3071	3882	2057	2782
0	2303	3071	298	2255	2765
256	2303	3071	534	2267	2772
512	2303	3071	753	2273	2771
768	2303	3071	979	2284	2778
1024	2303	3071	1211	2292	2785
1280	2303	3071	1432	2301	2791
1536	2303	3071	1651	2305	2794
1792	2303	3071	1883	2308	2795
2048	2303	3071	2127	2317	2789
2303	2303	3071	2377	2321	2795
2559	2303	3071	2594	2318	2791
2815	2303	3071	2815	2324	2791
3071	2303	3071	3043	2324	2791
3327	2303	3071	3261	2321	2783
3583	2303	3071	3476	2321	2784
3839	2303	3071	3691	2323	2785
4095	2303	3071	3895	2326	2784
0	2559	3071	314	2497	2759
256	2559	3071	549	2506	2772
512	2559	3071	768	2516	2774
768	2559	3071	992	2526	2776
1024	2559	3071	1225	2535	2784
1280	2559	3071	1444	2542	2788
1536	2559	3071	1668	2545	2789
1792	2559	3071	1900	2548	2789
2048	2559	3071	2143	2552	2793
2303	2559	3071	2390	2558	2799
2559	2559	3071	2613	2565	2794
2815	2559	3071	2831	2564	2794
3071	2559	3071	3056	2565	2791
3327	2559	3071	3280	2566	2791
3583	2559	3071	3496	2566	2786
3839	2559	3071	3707	2568	2785
4095	2559	3071	3914	2569	2785
0	2815	3071	332	2746	2759
256	2815	3071	565	2756	2771
512	2815	3071	783	2764	2777
768	2815	3071	1009	2775	2777
1024	2815	3071	1241	2786	2781
1280	2815	3071	1457	2790	2786
1536	2815	3071	1682	2796	2788
1792	2815	3071	1915	2798	2787
2048	2815	3071	2160	2801	2792
2303	2815	3071	2405	2810	2793
2559	2815	3071	2628	2818	2794
2815	2815	3071	2850	2823	2797
3071	2815	3071	3077	2819	2797
3327	2815	3071	3300	2820	2792
3583	2815	3071	3513	2820	2788
3839	2815	3071	3725	2821	2787
4095	2815	3071	3931	2824	2786
0	3071	3071	348	2990	2762
256	3071	3071	578	3003	2767
512	3071	3071	797	3013	2773
768	3071	3071	1022	3020	2779
1024	3071	3071	1256	3031	2781
1280	3071	3071	1470	3033	2786
1536	3071	3071	1695	3039	2788
1792	3071	3071	1930	3042	2787
2048	3071	3071	2176	3046	2788
2303	3071	3071	2418	3051	2791
2559	3071	3071	2639	3056	2794
2815	3071	3071	2864	3064	2798
3071	3071	3071	3094	3064	2797
3327	3071	3071	3317	3063	2795
3583	3071	3071	3530	3064	2789
3839	3071	3071	3744	3068	2787
4095	3071	3071	3948	3070	2789
0	3327	3071	367	3221	2765
256	3327	3071	595	3231	2769
512	3327	3071	813	3240	2775
768	3327	3071	1040	3248	2781
1024	3327	3071	1272	3256	2781
1280	3327	3071	1484	3263	2785
1536	3327	3071	1709	3264	2784
1792	3327	3071	1945	3269	2784
2048	3327	3071	2193	3273	2785
2303	3327	3071	2429	3274	2788
2559	3327	3071	2650	3279	2791
2815	3327	3071	2875	3285	2792
3071	3327	3071	3104	3295	2793
3327	3327	3071	3329	3297	2794
3583	3327	3071	3543	3296	2792
3839	3327	3071	3758	3297	2788
4095	3327	3071	3959	3297	2791
0	3583	3071	385	3461	2768
256	3583	3071	612	3470	2772
512	3583	3071	831	3478	2777
768	3583	3071	1057	3483	2780
1024	3583	3071	1291	3494	2784
1280	3583	3071	1500	3497	2783
1536	3583	3071	1725	3501	2784
1792	3583	3071	1963	3506	2782
2048	3583	3071	2211	3509	2785
2303	3583	3071	2446	3511	2784
2559	3583	3071	2665	3517	2785
2815	3583	3071	2891	3526	2787
3071	3583	3071	3122	3529	2790
3327	3583	3071	3345	3533	2791
3583	3583	3071	3559	3534	2790
3839	3583	3071	3773	3536	2789
4095	3583	3071	3977	3541	2786
0	3839	3071	401	3695	2771
256	3839	3071	628	3704	2775
512	3839	3071	848	3712	2780
768	3839	3071	1075	3721	2784
1024	3839	3071	1306	3726	2787
1280	3839	3071	1517	3728	2787
1536	3839	3071	1742	3735	2784
1792	3839	3071	1976	3736	2783
2048	3839	3071	2228	3735	2783
2303	3839	3071	2458	3740	2783
2559	3839	3071	2679	3748	2784
2815	3839	3071	2905	3755	2789
3071	3839	3071	3133	3756	2787
3327	3839	3071	3355	3759	2786
3583	3839	3071	3571	3764	2787
3839	3839	3071	3789	3768	2788
4095	3839	3071	3989	3771	2789
0	4095	3071	420	3932	2778
256	4095	3071	645	3937	2778
512	4095	3071	867	3944	2783
768	4095	3071	1095	3952	2785
1024	4095	3071	1322	3957	2786
1280	4095	3071	1531	3962	2784
1536	4095	3071	1758	3958	2784
1792	4095	3071	1992	3961	2782
2048	4095	3071	2244	3963	2782
2303	4095	3071	2472	3966	2781
2559	4095	3071	2694	3973	2783
2815	4095	3071	2922	3981	2785
3071	4095	3071	3148	3982	2784
3327	4095	3071	3374	3985	2781
3583	4095	3071	3588	3996	2787
3839	4095	3071	3806	3999	2788
4095	4095	3071	4010	4005	2790
0	0	3327	168	30	3023
256	0	3327	404	32	3019
512	0	3327	635	35	3015
768	0	3327	858	37	3014
1024	0	3327	1083	40	3010
1280	0	3327	1316	44	3005
1536	0	3327	1523	46	3003
1792	0	3327	1741	48	2995
2048	0	3327	1967	50	2985
2303	0	3327	2210	53	2980
2559	0	3327	2441	56	2979
2815	0	3327	2657	58	2981
3071	0	3327	2879	61	2981
3327	0	3327	3108	64	2985
3583	0	3327	3333	66	2987
3839	0	3327	3547	69	2989
4095	0	3327	3769	72	2994
0	256	3327	185	289	3033
256	256	3327	423	293	3029
512	256	3327	654	296	3027
768	256	3327	877	297	3025
1024	256	3327	1107	300	3022
1280	256	3327	1338	302	3021
1536	256	3327	1545	304	3016
1792	256	3327	1769	306	3014
2048	256	3327	1997	306	3004
2303	256	3327	2245	308	3000
2559	256	3327	2474	310	2999
2815	256	3327	2693	313	2998
3071	256	3327	2917	316	2999
3327	256	3327	3145	318	3002
3583	256	3327	3372	321	3006
3839	256	3327	3583	325	3007
4095	256	3327	3801	327	3009
0	512	3327	201	542	3032
256	512	3327	440	546	3028
512	512	3327	669	547	3030
768	512	3327	894	550	3026
1024	512	3327	1123	552	3028
1280	512	3327	1353	555	3026
1536	512	3327	1562	557	3020
1792	512	3327	1785	557	3016
2048	512	3327	2018	557	3010
2303	512	3327	2267	559	3007
2559	512	3327	2493	560	3004
2815	512	3327	2712	563	3005
3071	512	3327	2938	565	3006
3327	512	3327	3164	568	3008
3583	512	3327	3387	572	3009
3839	512	3327	3604	575	3013
4095	512	3327	3818	579	3015
0	768	3327	217	783	3028
256	768	3327	457	787	3026
512	768	3327	686	791	3031
768	768	3327	909	795	3028
1024	768	3327	1140	796	3030
1280	768	3327	1369	799	3028
1536	768	3327	1579	800	3021
1792	768	3327	1803	800	3018
2048	768	3327	2036	802	3016
2303	768	3327	2289	802	3013
2559	768	3327	2511	804	3008
2815	768	3327	2732	807	3012
3071	768	3327	2958	809	3013
3327	768	3327	3184	812	3012
3583	768	3327	3406	814	3014
3839	768	3327	3619	817	3017
4095	768	3327	3837	823	3019
0	1024	3327	233	1032	3028
256	1024	3327	474	1038	3028
512	1024	3327	700	1042	3029
768	1024	3327	926	1045	3030
1024	1024	3327	1158	1047	3034
1280	1024	3327	1384	1051	3032
1536	1024	3327	1596	1053	3028
1792	1024	3327	1822	1052	3022
2048	1024	3327	2057	1053	3019
2303	1024	3327	2309	1054	3016
2559	1024	3327	2531	1056	3017
2815	1024	3327	2749	1058	3017
3071	1024	3327	2975	1061	3016
3327	1024	3327	3203	1063	3019
3583	1024	3327	3424	1066	3019
3839	1024	3327	3636	1069	3019
4095	1024	3327	3853	1072	3024
0	1280	3327	250	1288	3034
256	1280	3327	490	1295	3031
512	1280	3327	717	1296	3028
768	1280	3327	943	1301	3034
1024	1280	3327	1177	1307	3037
1280	1280	3327	1401	1310	3037
1536	1280	3327	1614	1310	3030
1792	1280	3327	1842	1309	3024
2048	1280	3327	2078	1308	3021
2303	1280	3327	2331	1309	3022
2559	1280	3327	2549	1311	3021
2815	1280	3327	2771	1314	3021
3071	1280	3327	2996	1316	3023
3327	1280	3327	3221	1318	3025
3583	1280	3327	3442	1322	3023
3839	1280	3327	3658	1324	3025
4095	1280	3327	3872	1327	3028
0	1536	3327	266	1515	3027
256	1536	3327	507	1520	3029
512	1536	3327	731	1522	3031
768	1536	3327	957	1528	3030
1024	1536	3327	1191	1534	3033
1280	1536	3327	1414	1539	3032
1536	1536	3327	1630	1540	3028
1792	1536	3327	1859	1538	3022
2048	1536	3327	2096	1538	3022
2303	1536	3327	2348	1539	3023
2559	1536	3327	2566	1542	3018
2815	1536	3327	2787	1545	3020
3071	1536	3327	3014	1548	3023
3327	1536	3327	3241	1551	3022
3583	1536	3327	3461	1555	3022
3839	1536	3327	3675	1556	3021
4095	1536	3327	3885	1558	3023
0	1792	3327	281	1761	3019
256	1792	3327	518	1766	3019
512	1792	3327	741	1773	3023
768	1792	3327	967	1779	3026
1024	1792	3327	1201	1787	3030
1280	1792	3327	1423	1793	3037
1536	1792	3327	1640	1795	3023
1792	1792	3327	1870	1796	3018
2048	1792	3327	2109	1796	3019
2303	1792	3327	2359	1797	3016
2559	1792	3327	2578	1799	3015
2815	1792	3327	2796	1802	3016
3071	1792	3327	3025	1805	3017
3327	1792	3327	3250	1808	3014
3583	1792	3327	3470	1810	3015
3839	1792	3327	3682	1812	3014
4095	1792	3327	3889	1814	3016
0	2048	3327	296	1996	3004
256	2048	3327	533	2004	3007
512	2048	3327	753	2011	3009
768	2048	3327	980	2020	3014
1024	2048	3327	1213	2028	3020
1280	2048	3327	1432	2035	3026
1536	2048	3327	1652	2038	3026
1792	2048	3327	1883	2041	3022
2048	2048	3327	2125	2043	3019
2303	2048	3327	2373	2044	3019
2559	2048	3327	2593	2052	3015
2815	2048	3327	2813	2052	3015
3071	2048	3327	3037	2055	3017
3327	2048	3327	3264	2056	3015
3583	2048	3327	3482	2059	3014
3839	2048	3327	3695	2062	3010
4095	2048	3327	3900	2063	3012
0	2303	3327	311	2262	2992
256	2303	3327	547	2273	2998
512	2303	3327	766	2280	2999
768	2303	3327	992	2292	3005
1024	2303	3327	1225	2301	3013
1280	2303	3327	1443	2306	3019
1536	2303	3327	1664	2308	3020
1792	2303	3327	1898	2311	3020
2048	2303	3327	2141	2319	3021
2303	2303	3327	2388	2325	3021
2559	2303	3327	2607	2323	3017
2815	2303	3327	2829	2328	3019
3071	2303	3327	3058	2329	3019
3327	2303	3327	3281	2327	3017
3583	2303	3327	3495	2326	3012
3839	2303	3327	3707	2327	3013
4095	2303	3327	3914	2331	3014
0	2559	3327	328	2505	2986
256	2559	3327	562	2511	2996
512	2559	3327	781	2522	3001
768	2559	3327	1006	2531	3002
1024	2559	3327	1240	2540	3013
1280	2559	3327	1457	2545	3016
1536	2559	3327	1681	2549	3017
1792	2559	3327	1915	2552	3016
2048	2559	3327	2159	2557	3018
2303	2559	3327	2403	2561	3023
2559	2559	3327	2624	2566	3018
2815	2559	3327	2847	2569	3021
3071	2559	3327	3074	2572	3020
3327	2559	3327	3300	2574	3019
3583	2559	3327	3513	2574	3015
3839	2559	3327	3723	2577	3017
4095	2559	3327	3931	2579	3017
0	2815	3327	346	2754	2988
256	2815	3327	578	2762	2997
512	2815	3327	798	2774	3003
768	2815	3327	1023	2782	3005
1024	2815	3327	1255	2789	3008
1280	2815	3327	1470	2795	3014
1536	2815	3327	1695	2798	3014
1792	2815	3327	1931	2803	3015
2048	2815	3327	2178	2808	3018
2303	2815	3327	2420	2813	3022
2559	2815	3327	2639	2821	3019
2815	2815	3327	2866	2829	3024
3071	2815	3327	3098	2829	3025
3327	2815	3327	3317	2831	3023
3583	2815	3327	3530	2830	3021
3839	2815	3327	3745	2831	3017
4095	2815	3327	3949	2832	3019
0	3071	3327	363	3000	2992
256	3071	3327	593	3012	2998
512	3071	3327	812	3022	3003
768	3071	3327	1038	3029	3009
1024	3071	3327	1273	3040	3012
1280	3071	3327	1485	3041	3013
1536	3071	3327	1712	3044	3013
1792	3071	3327	1948	3048	3013
2048	3071	3327	2197	3051	3017
2303	3071	3327	2435	3057	3020
2559	3071	3327	2653	3065	3021
2815	3071	3327	2883	3074	3027
3071	3071	3327	3115	3076	3028
3327	3071	3327	3341	3074	3027
3583	3071	3327	3553	3074	3021
3839	3071	3327	3762	3078	3020
4095	3071	3327	3965	3081	3020
0	3327	3327	382	3233	2992
256	3327	3327	611	3244	2998
512	3327	3327	829	3249	3002
768	3327	3327	1056	3257	3009
1024	3327	3327	1288	3266	3015
1280	3327	3327	1500	3270	3016
1536	3327	3327	1725	3273	3013
1792	3327	3327	1963	3277	3013
2048	3327	3327	2213	3281	3015
2303	3327	3327	2447	3286	3017
2559	3327	3327	2668	3291	3021
2815	3327	3327	2894	3297	3026
3071	3327	3327	3124	3307	3027
3327	3327	3327	3355	3308	3024
3583	3327	3327	3563	3305	3022
3839	3327	3327	3778	3306	3019
4095	3327	3327	3979	3310	3021
0	3583	3327	399	3475	2996
256	3583	3327	627	3483	3002
512	3583	3327	846	3488	3005
768	3583	3327	1073	3496	3009
1024	3583	3327	1306	3508	3014
1280	3583	3327	1516	3507	3012
1536	3583	3327	1744	3514	3014
1792	3583	3327	1978	3515	3012
2048	3583	3327	2229	3519	3013
2303	3583	3327	2462	3522	3012
2559	3583	3327	2681	3527	3017
2815	3583	3327	2908	3535	3019
3071	3583	3327	3137	3539	3023
3327	3583	3327	3364	3544	3023
3583	3583	3327	3579	3543	3024
3839	3583	3327	3793	3547	3020
4095	3583	3327	3997	3554	3020
0	3839	3327	416	3708	3001
256	3839	3327	642	3717	3004
512	3839	3327	863	3726	3007
768	3839	3327	1092	3733	3012
1024	3839	3327	1321	3740	3016
1280	3839	3327	1532	3741	3014
1536	3839	3327	1759	3744	3012
1792	3839	3327	1993	3744	3010
2048	3839	3327	2245	3746	3010
2303	3839	3327	2473	3751	3010
2559	3839	3327	2695	3759	3014
2815	3839	3327	2923	3765	3018
3071	3839	3327	3153	3767	3020
3327	3839	3327	3378	3773	3018
3583	3839	3327	3595	3781	3022
3839	3839	3327	3809	3782	3022
4095	3839	3327	4009	3782	3024
0	4095	3327	434	3943	3005
256	4095	3327	659	3950	3007
512	4095	3327	882	3958	3013
768	4095	3327	1111	3964	3015
1024	4095	3327	1340	3970	3017
1280	4095	3327	1549	3973	3014
1536	4095	3327	1775	3970	3013
1792	4095	3327	2009	3971	3009
2048	4095	3327	2262	3970	3010
2303	4095	3327	2489	3979	3010
2559	4095	3327	2711	3987	3012
2815	4095	3327	2939	3992	3015
3071	4095	3327	3168	3995	3018
3327	4095	3327	3393	3998	3018
3583	4095	3327	3609	4010	3024
3839	4095	3327	3823	4011	3026
4095	4095	3327	4029	4017	3028
0	0	3583	182	32	3253
256	0	3583	419	35	3246
512	0	3583	650	38	3243
768	0	3583	873	41	3242
1024	0	3583	1100	43	3240
1280	0	3583	1333	46	3239
1536	0	3583	1537	48	3235
1792	0	3583	1757	51	3228
2048	0	3583	1984	53	3215
2303	0	3583	2230	55	3208
2559	0	3583	2460	58	3206
2815	0	3583	2678	61	3208
3071	0	3583	2904	63	3210
3327	0	3583	3131	66	3216
3583	0	3583	3358	69	3219
3839	0	3583	3573	72	3220
4095	0	3583	3793	75	3224
0	256	3583	198	292	3261
256	256	3583	438	296	3256
512	256	3583	668	299	3254
768	256	3583	893	300	3251
1024	256	3583	1123	303	3249
1280	256	3583	1354	306	3248
1536	256	3583	1562	307	3244
1792	256	3583	1786	309	3241
2048	256	3583	2015	309	3229
2303	256	3583	2264	311	3225
2559	256	3583	2490	314	3222
2815	256	3583	2710	316	3222
3071	256	3583	2936	319	3224
3327	256	3583	3165	321	3228
3583	256	3583	3392	325	3233
3839	256	3583	3605	329	3235
4095	256	3583	3826	331	3238
0	512	3583	215	546	3259
256	512	3583	454	550	3255
512	512	3583	683	552	3254
768	512	3583	908	554	3251
1024	512	3583	1139	557	3253
1280	512	3583	1369	559	3251
1536	512	3583	1579	561	3246
1792	512	3583	1800	562	3237
2048	512	3583	2035	560	3235
2303	512	3583	2286	562	3230
2559	512	3583	2510	564	3229
2815	512	3583	2729	567	3228
3071	512	3583	2956	570	3229
3327	512	3583	3184	572	3232
3583	512	3583	3407	576	3233
3839	512	3583	3623	579	3237
4095	512	3583	3841	584	3243
0	768	3583	230	789	3256
256	768	3583	471	793	3253
512	768	3583	700	796	3256
768	768	3583	925	799	3255
1024	768	3583	1157	801	3256
1280	768	3583	1383	803	3254
1536	768	3583	1594	806	3247
1792	768	3583	1822	806	3240
2048	768	3583	2053	805	3239
2303	768	3583	2306	805	3234
2559	768	3583	2527	808	3232
2815	768	3583	2749	811	3233
3071	768	3583	2975	812	3235
3327	768	3583	3202	816	3236
3583	768	3583	3425	820	3237
3839	768	3583	3639	822	3241
4095	768	3583	3858	828	3244
0	1024	3583	247	1040	3256
256	1024	3583	489	1044	3255
512	1024	3583	714	1048	3257
768	1024	3583	941	1051	3256
1024	1024	3583	1173	1053	3260
1280	1024	3583	1398	1056	3260
1536	1024	3583	1610	1058	3249
1792	1024	3583	1838	1057	3244
2048	1024	3583	2073	1058	3239
2303	1024	3583	2325	1058	3239
2559	1024	3583	2547	1060	3237
2815	1024	3583	2767	1062	3238
3071	1024	3583	2995	1066	3240
3327	1024	3583	3224	1070	3242
3583	1024	3583	3444	1071	3245
3839	1024	3583	3659	1075	3245
4095	1024	3583	3876	1079	3250
0	1280	3583	264	1295	3264
256	1280	3583	505	1301	3254
512	1280	3583	731	1303	3254
768	1280	3583	957	1307	3257
1024	1280	3583	1192	1312	3263
1280	1280	3583	1415	1315	3260
1536	1280	3583	1630	1316	3255
1792	1280	3583	1859	1313	3245
2048	1280	3583	2095	1312	3242
2303	1280	3583	2349	1313	3244
2559	1280	3583	2564	1315	3242
2815	1280	3583	2787	1319	3242
3071	1280	3583	3016	1321	3245
3327	1280	3583	3242	1323	3249
3583	1280	3583	3465	1329	3249
3839	1280	3583	3681	1333	3250
4095	1280	3583	3893	1334	3253
0	1536	3583	280	1524	3253
256	1536	3583	521	1526	3255
512	1536	3583	745	1530	3256
768	1536	3583	972	1534	3249
1024	1536	3583	1206	1540	3255
1280	1536	3583	1429	1544	3253
1536	1536	3583	1645	1545	3247
1792	1536	3583	1874	1542	3240
2048	1536	3583	2113	1543	3242
2303	1536	3583	2364	1545	3241
2559	1536	3583	2582	1549	3240
2815	1536	3583	2804	1550	3239
3071	1536	3583	3032	1554	3244
3327	1536	3583	3262	1556	3246
3583	1536	3583	3482	1561	3246
3839	1536	3583	3697	1563	3245
4095	1536	3583	3905	1565	3247
0	1792	3583	295	1770	3241
256	1792	3583	532	1775	3245
512	1792	3583	754	1780	3245
768	1792	3583	982	1786	3247
1024	1792	3583	1217	1792	3253
1280	1792	3583	1436	1799	3249
1536	1792	3583	1654	1800	3239
1792	1792	3583	1885	1799	3238
2048	1792	3583	2124	1800	3238
2303	1792	3583	2373	1802	3235
2559	1792	3583	2594	1804	3235
2815	1792	3583	2814	1808	3234
3071	1792	3583	3042	1811	3238
3327	1792	3583	3271	1815	3238
3583	1792	3583	3490	1818	3236
3839	1792	3583	3703	1820	3237
4095	1792	3583	3911	1822	3237
0	2048	3583	309	2005	3223
256	2048	3583	546	2011	3228
512	2048	3583	767	2017	3229
768	2048	3583	993	2027	3235
1024	2048	3583	1227	2035	3241
1280	2048	3583	1445	2041	3245
1536	2048	3583	1667	2043	3245
1792	2048	3583	1899	2046	3240
2048	2048	3583	2142	2050	3235
2303	2048	3583	2387	2050	3236
2559	2048	3583	2609	2056	3233
2815	2048	3583	2828	2056	3235
3071	2048	3583	3055	2060	3236
3327	2048	3583	3284	2063	3234
3583	2048	3583	3501	2065	3232
3839	2048	3583	3715	2068	3233
4095	2048	3583	3921	2070	3233
0	2303	3583	325	2271	3213
256	2303	3583	560	2282	3219
512	2303	3583	780	2289	3222
768	2303	3583	1005	2299	3226
1024	2303	3583	1239	2309	3232
1280	2303	3583	1457	2312	3238
1536	2303	3583	1679	2313	3237
1792	2303	3583	1912	2316	3238
2048	2303	3583	2157	2321	3239
2303	2303	3583	2402	2327	3238
2559	2303	3583	2621	2324	3236
2815	2303	3583	2843	2329	3238
3071	2303	3583	3073	2332	3238
3327	2303	3583	3300	2333	3237
3583	2303	3583	3517	2333	3233
3839	2303	3583	3729	2336	3234
4095	2303	3583	3933	2339	3235
0	2559	3583	342	2515	3211
256	2559	3583	576	2523	3217
512	2559	3583	794	2530	3222
768	2559	3583	1022	2537	3225
1024	2559	3583	1256	2547	3233
1280	2559	3583	1472	2551	3235
1536	2559	3583	1697	2555	3236
1792	2559	3583	1931	2558	3234
2048	2559	3583	2178	2562	3236
2303	2559	3583	2418	2567	3239
2559	2559	3583	2636	2570	3236
2815	2559	3583	2862	2575	3240
3071	2559	3583	3091	2577	3239
3327	2559	3583	3322	2583	3242
3583	2559	3583	3536	2584	3236
3839	2559	3583	3745	2585	3239
4095	2559	3583	3950	2588	3240
0	2815	3583	360	2764	3212
256	2815	3583	591	2773	3219
512	2815	3583	811	2782	3224
768	2815	3583	1037	2789	3231
1024	2815	3583	1270	2797	3232
1280	2815	3583	1485	2804	3235
1536	2815	3583	1711	2805	3234
1792	2815	3583	1949	2809	3235
2048	2815	3583	2196	2813	3236
2303	2815	3583	2433	2816	3237
2559	2815	3583	2652	2823	3237
2815	2815	3583	2882	2833	3243
3071	2815	3583	3115	2836	3243
3327	2815	3583	3336	2837	3241
3583	2815	3583	3547	2838	3241
3839	2815	3583	3764	2840	3241
4095	2815	3583	3967	2840	3241
0	3071	3583	378	3013	3212
256	3071	3583	608	3021	3220
512	3071	3583	827	3028	3225
768	3071	3583	1055	3037	3228
1024	3071	3583	1288	3047	3231
1280	3071	3583	1501	3050	3234
1536	3071	3583	1728	3052	3233
1792	3071	3583	1965	3053	3232
2048	3071	3583	2215	3057	3235
2303	3071	3583	2450	3063	3236
2559	3071	3583	2670	3070	3236
2815	3071	3583	2899	3078	3245
3071	3071	3583	3131	3083	3247
3327	3071	3583	3359	3085	3247
3583	3071	3583	3569	3083	3242
3839	3071	3583	3781	3085	3240
4095	3071	3583	3986	3091	3243
0	3327	3583	397	3249	3215
256	3327	3583	625	3257	3222
512	3327	3583	846	3260	3226
768	3327	3583	1072	3267	3229
1024	3327	3583	1305	3278	3235
1280	3327	3583	1516	3282	3237
1536	3327	3583	1743	3284	3235
1792	3327	3583	1981	3286	3232
2048	3327	3583	2231	3289	3232
2303	3327	3583	2465	3295	3234
2559	3327	3583	2686	3300	3238
2815	3327	3583	2911	3308	3244
3071	3327	3583	3144	3316	3248
3327	3327	3583	3377	3318	3246
3583	3327	3583	3582	3314	3244
3839	3327	3583	3797	3317	3241
4095	3327	3583	3998	3321	3243
0	3583	3583	414	3490	3220
256	3583	3583	642	3498	3226
512	3583	3583	863	3501	3229
768	3583	3583	1090	3509	3231
1024	3583	3583	1322	3520	3235
1280	3583	3583	1532	3523	3236
1536	3583	3583	1761	3524	3235
1792	3583	3583	1995	3526	3231
2048	3583	3583	2246	3528	3231
2303	3583	3583	2477	3531	3232
2559	3583	3583	2699	3536	3236
2815	3583	3583	2928	3544	3239
3071	3583	3583	3156	3548	3244
3327	3583	3583	3385	3557	3244
3583	3583	3583	3602	3558	3245
3839	3583	3583	3815	3562	3245
4095	3583	3583	4017	3563	3245
0	3839	3583	431	3725	3223
256	3839	3583	657	3732	3228
512	3839	3583	880	3741	3231
768	3839	3583	1109	3748	3234
1024	3839	3583	1338	3753	3237
1280	3839	3583	1548	3755	3235
1536	3839	3583	1774	3752	3232
1792	3839	3583	2014	3757	3234
2048	3839	3583	2264	3757	3231
2303	3839	3583	2490	3761	3230
2559	3839	3583	2712	3770	3233
2815	3839	3583	2940	3777	3237
3071	3839	3583	3172	3780	3241
3327	3839	3583	3397	3783	3241
3583	3839	3583	3612	3790	3245
3839	3839	3583	3829	3795	3248
4095	3839	3583	4030	3798	3249
0	4095	3583	449	3962	3230
256	4095	3583	675	3966	3231
512	4095	3583	898	3974	3236
768	4095	3583	1128	3983	3238
1024	4095	3583	1356	3989	3239
1280	4095	3583	1565	3988	3237
1536	4095	3583	1791	3984	3231
1792	4095	3583	2028	3986	3231
2048	4095	3583	2281	3983	3233
2303	4095	3583	2508	3993	3231
2559	4095	3583	2730	3998	3232
2815	4095	3583	2958	4001	3236
3071	4095	3583	3187	4007	3240
3327	4095	3583	3413	4013	3241
3583	4095	3583	3630	4024	3243
3839	4095	3583	3843	4025	3249
4095	4095	3583	4050	4031	3251
0	0	3839	196	35	3484
256	0	3839	435	38	3478
512	0	3839	667	40	3476
768	0	3839	891	43	3474
1024	0	3839	1120	45	3475
1280	0	3839	1351	48	3474
1536	0	3839	1556	51	3465
1792	0	3839	1779	53	3459
2048	0	3839	2007	56	3444
2303	0	3839	2253	58	3435
2559	0	3839	2482	61	3434
2815	0	3839	2701	64	3437
3071	0	3839	2927	66	3441
3327	0	3839	3156	69	3445
3583	0	3839	3385	72	3450
3839	0	3839	3602	74	3453
4095	0	3839	3821	78	3458
0	256	3839	212	298	3489
256	256	3839	454	300	3484
512	256	3839	684	303	3481
768	256	3839	909	305	3479
1024	256	3839	1141	307	3481
1280	256	3839	1370	310	3477
1536	256	3839	1581	311	3471
1792	256	3839	1804	313	3465
2048	256	3839	2036	313	3455
2303	256	3839	2286	315	3450
2559	256	3839	2510	318	3449
2815	256	3839	2730	320	3449
3071	256	3839	2957	323	3449
3327	256	3839	3188	326	3453
3583	256	3839	3414	329	3459
3839	256	3839	3629	333	3463
4095	256	3839	3854	337	3468
0	512	3839	229	551	3486
256	512	3839	469	555	3483
512	512	3839	699	558	3481
768	512	3839	924	559	3479
1024	512	3839	1155	562	3480
1280	512	3839	1384	564	3479
1536	512	3839	1596	566	3473
1792	512	3839	1821	566	3463
2048	512	3839	2055	565	3461
2303	512	3839	2307	566	3455
2559	512	3839	2528	569	3453
2815	512	3839	2749	571	3452
3071	512	3839	2976	574	3454
3327	512	3839	3206	577	3458
3583	512	3839	3431	581	3461
3839	512	3839	3647	584	3465
4095	512	3839	3867	589	3471
0	768	3839	244	797	3484
256	768	3839	487	800	3480
512	768	3839	714	802	3481
768	768	3839	941	805	3482
1024	768	3839	1173	808	3483
1280	768	3839	1398	809	3482
1536	768	3839	1612	811	3472
1792	768	3839	1839	811	3462
2048	768	3839	2071	810	3459
2303	768	3839	2324	810	3458
2559	768	3839	2545	813	3455
2815	768	3839	2767	816	3457
3071	768	3839	2995	818	3460
3327	768	3839	3224	821	3461
3583	768	3839	3447	825	3464
3839	768	3839	3663	828	3468
4095	768	3839	3881	834	3473
0	1024	3839	262	1049	3482
256	1024	3839	504	1051	3482
512	1024	3839	729	1054	3483
768	1024	3839	957	1058	3482
1024	1024	3839	1190	1060	3485
1280	1024	3839	1413	1063	3484
1536	1024	3839	1627	1065	3473
1792	1024	3839	1855	1063	3468
2048	1024	3839	2090	1062	3463
2303	1024	3839	2341	1062	3464
2559	1024	3839	2563	1065	3460
2815	1024	3839	2788	1067	3462
3071	1024	3839	3017	1071	3464
3327	1024	3839	3244	1074	3468
3583	1024	3839	3466	1077	3472
3839	1024	3839	3684	1082	3473
4095	1024	3839	3899	1087	3476
0	1280	3839	278	1305	3479
256	1280	3839	521	1308	3479
512	1280	3839	746	1310	3479
768	1280	3839	972	1313	3480
1024	1280	3839	1206	1318	3486
1280	1280	3839	1428	1321	3483
1536	1280	3839	1646	1320	3476
1792	1280	3839	1876	1319	3467
2048	1280	3839	2113	1320	3464
2303	1280	3839	2365	1320	3466
2559	1280	3839	2583	1321	3466
2815	1280	3839	2806	1324	3466
3071	1280	3839	3035	1328	3468
3327	1280	3839	3265	1331	3474
3583	1280	3839	3488	1335	3473
3839	1280	3839	3704	1339	3475
4095	1280	3839	3916	1341	3478
0	1536	3839	296	1534	3478
256	1536	3839	536	1537	3479
512	1536	3839	760	1539	3468
768	1536	3839	987	1542	3471
1024	1536	3839	1222	1546	3474
1280	1536	3839	1443	1549	3476
1536	1536	3839	1660	1550	3468
1792	1536	3839	1890	1550	3462
2048	1536	3839	2131	1550	3462
2303	1536	3839	2381	1551	3462
2559	1536	3839	2599	1553	3462
2815	1536	3839	2821	1557	3462
3071	1536	3839	3053	1560	3464
3327	1536	3839	3281	1562	3467
3583	1536	3839	3503	1568	3469
3839	1536	3839	3719	1572	3469
4095	1536	3839	3928	1574	3470
0	1792	3839	310	1780	3463
256	1792	3839	547	1786	3467
512	1792	3839	769	1789	3470
768	1792	3839	997	1794	3471
1024	1792	3839	1231	1801	3469
1280	1792	3839	1450	1804	3465
1536	1792	3839	1671	1804	3462
1792	1792	3839	1902	1803	3459
2048	1792	3839	2142	1805	3459
2303	1792	3839	2388	1809	3455
2559	1792	3839	2609	1812	3454
2815	1792	3839	2834	1815	3454
3071	1792	3839	3062	1815	3456
3327	1792	3839	3291	1821	3458
3583	1792	3839	3512	1825	3458
3839	1792	3839	3725	1827	3459
4095	1792	3839	3934	1829	3460
0	2048	3839	324	2017	3447
256	2048	3839	560	2022	3450
512	2048	3839	781	2028	3453
768	2048	3839	1008	2037	3458
1024	2048	3839	1242	2045	3463
1280	2048	3839	1459	2048	3467
1536	2048	3839	1681	2049	3467
1792	2048	3839	1915	2052	3454
2048	2048	3839	2160	2056	3453
2303	2048	3839	2402	2057	3454
2559	2048	3839	2621	2060	3452
2815	2048	3839	2844	2062	3454
3071	2048	3839	3075	2065	3456
3327	2048	3839	3303	2070	3454
3583	2048	3839	3522	2071	3453
3839	2048	3839	3738	2076	3455
4095	2048	3839	3943	2080	3456
0	2303	3839	340	2284	3437
256	2303	3839	574	2293	3443
512	2303	3839	794	2296	3446
768	2303	3839	1018	2304	3449
1024	2303	3839	1255	2314	3457
1280	2303	3839	1473	2320	3460
1536	2303	3839	1695	2320	3458
1792	2303	3839	1928	2321	3456
2048	2303	3839	2174	2324	3458
2303	2303	3839	2417	2329	3455
2559	2303	3839	2634	2329	3455
2815	2303	3839	2861	2331	3456
3071	2303	3839	3091	2338	3456
3327	2303	3839	3317	2340	3457
3583	2303	3839	3539	2342	3455
3839	2303	3839	3751	2345	3456
4095	2303	3839	3953	2347	3459
0	2559	3839	356	2525	3435
256	2559	3839	590	2535	3442
512	2559	3839	810	2540	3445
768	2559	3839	1037	2546	3451
1024	2559	3839	1271	2554	3454
1280	2559	3839	1487	2560	3458
1536	2559	3839	1714	2561	3457
1792	2559	3839	1947	2564	3455
2048	2559	3839	2194	2567	3453
2303	2559	3839	2432	2571	3455
2559	2559	3839	2651	2575	3455
2815	2559	3839	2880	2578	3457
3071	2559	3839	3109	2583	3462
3327	2559	3839	3341	2589	3460
3583	2559	3839	3553	2591	3458
3839	2559	3839	3766	2594	3459
4095	2559	3839	3971	2595	3462
0	2815	3839	375	2781	3436
256	2815	3839	606	2788	3443
512	2815	3839	826	2790	3445
768	2815	3839	1053	2798	3450
1024	2815	3839	1287	2808	3453
1280	2815	3839	1501	2813	3456
1536	2815	3839	1729	2815	3455
1792	2815	3839	1966	2816	3453
2048	2815	3839	2213	2818	3453
2303	2815	3839	2447	2822	3453
2559	2815	3839	2666	2829	3455
2815	2815	3839	2898	2837	3460
3071	2815	3839	3128	2841	3461
3327	2815	3839	3354	2841	3459
3583	2815	3839	3566	2847	3458
3839	2815	3839	3782	2848	3462
4095	2815	3839	3987	2848	3465
0	3071	3839	393	3026	3437
256	3071	3839	623	3031	3444
512	3071	3839	844	3038	3446
768	3071	3839	1070	3046	3450
1024	3071	3839	1303	3055	3454
1280	3071	3839	1516	3055	3454
1536	3071	3839	1745	3059	3454
1792	3071	3839	1981	3060	3451
2048	3071	3839	2232	3065	3452
2303	3071	3839	2465	3070	3453
2559	3071	3839	2686	3074	3454
2815	3071	3839	2914	3081	3461
3071	3071	3839	3144	3089	3465
3327	3071	3839	3373	3094	3463
3583	3071	3839	3582	3093	3461
3839	3071	3839	3801	3095	3462
4095	3071	3839	4007	3102	3469
0	3327	3839	411	3264	3443
256	3327	3839	640	3270	3447
512	3327	3839	862	3273	3449
768	3327	3839	1089	3278	3451
1024	3327	3839	1322	3289	3456
1280	3327	3839	1532	3294	3458
1536	3327	3839	1761	3293	3452
1792	3327	3839	1998	3293	3451
2048	3327	3839	2248	3296	3450
2303	3327	3839	2480	3301	3454
2559	3327	3839	2700	3307	3455
2815	3327	3839	2928	3314	3461
3071	3327	3839	3162	3321	3467
3327	3327	3839	3391	3326	3467
3583	3327	3839	3602	3326	3466
3839	3327	3839	3818	3331	3464
4095	3327	3839	4019	3332	3468
0	3583	3839	429	3508	3447
256	3583	3839	657	3514	3451
512	3583	3839	879	3517	3453
768	3583	3839	1109	3524	3455
1024	3583	3839	1341	3534	3460
1280	3583	3839	1548	3536	3457
1536	3583	3839	1778	3533	3456
1792	3583	3839	2014	3536	3452
2048	3583	3839	2266	3535	3452
2303	3583	3839	2494	3539	3453
2559	3583	3839	2717	3546	3456
2815	3583	3839	2947	3554	3460
3071	3583	3839	3179	3560	3466
3327	3583	3839	3406	3568	3466
3583	3583	3839	3622	3572	3470
3839	3583	3839	3837	3575	3471
4095	3583	3839	4037	3575	3471
0	3839	3839	447	3746	3450
256	3839	3839	672	3750	3454
512	3839	3839	896	3756	3457
768	3839	3839	1126	3763	3459
1024	3839	3839	1355	3771	3462
1280	3839	3839	1565	3771	3459
1536	3839	3839	1791	3765	3454
1792	3839	3839	2032	3770	3457
2048	3839	3839	2284	3767	3456
2303	3839	3839	2510	3772	3452
2559	3839	3839	2731	3780	3454
2815	3839	3839	2960	3787	3460
3071	3839	3839	3191	3790	3465
3327	3839	3839	3415	3794	3464
3583	3839	3839	3632	3802	3468
3839	3839	3839	3849	3807	3472
4095	3839	3839	4053	3813	3474
0	4095	3839	465	3985	3460
256	4095	3839	691	3987	3457
512	4095	3839	915	3993	3461
768	4095	3839	1145	4002	3464
1024	4095	3839	1371	4006	3464
1280	4095	3839	1583	4002	3459
1536	4095	3839	1810	3999	3455
1792	4095	3839	2046	4001	3453
2048	4095	3839	2304	4000	3457
2303	4095	3839	2527	4005	3455
2559	4095	3839	2750	4010	3456
2815	4095	3839	2978	4016	3460
3071	4095	3839	3207	4022	3462
3327	4095	3839	3433	4030	3464
3583	4095	3839	3650	4039	3464
3839	4095	3839	3864	4040	3471
4095	4095	3839	4073	4048	3476
0	0	4095	209	37	3716
256	0	4095	451	40	3711
512	0	4095	684	42	3708
768	0	4095	910	45	3705
1024	0	4095	1140	48	3706
1280	0	4095	1371	51	3705
1536	0	4095	1580	54	3696
1792	0	4095	1802	55	3687
2048	0	4095	2030	58	3674
2303	0	4095	2276	61	3665
2559	0	4095	2505	63	3666
2815	0	4095	2724	66	3669
3071	0	4095	2950	69	3672
3327	0	4095	3182	71	3677
3583	0	4095	3410	75	3681
3839	0	4095	3629	77	3687
4095	0	4095	3852	80	3694
0	256	4095	226	302	3719
256	256	4095	469	304	3710
512	256	4095	699	307	3707
768	256	4095	927	309	3707
1024	256	4095	1159	311	3708
1280	256	4095	1388	314	3705
1536	256	4095	1599	316	3697
1792	256	4095	1826	317	3685
2048	256	4095	2058	318	3684
2303	256	4095	2307	319	3680
2559	256	4095	2531	321	3678
2815	256	4095	2751	324	3678
3071	256	4095	2979	326	3679
3327	256	4095	3212	330	3683
3583	256	4095	3437	334	3690
3839	256	4095	3653	337	3695
4095	256	4095	3879	341	3702
0	512	4095	243	559	3714
256	512	4095	485	561	3709
512	512	4095	714	563	3708
768	512	4095	941	563	3707
1024	512	4095	1173	567	3708
1280	512	4095	1400	570	3707
1536	512	4095	1615	571	3698
1792	512	4095	1841	571	3688
2048	512	4095	2073	571	3686
2303	512	4095	2328	571	3684
2559	512	4095	2549	574	3678
2815	512	4095	2771	576	3682
3071	512	4095	2998	579	3686
3327	512	4095	3229	583	3689
3583	512	4095	3457	587	3692
3839	512	4095	3674	590	3698
4095	512	4095	3892	593	3701
0	768	4095	259	804	3710
256	768	4095	502	807	3707
512	768	4095	730	809	3706
768	768	4095	957	810	3709
1024	768	4095	1190	813	3713
1280	768	4095	1414	815	3710
1536	768	4095	1630	816	3699
1792	768	4095	1857	816	3688
2048	768	4095	2091	814	3686
2303	768	4095	2342	817	3686
2559	768	4095	2565	819	3682
2815	768	4095	2790	821	3685
3071	768	4095	3018	824	3689
3327	768	4095	3247	827	3691
3583	768	4095	3472	832	3696
3839	768	4095	3690	836	3700
4095	768	4095	3905	840	3704
0	1024	4095	277	1056	3707
256	1024	4095	520	1059	3710
512	1024	4095	746	1062	3707
768	1024	4095	974	1065	3708
1024	1024	4095	1207	1068	3713
1280	1024	4095	1429	1070	3709
1536	1024	4095	1645	1070	3700
1792	1024	4095	1874	1068	3693
2048	1024	4095	2109	1068	3688
2303	1024	4095	2362	1069	3688
2559	1024	4095	2583	1071	3689
2815	1024	4095	2806	1073	3690
3071	1024	4095	3036	1075	3691
3327	1024	4095	3265	1079	3696
3583	1024	4095	3490	1086	3700
3839	1024	4095	3709	1090	3700
4095	1024	4095	3921	1094	3705
0	1280	4095	293	1315	3707
256	1280	4095	536	1317	3705
512	1280	4095	761	1318	3706
768	1280	4095	988	1321	3705
1024	1280	4095	1222	1324	3709
1280	1280	4095	1442	1328	3708
1536	1280	4095	1662	1327	3701
1792	1280	4095	1893	1326	3691
2048	1280	4095	2130	1327	3690
2303	1280	4095	2382	1327	3691
2559	1280	4095	2602	1327	3688
2815	1280	4095	2825	1331	3692
3071	1280	4095	3054	1334	3693
3327	1280	4095	3286	1338	3698
3583	1280	4095	3509	1342	3700
3839	1280	4095	3726	1346	3701
4095	1280	4095	3939	1350	3703
0	1536	4095	311	1544	3706
256	1536	4095	551	1547	3703
512	1536	4095	776	1546	3692
768	1536	4095	1003	1550	3693
1024	1536	4095	1238	1553	3698
1280	1536	4095	1458	1557	3699
1536	1536	4095	1676	1556	3692
1792	1536	4095	1908	1556	3686
2048	1536	4095	2149	1557	3683
2303	1536	4095	2398	1558	3682
2559	1536	4095	2617	1559	3682
2815	1536	4095	2840	1562	3686
3071	1536	4095	3073	1568	3686
3327	1536	4095	3301	1572	3687
3583	1536	4095	3524	1575	3690
3839	1536	4095	3743	1579	3691
4095	1536	4095	3951	1582	3693
0	1792	4095	324	1789	3689
256	1792	4095	562	1796	3690
512	1792	4095	784	1797	3694
768	1792	4095	1012	1802	3695
1024	1792	4095	1247	1810	3688
1280	1792	4095	1465	1811	3687
1536	1792	4095	1687	1812	3683
1792	1792	4095	1919	1812	3680
2048	1792	4095	2161	1811	3680
2303	1792	4095	2406	1814	3675
2559	1792	4095	2624	1817	3674
2815	1792	4095	2852	1822	3676
3071	1792	4095	3079	1823	3675
3327	1792	4095	3309	1826	3678
3583	1792	4095	3531	1831	3681
3839	1792	4095	3747	1833	3681
4095	1792	4095	3956	1837	3683
0	2048	4095	339	2030	3673
256	2048	4095	574	2034	3676
512	2048	4095	796	2038	3677
768	2048	4095	1023	2045	3681
1024	2048	4095	1258	2053	3688
1280	2048	4095	1475	2055	3690
1536	2048	4095	1696	2056	3678
1792	2048	4095	1930	2058	3675
2048	2048	4095	2177	2061	3672
2303	2048	4095	2419	2064	3673
2559	2048	4095	2636	2065	3672
2815	2048	4095	2864	2069	3671
3071	2048	4095	3094	2070	3675
3327	2048	4095	3320	2076	3677
3583	2048	4095	3542	2080	3676
3839	2048	4095	3758	2084	3677
4095	2048	4095	3962	2089	3681
0	2303	4095	355	2297	3661
256	2303	4095	589	2302	3668
512	2303	4095	809	2306	3671
768	2303	4095	1033	2311	3675
1024	2303	4095	1272	2322	3682
1280	2303	4095	1488	2327	3684
1536	2303	4095	1712	2326	3679
1792	2303	4095	1945	2327	3676
2048	2303	4095	2192	2330	3674
2303	2303	4095	2432	2333	3671
2559	2303	4095	2650	2335	3672
2815	2303	4095	2877	2337	3676
3071	2303	4095	3110	2343	3677
3327	2303	4095	3334	2349	3677
3583	2303	4095	3555	2349	3678
3839	2303	4095	3767	2352	3679
4095	2303	4095	3973	2357	3683
0	2559	4095	373	2537	3658
256	2559	4095	605	2545	3665
512	2559	4095	825	2551	3668
768	2559	4095	1052	2555	3671
1024	2559	4095	1287	2564	3675
1280	2559	4095	1503	2569	3680
1536	2559	4095	1729	2566	3676
1792	2559	4095	1963	2570	3674
2048	2559	4095	2210	2572	3672
2303	2559	4095	2446	2576	3673
2559	2559	4095	2668	2582	3674
2815	2559	4095	2898	2583	3677
3071	2559	4095	3127	2590	3679
3327	2559	4095	3355	2594	3678
3583	2559	4095	3566	2595	3680
3839	2559	4095	3785	2601	3682
4095	2559	4095	3993	2604	3686
0	2815	4095	391	2797	3662
256	2815	4095	622	2802	3668
512	2815	4095	842	2801	3668
768	2815	4095	1070	2809	3671
1024	2815	4095	1303	2819	3678
1280	2815	4095	1516	2819	3676
1536	2815	4095	1745	2820	3675
1792	2815	4095	1981	2824	3670
2048	2815	4095	2229	2826	3671
2303	2815	4095	2462	2830	3673
2559	2815	4095	2683	2837	3676
2815	2815	4095	2914	2843	3678
3071	2815	4095	3141	2848	3681
3327	2815	4095	3370	2847	3679
3583	2815	4095	3584	2852	3680
3839	2815	4095	3801	2856	3685
4095	2815	4095	4009	2858	3691
0	3071	4095	408	3040	3664
256	3071	4095	638	3045	3669
512	3071	4095	860	3050	3670
768	3071	4095	1087	3057	3673
1024	3071	4095	1319	3065	3678
1280	3071	4095	1532	3061	3673
1536	3071	4095	1761	3065	3672
1792	3071	4095	1996	3066	3670
2048	3071	4095	2250	3071	3672
2303	3071	4095	2479	3077	3673
2559	3071	4095	2700	3083	3675
2815	3071	4095	2930	3087	3679
3071	3071	4095	3160	3096	3683
3327	3071	4095	3388	3100	3682
3583	3071	4095	3600	3104	3681
3839	3071	4095	3821	3107	3687
4095	3071	4095	4026	3110	3695
0	3327	4095	426	3278	3668
256	3327	4095	654	3283	3671
512	3327	4095	878	3287	3671
768	3327	4095	1106	3290	3674
1024	3327	4095	1338	3300	3679
1280	3327	4095	1548	3302	3676
1536	3327	4095	1778	3299	3671
1792	3327	4095	2015	3302	3671
2048	3327	4095	2266	3305	3673
2303	3327	4095	2494	3309	3675
2559	3327	4095	2716	3314	3675
2815	3327	4095	2947	3320	3680
3071	3327	4095	3178	3328	3686
3327	3327	4095	3405	3333	3688
3583	3327	4095	3620	3338	3689
3839	3327	4095	3841	3344	3689
4095	3327	4095	4041	3344	3695
0	3583	4095	444	3527	3674
256	3583	4095	672	3530	3676
512	3583	4095	895	3533	3677
768	3583	4095	1127	3538	3680
1024	3583	4095	1357	3545	3684
1280	3583	4095	1567	3543	3679
1536	3583	4095	1794	3544	3677
1792	3583	4095	2032	3544	3675
2048	3583	4095	2287	3544	3676
2303	3583	4095	2513	3551	3676
2559	3583	4095	2734	3557	3679
2815	3583	4095	2964	3563	3684
3071	3583	4095	3197	3571	3688
3327	3583	4095	3424	3575	3688
3583	3583	4095	3640	3582	3691
3839	3583	4095	3856	3585	3695
4095	3583	4095	4059	3590	3697
0	3839	4095	462	3767	3679
256	3839	4095	688	3770	3680
512	3839	4095	913	3773	3682
768	3839	4095	1144	3781	3686
1024	3839	4095	1372	3788	3688
1280	3839	4095	1583	3784	3683
1536	3839	4095	1811	3780	3678
1792	3839	4095	2049	3780	3678
2048	3839	4095	2306	3780	3681
2303	3839	4095	2530	3784	3677
2559	3839	4095	2751	3789	3680
2815	3839	4095	2980	3796	3684
3071	3839	4095	3211	3801	3687
3327	3839	4095	3437	3809	3690
3583	3839	4095	3656	3819	3691
3839	3839	4095	3871	3819	3697
4095	3839	4095	4076	3825	3699
0	4095	4095	480	4006	3688
256	4095	4095	707	4007	3687
512	4095	4095	930	4012	3687
768	4095	4095	1162	4018	3690
1024	4095	4095	1387	4019	3690
1280	4095	4095	1602	4016	3685
1536	4095	4095	1829	4016	3682
1792	4095	4095	2066	4013	3679
2048	4095	4095	2325	4016	3682
2303	4095	4095	2546	4018	3680
2559	4095	4095	2769	4024	3681
2815	4095	4095	2997	4033	3685
3071	4095	4095	3226	4037	3684
3327	4095	4095	3453	4044	3689
3583	4095	4095	3671	4054	3691
3839	4095	4095	3886	4057	3696
4095	4095	4095	4095	4066	3706
