0	0	0	4095	4095	4095
256	0	0	4095	2717	2717
512	0	0	4095	2283	2283
768	0	0	4095	1986	1986
1024	0	0	4095	1756	1756
1280	0	0	4095	1568	1568
1536	0	0	4095	1409	1409
1792	0	0	4095	1273	1273
2048	0	0	4095	1153	1153
2303	0	0	4095	1048	1048
2559	0	0	4095	953	953
2815	0	0	4095	868	868
3071	0	0	4095	791	791
3327	0	0	4095	721	721
3583	0	0	4095	657	657
3839	0	0	4095	599	599
4095	0	0	4095	545	545
0	256	0	2341	4095	4095
256	256	0	3161	3598	2964
512	256	0	3499	3090	2509
768	256	0	3764	2737	2195
1024	256	0	3992	2461	1952
1280	256	0	4095	2235	1753
1536	256	0	4095	2042	1584
1792	256	0	4095	1874	1438
2048	256	0	4095	1725	1310
2303	256	0	4095	1593	1197
2559	256	0	4095	1474	1095
2815	256	0	4095	1365	1003
3071	256	0	4095	1266	919
3327	256	0	4095	1175	843
3583	256	0	4095	1092	774
3839	256	0	4095	1015	710
4095	256	0	4095	943	651
0	512	0	1824	4095	4095
256	512	0	2547	3958	3059
512	512	0	2848	3422	2596
768	512	0	3085	3048	2276
1024	512	0	3291	2756	2027
1280	512	0	3475	2515	1824
1536	512	0	3645	2308	1651
1792	512	0	3804	2129	1502
2048	512	0	3955	1969	1371
2303	512	0	4095	1827	1255
2559	512	0	4095	1698	1150
2815	512	0	4095	1581	1056
3071	512	0	4095	1474	970
3327	512	0	4095	1375	891
3583	512	0	4095	1284	820
3839	512	0	4095	1199	754
4095	512	0	4095	1121	693
0	768	0	1482	4095	4095
256	768	0	2134	4095	3131
512	768	0	2408	3683	2662
768	768	0	2625	3294	2337
1024	768	0	2813	2989	2085
1280	768	0	2983	2736	1878
1536	768	0	3139	2520	1703
1792	768	0	3286	2331	1551
2048	768	0	3425	2164	1418
2303	768	0	3557	2014	1299
2559	768	0	3685	1878	1193
2815	768	0	3807	1754	1096
3071	768	0	3926	1640	1008
3327	768	0	4042	1535	928
3583	768	0	4095	1438	855
3839	768	0	4095	1348	788
4095	768	0	4095	1264	725
0	1024	0	1228	4095	4095
256	1024	0	1821	4095	3192
512	1024	0	2073	3908	2717
768	1024	0	2274	3506	2389
1024	1024	0	2448	3190	2133
1280	1024	0	2605	2928	1924
1536	1024	0	2751	2703	1746
1792	1024	0	2887	2507	1592
2048	1024	0	3017	2333	1457
2303	1024	0	3140	2177	1337
2559	1024	0	3259	2034	1228
2815	1024	0	3374	1905	1130
3071	1024	0	3486	1786	1041
3327	1024	0	3594	1676	960
3583	1024	0	3699	1574	885
3839	1024	0	3802	1479	816
4095	1024	0	3903	1391	753
0	1280	0	1027	4095	4095
256	1280	0	1570	4095	3245
512	1280	0	1804	4095	2766
768	1280	0	1990	3696	2434
1024	1280	0	2152	3370	2176
1280	1280	0	2299	3100	1964
1536	1280	0	2435	2869	1785
1792	1280	0	2563	2666	1629
2048	1280	0	2684	2485	1492
2303	1280	0	2800	2324	1370
2559	1280	0	2912	2176	1260
2815	1280	0	3020	2042	1161
3071	1280	0	3125	1918	1070
3327	1280	0	3227	1804	987
3583	1280	0	3326	1698	911
3839	1280	0	3424	1599	842
4095	1280	0	3519	1507	777
0	1536	0	864	4095	4095
256	1536	0	1363	4095	3293
512	1536	0	1580	4095	2810
768	1536	0	1753	3871	2475
1024	1536	0	1905	3537	2215
1280	1536	0	2042	3259	2001
1536	1536	0	2170	3021	1819
1792	1536	0	2290	2812	1662
2048	1536	0	2404	2627	1523
2303	1536	0	2513	2460	1400
2559	1536	0	2619	2308	1289
2815	1536	0	2721	2169	1188
3071	1536	0	2820	2041	1096
3327	1536	0	2917	1923	1013
3583	1536	0	3011	1813	936
3839	1536	0	3103	1711	865
4095	1536	0	3193	1615	799
0	1792	0	729	4095	4095
256	1792	0	1188	4095	3337
512	1792	0	1389	4095	2850
768	1792	0	1551	4035	2513
1024	1792	0	1693	3693	2250
1280	1792	0	1822	3409	2035
1536	1792	0	1942	3164	1851
1792	1792	0	2055	2950	1692
2048	1792	0	2163	2759	1552
2303	1792	0	2266	2588	1428
2559	1792	0	2366	2432	1315
2815	1792	0	2463	2289	1213
3071	1792	0	2557	2157	1121
3327	1792	0	2648	2035	1036
3583	1792	0	2738	1922	958
3839	1792	0	2825	1816	886
4095	1792	0	2911	1717	820
0	2048	0	615	4095	4095
256	2048	0	1037	4095	3378
512	2048	0	1225	4095	2888
768	2048	0	1376	4095	2548
1024	2048	0	1509	3840	2284
1280	2048	0	1631	3550	2066
1536	2048	0	1744	3300	1881
1792	2048	0	1851	3081	1721
2048	2048	0	1953	2885	1579
2303	2048	0	2050	2710	1454
2559	2048	0	2145	2549	1340
2815	2048	0	2236	2402	1237
3071	2048	0	2326	2267	1143
3327	2048	0	2413	2142	1058
3583	2048	0	2498	2025	979
3839	2048	0	2581	1916	906
4095	2048	0	2663	1815	839
0	2303	0	518	4095	4095
256	2303	0	907	4095	3417
512	2303	0	1082	4095	2923
768	2303	0	1224	4095	2581
1024	2303	0	1349	3980	2315
1280	2303	0	1463	3684	2096
1536	2303	0	1570	3429	1909
1792	2303	0	1671	3205	1748
2048	2303	0	1767	3005	1605
2303	2303	0	1860	2826	1478
2559	2303	0	1950	2662	1363
2815	2303	0	2037	2511	1260
3071	2303	0	2121	2372	1165
3327	2303	0	2204	2244	1078
3583	2303	0	2285	2124	998
3839	2303	0	2364	2012	925
4095	2303	0	2442	1908	857
0	2559	0	435	4095	4095
256	2559	0	793	4095	3453
512	2559	0	956	4095	2957
768	2559	0	1089	4095	2613
1024	2559	0	1206	4095	2344
1280	2559	0	1314	3813	2124
1536	2559	0	1415	3553	1936
1792	2559	0	1510	3325	1773
2048	2559	0	1602	3121	1629
2303	2559	0	1689	2938	1501
2559	2559	0	1774	2770	1386
2815	2559	0	1857	2616	1281
3071	2559	0	1938	2474	1185
3327	2559	0	2016	2343	1098
3583	2559	0	2094	2220	1017
3839	2559	0	2169	2106	943
4095	2559	0	2244	1998	874
0	2815	0	363	4095	4095
256	2815	0	693	4095	3488
512	2815	0	844	4095	2989
768	2815	0	969	4095	2643
1024	2815	0	1079	4095	2373
1280	2815	0	1181	3938	2150
1536	2815	0	1276	3673	1961
1792	2815	0	1366	3440	1797
2048	2815	0	1453	3233	1652
2303	2815	0	1536	3046	1523
2559	2815	0	1617	2875	1407
2815	2815	0	1695	2718	1301
3071	2815	0	1772	2573	1205
3327	2815	0	1847	2438	1116
3583	2815	0	1921	2313	1035
3839	2815	0	1993	2196	960
4095	2815	0	2064	2086	891
0	3071	0	301	4095	4095
256	3071	0	604	4095	3522
512	3071	0	745	4095	3020
768	3071	0	862	4095	2671
1024	3071	0	965	4095	2400
1280	3071	0	1061	4058	2176
1536	3071	0	1151	3789	1986
1792	3071	0	1236	3553	1820
2048	3071	0	1318	3341	1674
2303	3071	0	1397	3151	1545
2559	3071	0	1474	2976	1427
2815	3071	0	1549	2816	1321
3071	3071	0	1622	2669	1223
3327	3071	0	1694	2531	1134
3583	3071	0	1764	2403	1052
3839	3071	0	1833	2284	977
4095	3071	0	1901	2172	907
0	3327	0	248	4095	4095
256	3327	0	525	4095	3554
512	3327	0	657	4095	3049
768	3327	0	766	4095	2699
1024	3327	0	863	4095	2426
1280	3327	0	953	4095	2201
1536	3327	0	1038	3902	2009
1792	3327	0	1119	3661	1843
2048	3327	0	1197	3446	1696
2303	3327	0	1271	3253	1565
2559	3327	0	1344	3075	1447
2815	3327	0	1416	2912	1339
3071	3327	0	1485	2762	1241
3327	3327	0	1554	2622	1152
3583	3327	0	1621	2492	1069
3839	3327	0	1686	2370	993
4095	3327	0	1751	2255	922
0	3583	0	203	4095	4095
256	3583	0	455	4095	3584
512	3583	0	577	4095	3078
768	3583	0	679	4095	2725
1024	3583	0	771	4095	2451
1280	3583	0	856	4095	2224
1536	3583	0	936	4012	2032
1792	3583	0	1012	3768	1864
2048	3583	0	1086	3549	1716
2303	3583	0	1157	3352	1585
2559	3583	0	1226	3172	1466
2815	3583	0	1294	3006	1358
3071	3583	0	1360	2853	1259
3327	3583	0	1425	2711	1168
3583	3583	0	1489	2578	1085
3839	3583	0	1552	2454	1008
4095	3583	0	1614	2337	937
0	3839	0	163	4095	4095
256	3839	0	393	4095	3614
512	3839	0	507	4095	3105
768	3839	0	602	4095	2751
1024	3839	0	687	4095	2475
1280	3839	0	767	4095	2247
1536	3839	0	843	4095	2054
1792	3839	0	915	3871	1885
2048	3839	0	985	3649	1736
2303	3839	0	1052	3450	1604
2559	3839	0	1118	3266	1484
2815	3839	0	1183	3098	1375
3071	3839	0	1246	2942	1276
3327	3839	0	1308	2797	1185
3583	3839	0	1369	2662	1101
3839	3839	0	1429	2536	1023
4095	3839	0	1489	2417	951
0	4095	0	130	4095	4095
256	4095	0	338	4095	3643
512	4095	0	443	4095	3132
768	4095	0	532	4095	2776
1024	4095	0	612	4095	2499
1280	4095	0	687	4095	2270
1536	4095	0	758	4095	2075
1792	4095	0	826	3973	1906
2048	4095	0	893	3748	1756
2303	4095	0	956	3545	1623
2559	4095	0	1019	3359	1502
2815	4095	0	1081	3188	1392
3071	4095	0	1141	3029	1292
3327	4095	0	1200	2882	1200
3583	4095	0	1258	2745	1116
3839	4095	0	1316	2616	1037
4095	4095	0	1372	2495	965
0	0	256	2700	2328	2886
256	0	256	3581	1348	1769
512	0	256	3943	1057	1430
768	0	256	4095	865	1201
1024	0	256	4095	721	1028
1280	0	256	4095	607	889
1536	0	256	4095	514	773
1792	0	256	4095	437	676
2048	0	256	4095	371	592
2303	0	256	4095	315	519
2559	0	256	4095	267	455
2815	0	256	4095	225	399
3071	0	256	4095	189	349
3327	0	256	4095	158	305
3583	0	256	4095	131	265
3839	0	256	4095	107	230
4095	0	256	4095	87	199
0	256	256	1345	3142	3142
256	256	256	1966	1966	1966
512	256	256	2229	1605	1605
768	256	256	2437	1361	1361
1024	256	256	2618	1175	1175
1280	256	256	2781	1025	1025
1536	256	256	2932	900	900
1792	256	256	3073	794	794
2048	256	256	3207	702	702
2303	256	256	3335	622	622
2559	256	256	3458	552	552
2815	256	256	3576	489	489
3071	256	256	3691	433	433
3327	256	256	3803	383	383
3583	256	256	3912	338	338
3839	256	256	4018	298	298
4095	256	256	4095	262	262
0	512	256	971	3478	3240
256	512	256	1499	2228	2042
512	512	256	1726	1840	1673
768	512	256	1908	1577	1424
1024	512	256	2067	1375	1233
1280	512	256	2210	1211	1079
1536	512	256	2344	1074	950
1792	512	256	2469	956	841
2048	512	256	2588	854	746
2303	512	256	2701	765	663
2559	512	256	2811	686	590
2815	512	256	2917	615	525
3071	512	256	3020	551	467
3327	512	256	3120	494	414
3583	512	256	3218	443	368
3839	512	256	3314	396	326
4095	512	256	3407	353	288
0	768	256	733	3741	3314
256	768	256	1194	2435	2100
512	768	256	1395	2028	1725
768	768	256	1558	1749	1471
1024	768	256	1700	1535	1277
1280	768	256	1829	1361	1120
1536	768	256	1950	1214	988
1792	768	256	2063	1089	876
2048	768	256	2171	979	779
2303	768	256	2274	883	695
2559	768	256	2374	797	619
2815	768	256	2471	720	552
3071	768	256	2565	650	493
3327	768	256	2657	588	439
3583	768	256	2747	531	391
3839	768	256	2834	479	347
4095	768	256	2920	432	308
0	1024	256	563	3968	3376
256	1024	256	969	2615	2148
512	1024	256	1150	2191	1769
768	1024	256	1296	1900	1511
1024	1024	256	1425	1676	1314
1280	1024	256	1543	1493	1154
1536	1024	256	1653	1338	1021
1792	1024	256	1756	1206	907
2048	1024	256	1855	1090	808
2303	1024	256	1950	987	721
2559	1024	256	2042	896	644
2815	1024	256	2132	814	576
3071	1024	256	2218	739	515
3327	1024	256	2303	672	460
3583	1024	256	2386	611	410
3839	1024	256	2467	555	365
4095	1024	256	2547	504	325
0	1280	256	435	4095	3431
256	1280	256	794	2777	2191
512	1280	256	956	2339	1808
768	1280	256	1089	2037	1547
1024	1280	256	1207	1804	1347
1280	1280	256	1315	1613	1185
1536	1280	256	1415	1452	1049
1792	1280	256	1511	1313	934
2048	1280	256	1602	1191	833
2303	1280	256	1690	1084	745
2559	1280	256	1775	987	667
2815	1280	256	1858	901	597
3071	1280	256	1938	822	535
3327	1280	256	2017	751	478
3583	1280	256	2094	685	428
3839	1280	256	2170	626	382
4095	1280	256	2245	571	340
0	1536	256	335	4095	3481
256	1536	256	653	2928	2230
512	1536	256	800	2475	1843
768	1536	256	921	2164	1579
1024	1536	256	1028	1922	1377
1280	1536	256	1127	1725	1213
1536	1536	256	1220	1558	1075
1792	1536	256	1308	1413	958
2048	1536	256	1393	1287	856
2303	1536	256	1474	1174	767
2559	1536	256	1553	1074	687
2815	1536	256	1630	983	616
3071	1536	256	1705	900	553
3327	1536	256	1779	825	495
3583	1536	256	1851	756	444
3839	1536	256	1922	693	397
4095	1536	256	1991	635	354
0	1792	256	256	4095	3526
256	1792	256	537	3068	2266
512	1792	256	670	2604	1875
768	1792	256	780	2283	1608
1024	1792	256	879	2035	1404
1280	1792	256	970	1831	1238
1536	1792	256	1055	1658	1099
1792	1792	256	1137	1508	981
2048	1792	256	1215	1377	877
2303	1792	256	1291	1260	787
2559	1792	256	1364	1156	706
2815	1792	256	1436	1061	634
3071	1792	256	1506	975	569
3327	1792	256	1575	896	511
3583	1792	256	1643	824	459
3839	1792	256	1709	758	411
4095	1792	256	1774	697	368
0	2048	256	193	4095	3569
256	2048	256	441	3202	2299
512	2048	256	561	2726	1905
768	2048	256	662	2397	1636
1024	2048	256	752	2141	1430
1280	2048	256	835	1932	1262
1536	2048	256	914	1754	1122
1792	2048	256	990	1599	1002
2048	2048	256	1063	1463	897
2303	2048	256	1133	1343	805
2559	2048	256	1202	1234	724
2815	2048	256	1269	1136	651
3071	2048	256	1334	1047	585
3327	2048	256	1399	965	526
3583	2048	256	1462	890	473
3839	2048	256	1524	821	424
4095	2048	256	1586	757	380
0	2303	256	144	4095	3608
256	2303	256	361	3328	2330
512	2303	256	469	2842	1933
768	2303	256	561	2506	1662
1024	2303	256	643	2244	1454
1280	2303	256	720	2028	1285
1536	2303	256	793	1845	1143
1792	2303	256	863	1686	1022
2048	2303	256	931	1547	916
2303	2303	256	996	1422	823
2559	2303	256	1060	1310	740
2815	2303	256	1123	1209	666
3071	2303	256	1185	1116	600
3327	2303	256	1245	1031	540
3583	2303	256	1304	954	486
3839	2303	256	1363	882	437
4095	2303	256	1421	816	392
0	2559	256	104	4095	3646
256	2559	256	293	3451	2360
512	2559	256	391	2955	1960
768	2559	256	474	2610	1687
1024	2559	256	549	2342	1477
1280	2559	256	620	2122	1306
1536	2559	256	687	1934	1163
1792	2559	256	752	1771	1041
2048	2559	256	815	1627	934
2303	2559	256	876	1500	840
2559	2559	256	936	1384	756
2815	2559	256	994	1279	681
3071	2559	256	1052	1184	614
3327	2559	256	1109	1096	553
3583	2559	256	1164	1016	498
3839	2559	256	1219	942	449
4095	2559	256	1274	873	403
0	2815	256	73	4095	3682
256	2815	256	236	3569	2388
512	2815	256	323	3063	1986
768	2815	256	398	2712	1710
1024	2815	256	467	2438	1499
1280	2815	256	532	2212	1327
1536	2815	256	595	2020	1183
1792	2815	256	655	1853	1059
2048	2815	256	713	1706	951
2303	2815	256	770	1575	856
2559	2815	256	825	1456	772
2815	2815	256	880	1348	696
3071	2815	256	934	1250	628
3327	2815	256	987	1160	566
3583	2815	256	1040	1077	511
3839	2815	256	1092	1000	460
4095	2815	256	1143	929	414
0	3071	256	48	4095	3716
256	3071	256	188	3683	2416
512	3071	256	266	3168	2010
768	3071	256	333	2810	1733
1024	3071	256	396	2531	1520
1280	3071	256	456	2301	1347
1536	3071	256	513	2104	1201
1792	3071	256	569	1934	1076
2048	3071	256	623	1783	967
2303	3071	256	676	1648	872
2559	3071	256	728	1527	786
2815	3071	256	779	1416	710
3071	3071	256	829	1315	641
3327	3071	256	879	1222	579
3583	3071	256	928	1137	522
3839	3071	256	977	1058	471
4095	3071	256	1025	984	424
0	3327	256	30	4095	3749
256	3327	256	147	3794	2442
512	3327	256	216	3271	2034
768	3327	256	277	2906	1755
1024	3327	256	334	2622	1540
1280	3327	256	389	2387	1366
1536	3327	256	441	2187	1219
1792	3327	256	493	2012	1093
2048	3327	256	543	1858	983
2303	3327	256	592	1720	887
2559	3327	256	640	1596	800
2815	3327	256	688	1482	723
3071	3327	256	735	1379	654
3327	3327	256	782	1283	591
3583	3327	256	828	1196	534
3839	3327	256	874	1114	482
4095	3327	256	920	1039	435
0	3583	256	17	4095	3781
256	3583	256	113	3902	2467
512	3583	256	174	3371	2057
768	3583	256	229	3000	1776
1024	3583	256	280	2710	1560
1280	3583	256	330	2471	1384
1536	3583	256	378	2267	1236
1792	3583	256	425	2089	1109
2048	3583	256	472	1931	998
2303	3583	256	517	1791	901
2559	3583	256	562	1663	814
2815	3583	256	607	1547	736
3071	3583	256	651	1441	666
3327	3583	256	695	1344	602
3583	3583	256	738	1253	545
3839	3583	256	781	1170	492
4095	3583	256	824	1093	444
0	3839	256	8	4095	3812
256	3839	256	85	4008	2491
512	3839	256	138	3468	2079
768	3839	256	187	3092	1796
1024	3839	256	233	2797	1579
1280	3839	256	278	2553	1402
1536	3839	256	322	2345	1253
1792	3839	256	366	2164	1125
2048	3839	256	408	2003	1013
2303	3839	256	450	1860	915
2559	3839	256	492	1730	827
2815	3839	256	534	1611	749
3071	3839	256	575	1503	678
3327	3839	256	616	1403	614
3583	3839	256	657	1311	555
3839	3839	256	697	1225	502
4095	3839	256	737	1146	454
0	4095	256	3	4095	3842
256	4095	256	62	4095	2515
512	4095	256	108	3564	2100
768	4095	256	151	3181	1816
1024	4095	256	192	2882	1597
1280	4095	256	233	2634	1419
1536	4095	256	273	2423	1269
1792	4095	256	313	2238	1140
2048	4095	256	352	2074	1028
2303	4095	256	391	1928	929
2559	4095	256	430	1795	840
2815	4095	256	468	1674	761
3071	4095	256	507	1563	689
3327	4095	256	545	1461	625
3583	4095	256	583	1367	566
3839	4095	256	621	1279	512
4095	4095	256	659	1198	463
0	0	512	2262	1808	2496
256	0	512	3068	970	1473
512	0	512	3401	730	1168
768	0	512	3662	574	964
1024	0	512	3887	460	811
1280	0	512	4089	372	689
1536	0	512	4095	301	589
1792	0	512	4095	244	506
2048	0	512	4095	197	434
2303	0	512	4095	158	373
2559	0	512	4095	126	320
2815	0	512	4095	98	274
3071	0	512	4095	76	234
3327	0	512	4095	57	198
3583	0	512	4095	42	167
3839	0	512	4095	30	140
4095	0	512	4095	20	117
0	256	512	1052	2525	2733
256	256	512	1601	1495	1652
512	256	512	1836	1187	1326
768	256	512	2024	981	1107
1024	256	512	2188	826	941
1280	256	512	2336	704	809
1536	256	512	2473	602	700
1792	256	512	2602	518	607
2048	256	512	2725	445	528
2303	256	512	2842	384	460
2559	256	512	2954	330	400
2815	256	512	3063	283	348
3071	256	512	3169	242	302
3327	256	512	3272	206	261
3583	256	512	3372	174	225
3839	256	512	3470	146	193
4095	256	512	3566	122	165
0	512	512	727	2824	2824
256	512	512	1186	1721	1721
512	512	512	1387	1387	1387
768	512	512	1549	1162	1162
1024	512	512	1691	992	992
1280	512	512	1820	856	856
1536	512	512	1940	743	743
1792	512	512	2053	648	648
2048	512	512	2161	566	566
2303	512	512	2264	495	495
2559	512	512	2363	433	433
2815	512	512	2460	378	378
3071	512	512	2554	330	330
3327	512	512	2645	287	287
3583	512	512	2735	249	249
3839	512	512	2822	215	215
4095	512	512	2908	185	185
0	768	512	527	3059	2893
256	768	512	919	1902	1774
512	768	512	1095	1548	1434
768	768	512	1238	1309	1205
1024	768	512	1364	1127	1031
1280	768	512	1479	981	892
1536	768	512	1586	859	776
1792	768	512	1688	755	679
2048	768	512	1785	666	595
2303	768	512	1878	588	522
2559	768	512	1968	520	458
2815	768	512	2055	459	401
3071	768	512	2140	405	351
3327	768	512	2223	357	307
3583	768	512	2305	314	267
3839	768	512	2384	275	232
4095	768	512	2463	241	201
0	1024	512	386	3263	2951
256	1024	512	726	2060	1818
512	1024	512	881	1690	1474
768	1024	512	1008	1438	1241
1024	1024	512	1121	1246	1064
1280	1024	512	1225	1091	923
1536	1024	512	1322	962	805
1792	1024	512	1414	852	705
2048	1024	512	1502	756	619
2303	1024	512	1587	673	545
2559	1024	512	1669	599	479
2815	1024	512	1749	533	421
3071	1024	512	1827	475	370
3327	1024	512	1903	422	324
3583	1024	512	1978	375	283
3839	1024	512	2052	332	247
4095	1024	512	2124	294	214
0	1280	512	283	3446	3002
256	1280	512	577	2203	1858
512	1280	512	715	1818	1509
768	1280	512	829	1556	1273
1024	1280	512	931	1355	1094
1280	1280	512	1025	1193	950
1536	1280	512	1113	1057	830
1792	1280	512	1197	941	728
2048	1280	512	1277	840	641
2303	1280	512	1355	751	565
2559	1280	512	1431	673	498
2815	1280	512	1504	603	439
3071	1280	512	1576	540	386
3327	1280	512	1647	483	339
3583	1280	512	1716	432	298
3839	1280	512	1784	386	260
4095	1280	512	1851	344	227
0	1536	512	205	3614	3048
256	1536	512	460	2335	1893
512	1536	512	582	1937	1540
768	1536	512	685	1666	1302
1024	1536	512	777	1458	1120
1280	1536	512	862	1288	974
1536	1536	512	942	1146	853
1792	1536	512	1019	1025	750
2048	1536	512	1093	919	661
2303	1536	512	1164	826	584
2559	1536	512	1234	743	515
2815	1536	512	1302	669	455
3071	1536	512	1368	602	401
3327	1536	512	1434	542	353
3583	1536	512	1498	488	311
3839	1536	512	1561	438	272
4095	1536	512	1623	394	238
0	1792	512	146	3772	3090
256	1792	512	365	2460	1926
512	1792	512	474	2050	1569
768	1792	512	566	1770	1328
1024	1792	512	649	1554	1145
1280	1792	512	726	1379	997
1536	1792	512	800	1231	874
1792	1792	512	870	1105	770
2048	1792	512	938	994	679
2303	1792	512	1004	897	601
2559	1792	512	1068	810	531
2815	1792	512	1131	732	470
3071	1792	512	1193	662	415
3327	1792	512	1253	599	367
3583	1792	512	1313	542	323
3839	1792	512	1372	489	284
4095	1792	512	1430	442	249
0	2048	512	101	3921	3129
256	2048	512	288	2578	1956
512	2048	512	385	2157	1597
768	2048	512	467	1869	1353
1024	2048	512	542	1647	1168
1280	2048	512	612	1465	1018
1536	2048	512	679	1313	894
1792	2048	512	744	1181	788
2048	2048	512	806	1067	697
2303	2048	512	867	966	617
2559	2048	512	926	875	547
2815	2048	512	985	794	484
3071	2048	512	1042	721	429
3327	2048	512	1098	654	379
3583	2048	512	1154	594	335
3839	2048	512	1209	539	295
4095	2048	512	1263	489	259
0	2303	512	67	4063	3166
256	2303	512	225	2691	1985
512	2303	512	311	2260	1622
768	2303	512	384	1964	1377
1024	2303	512	452	1735	1190
1280	2303	512	516	1549	1039
1536	2303	512	577	1391	913
1792	2303	512	636	1256	806
2048	2303	512	693	1137	713
2303	2303	512	749	1032	632
2559	2303	512	804	938	561
2815	2303	512	858	854	498
3071	2303	512	911	778	441
3327	2303	512	964	708	391
3583	2303	512	1016	645	345
3839	2303	512	1067	588	305
4095	2303	512	1118	535	268
0	2559	512	42	4095	3201
256	2559	512	174	2800	2012
512	2559	512	248	2359	1647
768	2559	512	314	2056	1399
1024	2559	512	375	1821	1210
1280	2559	512	433	1629	1058
1536	2559	512	488	1468	931
1792	2559	512	542	1328	822
2048	2559	512	595	1205	729
2303	2559	512	647	1097	647
2559	2559	512	698	1000	575
2815	2559	512	748	913	511
3071	2559	512	797	834	453
3327	2559	512	846	762	402
3583	2559	512	894	696	356
3839	2559	512	942	636	315
4095	2559	512	989	580	277
0	2815	512	24	4095	3235
256	2815	512	131	2905	2038
512	2815	512	196	2455	1670
768	2815	512	255	2145	1420
1024	2815	512	309	1905	1230
1280	2815	512	361	1708	1076
1536	2815	512	412	1542	948
1792	2815	512	461	1398	838
2048	2815	512	510	1272	744
2303	2815	512	557	1161	661
2559	2815	512	604	1061	588
2815	2815	512	650	970	523
3071	2815	512	696	888	465
3327	2815	512	742	814	413
3583	2815	512	787	746	366
3839	2815	512	831	683	324
4095	2815	512	875	626	286
0	3071	512	11	4095	3267
256	3071	512	97	3007	2063
512	3071	512	153	2548	1692
768	3071	512	204	2232	1441
1024	3071	512	253	1986	1249
1280	3071	512	300	1785	1094
1536	3071	512	346	1615	964
1792	3071	512	391	1467	854
2048	3071	512	435	1338	758
2303	3071	512	479	1223	675
2559	3071	512	522	1120	601
2815	3071	512	565	1027	535
3071	3071	512	607	942	476
3327	3071	512	649	865	423
3583	3071	512	691	795	376
3839	3071	512	733	730	333
4095	3071	512	774	670	295
0	3327	512	4	4095	3298
256	3327	512	69	3107	2087
512	3327	512	117	2639	1714
768	3327	512	162	2316	1461
1024	3327	512	205	2066	1267
1280	3327	512	247	1860	1111
1536	3327	512	288	1686	980
1792	3327	512	329	1535	868
2048	3327	512	370	1402	772
2303	3327	512	410	1284	688
2559	3327	512	449	1178	613
2815	3327	512	489	1083	546
3071	3327	512	528	995	487
3327	3327	512	567	916	433
3583	3327	512	606	843	385
3839	3327	512	645	776	342
4095	3327	512	684	715	303
0	3583	512	1	4095	3327
256	3583	512	48	3204	2110
512	3583	512	87	2728	1735
768	3583	512	126	2399	1480
1024	3583	512	164	2143	1285
1280	3583	512	201	1933	1127
1536	3583	512	239	1755	995
1792	3583	512	276	1601	883
2048	3583	512	312	1465	785
2303	3583	512	349	1345	700
2559	3583	512	386	1236	625
2815	3583	512	422	1137	557
3071	3583	512	458	1048	497
3327	3583	512	494	966	443
3583	3583	512	531	891	395
3839	3583	512	567	822	351
4095	3583	512	603	758	311
0	3839	512	0	4095	3356
256	3839	512	31	3299	2132
512	3839	512	63	2815	1755
768	3839	512	96	2480	1498
1024	3839	512	129	2220	1302
1280	3839	512	162	2006	1143
1536	3839	512	196	1824	1010
1792	3839	512	229	1666	897
2048	3839	512	262	1527	798
2303	3839	512	296	1404	712
2559	3839	512	329	1292	636
2815	3839	512	362	1192	568
3071	3839	512	396	1100	507
3327	3839	512	429	1016	453
3583	3839	512	463	939	404
3839	3839	512	497	868	359
4095	3839	512	530	802	319
0	4095	512	0	4095	3384
256	4095	512	18	3392	2154
512	4095	512	44	2901	1774
768	4095	512	72	2560	1516
1024	4095	512	100	2295	1318
1280	4095	512	129	2077	1158
1536	4095	512	159	1891	1025
1792	4095	512	188	1730	910
2048	4095	512	218	1588	811
2303	4095	512	249	1462	724
2559	4095	512	279	1348	647
2815	4095	512	310	1245	579
3071	4095	512	341	1151	517
3327	4095	512	371	1065	462
3583	4095	512	403	986	412
3839	4095	512	434	913	368
4095	4095	512	465	845	327
0	0	768	1962	1466	2224
256	0	768	2712	730	1271
512	0	768	3023	527	990
768	0	768	3269	398	805
1024	0	768	3480	306	667
1280	0	768	3670	236	558
1536	0	768	3846	182	469
1792	0	768	4009	139	396
2048	0	768	4095	105	334
2303	0	768	4095	78	281
2559	0	768	4095	56	236
2815	0	768	4095	39	197
3071	0	768	4095	26	163
3327	0	768	4095	16	135
3583	0	768	4095	9	110
3839	0	768	4095	4	89
4095	0	768	4095	1	70
0	256	768	857	2111	2447
256	256	768	1354	1188	1437
512	256	768	1569	918	1135
768	256	768	1742	740	935
1024	256	768	1893	608	784
1280	256	768	2030	505	665
1536	256	768	2158	421	567
1792	256	768	2278	352	485
2048	256	768	2392	294	415
2303	256	768	2500	245	356
2559	256	768	2606	203	304
2815	256	768	2707	168	259
3071	256	768	2806	137	220
3327	256	768	2902	111	186
3583	256	768	2996	89	156
3839	256	768	3088	70	130
4095	256	768	3178	54	108
0	512	768	570	2382	2532
256	512	768	978	1388	1501
512	512	768	1159	1093	1192
768	512	768	1307	897	986
1024	512	768	1436	750	831
1280	512	768	1554	633	707
1536	512	768	1665	538	606
1792	512	768	1769	459	521
2048	512	768	1868	391	448
2303	512	768	1963	334	386
2559	512	768	2056	284	332
2815	512	768	2145	241	285
3071	512	768	2232	203	244
3327	512	768	2318	171	208
3583	512	768	2401	142	176
3839	512	768	2482	118	148
4095	512	768	2562	96	124
0	768	768	396	2597	2597
256	768	768	739	1550	1550
512	768	768	896	1235	1235
768	768	768	1025	1025	1025
1024	768	768	1138	866	866
1280	768	768	1243	740	740
1536	768	768	1340	636	636
1792	768	768	1433	548	548
2048	768	768	1522	474	474
2303	768	768	1607	410	410
2559	768	768	1690	354	354
2815	768	768	1771	305	305
3071	768	768	1849	262	262
3327	768	768	1926	224	224
3583	768	768	2001	191	191
3839	768	768	2075	162	162
4095	768	768	2148	136	136
0	1024	768	277	2784	2652
256	1024	768	568	1691	1591
512	1024	768	705	1360	1271
768	1024	768	819	1138	1058
1024	1024	768	919	970	896
1280	1024	768	1013	835	767
1536	1024	768	1100	724	661
1792	1024	768	1184	630	572
2048	1024	768	1264	549	496
2303	1024	768	1341	479	430
2559	1024	768	1416	418	372
2815	1024	768	1489	365	322
3071	1024	768	1561	317	278
3327	1024	768	1631	275	239
3583	1024	768	1700	238	205
3839	1024	768	1767	205	174
4095	1024	768	1834	176	148
0	1280	768	192	2952	2700
256	1280	768	439	1819	1627
512	1280	768	559	1474	1304
768	1280	768	659	1242	1087
1024	1280	768	749	1065	923
1280	1280	768	833	923	792
1536	1280	768	912	805	684
1792	1280	768	987	706	593
2048	1280	768	1060	620	515
2303	1280	768	1130	545	448
2559	1280	768	1199	479	389
2815	1280	768	1266	421	337
3071	1280	768	1331	370	292
3327	1280	768	1396	324	252
3583	1280	768	1459	284	217
3839	1280	768	1521	247	185
4095	1280	768	1582	215	158
0	1536	768	130	3107	2744
256	1536	768	339	1939	1660
512	1536	768	444	1581	1333
768	1536	768	533	1339	1113
1024	1536	768	613	1155	947
1280	1536	768	688	1006	814
1536	1536	768	759	883	705
1792	1536	768	828	778	612
2048	1536	768	894	687	533
2303	1536	768	958	608	464
2559	1536	768	1021	538	404
2815	1536	768	1082	476	351
3071	1536	768	1142	421	305
3327	1536	768	1202	372	264
3583	1536	768	1260	328	228
3839	1536	768	1317	288	196
4095	1536	768	1374	253	167
0	1792	768	85	3252	2784
256	1792	768	260	2051	1691
512	1792	768	351	1682	1360
768	1792	768	430	1431	1138
1024	1792	768	502	1240	970
1280	1792	768	569	1085	835
1536	1792	768	633	957	724
1792	1792	768	696	847	630
2048	1792	768	756	751	549
2303	1792	768	814	668	479
2559	1792	768	872	595	418
2815	1792	768	928	529	365
3071	1792	768	984	471	317
3327	1792	768	1038	418	275
3583	1792	768	1092	371	238
3839	1792	768	1145	329	205
4095	1792	768	1198	291	176
0	2048	768	52	3390	2821
256	2048	768	196	2159	1719
512	2048	768	276	1778	1385
768	2048	768	345	1520	1161
1024	2048	768	409	1322	991
1280	2048	768	470	1162	854
1536	2048	768	528	1028	742
1792	2048	768	584	913	646
2048	2048	768	639	814	564
2303	2048	768	693	727	494
2559	2048	768	745	650	432
2815	2048	768	797	581	377
3071	2048	768	848	520	329
3327	2048	768	899	464	286
3583	2048	768	949	414	248
3839	2048	768	998	369	214
4095	2048	768	1047	329	184
0	2303	768	30	3521	2856
256	2303	768	146	2261	1746
512	2303	768	215	1871	1409
768	2303	768	276	1605	1182
1024	2303	768	332	1401	1010
1280	2303	768	387	1235	873
1536	2303	768	439	1096	759
1792	2303	768	490	978	662
2048	2303	768	540	874	579
2303	2303	768	589	784	507
2559	2303	768	637	704	444
2815	2303	768	685	632	389
3071	2303	768	732	567	340
3327	2303	768	779	509	296
3583	2303	768	825	457	257
3839	2303	768	871	409	223
4095	2303	768	916	366	192
0	2559	768	14	3647	2889
256	2559	768	106	2361	1771
512	2559	768	164	1960	1432
768	2559	768	217	1687	1203
1024	2559	768	268	1477	1029
1280	2559	768	316	1307	890
1536	2559	768	363	1164	775
1792	2559	768	410	1041	677
2048	2559	768	455	934	593
2303	2559	768	500	840	520
2559	2559	768	544	756	456
2815	2559	768	588	682	400
3071	2559	768	631	614	350
3327	2559	768	674	554	306
3583	2559	768	717	499	266
3839	2559	768	759	449	231
4095	2559	768	801	403	200
0	2815	768	5	3768	2921
256	2815	768	74	2457	1795
512	2815	768	123	2047	1453
768	2815	768	169	1767	1222
1024	2815	768	213	1552	1047
1280	2815	768	257	1377	907
1536	2815	768	299	1229	790
1792	2815	768	340	1103	691
2048	2815	768	382	992	606
2303	2815	768	422	895	533
2559	2815	768	463	809	468
2815	2815	768	503	731	411
3071	2815	768	543	661	360
3327	2815	768	582	598	315
3583	2815	768	622	540	275
3839	2815	768	661	488	239
4095	2815	768	700	440	207
0	3071	768	1	3886	2951
256	3071	768	50	2550	1819
512	3071	768	90	2132	1474
768	3071	768	130	1845	1241
1024	3071	768	168	1625	1065
1280	3071	768	206	1445	923
1536	3071	768	244	1293	805
1792	3071	768	281	1163	705
2048	3071	768	318	1050	619
2303	3071	768	355	949	545
2559	3071	768	392	860	479
2815	3071	768	429	779	421
3071	3071	768	465	707	370
3327	3071	768	502	641	324
3583	3071	768	538	582	283
3839	3071	768	575	527	247
4095	3071	768	611	477	214
0	3327	768	0	4000	2980
256	3327	768	31	2641	1841
512	3327	768	64	2215	1494
768	3327	768	97	1922	1259
1024	3327	768	130	1696	1081
1280	3327	768	163	1512	938
1536	3327	768	197	1357	819
1792	3327	768	230	1223	719
2048	3327	768	263	1106	632
2303	3327	768	297	1003	556
2559	3327	768	330	910	490
2815	3327	768	364	827	431
3071	3327	768	397	752	379
3327	3327	768	431	684	333
3583	3327	768	465	623	291
3839	3327	768	498	566	254
4095	3327	768	532	514	221
0	3583	768	0	4095	3008
256	3583	768	18	2730	1863
512	3583	768	43	2295	1513
768	3583	768	70	1997	1277
1024	3583	768	99	1766	1098
1280	3583	768	127	1578	953
1536	3583	768	157	1419	833
1792	3583	768	186	1281	732
2048	3583	768	216	1161	644
2303	3583	768	246	1055	568
2559	3583	768	277	960	500
2815	3583	768	307	875	441
3071	3583	768	338	798	388
3327	3583	768	369	727	341
3583	3583	768	399	663	299
3839	3583	768	430	605	262
4095	3583	768	461	551	228
0	3839	768	0	4095	3035
256	3839	768	9	2817	1883
512	3839	768	27	2375	1532
768	3839	768	49	2070	1294
1024	3839	768	73	1835	1113
1280	3839	768	97	1642	968
1536	3839	768	123	1480	847
1792	3839	768	149	1339	744
2048	3839	768	176	1216	655
2303	3839	768	202	1108	579
2559	3839	768	230	1010	511
2815	3839	768	257	922	451
3071	3839	768	285	842	397
3327	3839	768	313	770	350
3583	3839	768	342	704	307
3839	3839	768	370	643	269
4095	3839	768	399	588	235
0	4095	768	0	4095	3061
256	4095	768	3	2902	1904
512	4095	768	16	2452	1550
768	4095	768	33	2142	1310
1024	4095	768	52	1902	1128
1280	4095	768	73	1706	982
1536	4095	768	94	1540	860
1792	4095	768	117	1396	756
2048	4095	768	141	1270	667
2303	4095	768	165	1159	589
2559	4095	768	189	1059	521
2815	4095	768	214	969	460
3071	4095	768	239	887	406
3327	4095	768	265	812	358
3583	4095	768	291	744	315
3839	4095	768	317	682	276
4095	4095	768	343	624	241
0	0	1024	1730	1211	2012
256	0	1024	2434	559	1116
512	0	1024	2728	385	855
768	0	1024	2960	278	685
1024	0	1024	3161	203	559
1280	0	1024	3342	148	460
1536	0	1024	3508	107	381
1792	0	1024	3664	75	315
2048	0	1024	3811	52	261
2303	0	1024	3951	34	215
2559	0	1024	4086	21	176
2815	0	1024	4095	11	143
3071	0	1024	4095	5	115
3327	0	1024	4095	2	92
3583	0	1024	4095	0	72
3839	0	1024	4095	0	55
4095	0	1024	4095	0	41
0	256	1024	712	1797	2223
256	256	1024	1166	962	1270
512	256	1024	1365	723	989
768	256	1024	1526	568	804
1024	256	1024	1666	455	666
1280	256	1024	1794	367	557
1536	256	1024	1913	297	469
1792	256	1024	2026	241	395
2048	256	1024	2133	194	333
2303	256	1024	2235	155	280
2559	256	1024	2334	123	235
2815	256	1024	2430	96	196
3071	256	1024	2523	74	163
3327	256	1024	2614	56	134
3583	256	1024	2703	41	110
3839	256	1024	2790	29	88
4095	256	1024	2875	19	70
0	512	1024	455	2047	2304
256	512	1024	821	1141	1330
512	512	1024	987	877	1042
768	512	1024	1122	704	851
1024	512	1024	1242	576	708
1280	512	1024	1351	476	595
1536	512	1024	1453	395	504
1792	512	1024	1550	328	427
2048	512	1024	1643	272	362
2303	512	1024	1732	226	307
2559	512	1024	1818	186	260
2815	512	1024	1902	152	219
3071	512	1024	1984	123	183
3327	512	1024	2063	98	152
3583	512	1024	2141	78	126
3839	512	1024	2218	60	103
4095	512	1024	2293	46	83
0	768	1024	303	2245	2366
256	768	1024	606	1287	1376
512	768	1024	747	1004	1082
768	768	1024	864	817	887
1024	768	1024	968	678	741
1280	768	1024	1064	568	625
1536	768	1024	1154	478	531
1792	768	1024	1239	404	452
2048	768	1024	1321	341	385
2303	768	1024	1400	288	328
2559	768	1024	1477	242	279
2815	768	1024	1552	203	236
3071	768	1024	1625	169	199
3327	768	1024	1697	139	167
3583	768	1024	1767	114	139
3839	768	1024	1836	92	114
4095	768	1024	1904	74	93
0	1024	1024	202	2417	2417
256	1024	1024	454	1414	1414
512	1024	1024	575	1116	1116
768	1024	1024	677	917	917
1024	1024	1024	768	768	768
1280	1024	1024	853	650	650
1536	1024	1024	933	554	554
1792	1024	1024	1009	473	473
2048	1024	1024	1083	404	404
2303	1024	1024	1154	346	346
2559	1024	1024	1223	295	295
2815	1024	1024	1291	251	251
3071	1024	1024	1357	212	212
3327	1024	1024	1422	179	179
3583	1024	1024	1486	150	150
3839	1024	1024	1549	124	124
4095	1024	1024	1611	102	102
0	1280	1024	131	2573	2463
256	1280	1024	340	1531	1449
512	1280	1024	446	1219	1146
768	1280	1024	534	1010	944
1024	1280	1024	615	853	793
1280	1280	1024	690	728	673
1536	1280	1024	762	625	574
1792	1280	1024	830	538	492
2048	1280	1024	896	464	422
2303	1280	1024	961	401	362
2559	1280	1024	1023	346	309
2815	1280	1024	1085	297	264
3071	1280	1024	1145	255	225
3327	1280	1024	1204	218	190
3583	1280	1024	1263	185	160
3839	1280	1024	1320	157	134
4095	1280	1024	1377	132	111
0	1536	1024	82	2717	2505
256	1536	1024	254	1640	1480
512	1536	1024	344	1315	1173
768	1536	1024	422	1097	969
1024	1536	1024	493	932	815
1280	1536	1024	560	801	693
1536	1536	1024	624	692	593
1792	1536	1024	686	600	509
2048	1536	1024	745	522	438
2303	1536	1024	803	454	376
2559	1536	1024	861	395	323
2815	1536	1024	917	343	276
3071	1536	1024	972	297	236
3327	1536	1024	1026	257	200
3583	1536	1024	1079	221	169
3839	1536	1024	1132	189	142
4095	1536	1024	1185	161	118
0	1792	1024	48	2852	2543
256	1792	1024	187	1743	1508
512	1792	1024	264	1407	1198
768	1792	1024	332	1180	992
1024	1792	1024	395	1008	836
1280	1792	1024	454	871	712
1536	1792	1024	511	757	611
1792	1792	1024	567	660	525
2048	1792	1024	621	578	452
2303	1792	1024	673	506	390
2559	1792	1024	725	443	335
2815	1792	1024	776	387	288
3071	1792	1024	827	338	247
3327	1792	1024	877	295	210
3583	1792	1024	926	256	178
3839	1792	1024	974	222	150
4095	1792	1024	1023	191	126
0	2048	1024	25	2981	2578
256	2048	1024	135	1841	1535
512	2048	1024	200	1494	1222
768	2048	1024	259	1260	1013
1024	2048	1024	314	1082	855
1280	2048	1024	367	939	730
1536	2048	1024	418	820	627
1792	2048	1024	468	719	540
2048	2048	1024	516	632	466
2303	2048	1024	564	557	403
2559	2048	1024	611	490	347
2815	2048	1024	658	431	299
3071	2048	1024	704	379	257
3327	2048	1024	750	333	219
3583	2048	1024	795	292	187
3839	2048	1024	840	255	158
4095	2048	1024	884	221	133
0	2303	1024	11	3103	2611
256	2303	1024	94	1935	1560
512	2303	1024	149	1578	1244
768	2303	1024	200	1336	1033
1024	2303	1024	248	1152	874
1280	2303	1024	295	1004	747
1536	2303	1024	340	881	642
1792	2303	1024	385	776	554
2048	2303	1024	429	685	479
2303	2303	1024	472	606	415
2559	2303	1024	515	536	358
2815	2303	1024	557	475	309
3071	2303	1024	600	420	266
3327	2303	1024	641	371	228
3583	2303	1024	683	327	195
3839	2303	1024	724	287	165
4095	2303	1024	765	252	139
0	2559	1024	3	3220	2643
256	2559	1024	63	2027	1584
512	2559	1024	109	1660	1265
768	2559	1024	152	1411	1052
1024	2559	1024	193	1221	891
1280	2559	1024	234	1068	763
1536	2559	1024	275	940	657
1792	2559	1024	315	831	568
2048	2559	1024	354	737	492
2303	2559	1024	393	655	426
2559	2559	1024	432	582	369
2815	2559	1024	471	517	319
3071	2559	1024	509	460	275
3327	2559	1024	547	408	237
3583	2559	1024	586	362	202
3839	2559	1024	624	320	172
4095	2559	1024	662	282	146
0	2815	1024	0	3334	2673
256	2815	1024	40	2115	1607
512	2815	1024	77	1739	1285
768	2815	1024	113	1484	1070
1024	2815	1024	148	1289	908
1280	2815	1024	184	1131	778
1536	2815	1024	220	999	671
1792	2815	1024	255	886	581
2048	2815	1024	290	788	504
2303	2815	1024	325	703	438
2559	2815	1024	361	627	380
2815	2815	1024	396	560	329
3071	2815	1024	431	500	284
3327	2815	1024	466	446	245
3583	2815	1024	501	397	210
3839	2815	1024	536	353	179
4095	2815	1024	571	313	152
0	3071	1024	0	3444	2702
256	3071	1024	23	2201	1629
512	3071	1024	52	1817	1305
768	3071	1024	81	1555	1088
1024	3071	1024	112	1355	924
1280	3071	1024	142	1192	793
1536	3071	1024	173	1056	685
1792	3071	1024	205	940	594
2048	3071	1024	236	839	516
2303	3071	1024	268	751	448
2559	3071	1024	299	672	390
2815	3071	1024	331	602	338
3071	3071	1024	363	539	293
3327	3071	1024	395	483	253
3583	3071	1024	427	432	217
3839	3071	1024	459	386	186
4095	3071	1024	491	344	158
0	3327	1024	0	3551	2730
256	3327	1024	11	2285	1650
512	3327	1024	33	1893	1324
768	3327	1024	56	1625	1105
1024	3327	1024	82	1419	939
1280	3327	1024	108	1252	807
1536	3327	1024	135	1113	698
1792	3327	1024	162	993	606
2048	3327	1024	190	889	527
2303	3327	1024	218	798	459
2559	3327	1024	246	716	399
2815	3327	1024	275	644	347
3071	3327	1024	304	579	301
3327	3327	1024	333	520	260
3583	3327	1024	362	467	224
3839	3327	1024	392	419	192
4095	3327	1024	421	375	164
0	3583	1024	0	3656	2756
256	3583	1024	4	2368	1670
512	3583	1024	19	1967	1342
768	3583	1024	37	1693	1121
1024	3583	1024	58	1483	954
1280	3583	1024	80	1312	821
1536	3583	1024	103	1168	711
1792	3583	1024	126	1045	618
2048	3583	1024	151	938	538
2303	3583	1024	176	844	469
2559	3583	1024	201	760	409
2815	3583	1024	227	685	356
3071	3583	1024	253	618	309
3327	3583	1024	279	557	268
3583	3583	1024	306	502	231
3839	3583	1024	333	452	199
4095	3583	1024	360	406	170
0	3839	1024	0	3758	2782
256	3839	1024	1	2448	1690
512	3839	1024	9	2040	1359
768	3839	1024	23	1760	1137
1024	3839	1024	39	1545	969
1280	3839	1024	57	1370	834
1536	3839	1024	76	1223	723
1792	3839	1024	96	1097	629
2048	3839	1024	118	987	548
2303	3839	1024	139	890	479
2559	3839	1024	162	804	418
2815	3839	1024	185	727	364
3071	3839	1024	208	657	317
3327	3839	1024	232	594	275
3583	3839	1024	256	537	238
3839	3839	1024	281	485	205
4095	3839	1024	305	437	176
0	4095	1024	0	3857	2807
256	4095	1024	0	2527	1709
512	4095	1024	3	2111	1376
768	4095	1024	12	1826	1152
1024	4095	1024	24	1607	983
1280	4095	1024	39	1428	847
1536	4095	1024	55	1278	735
1792	4095	1024	72	1148	640
2048	4095	1024	90	1036	559
2303	4095	1024	109	936	488
2559	4095	1024	129	847	427
2815	4095	1024	149	768	372
3071	4095	1024	170	696	324
3327	4095	1024	191	631	282
3583	4095	1024	213	571	244
3839	4095	1024	235	518	211
4095	4095	1024	258	468	181
0	0	1280	1541	1011	1836
256	0	1280	2206	431	989
512	0	1280	2485	282	746
768	0	1280	2706	192	589
1024	0	1280	2897	132	473
1280	0	1280	3069	89	383
1536	0	1280	3228	59	312
1792	0	1280	3377	37	253
2048	0	1280	3518	21	205
2303	0	1280	3652	11	165
2559	0	1280	3781	4	132
2815	0	1280	3906	1	104
3071	0	1280	4026	0	81
3327	0	1280	4095	0	62
3583	0	1280	4095	0	46
3839	0	1280	4095	0	33
4095	0	1280	4095	0	23
0	256	1280	597	1547	2037
256	256	1280	1014	786	1134
512	256	1280	1200	573	871
768	256	1280	1350	438	699
1024	256	1280	1481	340	571
1280	256	1280	1602	266	472
1536	256	1280	1714	208	391
1792	256	1280	1820	162	325
2048	256	1280	1921	125	269
2303	256	1280	2017	95	223
2559	256	1280	2111	71	183
2815	256	1280	2202	51	149
3071	256	1280	2290	36	121
3327	256	1280	2376	24	97
3583	256	1280	2461	15	76
3839	256	1280	2543	8	59
4095	256	1280	2624	4	44
0	512	1280	366	1777	2114
256	512	1280	697	947	1190
512	512	1280	849	710	920
768	512	1280	974	557	742
1024	512	1280	1085	445	610
1280	512	1280	1187	359	507
1536	512	1280	1282	290	423
1792	512	1280	1373	234	353
2048	512	1280	1460	188	295
2303	512	1280	1543	150	246
2559	512	1280	1624	118	204
2815	512	1280	1703	92	168
3071	512	1280	1780	70	138
3327	512	1280	1855	53	112
3583	512	1280	1929	38	89
3839	512	1280	2001	27	70
4095	512	1280	2072	18	55
0	768	1280	233	1961	2173
256	768	1280	501	1079	1233
512	768	1280	630	824	958
768	768	1280	736	657	776
1024	768	1280	832	534	640
1280	768	1280	920	438	534
1536	768	1280	1003	360	447
1792	768	1280	1083	297	376
2048	768	1280	1159	244	316
2303	768	1280	1233	200	265
2559	768	1280	1304	163	221
2815	768	1280	1374	132	183
3071	768	1280	1443	105	151
3327	768	1280	1510	83	124
3583	768	1280	1576	64	100
3839	768	1280	1641	48	80
4095	768	1280	1705	36	63
0	1024	1280	146	2121	2223
256	1024	1280	365	1195	1270
512	1024	1280	474	924	989
768	1024	1280	566	746	804
1024	1024	1280	649	614	666
1280	1024	1280	726	510	557
1536	1024	1280	800	426	469
1792	1024	1280	870	356	395
2048	1024	1280	938	298	333
2303	1024	1280	1004	248	280
2559	1024	1280	1068	206	235
2815	1024	1280	1131	170	197
3071	1024	1280	1192	139	163
3327	1024	1280	1253	113	134
3583	1024	1280	1313	91	110
3839	1024	1280	1372	72	88
4095	1024	1280	1430	56	70
0	1280	1280	88	2266	2266
256	1280	1280	265	1302	1302
512	1280	1280	358	1017	1017
768	1280	1280	437	829	829
1024	1280	1280	510	689	689
1280	1280	1280	578	578	578
1536	1280	1280	643	487	487
1792	1280	1280	705	412	412
2048	1280	1280	766	349	349
2303	1280	1280	825	295	295
2559	1280	1280	883	248	248
2815	1280	1280	940	208	208
3071	1280	1280	995	174	174
3327	1280	1280	1050	144	144
3583	1280	1280	1105	118	118
3839	1280	1280	1158	96	96
4095	1280	1280	1211	77	77
0	1536	1280	50	2401	2306
256	1536	1280	190	1402	1331
512	1536	1280	269	1105	1043
768	1536	1280	337	908	852
1024	1536	1280	400	760	709
1280	1536	1280	460	642	597
1536	1536	1280	518	546	504
1792	1536	1280	574	466	428
2048	1536	1280	628	398	363
2303	1536	1280	681	340	308
2559	1536	1280	733	290	260
2815	1536	1280	784	246	219
3071	1536	1280	835	208	184
3327	1536	1280	885	175	153
3583	1536	1280	935	146	126
3839	1536	1280	984	121	103
4095	1536	1280	1032	99	83
0	1792	1280	25	2527	2342
256	1792	1280	134	1497	1358
512	1792	1280	199	1188	1067
768	1792	1280	258	982	873
1024	1792	1280	313	828	728
1280	1792	1280	366	705	614
1536	1792	1280	416	604	520
1792	1792	1280	466	519	442
2048	1792	1280	515	446	376
2303	1792	1280	562	384	320
2559	1792	1280	610	330	271
2815	1792	1280	656	283	229
3071	1792	1280	702	242	193
3327	1792	1280	748	206	161
3583	1792	1280	793	175	134
3839	1792	1280	838	147	110
4095	1792	1280	882	123	89
0	2048	1280	10	2647	2376
256	2048	1280	91	1587	1384
512	2048	1280	145	1268	1089
768	2048	1280	195	1055	893
1024	2048	1280	242	894	746
1280	2048	1280	288	765	630
1536	2048	1280	333	659	535
1792	2048	1280	378	570	456
2048	2048	1280	421	494	389
2303	2048	1280	464	428	332
2559	2048	1280	506	371	282
2815	2048	1280	549	321	239
3071	2048	1280	590	277	202
3327	2048	1280	632	238	169
3583	2048	1280	673	203	141
3839	2048	1280	714	173	116
4095	2048	1280	755	147	95
0	2303	1280	2	2762	2408
256	2303	1280	59	1674	1407
512	2303	1280	103	1345	1110
768	2303	1280	145	1124	912
1024	2303	1280	186	957	763
1280	2303	1280	226	824	646
1536	2303	1280	265	713	550
1792	2303	1280	304	620	469
2048	2303	1280	343	540	401
2303	2303	1280	381	471	342
2559	2303	1280	420	411	292
2815	2303	1280	458	357	248
3071	2303	1280	496	311	210
3327	2303	1280	533	269	177
3583	2303	1280	571	232	148
3839	2303	1280	609	200	123
4095	2303	1280	646	171	101
0	2559	1280	0	2872	2438
256	2559	1280	36	1758	1430
512	2559	1280	70	1420	1130
768	2559	1280	105	1192	930
1024	2559	1280	139	1020	780
1280	2559	1280	174	881	661
1536	2559	1280	208	767	563
1792	2559	1280	243	670	482
2048	2559	1280	277	586	412
2303	2559	1280	311	514	353
2559	2559	1280	346	450	302
2815	2559	1280	380	394	257
3071	2559	1280	414	345	218
3327	2559	1280	449	301	184
3583	2559	1280	483	262	154
3839	2559	1280	517	227	129
4095	2559	1280	552	196	106
0	2815	1280	0	2979	2467
256	2815	1280	19	1840	1452
512	2815	1280	45	1493	1149
768	2815	1280	73	1259	947
1024	2815	1280	102	1081	795
1280	2815	1280	132	938	675
1536	2815	1280	161	819	576
1792	2815	1280	191	718	493
2048	2815	1280	222	631	423
2303	2815	1280	252	556	363
2559	2815	1280	283	490	311
2815	2815	1280	314	431	265
3071	2815	1280	345	379	226
3327	2815	1280	376	333	191
3583	2815	1280	407	291	161
3839	2815	1280	439	254	134
4095	2815	1280	470	221	111
0	3071	1280	0	3083	2495
256	3071	1280	8	1920	1472
512	3071	1280	27	1565	1167
768	3071	1280	49	1324	963
1024	3071	1280	73	1141	810
1280	3071	1280	97	993	689
1536	3071	1280	123	871	589
1792	3071	1280	149	766	505
2048	3071	1280	175	676	434
2303	3071	1280	202	598	373
2559	3071	1280	230	529	320
2815	3071	1280	257	468	274
3071	3071	1280	285	413	233
3327	3071	1280	313	364	198
3583	3071	1280	341	321	167
3839	3071	1280	370	282	140
4095	3071	1280	399	247	117
0	3327	1280	0	3184	2521
256	3327	1280	2	1998	1492
512	3327	1280	14	1635	1184
768	3327	1280	31	1388	979
1024	3327	1280	49	1200	825
1280	3327	1280	70	1048	702
1536	3327	1280	91	922	601
1792	3327	1280	113	814	516
2048	3327	1280	136	721	444
2303	3327	1280	160	640	382
2559	3327	1280	184	568	328
2815	3327	1280	209	504	282
3071	3327	1280	234	447	241
3327	3327	1280	259	396	205
3583	3327	1280	284	351	173
3839	3327	1280	310	310	146
4095	3327	1280	336	273	122
0	3583	1280	0	3282	2547
256	3583	1280	0	2075	1511
512	3583	1280	6	1703	1201
768	3583	1280	17	1451	994
1024	3583	1280	32	1258	838
1280	3583	1280	48	1102	714
1536	3583	1280	65	972	613
1792	3583	1280	84	861	527
2048	3583	1280	104	765	454
2303	3583	1280	124	681	391
2559	3583	1280	146	607	337
2815	3583	1280	167	540	289
3071	3583	1280	190	481	248
3327	3583	1280	212	428	211
3583	3583	1280	235	381	179
3839	3583	1280	258	338	151
4095	3583	1280	282	299	127
0	3839	1280	0	3378	2572
256	3839	1280	0	2150	1530
512	3839	1280	2	1771	1218
768	3839	1280	8	1513	1009
1024	3839	1280	18	1315	852
1280	3839	1280	31	1155	727
1536	3839	1280	45	1022	624
1792	3839	1280	61	908	537
2048	3839	1280	77	809	464
2303	3839	1280	95	722	400
2559	3839	1280	113	645	345
2815	3839	1280	132	577	297
3071	3839	1280	152	515	255
3327	3839	1280	172	460	218
3583	3839	1280	192	411	185
3839	3839	1280	213	366	157
4095	3839	1280	235	325	131
0	4095	1280	0	3473	2596
256	4095	1280	0	2224	1548
512	4095	1280	0	1837	1234
768	4095	1280	3	1573	1023
1024	4095	1280	9	1372	865
1280	4095	1280	18	1208	739
1536	4095	1280	29	1071	635
1792	4095	1280	42	954	548
2048	4095	1280	56	852	473
2303	4095	1280	70	763	409
2559	4095	1280	86	684	353
2815	4095	1280	103	613	304
3071	4095	1280	120	550	262
3327	4095	1280	137	493	224
3583	4095	1280	156	441	191
3839	4095	1280	174	394	162
4095	4095	1280	194	352	136
0	0	1536	1382	848	1686
256	0	1536	2011	331	883
512	0	1536	2277	204	656
768	0	1536	2488	130	509
1024	0	1536	2671	82	403
1280	0	1536	2836	50	321
1536	0	1536	2988	28	256
1792	0	1536	3131	14	204
2048	0	1536	3266	6	162
2303	0	1536	3395	1	127
2559	0	1536	3519	0	98
2815	0	1536	3639	0	75
3071	0	1536	3755	0	56
3327	0	1536	3868	0	40
3583	0	1536	3977	0	28
3839	0	1536	4085	0	18
4095	0	1536	4095	0	11
0	256	1536	504	1339	1878
256	256	1536	889	645	1019
512	256	1536	1061	456	772
768	256	1536	1202	337	611
1024	256	1536	1326	253	493
1280	256	1536	1439	191	401
1536	256	1536	1545	143	328
1792	256	1536	1645	106	268
2048	256	1536	1741	77	218
2303	256	1536	1832	54	177
2559	256	1536	1921	37	142
2815	256	1536	2008	23	113
3071	256	1536	2092	14	89
3327	256	1536	2174	7	68
3583	256	1536	2254	3	52
3839	256	1536	2333	1	38
4095	256	1536	2410	0	27
0	512	1536	296	1553	1952
256	512	1536	595	790	1072
512	512	1536	736	577	818
768	512	1536	851	441	652
1024	512	1536	954	343	529
1280	512	1536	1049	269	434
1536	512	1536	1139	210	357
1792	512	1536	1224	164	294
2048	512	1536	1305	126	241
2303	512	1536	1384	96	198
2559	512	1536	1460	72	161
2815	512	1536	1535	52	129
3071	512	1536	1607	37	103
3327	512	1536	1679	25	81
3583	512	1536	1748	15	62
3839	512	1536	1817	9	47
4095	512	1536	1885	4	35
0	768	1536	178	1724	2008
256	768	1536	417	910	1113
512	768	1536	533	679	853
768	768	1536	631	529	683
1024	768	1536	719	420	557
1280	768	1536	801	337	459
1536	768	1536	878	270	379
1792	768	1536	952	216	314
2048	768	1536	1023	172	260
2303	768	1536	1092	136	214
2559	768	1536	1159	106	175
2815	768	1536	1225	82	143
3071	768	1536	1290	62	115
3327	768	1536	1353	45	91
3583	768	1536	1415	32	71
3839	768	1536	1476	22	55
4095	768	1536	1537	14	41
0	1024	1536	105	1874	2056
256	1024	1536	294	1016	1148
512	1024	1536	392	770	883
768	1024	1536	475	609	709
1024	1024	1536	551	491	581
1280	1024	1536	622	400	480
1536	1024	1536	690	326	399
1792	1024	1536	755	266	332
2048	1024	1536	817	217	275
2303	1024	1536	878	176	228
2559	1024	1536	938	141	188
2815	1024	1536	997	112	154
3071	1024	1536	1055	88	125
3327	1024	1536	1111	68	100
3583	1024	1536	1167	51	79
3839	1024	1536	1223	37	62
4095	1024	1536	1277	26	47
0	1280	1536	57	2010	2098
256	1280	1536	207	1114	1178
512	1280	1536	288	854	910
768	1280	1536	359	684	733
1024	1280	1536	424	558	602
1280	1280	1536	486	459	499
1536	1280	1536	545	380	416
1792	1280	1536	603	315	347
2048	1280	1536	658	260	290
2303	1280	1536	713	214	241
2559	1280	1536	766	176	200
2815	1280	1536	819	143	164
3071	1280	1536	871	115	134
3327	1280	1536	922	91	108
3583	1280	1536	973	72	86
3839	1280	1536	1023	55	68
4095	1280	1536	1072	41	52
0	1536	1536	28	2136	2136
256	1536	1536	142	1206	1206
512	1536	1536	210	934	934
768	1536	1536	270	754	754
1024	1536	1536	326	621	621
1280	1536	1536	380	517	517
1536	1536	1536	432	432	432
1792	1536	1536	482	361	361
2048	1536	1536	532	302	302
2303	1536	1536	580	253	253
2559	1536	1536	628	210	210
2815	1536	1536	676	174	174
3071	1536	1536	722	143	143
3327	1536	1536	769	116	116
3583	1536	1536	814	93	93
3839	1536	1536	860	74	74
4095	1536	1536	905	58	58
0	1792	1536	11	2254	2171
256	1792	1536	94	1293	1232
512	1792	1536	150	1010	956
768	1792	1536	200	822	774
1024	1792	1536	248	682	639
1280	1792	1536	295	572	533
1536	1792	1536	340	482	446
1792	1792	1536	385	407	375
2048	1792	1536	429	344	315
2303	1792	1536	472	291	264
2559	1792	1536	515	245	220
2815	1792	1536	558	205	183
3071	1792	1536	600	171	151
3327	1792	1536	642	141	123
3583	1792	1536	683	116	100
3839	1792	1536	725	94	80
4095	1792	1536	766	75	62
0	2048	1536	2	2367	2203
256	2048	1536	60	1377	1256
512	2048	1536	104	1083	977
768	2048	1536	146	888	793
1024	2048	1536	187	742	656
1280	2048	1536	227	626	548
1536	2048	1536	266	531	460
1792	2048	1536	306	452	387
2048	2048	1536	345	385	326
2303	2048	1536	383	328	274
2559	2048	1536	421	279	230
2815	2048	1536	460	236	191
3071	2048	1536	498	199	158
3327	2048	1536	535	167	130
3583	2048	1536	573	139	106
3839	2048	1536	611	115	85
4095	2048	1536	648	94	67
0	2303	1536	0	2475	2234
256	2303	1536	35	1457	1278
512	2303	1536	69	1154	996
768	2303	1536	104	951	810
1024	2303	1536	138	799	672
1280	2303	1536	172	679	562
1536	2303	1536	206	580	473
1792	2303	1536	241	497	399
2048	2303	1536	275	426	337
2303	2303	1536	309	366	284
2559	2303	1536	343	313	239
2815	2303	1536	377	268	199
3071	2303	1536	412	228	166
3327	2303	1536	446	193	137
3583	2303	1536	480	163	112
3839	2303	1536	514	136	90
4095	2303	1536	549	113	72
0	2559	1536	0	2579	2263
256	2559	1536	18	1536	1299
512	2559	1536	43	1223	1015
768	2559	1536	71	1014	827
1024	2559	1536	99	856	687
1280	2559	1536	128	731	576
1536	2559	1536	157	627	486
1792	2559	1536	187	541	411
2048	2559	1536	217	467	347
2303	2559	1536	247	403	293
2559	2559	1536	277	348	247
2815	2559	1536	308	299	207
3071	2559	1536	339	257	173
3327	2559	1536	369	220	143
3583	2559	1536	400	187	117
3839	2559	1536	431	158	95
4095	2559	1536	463	133	76
0	2815	1536	0	2680	2290
256	2815	1536	7	1612	1320
512	2815	1536	25	1290	1033
768	2815	1536	46	1074	843
1024	2815	1536	69	912	701
1280	2815	1536	93	782	589
1536	2815	1536	117	674	498
1792	2815	1536	143	584	422
2048	2815	1536	169	507	357
2303	2815	1536	195	440	303
2559	2815	1536	222	382	255
2815	2815	1536	249	331	215
3071	2815	1536	277	286	180
3327	2815	1536	304	247	149
3583	2815	1536	332	212	123
3839	2815	1536	360	181	100
4095	2815	1536	388	153	81
0	3071	1536	0	2778	2317
256	3071	1536	2	1686	1340
512	3071	1536	12	1356	1050
768	3071	1536	27	1134	858
1024	3071	1536	45	966	715
1280	3071	1536	65	832	602
1536	3071	1536	85	721	509
1792	3071	1536	107	627	432
2048	3071	1536	129	547	367
2303	3071	1536	152	477	311
2559	3071	1536	176	416	264
2815	3071	1536	199	363	222
3071	3071	1536	224	315	186
3327	3071	1536	249	274	155
3583	3071	1536	274	237	128
3839	3071	1536	299	204	105
4095	3071	1536	324	175	85
0	3327	1536	0	2873	2342
256	3327	1536	0	1759	1359
512	3327	1536	5	1421	1067
768	3327	1536	15	1193	873
1024	3327	1536	28	1020	729
1280	3327	1536	43	882	614
1536	3327	1536	60	767	520
1792	3327	1536	78	670	442
2048	3327	1536	97	586	376
2303	3327	1536	116	514	320
2559	3327	1536	137	451	271
2815	3327	1536	158	395	229
3071	3327	1536	179	345	193
3327	3327	1536	201	301	161
3583	3327	1536	223	262	134
3839	3327	1536	246	227	110
4095	3327	1536	269	196	89
0	3583	1536	0	2966	2367
256	3583	1536	0	1830	1377
512	3583	1536	1	1484	1083
768	3583	1536	6	1251	888
1024	3583	1536	15	1073	742
1280	3583	1536	27	931	626
1536	3583	1536	40	813	531
1792	3583	1536	54	712	452
2048	3583	1536	70	626	385
2303	3583	1536	87	551	328
2559	3583	1536	104	485	279
2815	3583	1536	122	426	236
3071	3583	1536	141	375	199
3327	3583	1536	161	329	167
3583	3583	1536	180	288	139
3839	3583	1536	201	251	115
4095	3583	1536	221	218	94
0	3839	1536	0	3057	2391
256	3839	1536	0	1901	1395
512	3839	1536	0	1547	1098
768	3839	1536	2	1308	902
1024	3839	1536	7	1126	754
1280	3839	1536	15	980	637
1536	3839	1536	25	858	542
1792	3839	1536	36	754	462
2048	3839	1536	49	665	394
2303	3839	1536	63	588	336
2559	3839	1536	77	519	286
2815	3839	1536	93	458	243
3071	3839	1536	109	405	205
3327	3839	1536	126	356	173
3583	3839	1536	144	313	144
3839	3839	1536	162	275	119
4095	3839	1536	180	240	98
0	4095	1536	0	3147	2414
256	4095	1536	0	1969	1412
512	4095	1536	0	1609	1113
768	4095	1536	0	1364	915
1024	4095	1536	2	1178	767
1280	4095	1536	7	1028	649
1536	4095	1536	14	903	552
1792	4095	1536	22	796	471
2048	4095	1536	32	704	403
2303	4095	1536	44	624	344
2559	4095	1536	56	553	294
2815	4095	1536	69	490	250
3071	4095	1536	83	434	211
3327	4095	1536	97	384	178
3583	4095	1536	113	340	149
3839	4095	1536	128	299	124
4095	4095	1536	145	263	102
0	0	1792	1245	712	1555
256	0	1792	1842	252	792
512	0	1792	2096	144	578
768	0	1792	2298	84	442
1024	0	1792	2473	48	344
1280	0	1792	2631	25	269
1536	0	1792	2778	11	211
1792	0	1792	2915	3	164
2048	0	1792	3045	0	127
2303	0	1792	3169	0	97
2559	0	1792	3289	0	72
2815	0	1792	3404	0	52
3071	0	1792	3516	0	37
3327	0	1792	3625	0	25
3583	0	1792	3731	0	16
3839	0	1792	3834	0	9
4095	0	1792	3936	0	4
0	256	1792	426	1164	1739
256	256	1792	782	529	920
512	256	1792	943	361	687
768	256	1792	1075	257	537
1024	256	1792	1192	186	427
1280	256	1792	1299	133	343
1536	256	1792	1399	95	276
1792	256	1792	1494	65	221
2048	256	1792	1585	44	177
2303	256	1792	1672	27	140
2559	256	1792	1757	16	110
2815	256	1792	1839	8	85
3071	256	1792	1919	3	64
3327	256	1792	1997	1	47
3583	256	1792	2074	0	34
3839	256	1792	2150	0	23
4095	256	1792	2224	0	15
0	512	1792	238	1363	1810
256	512	1792	510	660	971
512	512	1792	639	469	730
768	512	1792	747	348	575
1024	512	1792	843	263	461
1280	512	1792	932	199	372
1536	512	1792	1016	150	302
1792	512	1792	1096	111	245
2048	512	1792	1173	82	198
2303	512	1792	1247	58	158
2559	512	1792	1319	40	126
2815	512	1792	1389	26	99
3071	512	1792	1458	16	76
3327	512	1792	1526	9	58
3583	512	1792	1592	4	42
3839	512	1792	1657	1	30
4095	512	1792	1722	0	20
0	768	1792	135	1522	1864
256	768	1792	347	769	1009
512	768	1792	453	559	764
768	768	1792	543	426	604
1024	768	1792	624	330	486
1280	768	1792	700	257	395
1536	768	1792	772	200	323
1792	768	1792	841	155	263
2048	768	1792	908	119	214
2303	768	1792	972	90	173
2559	768	1792	1035	66	139
2815	768	1792	1097	47	110
3071	768	1792	1158	33	86
3327	768	1792	1218	21	66
3583	768	1792	1276	13	50
3839	768	1792	1334	7	36
4095	768	1792	1391	3	25
0	1024	1792	73	1662	1910
256	1024	1792	237	866	1042
512	1024	1792	325	642	792
768	1024	1792	400	497	629
1024	1024	1792	469	392	509
1280	1024	1792	534	312	415
1536	1024	1792	597	248	340
1792	1024	1792	657	197	279
2048	1024	1792	715	155	228
2303	1024	1792	772	121	186
2559	1024	1792	828	93	150
2815	1024	1792	883	70	120
3071	1024	1792	937	52	95
3327	1024	1792	990	37	74
3583	1024	1792	1043	25	56
3839	1024	1792	1095	16	42
4095	1024	1792	1146	10	30
0	1280	1792	35	1790	1950
256	1280	1792	160	956	1071
512	1280	1792	232	718	817
768	1280	1792	295	564	651
1024	1280	1792	354	451	528
1280	1280	1792	410	364	433
1536	1280	1792	464	294	356
1792	1280	1792	517	238	293
2048	1280	1792	568	192	241
2303	1280	1792	618	153	197
2559	1280	1792	668	121	160
2815	1280	1792	717	95	129
3071	1280	1792	765	73	103
3327	1280	1792	813	55	81
3583	1280	1792	860	40	62
3839	1280	1792	907	28	47
4095	1280	1792	953	19	34
0	1536	1792	14	1908	1986
256	1536	1792	104	1041	1097
512	1536	1792	162	791	839
768	1536	1792	215	628	671
1024	1536	1792	265	508	546
1280	1536	1792	314	415	449
1536	1536	1792	361	340	371
1792	1536	1792	407	278	306
2048	1536	1792	452	228	253
2303	1536	1792	496	185	208
2559	1536	1792	540	150	170
2815	1536	1792	584	120	137
3071	1536	1792	627	95	110
3327	1536	1792	670	73	87
3583	1536	1792	713	56	68
3839	1536	1792	755	42	52
4095	1536	1792	797	30	38
0	1792	1792	3	2020	2020
256	1792	1792	65	1122	1122
512	1792	1792	111	860	860
768	1792	1792	154	689	689
1024	1792	1792	196	563	563
1280	1792	1792	238	464	464
1536	1792	1792	278	384	384
1792	1792	1792	318	318	318
2048	1792	1792	358	264	264
2303	1792	1792	397	218	218
2559	1792	1792	436	178	178
2815	1792	1792	475	145	145
3071	1792	1792	514	117	117
3327	1792	1792	553	93	93
3583	1792	1792	591	73	73
3839	1792	1792	629	56	56
4095	1792	1792	667	42	42
0	2048	1792	0	2126	2051
256	2048	1792	37	1199	1144
512	2048	1792	73	928	880
768	2048	1792	108	749	707
1024	2048	1792	143	616	578
1280	2048	1792	178	512	478
1536	2048	1792	212	428	397
1792	2048	1792	247	358	330
2048	2048	1792	282	299	274
2303	2048	1792	317	250	227
2559	2048	1792	351	208	187
2815	2048	1792	386	171	153
3071	2048	1792	420	141	124
3327	2048	1792	455	114	99
3583	2048	1792	490	92	78
3839	2048	1792	524	72	61
4095	2048	1792	559	56	46
0	2303	1792	0	2228	2081
256	2303	1792	19	1274	1166
512	2303	1792	45	993	899
768	2303	1792	72	807	723
1024	2303	1792	101	669	593
1280	2303	1792	130	560	491
1536	2303	1792	160	471	409
1792	2303	1792	190	397	341
2048	2303	1792	220	335	284
2303	2303	1792	250	282	236
2559	2303	1792	281	237	195
2815	2303	1792	312	198	160
3071	2303	1792	342	164	130
3327	2303	1792	373	135	105
3583	2303	1792	405	111	83
3839	2303	1792	436	89	65
4095	2303	1792	467	71	50
0	2559	1792	0	2327	2109
256	2559	1792	7	1347	1186
512	2559	1792	25	1056	916
768	2559	1792	46	864	739
1024	2559	1792	69	720	607
1280	2559	1792	93	606	504
1536	2559	1792	117	513	420
1792	2559	1792	143	436	351
2048	2559	1792	169	370	293
2303	2559	1792	195	315	244
2559	2559	1792	222	266	203
2815	2559	1792	249	225	167
3071	2559	1792	277	189	137
3327	2559	1792	304	158	111
3583	2559	1792	332	130	88
3839	2559	1792	360	107	70
4095	2559	1792	389	87	54
0	2815	1792	0	2422	2135
256	2815	1792	2	1418	1206
512	2815	1792	12	1119	933
768	2815	1792	27	920	754
1024	2815	1792	44	771	621
1280	2815	1792	63	653	516
1536	2815	1792	84	556	432
1792	2815	1792	105	475	361
2048	2815	1792	127	406	302
2303	2815	1792	150	347	253
2559	2815	1792	173	296	210
2815	2815	1792	197	252	174
3071	2815	1792	221	214	143
3327	2815	1792	246	180	116
3583	2815	1792	271	151	93
3839	2815	1792	296	125	74
4095	2815	1792	321	103	57
0	3071	1792	0	2515	2161
256	3071	1792	0	1487	1224
512	3071	1792	4	1180	950
768	3071	1792	14	975	769
1024	3071	1792	26	821	634
1280	3071	1792	41	698	528
1536	3071	1792	57	598	442
1792	3071	1792	75	513	371
2048	3071	1792	94	441	311
2303	3071	1792	113	380	261
2559	3071	1792	133	326	217
2815	3071	1792	154	280	180
3071	3071	1792	175	239	148
3327	3071	1792	197	203	121
3583	3071	1792	219	172	98
3839	3071	1792	241	144	78
4095	3071	1792	264	120	61
0	3327	1792	0	2605	2185
256	3327	1792	0	1555	1242
512	3327	1792	1	1240	965
768	3327	1792	5	1029	783
1024	3327	1792	14	870	647
1280	3327	1792	24	744	540
1536	3327	1792	37	639	453
1792	3327	1792	51	552	380
2048	3327	1792	67	477	320
2303	3327	1792	83	412	268
2559	3327	1792	100	356	224
2815	3327	1792	118	307	187
3071	3327	1792	136	264	154
3327	3327	1792	155	226	126
3583	3327	1792	175	193	102
3839	3327	1792	194	164	82
4095	3327	1792	215	138	65
0	3583	1792	0	2693	2209
256	3583	1792	0	1622	1260
512	3583	1792	0	1299	981
768	3583	1792	1	1082	796
1024	3583	1792	6	919	659
1280	3583	1792	13	788	551
1536	3583	1792	22	681	463
1792	3583	1792	33	590	390
2048	3583	1792	45	512	328
2303	3583	1792	59	445	276
2559	3583	1792	73	386	231
2815	3583	1792	88	335	193
3071	3583	1792	104	290	160
3327	3583	1792	120	250	131
3583	3583	1792	137	215	107
3839	3583	1792	155	184	86
4095	3583	1792	173	156	68
0	3839	1792	0	2780	2232
256	3839	1792	0	1688	1277
512	3839	1792	0	1357	995
768	3839	1792	0	1135	809
1024	3839	1792	1	967	671
1280	3839	1792	5	833	561
1536	3839	1792	12	722	472
1792	3839	1792	20	628	399
2048	3839	1792	29	547	336
2303	3839	1792	40	478	283
2559	3839	1792	51	417	238
2815	3839	1792	64	363	199
3071	3839	1792	77	316	165
3327	3839	1792	91	274	136
3583	3839	1792	106	237	111
3839	3839	1792	121	204	90
4095	3839	1792	137	175	72
0	4095	1792	0	2864	2254
256	4095	1792	0	1752	1293
512	4095	1792	0	1415	1010
768	4095	1792	0	1187	822
1024	4095	1792	0	1015	682
1280	4095	1792	1	877	572
1536	4095	1792	5	763	482
1792	4095	1792	10	666	407
2048	4095	1792	17	583	344
2303	4095	1792	25	511	291
2559	4095	1792	34	447	245
2815	4095	1792	44	391	205
3071	4095	1792	55	342	171
3327	4095	1792	67	298	141
3583	4095	1792	80	260	116
3839	4095	1792	93	225	94
4095	4095	1792	107	194	75
0	0	2048	1126	599	1439
256	0	2048	1694	189	712
512	0	2048	1936	99	512
768	0	2048	2130	52	385
1024	0	2048	2298	25	294
1280	0	2048	2450	10	226
1536	0	2048	2591	2	173
1792	0	2048	2723	0	132
2048	0	2048	2849	0	99
2303	0	2048	2968	0	72
2559	0	2048	3083	0	52
2815	0	2048	3195	0	36
3071	0	2048	3303	0	23
3327	0	2048	3408	0	14
3583	0	2048	3511	0	8
3839	0	2048	3611	0	3
4095	0	2048	3709	0	1
0	256	2048	361	1014	1616
256	256	2048	689	433	834
512	256	2048	841	284	614
768	256	2048	965	194	473
1024	256	2048	1075	133	371
1280	256	2048	1176	90	293
1536	256	2048	1271	59	232
1792	256	2048	1362	37	182
2048	256	2048	1448	22	143
2303	256	2048	1531	11	110
2559	256	2048	1612	5	84
2815	256	2048	1690	1	62
3071	256	2048	1767	0	45
3327	256	2048	1842	0	31
3583	256	2048	1915	0	21
3839	256	2048	1987	0	13
4095	256	2048	2058	0	7
0	512	2048	191	1199	1684
256	512	2048	437	551	881
512	512	2048	557	379	654
768	512	2048	657	272	508
1024	512	2048	747	198	402
1280	512	2048	830	144	320
1536	512	2048	909	104	256
1792	512	2048	984	73	204
2048	512	2048	1057	49	161
2303	512	2048	1127	32	126
2559	512	2048	1195	19	98
2815	512	2048	1262	10	74
3071	512	2048	1328	5	55
3327	512	2048	1392	1	40
3583	512	2048	1455	0	28
3839	512	2048	1517	0	18
4095	512	2048	1578	0	11
0	768	2048	101	1348	1736
256	768	2048	289	650	918
512	768	2048	385	460	686
768	768	2048	468	341	535
1024	768	2048	543	257	426
1280	768	2048	613	194	342
1536	768	2048	680	145	275
1792	768	2048	745	108	220
2048	768	2048	807	78	176
2303	768	2048	868	56	139
2559	768	2048	927	38	109
2815	768	2048	986	24	84
3071	768	2048	1043	15	64
3327	768	2048	1099	8	47
3583	768	2048	1155	3	33
3839	768	2048	1210	1	23
4095	768	2048	1264	0	15
0	1024	2048	50	1479	1780
256	1024	2048	190	739	949
512	1024	2048	269	534	712
768	1024	2048	337	404	559
1024	1024	2048	400	311	446
1280	1024	2048	460	241	360
1536	1024	2048	517	186	291
1792	1024	2048	573	143	235
2048	1024	2048	628	108	189
2303	1024	2048	681	80	151
2559	1024	2048	733	58	119
2815	1024	2048	784	41	93
3071	1024	2048	835	28	71
3327	1024	2048	885	17	53
3583	1024	2048	934	10	39
3839	1024	2048	983	5	27
4095	1024	2048	1032	2	18
0	1280	2048	20	1599	1819
256	1280	2048	122	822	977
512	1280	2048	185	604	736
768	1280	2048	242	464	579
1024	1280	2048	295	363	465
1280	1280	2048	346	286	376
1536	1280	2048	395	226	305
1792	1280	2048	444	177	248
2048	1280	2048	491	138	200
2303	1280	2048	537	106	161
2559	1280	2048	583	80	128
2815	1280	2048	629	60	101
3071	1280	2048	674	43	78
3327	1280	2048	718	29	59
3583	1280	2048	763	19	44
3839	1280	2048	807	12	31
4095	1280	2048	850	6	21
0	1536	2048	5	1710	1854
256	1536	2048	75	900	1002
512	1536	2048	125	670	757
768	1536	2048	171	522	598
1024	1536	2048	215	414	481
1280	1536	2048	258	331	391
1536	1536	2048	301	265	319
1792	1536	2048	343	212	260
2048	1536	2048	384	169	211
2303	1536	2048	425	133	170
2559	1536	2048	465	103	136
2815	1536	2048	506	79	108
3071	1536	2048	546	59	84
3327	1536	2048	585	43	64
3583	1536	2048	625	30	48
3839	1536	2048	664	20	35
4095	1536	2048	704	13	24
0	1792	2048	0	1816	1886
256	1792	2048	43	975	1025
512	1792	2048	81	734	777
768	1792	2048	118	578	616
1024	1792	2048	154	463	497
1280	1792	2048	191	375	405
1536	1792	2048	227	304	331
1792	1792	2048	263	247	271
2048	1792	2048	299	199	221
2303	1792	2048	334	160	179
2559	1792	2048	370	127	144
2815	1792	2048	406	100	115
3071	1792	2048	441	77	90
3327	1792	2048	477	59	70
3583	1792	2048	512	43	53
3839	1792	2048	548	31	39
4095	1792	2048	583	21	28
0	2048	2048	0	1916	1916
256	2048	2048	21	1047	1047
512	2048	2048	49	796	796
768	2048	2048	78	632	632
1024	2048	2048	108	512	512
1280	2048	2048	138	418	418
1536	2048	2048	168	343	343
1792	2048	2048	199	281	281
2048	2048	2048	230	230	230
2303	2048	2048	261	188	188
2559	2048	2048	292	152	152
2815	2048	2048	324	121	121
3071	2048	2048	355	96	96
3327	2048	2048	387	75	75
3583	2048	2048	419	57	57
3839	2048	2048	451	43	43
4095	2048	2048	482	31	31
0	2303	2048	0	2012	1944
256	2303	2048	8	1116	1067
512	2303	2048	27	856	813
768	2303	2048	49	685	648
1024	2303	2048	72	559	525
1280	2303	2048	97	460	430
1536	2303	2048	122	381	354
1792	2303	2048	148	316	291
2048	2303	2048	175	261	239
2303	2303	2048	202	215	196
2559	2303	2048	229	176	159
2815	2303	2048	257	143	128
3071	2303	2048	285	116	102
3327	2303	2048	313	92	80
3583	2303	2048	341	72	61
3839	2303	2048	369	55	46
4095	2303	2048	398	41	34
0	2559	2048	0	2105	1971
256	2559	2048	2	1184	1086
512	2559	2048	13	914	830
768	2559	2048	28	737	662
1024	2559	2048	46	606	539
1280	2559	2048	65	503	442
1536	2559	2048	86	419	365
1792	2559	2048	108	350	301
2048	2559	2048	130	292	248
2303	2559	2048	153	243	203
2559	2559	2048	177	202	166
2815	2559	2048	201	166	134
3071	2559	2048	225	136	107
3327	2559	2048	250	110	84
3583	2559	2048	275	88	65
3839	2559	2048	301	69	50
4095	2559	2048	326	53	37
0	2815	2048	0	2196	1997
256	2815	2048	0	1250	1105
512	2815	2048	4	972	846
768	2815	2048	14	788	677
1024	2815	2048	27	652	551
1280	2815	2048	42	544	454
1536	2815	2048	58	457	375
1792	2815	2048	76	384	310
2048	2815	2048	95	323	256
2303	2815	2048	114	272	211
2559	2815	2048	134	227	172
2815	2815	2048	155	189	140
3071	2815	2048	176	157	112
3327	2815	2048	198	129	89
3583	2815	2048	220	104	70
3839	2815	2048	243	84	53
4095	2815	2048	266	66	40
0	3071	2048	0	2284	2022
256	3071	2048	0	1315	1123
512	3071	2048	1	1029	862
768	3071	2048	5	839	690
1024	3071	2048	14	698	564
1280	3071	2048	24	586	465
1536	3071	2048	37	495	385
1792	3071	2048	51	419	319
2048	3071	2048	66	355	264
2303	3071	2048	82	300	218
2559	3071	2048	99	253	179
2815	3071	2048	117	213	146
3071	3071	2048	136	178	118
3327	3071	2048	154	148	94
3583	3071	2048	174	122	74
3839	3071	2048	194	99	57
4095	3071	2048	214	80	43
0	3327	2048	0	2369	2045
256	3327	2048	0	1379	1140
512	3327	2048	0	1084	876
768	3327	2048	1	889	703
1024	3327	2048	5	743	575
1280	3327	2048	12	627	475
1536	3327	2048	21	532	394
1792	3327	2048	32	453	328
2048	3327	2048	44	386	272
2303	3327	2048	57	329	225
2559	3327	2048	71	280	185
2815	3327	2048	86	237	151
3071	3327	2048	102	200	123
3327	3327	2048	118	167	98
3583	3327	2048	135	139	77
3839	3327	2048	153	115	60
4095	3327	2048	170	94	46
0	3583	2048	0	2453	2068
256	3583	2048	0	1441	1157
512	3583	2048	0	1139	891
768	3583	2048	0	938	716
1024	3583	2048	1	788	587
1280	3583	2048	5	668	486
1536	3583	2048	11	570	404
1792	3583	2048	18	488	336
2048	3583	2048	28	418	280
2303	3583	2048	38	358	232
2559	3583	2048	49	306	191
2815	3583	2048	62	261	157
3071	3583	2048	75	222	128
3327	3583	2048	88	188	103
3583	3583	2048	103	158	81
3839	3583	2048	118	132	63
4095	3583	2048	134	109	48
0	3839	2048	0	2535	2090
256	3839	2048	0	1503	1173
512	3839	2048	0	1194	905
768	3839	2048	0	987	729
1024	3839	2048	0	832	598
1280	3839	2048	1	709	496
1536	3839	2048	4	607	413
1792	3839	2048	9	522	344
2048	3839	2048	15	449	287
2303	3839	2048	23	387	239
2559	3839	2048	32	333	198
2815	3839	2048	42	286	162
3071	3839	2048	53	245	132
3327	3839	2048	64	208	107
3583	3839	2048	76	177	85
3839	3839	2048	89	149	67
4095	3839	2048	103	124	51
0	4095	2048	0	2616	2112
256	4095	2048	0	1563	1189
512	4095	2048	0	1247	918
768	4095	2048	0	1036	741
1024	4095	2048	0	876	609
1280	4095	2048	0	749	506
1536	4095	2048	1	644	422
1792	4095	2048	3	556	352
2048	4095	2048	7	481	294
2303	4095	2048	13	416	245
2559	4095	2048	19	360	203
2815	4095	2048	27	311	168
3071	4095	2048	35	267	137
3327	4095	2048	45	229	111
3583	4095	2048	55	196	89
3839	4095	2048	66	166	70
4095	4095	2048	77	140	54
0	0	2303	1020	503	1336
256	0	2303	1561	140	642
512	0	2303	1794	65	453
768	0	2303	1979	29	335
1024	0	2303	2141	10	252
1280	0	2303	2287	2	189
1536	0	2303	2423	0	142
1792	0	2303	2551	0	105
2048	0	2303	2672	0	76
2303	0	2303	2787	0	53
2559	0	2303	2899	0	36
2815	0	2303	3007	0	23
3071	0	2303	3111	0	14
3327	0	2303	3213	0	7
3583	0	2303	3312	0	3
3839	0	2303	3409	0	1
4095	0	2303	3504	0	0
0	256	2303	305	885	1505
256	256	2303	609	353	757
512	256	2303	751	221	549
768	256	2303	868	143	417
1024	256	2303	972	93	322
1280	256	2303	1068	58	251
1536	256	2303	1158	35	194
1792	256	2303	1244	19	150
2048	256	2303	1327	9	114
2303	256	2303	1406	3	86
2559	256	2303	1483	0	63
2815	256	2303	1558	0	45
3071	256	2303	1631	0	31
3327	256	2303	1703	0	20
3583	256	2303	1773	0	12
3839	256	2303	1843	0	6
4095	256	2303	1911	0	2
0	512	2303	152	1057	1571
256	512	2303	375	460	803
512	512	2303	486	305	588
768	512	2303	579	211	450
1024	512	2303	663	147	351
1280	512	2303	741	102	276
1536	512	2303	815	69	216
1792	512	2303	886	45	169
2048	512	2303	955	27	131
2303	512	2303	1021	15	100
2559	512	2303	1086	7	75
2815	512	2303	1150	2	55
3071	512	2303	1212	0	39
3327	512	2303	1273	0	26
3583	512	2303	1333	0	17
3839	512	2303	1392	0	10
4095	512	2303	1451	0	5
0	768	2303	74	1196	1621
256	768	2303	240	550	838
512	768	2303	327	378	617
768	768	2303	403	271	476
1024	768	2303	473	197	373
1280	768	2303	538	143	295
1536	768	2303	601	103	234
1792	768	2303	661	72	184
2048	768	2303	720	49	144
2303	768	2303	777	32	111
2559	768	2303	833	19	85
2815	768	2303	888	10	63
3071	768	2303	942	4	46
3327	768	2303	995	1	32
3583	768	2303	1048	0	21
3839	768	2303	1100	0	13
4095	768	2303	1151	0	7
0	1024	2303	32	1319	1663
256	1024	2303	152	631	867
512	1024	2303	221	444	642
768	1024	2303	283	327	498
1024	1024	2303	341	245	393
1280	1024	2303	396	184	312
1536	1024	2303	449	137	248
1792	1024	2303	501	101	197
2048	1024	2303	551	72	155
2303	1024	2303	601	51	121
2559	1024	2303	650	34	94
2815	1024	2303	698	21	71
3071	1024	2303	745	12	52
3327	1024	2303	793	6	37
3583	1024	2303	839	2	25
3839	1024	2303	885	0	16
4095	1024	2303	931	0	10
0	1280	2303	10	1432	1701
256	1280	2303	92	707	893
512	1280	2303	147	507	664
768	1280	2303	197	381	517
1024	1280	2303	245	291	410
1280	1280	2303	291	223	327
1536	1280	2303	337	171	262
1792	1280	2303	381	130	209
2048	1280	2303	425	97	166
2303	1280	2303	468	71	131
2559	1280	2303	510	51	101
2815	1280	2303	553	35	77
3071	1280	2303	595	22	58
3327	1280	2303	636	13	42
3583	1280	2303	678	7	29
3839	1280	2303	719	3	20
4095	1280	2303	760	1	12
0	1536	2303	1	1537	1735
256	1536	2303	53	779	917
512	1536	2303	94	568	685
768	1536	2303	134	433	535
1024	1536	2303	174	336	425
1280	1536	2303	212	262	341
1536	1536	2303	251	205	274
1792	1536	2303	289	159	220
2048	1536	2303	326	122	175
2303	1536	2303	364	93	139
2559	1536	2303	401	69	109
2815	1536	2303	438	50	84
3071	1536	2303	475	35	63
3327	1536	2303	512	23	47
3583	1536	2303	549	14	33
3839	1536	2303	586	8	23
4095	1536	2303	622	4	14
0	1792	2303	0	1636	1766
256	1792	2303	27	848	939
512	1792	2303	57	626	704
768	1792	2303	88	483	551
1024	1792	2303	120	380	440
1280	1792	2303	152	301	354
1536	1792	2303	184	239	286
1792	1792	2303	216	189	230
2048	1792	2303	249	148	184
2303	1792	2303	281	115	147
2559	1792	2303	314	88	116
2815	1792	2303	346	66	90
3071	1792	2303	379	48	69
3327	1792	2303	412	34	51
3583	1792	2303	444	23	37
3839	1792	2303	477	14	26
4095	1792	2303	510	8	17
0	2048	2303	0	1731	1795
256	2048	2303	11	915	960
512	2048	2303	31	683	721
768	2048	2303	55	533	567
1024	2048	2303	80	424	454
1280	2048	2303	106	340	366
1536	2048	2303	132	273	296
1792	2048	2303	159	219	240
2048	2048	2303	187	174	193
2303	2048	2303	215	138	155
2559	2048	2303	243	108	122
2815	2048	2303	271	83	96
3071	2048	2303	300	63	74
3327	2048	2303	329	46	55
3583	2048	2303	358	33	41
3839	2048	2303	387	22	29
4095	2048	2303	417	14	19
0	2303	2303	0	1822	1822
256	2303	2303	3	979	979
512	2303	2303	15	738	738
768	2303	2303	31	581	581
1024	2303	2303	50	466	466
1280	2303	2303	71	378	378
1536	2303	2303	92	307	307
1792	2303	2303	115	249	249
2048	2303	2303	138	201	201
2303	2303	2303	162	162	162
2559	2303	2303	186	129	129
2815	2303	2303	211	101	101
3071	2303	2303	236	78	78
3327	2303	2303	261	60	60
3583	2303	2303	287	44	44
3839	2303	2303	313	32	32
4095	2303	2303	339	22	22
0	2559	2303	0	1911	1848
256	2559	2303	0	1043	998
512	2559	2303	5	792	754
768	2559	2303	16	629	595
1024	2559	2303	29	509	479
1280	2559	2303	45	416	389
1536	2559	2303	62	341	317
1792	2559	2303	80	279	258
2048	2559	2303	99	228	209
2303	2559	2303	119	186	169
2559	2559	2303	140	150	135
2815	2559	2303	161	120	107
3071	2559	2303	183	95	83
3327	2559	2303	205	74	64
3583	2559	2303	228	56	48
3839	2559	2303	250	42	34
4095	2559	2303	274	30	24
0	2815	2303	0	1996	1873
256	2815	2303	0	1104	1016
512	2815	2303	1	846	769
768	2815	2303	6	676	609
1024	2815	2303	15	551	491
1280	2815	2303	26	453	399
1536	2815	2303	39	375	326
1792	2815	2303	53	310	266
2048	2815	2303	69	256	217
2303	2815	2303	85	211	176
2559	2815	2303	103	172	141
2815	2815	2303	121	140	112
3071	2815	2303	139	112	88
3327	2815	2303	158	89	68
3583	2815	2303	178	69	51
3839	2815	2303	198	53	37
4095	2815	2303	219	40	26
0	3071	2303	0	2080	1897
256	3071	2303	0	1165	1033
512	3071	2303	0	898	784
768	3071	2303	1	723	622
1024	3071	2303	6	593	502
1280	3071	2303	13	491	410
1536	3071	2303	22	408	335
1792	3071	2303	33	340	274
2048	3071	2303	45	283	224
2303	3071	2303	59	236	182
2559	3071	2303	73	195	147
2815	3071	2303	88	160	117
3071	3071	2303	104	130	92
3327	3071	2303	120	105	72
3583	3071	2303	137	83	54
3839	3071	2303	155	65	40
4095	3071	2303	173	50	29
0	3327	2303	0	2161	1920
256	3327	2303	0	1225	1049
512	3327	2303	0	950	798
768	3327	2303	0	769	634
1024	3327	2303	1	634	513
1280	3327	2303	5	528	420
1536	3327	2303	11	442	344
1792	3327	2303	19	371	282
2048	3327	2303	28	311	231
2303	3327	2303	38	261	189
2559	3327	2303	50	217	153
2815	3327	2303	62	180	122
3071	3327	2303	75	149	97
3327	3327	2303	89	121	75
3583	3327	2303	103	98	58
3839	3327	2303	118	78	43
4095	3327	2303	134	61	31
0	3583	2303	0	2241	1942
256	3583	2303	0	1283	1065
512	3583	2303	0	1001	812
768	3583	2303	0	814	646
1024	3583	2303	0	675	524
1280	3583	2303	1	566	429
1536	3583	2303	4	476	353
1792	3583	2303	9	402	290
2048	3583	2303	15	339	238
2303	3583	2303	23	286	195
2559	3583	2303	32	241	158
2815	3583	2303	41	201	127
3071	3583	2303	52	168	101
3327	3583	2303	64	138	79
3583	3583	2303	76	113	61
3839	3583	2303	89	91	46
4095	3583	2303	102	73	33
0	3839	2303	0	2319	1963
256	3839	2303	0	1341	1081
512	3839	2303	0	1052	825
768	3839	2303	0	860	658
1024	3839	2303	0	716	535
1280	3839	2303	0	603	439
1536	3839	2303	1	510	361
1792	3839	2303	3	433	298
2048	3839	2303	7	368	245
2303	3839	2303	12	312	201
2559	3839	2303	19	264	164
2815	3839	2303	26	223	132
3071	3839	2303	34	187	105
3327	3839	2303	44	156	83
3583	3839	2303	54	129	64
3839	3839	2303	64	106	49
4095	3839	2303	76	85	36
0	4095	2303	0	2396	1984
256	4095	2303	0	1398	1095
512	4095	2303	0	1102	838
768	4095	2303	0	905	669
1024	4095	2303	0	757	545
1280	4095	2303	0	640	448
1536	4095	2303	0	544	370
1792	4095	2303	0	464	305
2048	4095	2303	2	396	252
2303	4095	2303	5	338	207
2559	4095	2303	9	288	169
2815	4095	2303	15	245	137
3071	4095	2303	21	207	110
3327	4095	2303	28	174	87
3583	4095	2303	36	145	67
3839	4095	2303	45	120	51
4095	4095	2303	54	99	38
0	0	2559	926	420	1242
256	0	2559	1441	100	580
512	0	2559	1664	40	402
768	0	2559	1843	14	292
1024	0	2559	1998	3	215
1280	0	2559	2139	0	158
1536	0	2559	2270	0	115
1792	0	2559	2393	0	82
2048	0	2559	2510	0	57
2303	0	2559	2622	0	38
2559	0	2559	2730	0	24
2815	0	2559	2834	0	14
3071	0	2559	2936	0	7
3327	0	2559	3034	0	3
3583	0	2559	3131	0	1
3839	0	2559	3225	0	0
4095	0	2559	3317	0	0
0	256	2559	257	771	1405
256	256	2559	538	286	689
512	256	2559	671	169	492
768	256	2559	782	103	368
1024	256	2559	880	62	280
1280	256	2559	971	35	214
1536	256	2559	1057	18	163
1792	256	2559	1139	7	122
2048	256	2559	1217	2	91
2303	256	2559	1293	0	66
2559	256	2559	1366	0	46
2815	256	2559	1438	0	31
3071	256	2559	1508	0	20
3327	256	2559	1577	0	11
3583	256	2559	1645	0	6
3839	256	2559	1711	0	2
4095	256	2559	1777	0	0
0	512	2559	120	931	1468
256	512	2559	321	381	732
512	512	2559	423	243	528
768	512	2559	510	161	399
1024	512	2559	589	107	307
1280	512	2559	662	69	237
1536	512	2559	732	43	182
1792	512	2559	799	25	140
2048	512	2559	864	13	105
2303	512	2559	927	5	78
2559	512	2559	988	1	57
2815	512	2559	1049	0	40
3071	512	2559	1108	0	26
3327	512	2559	1166	0	16
3583	512	2559	1223	0	9
3839	512	2559	1280	0	4
4095	512	2559	1336	0	1
0	768	2559	53	1062	1517
256	768	2559	198	463	765
512	768	2559	278	307	556
768	768	2559	347	213	423
1024	768	2559	411	149	327
1280	768	2559	472	103	255
1536	768	2559	530	70	198
1792	768	2559	587	45	153
2048	768	2559	642	28	117
2303	768	2559	695	16	88
2559	768	2559	748	7	65
2815	768	2559	800	3	47
3071	768	2559	851	0	32
3327	768	2559	902	0	21
3583	768	2559	952	0	13
3839	768	2559	1001	0	7
4095	768	2559	1050	0	3
0	1024	2559	19	1177	1557
256	1024	2559	119	537	793
512	1024	2559	181	367	580
768	1024	2559	237	263	443
1024	1024	2559	290	190	345
1280	1024	2559	340	137	270
1536	1024	2559	390	98	212
1792	1024	2559	437	68	165
2048	1024	2559	484	46	127
2303	1024	2559	531	29	97
2559	1024	2559	576	17	73
2815	1024	2559	621	9	53
3071	1024	2559	666	4	37
3327	1024	2559	710	1	25
3583	1024	2559	754	0	16
3839	1024	2559	798	0	9
4095	1024	2559	841	0	4
0	1280	2559	4	1283	1593
256	1280	2559	68	607	818
512	1280	2559	116	424	601
768	1280	2559	160	311	462
1024	1280	2559	203	231	361
1280	1280	2559	245	171	284
1536	1280	2559	286	126	224
1792	1280	2559	327	92	176
2048	1280	2559	367	65	137
2303	1280	2559	407	45	105
2559	1280	2559	446	29	79
2815	1280	2559	486	18	59
3071	1280	2559	525	10	42
3327	1280	2559	564	4	29
3583	1280	2559	603	1	19
3839	1280	2559	641	0	11
4095	1280	2559	680	0	6
0	1536	2559	0	1382	1626
256	1536	2559	35	673	841
512	1536	2559	70	479	620
768	1536	2559	104	357	478
1024	1536	2559	139	270	376
1280	1536	2559	173	206	297
1536	1536	2559	208	156	235
1792	1536	2559	242	116	186
2048	1536	2559	276	86	145
2303	1536	2559	311	62	113
2559	1536	2559	345	43	86
2815	1536	2559	379	28	64
3071	1536	2559	414	18	47
3327	1536	2559	448	10	33
3583	1536	2559	482	5	22
3839	1536	2559	516	2	14
4095	1536	2559	551	0	8
0	1792	2559	0	1476	1656
256	1792	2559	15	737	862
512	1792	2559	39	533	638
768	1792	2559	65	403	494
1024	1792	2559	92	310	389
1280	1792	2559	120	240	309
1536	1792	2559	148	185	246
1792	1792	2559	177	142	195
2048	1792	2559	206	107	153
2303	1792	2559	235	80	120
2559	1792	2559	265	58	92
2815	1792	2559	295	41	69
3071	1792	2559	325	27	51
3327	1792	2559	355	17	36
3583	1792	2559	385	10	25
3839	1792	2559	415	5	16
4095	1792	2559	446	2	9
0	2048	2559	0	1566	1684
256	2048	2559	4	799	882
512	2048	2559	19	585	655
768	2048	2559	37	448	508
1024	2048	2559	58	349	402
1280	2048	2559	80	274	320
1536	2048	2559	103	215	256
1792	2048	2559	126	168	204
2048	2048	2559	151	130	161
2303	2048	2559	175	99	127
2559	2048	2559	201	74	98
2815	2048	2559	227	54	74
3071	2048	2559	253	38	55
3327	2048	2559	279	26	40
3583	2048	2559	306	16	28
3839	2048	2559	332	9	18
4095	2048	2559	359	5	11
0	2303	2559	0	1652	1711
256	2303	2559	0	859	900
512	2303	2559	7	635	670
768	2303	2559	19	492	522
1024	2303	2559	33	387	414
1280	2303	2559	50	308	331
1536	2303	2559	68	244	265
1792	2303	2559	87	194	212
2048	2303	2559	108	152	169
2303	2303	2559	128	119	133
2559	2303	2559	150	91	104
2815	2303	2559	172	69	79
3071	2303	2559	194	50	59
3327	2303	2559	217	36	43
3583	2303	2559	241	24	31
3839	2303	2559	264	15	20
4095	2303	2559	288	9	13
0	2559	2559	0	1736	1736
256	2559	2559	0	918	918
512	2559	2559	1	686	686
768	2559	2559	7	535	535
1024	2559	2559	17	426	426
1280	2559	2559	29	342	342
1536	2559	2559	43	274	274
1792	2559	2559	58	220	220
2048	2559	2559	74	176	176
2303	2559	2559	91	139	139
2559	2559	2559	109	109	109
2815	2559	2559	128	84	84
3071	2559	2559	147	64	64
3327	2559	2559	167	47	47
3583	2559	2559	187	33	33
3839	2559	2559	208	23	23
4095	2559	2559	229	15	15
0	2815	2559	0	1817	1760
256	2815	2559	0	976	935
512	2815	2559	0	735	700
768	2815	2559	2	579	548
1024	2815	2559	7	464	437
1280	2815	2559	14	376	351
1536	2815	2559	24	305	283
1792	2815	2559	36	247	228
2048	2815	2559	48	200	183
2303	2815	2559	62	160	145
2559	2815	2559	77	128	114
2815	2815	2559	92	100	89
3071	2815	2559	109	78	68
3327	2815	2559	125	59	50
3583	2815	2559	143	43	36
3839	2815	2559	161	31	25
4095	2815	2559	179	21	16
0	3071	2559	0	1897	1783
256	3071	2559	0	1033	951
512	3071	2559	0	784	714
768	3071	2559	0	621	560
1024	3071	2559	1	502	448
1280	3071	2559	6	409	361
1536	3071	2559	12	335	292
1792	3071	2559	20	274	236
2048	3071	2559	29	224	189
2303	3071	2559	40	182	151
2559	3071	2559	52	147	120
2815	3071	2559	64	117	93
3071	3071	2559	78	92	71
3327	3071	2559	92	71	54
3583	3071	2559	107	54	39
3839	3071	2559	122	40	27
4095	3071	2559	138	29	18
0	3327	2559	0	1974	1805
256	3327	2559	0	1088	967
512	3327	2559	0	832	727
768	3327	2559	0	664	572
1024	3327	2559	0	540	458
1280	3327	2559	1	443	370
1536	3327	2559	4	366	300
1792	3327	2559	9	302	243
2048	3327	2559	16	249	196
2303	3327	2559	24	204	157
2559	3327	2559	33	166	125
2815	3327	2559	43	135	98
3071	3327	2559	54	108	75
3327	3327	2559	65	85	57
3583	3327	2559	78	66	42
3839	3327	2559	91	50	30
4095	3327	2559	104	37	20
0	3583	2559	0	2050	1826
256	3583	2559	0	1144	982
512	3583	2559	0	879	740
768	3583	2559	0	706	583
1024	3583	2559	0	578	468
1280	3583	2559	0	477	379
1536	3583	2559	1	396	308
1792	3583	2559	3	329	250
2048	3583	2559	7	273	202
2303	3583	2559	12	227	163
2559	3583	2559	19	187	130
2815	3583	2559	26	153	102
3071	3583	2559	35	124	79
3327	3583	2559	44	99	60
3583	3583	2559	54	78	45
3839	3583	2559	65	61	32
4095	3583	2559	76	46	22
0	3839	2559	0	2125	1847
256	3839	2559	0	1198	997
512	3839	2559	0	927	753
768	3839	2559	0	748	594
1024	3839	2559	0	615	478
1280	3839	2559	0	511	388
1536	3839	2559	0	427	316
1792	3839	2559	0	357	257
2048	3839	2559	2	299	209
2303	3839	2559	5	249	168
2559	3839	2559	9	207	135
2815	3839	2559	15	171	106
3071	3839	2559	21	140	83
3327	3839	2559	28	114	63
3583	3839	2559	36	91	47
3839	3839	2559	45	72	34
4095	3839	2559	54	56	24
0	4095	2559	0	2198	1867
256	4095	2559	0	1252	1011
512	4095	2559	0	973	765
768	4095	2559	0	790	605
1024	4095	2559	0	653	488
1280	4095	2559	0	545	397
1536	4095	2559	0	458	324
1792	4095	2559	0	385	264
2048	4095	2559	0	324	215
2303	4095	2559	1	272	174
2559	4095	2559	3	228	139
2815	4095	2559	7	190	111
3071	4095	2559	11	157	87
3327	4095	2559	16	129	67
3583	4095	2559	22	105	50
3839	4095	2559	29	84	37
4095	4095	2559	37	66	26
0	0	2815	841	349	1156
256	0	2815	1333	69	524
512	0	2815	1547	22	356
768	0	2815	1718	5	254
1024	0	2815	1868	0	183
1280	0	2815	2004	0	131
1536	0	2815	2131	0	93
1792	0	2815	2250	0	64
2048	0	2815	2363	0	42
2303	0	2815	2471	0	26
2559	0	2815	2575	0	15
2815	0	2815	2677	0	7
3071	0	2815	2775	0	3
3327	0	2815	2870	0	1
3583	0	2815	2964	0	0
3839	0	2815	3055	0	0
4095	0	2815	3145	0	0
0	256	2815	216	672	1313
256	256	2815	476	229	627
512	256	2815	600	127	441
768	256	2815	704	72	325
1024	256	2815	798	39	243
1280	256	2815	884	19	182
1536	256	2815	966	7	135
1792	256	2815	1043	2	99
2048	256	2815	1118	0	71
2303	256	2815	1190	0	50
2559	256	2815	1261	0	33
2815	256	2815	1330	0	21
3071	256	2815	1397	0	12
3327	256	2815	1463	0	6
3583	256	2815	1528	0	2
3839	256	2815	1592	0	0
4095	256	2815	1655	0	0
0	512	2815	93	820	1374
256	512	2815	274	314	668
512	512	2815	369	191	475
768	512	2815	449	120	354
1024	512	2815	523	75	267
1280	512	2815	592	44	203
1536	512	2815	657	24	153
1792	512	2815	721	12	114
2048	512	2815	782	4	84
2303	512	2815	842	1	60
2559	512	2815	900	0	42
2815	512	2815	958	0	27
3071	512	2815	1014	0	17
3327	512	2815	1070	0	9
3583	512	2815	1124	0	4
3839	512	2815	1178	0	1
4095	512	2815	1232	0	0
0	768	2815	36	942	1421
256	768	2815	162	388	700
512	768	2815	234	248	501
768	768	2815	298	165	376
1024	768	2815	357	110	287
1280	768	2815	414	72	220
1536	768	2815	468	45	168
1792	768	2815	521	26	127
2048	768	2815	573	14	94
2303	768	2815	623	6	69
2559	768	2815	673	2	49
2815	768	2815	722	0	33
3071	768	2815	770	0	21
3327	768	2815	818	0	13
3583	768	2815	866	0	7
3839	768	2815	913	0	3
4095	768	2815	959	0	1
0	1024	2815	10	1051	1461
256	1024	2815	93	456	727
512	1024	2815	148	302	524
768	1024	2815	198	209	395
1024	1024	2815	246	145	303
1280	1024	2815	292	100	234
1536	1024	2815	337	67	180
1792	1024	2815	382	44	137
2048	1024	2815	425	26	104
2303	1024	2815	468	15	77
2559	1024	2815	511	7	55
2815	1024	2815	553	2	38
3071	1024	2815	595	0	26
3327	1024	2815	637	0	16
3583	1024	2815	679	0	9
3839	1024	2815	720	0	4
4095	1024	2815	761	0	1
0	1280	2815	1	1150	1495
256	1280	2815	49	520	750
512	1280	2815	89	353	544
768	1280	2815	128	251	412
1024	1280	2815	167	180	318
1280	1280	2815	204	129	247
1536	1280	2815	242	91	191
1792	1280	2815	279	62	147
2048	1280	2815	316	41	112
2303	1280	2815	353	26	84
2559	1280	2815	390	15	61
2815	1280	2815	426	7	43
3071	1280	2815	463	3	29
3327	1280	2815	499	0	19
3583	1280	2815	536	0	11
3839	1280	2815	572	0	6
4095	1280	2815	608	0	2
0	1536	2815	0	1244	1527
256	1536	2815	22	581	772
512	1536	2815	50	403	562
768	1536	2815	80	293	428
1024	1536	2815	110	215	332
1280	1536	2815	140	159	259
1536	1536	2815	171	116	202
1792	1536	2815	202	83	156
2048	1536	2815	233	58	120
2303	1536	2815	265	39	90
2559	1536	2815	296	24	67
2815	1536	2815	328	14	48
3071	1536	2815	360	7	33
3327	1536	2815	391	3	22
3583	1536	2815	423	1	13
3839	1536	2815	455	0	7
4095	1536	2815	487	0	3
0	1792	2815	0	1332	1556
256	1792	2815	7	640	792
512	1792	2815	25	452	579
768	1792	2815	46	334	443
1024	1792	2815	69	250	344
1280	1792	2815	93	188	270
1536	1792	2815	118	141	211
1792	1792	2815	143	104	165
2048	1792	2815	169	75	127
2303	1792	2815	196	53	97
2559	1792	2815	223	36	72
2815	1792	2815	250	23	53
3071	1792	2815	277	13	37
3327	1792	2815	305	7	25
3583	1792	2815	333	3	16
3839	1792	2815	361	1	9
4095	1792	2815	389	0	4
0	2048	2815	0	1418	1583
256	2048	2815	1	697	811
512	2048	2815	10	499	595
768	2048	2815	24	374	456
1024	2048	2815	40	285	356
1280	2048	2815	58	218	280
1536	2048	2815	78	166	220
1792	2048	2815	99	126	173
2048	2048	2815	120	94	134
2303	2048	2815	142	68	103
2559	2048	2815	165	48	77
2815	2048	2815	188	33	57
3071	2048	2815	212	21	41
3327	2048	2815	236	12	28
3583	2048	2815	260	6	18
3839	2048	2815	285	3	11
4095	2048	2815	310	1	5
0	2303	2815	0	1499	1609
256	2303	2815	0	753	829
512	2303	2815	2	546	610
768	2303	2815	10	414	469
1024	2303	2815	21	320	368
1280	2303	2815	34	248	290
1536	2303	2815	49	192	229
1792	2303	2815	65	148	180
2048	2303	2815	82	113	141
2303	2303	2815	101	85	109
2559	2303	2815	119	62	82
2815	2303	2815	139	44	61
3071	2303	2815	159	30	44
3327	2303	2815	180	19	31
3583	2303	2815	201	11	20
3839	2303	2815	222	6	12
4095	2303	2815	244	2	7
0	2559	2815	0	1579	1633
256	2559	2815	0	808	846
512	2559	2815	0	592	624
768	2559	2815	2	454	482
1024	2559	2815	9	355	379
1280	2559	2815	17	279	300
1536	2559	2815	28	219	238
1792	2559	2815	40	171	188
2048	2559	2815	54	133	147
2303	2559	2815	68	102	114
2559	2559	2815	84	77	87
2815	2559	2815	100	56	65
3071	2559	2815	117	40	48
3327	2559	2815	134	27	33
3583	2559	2815	152	17	22
3839	2559	2815	171	10	14
4095	2559	2815	190	5	8
0	2815	2815	0	1656	1656
256	2815	2815	0	862	862
512	2815	2815	0	638	638
768	2815	2815	0	494	494
1024	2815	2815	2	389	389
1280	2815	2815	7	309	309
1536	2815	2815	14	246	246
1792	2815	2815	23	195	195
2048	2815	2815	33	153	153
2303	2815	2815	44	120	120
2559	2815	2815	56	92	92
2815	2815	2815	69	69	69
3071	2815	2815	83	51	51
3327	2815	2815	98	36	36
3583	2815	2815	113	25	25
3839	2815	2815	129	16	16
4095	2815	2815	145	9	9
0	3071	2815	0	1732	1678
256	3071	2815	0	915	878
512	3071	2815	0	683	651
768	3071	2815	0	533	505
1024	3071	2815	0	424	399
1280	3071	2815	2	340	318
1536	3071	2815	5	273	254
1792	3071	2815	11	219	202
2048	3071	2815	18	175	160
2303	3071	2815	26	138	125
2559	3071	2815	35	108	97
2815	3071	2815	46	83	73
3071	3071	2815	57	63	54
3327	3071	2815	69	46	39
3583	3071	2815	82	33	27
3839	3071	2815	95	22	18
4095	3071	2815	109	14	11
0	3327	2815	0	1805	1700
256	3327	2815	0	967	893
512	3327	2815	0	728	664
768	3327	2815	0	572	516
1024	3327	2815	0	458	409
1280	3327	2815	0	371	327
1536	3327	2815	1	300	261
1792	3327	2815	4	243	209
2048	3327	2815	8	196	166
2303	3327	2815	14	157	130
2559	3327	2815	20	125	101
2815	3327	2815	28	98	77
3071	3327	2815	37	75	58
3327	3327	2815	46	57	42
3583	3327	2815	57	42	29
3839	3327	2815	68	30	19
4095	3327	2815	79	20	12
0	3583	2815	0	1878	1720
256	3583	2815	0	1019	907
512	3583	2815	0	772	676
768	3583	2815	0	611	527
1024	3583	2815	0	493	419
1280	3583	2815	0	401	335
1536	3583	2815	0	328	269
1792	3583	2815	1	268	215
2048	3583	2815	2	218	171
2303	3583	2815	6	177	135
2559	3583	2815	10	142	106
2815	3583	2815	16	113	81
3071	3583	2815	22	89	61
3327	3583	2815	29	68	45
3583	3583	2815	37	52	32
3839	3583	2815	46	38	21
4095	3583	2815	56	27	13
0	3839	2815	0	1949	1740
256	3839	2815	0	1070	921
512	3839	2815	0	816	688
768	3839	2815	0	650	538
1024	3839	2815	0	528	428
1280	3839	2815	0	432	343
1536	3839	2815	0	356	276
1792	3839	2815	0	293	222
2048	3839	2815	0	240	177
2303	3839	2815	1	197	140
2559	3839	2815	4	160	110
2815	3839	2815	7	129	85
3071	3839	2815	11	103	64
3327	3839	2815	17	80	47
3583	3839	2815	23	62	34
3839	3839	2815	30	47	23
4095	3839	2815	37	34	15
0	4095	2815	0	2019	1760
256	4095	2815	0	1121	935
512	4095	2815	0	860	700
768	4095	2815	0	689	548
1024	4095	2815	0	562	437
1280	4095	2815	0	463	351
1536	4095	2815	0	384	283
1792	4095	2815	0	318	228
2048	4095	2815	0	263	183
2303	4095	2815	0	217	145
2559	4095	2815	1	178	114
2815	4095	2815	2	145	89
3071	4095	2815	5	117	68
3327	4095	2815	8	93	50
3583	4095	2815	12	73	36
3839	4095	2815	17	56	25
4095	4095	2815	23	42	16
0	0	3071	764	289	1078
256	0	3071	1234	45	473
512	0	3071	1439	10	316
768	0	3071	1604	1	220
1024	0	3071	1749	0	155
1280	0	3071	1880	0	108
1536	0	3071	2002	0	74
1792	0	3071	2117	0	48
2048	0	3071	2227	0	30
2303	0	3071	2331	0	17
2559	0	3071	2433	0	9
2815	0	3071	2531	0	3
3071	0	3071	2626	0	1
3327	0	3071	2719	0	0
3583	0	3071	2810	0	0
3839	0	3071	2898	0	0
4095	0	3071	2985	0	0
0	256	3071	180	584	1229
256	256	3071	420	181	572
512	256	3071	537	93	395
768	256	3071	635	48	286
1024	256	3071	723	22	210
1280	256	3071	805	8	154
1536	256	3071	883	2	112
1792	256	3071	957	0	79
2048	256	3071	1028	0	55
2303	256	3071	1097	0	36
2559	256	3071	1165	0	23
2815	256	3071	1231	0	13
3071	256	3071	1295	0	6
3327	256	3071	1359	0	2
3583	256	3071	1421	0	0
3839	256	3071	1482	0	0
4095	256	3071	1543	0	0
0	512	3071	71	722	1288
256	512	3071	233	257	611
512	512	3071	320	148	427
768	512	3071	395	87	313
1024	512	3071	464	50	233
1280	512	3071	529	26	173
1536	512	3071	591	12	128
1792	512	3071	650	4	93
2048	512	3071	708	0	66
2303	512	3071	765	0	45
2559	512	3071	821	0	30
2815	512	3071	875	0	18
3071	512	3071	929	0	10
3327	512	3071	982	0	5
3583	512	3071	1034	0	1
3839	512	3071	1086	0	0
4095	512	3071	1137	0	0
0	768	3071	24	836	1333
256	768	3071	132	324	641
512	768	3071	197	198	452
768	768	3071	255	126	334
1024	768	3071	310	79	251
1280	768	3071	362	48	189
1536	768	3071	413	27	141
1792	768	3071	462	13	104
2048	768	3071	511	5	75
2303	768	3071	558	1	53
2559	768	3071	605	0	36
2815	768	3071	651	0	23
3071	768	3071	697	0	13
3327	768	3071	743	0	7
3583	768	3071	788	0	3
3839	768	3071	832	0	1
4095	768	3071	877	0	0
0	1024	3071	4	938	1371
256	1024	3071	71	385	666
512	1024	3071	119	246	473
768	1024	3071	164	163	352
1024	1024	3071	207	109	266
1280	1024	3071	250	71	202
1536	1024	3071	291	44	152
1792	1024	3071	332	26	114
2048	1024	3071	373	13	83
2303	1024	3071	413	6	60
2559	1024	3071	453	1	41
2815	1024	3071	493	0	27
3071	1024	3071	532	0	17
3327	1024	3071	572	0	9
3583	1024	3071	611	0	4
3839	1024	3071	650	0	1
4095	1024	3071	688	0	0
0	1280	3071	0	1031	1405
256	1280	3071	34	444	689
512	1280	3071	68	292	492
768	1280	3071	102	201	368
1024	1280	3071	136	139	280
1280	1280	3071	170	95	214
1536	1280	3071	204	63	163
1792	1280	3071	238	40	122
2048	1280	3071	272	24	91
2303	1280	3071	306	13	66
2559	1280	3071	340	6	46
2815	1280	3071	374	2	31
3071	1280	3071	408	0	20
3327	1280	3071	442	0	11
3583	1280	3071	476	0	6
3839	1280	3071	510	0	2
4095	1280	3071	544	0	0
0	1536	3071	0	1120	1436
256	1536	3071	13	500	710
512	1536	3071	35	337	510
768	1536	3071	60	238	383
1024	1536	3071	86	169	293
1280	1536	3071	112	120	225
1536	1536	3071	140	83	172
1792	1536	3071	168	56	131
2048	1536	3071	196	36	98
2303	1536	3071	225	22	72
2559	1536	3071	253	12	51
2815	1536	3071	283	5	35
3071	1536	3071	312	2	23
3327	1536	3071	341	0	14
3583	1536	3071	371	0	7
3839	1536	3071	401	0	3
4095	1536	3071	431	0	1
0	1792	3071	0	1203	1464
256	1792	3071	3	554	729
512	1792	3071	15	381	526
768	1792	3071	31	275	397
1024	1792	3071	50	200	305
1280	1792	3071	71	146	235
1536	1792	3071	93	105	181
1792	1792	3071	115	74	138
2048	1792	3071	138	50	104
2303	1792	3071	162	33	77
2559	1792	3071	186	20	56
2815	1792	3071	211	11	39
3071	1792	3071	236	5	26
3327	1792	3071	262	1	16
3583	1792	3071	287	0	9
3839	1792	3071	313	0	4
4095	1792	3071	340	0	1
0	2048	3071	0	1284	1490
256	2048	3071	0	608	747
512	2048	3071	4	425	541
768	2048	3071	14	311	410
1024	2048	3071	27	231	316
1280	2048	3071	42	172	245
1536	2048	3071	58	127	189
1792	2048	3071	76	92	146
2048	2048	3071	95	65	111
2303	2048	3071	114	45	83
2559	2048	3071	134	29	60
2815	2048	3071	155	18	43
3071	2048	3071	176	10	29
3327	2048	3071	198	4	18
3583	2048	3071	220	1	11
3839	2048	3071	243	0	5
4095	2048	3071	266	0	2
0	2303	3071	0	1361	1515
256	2303	3071	0	659	764
512	2303	3071	0	468	555
768	2303	3071	4	347	422
1024	2303	3071	12	262	326
1280	2303	3071	22	198	254
1536	2303	3071	34	149	198
1792	2303	3071	47	111	153
2048	2303	3071	62	81	117
2303	2303	3071	77	58	88
2559	2303	3071	94	40	65
2815	2303	3071	111	26	46
3071	2303	3071	129	16	32
3327	2303	3071	148	8	21
3583	2303	3071	167	4	12
3839	2303	3071	186	1	7
4095	2303	3071	206	0	3
0	2559	3071	0	1437	1538
256	2559	3071	0	711	780
512	2559	3071	0	510	569
768	2559	3071	0	384	434
1024	2559	3071	3	293	337
1280	2559	3071	9	225	263
1536	2559	3071	17	172	205
1792	2559	3071	27	131	159
2048	2559	3071	38	98	123
2303	2559	3071	50	72	93
2559	2559	3071	63	51	69
2815	2559	3071	77	35	50
3071	2559	3071	92	23	35
3327	2559	3071	107	14	23
3583	2559	3071	123	7	14
3839	2559	3071	140	3	8
4095	2559	3071	157	1	4
0	2815	3071	0	1510	1561
256	2815	3071	0	761	796
512	2815	3071	0	552	582
768	2815	3071	0	420	445
1024	2815	3071	0	325	347
1280	2815	3071	2	252	272
1536	2815	3071	7	196	213
1792	2815	3071	13	151	166
2048	2815	3071	21	116	128
2303	2815	3071	30	87	98
2559	2815	3071	40	64	73
2815	2815	3071	51	46	53
3071	2815	3071	63	31	38
3327	2815	3071	75	20	25
3583	2815	3071	89	12	16
3839	2815	3071	102	6	9
4095	2815	3071	117	3	4
0	3071	3071	0	1582	1582
256	3071	3071	0	810	810
512	3071	3071	0	594	594
768	3071	3071	0	456	456
1024	3071	3071	0	356	356
1280	3071	3071	0	280	280
1536	3071	3071	2	220	220
1792	3071	3071	5	172	172
2048	3071	3071	10	134	134
2303	3071	3071	16	103	103
2559	3071	3071	23	77	77
2815	3071	3071	31	57	57
3071	3071	3071	40	40	40
3327	3071	3071	51	28	28
3583	3071	3071	61	18	18
3839	3071	3071	73	10	10
4095	3071	3071	85	5	5
0	3327	3071	0	1652	1603
256	3327	3071	0	860	825
512	3327	3071	0	636	606
768	3327	3071	0	492	466
1024	3327	3071	0	388	365
1280	3327	3071	0	308	288
1536	3327	3071	0	245	227
1792	3327	3071	1	194	179
2048	3327	3071	3	152	139
2303	3327	3071	7	119	107
2559	3327	3071	11	91	81
2815	3327	3071	17	69	60
3071	3327	3071	24	50	43
3327	3327	3071	32	36	30
3583	3327	3071	40	24	20
3839	3327	3071	49	16	12
4095	3327	3071	59	9	6
0	3583	3071	0	1721	1623
256	3583	3071	0	908	839
512	3583	3071	0	677	618
768	3583	3071	0	528	477
1024	3583	3071	0	419	374
1280	3583	3071	0	336	296
1536	3583	3071	0	269	234
1792	3583	3071	0	216	185
2048	3583	3071	0	172	145
2303	3583	3071	2	136	112
2559	3583	3071	4	106	85
2815	3583	3071	8	81	64
3071	3583	3071	13	61	46
3327	3583	3071	18	45	32
3583	3583	3071	25	32	21
3839	3583	3071	32	21	13
4095	3583	3071	39	13	7
0	3839	3071	0	1789	1642
256	3839	3071	0	956	852
512	3839	3071	0	718	630
768	3839	3071	0	564	487
1024	3839	3071	0	451	383
1280	3839	3071	0	364	304
1536	3839	3071	0	294	241
1792	3839	3071	0	238	191
2048	3839	3071	0	191	150
2303	3839	3071	0	153	116
2559	3839	3071	1	121	89
2815	3839	3071	3	95	67
3071	3839	3071	5	73	49
3327	3839	3071	9	55	35
3583	3839	3071	13	40	23
3839	3839	3071	19	28	15
4095	3839	3071	24	19	8
0	4095	3071	0	1856	1661
256	4095	3071	0	1004	866
512	4095	3071	0	759	641
768	4095	3071	0	599	496
1024	4095	3071	0	483	391
1280	4095	3071	0	392	311
1536	4095	3071	0	320	248
1792	4095	3071	0	260	196
2048	4095	3071	0	211	155
2303	4095	3071	0	171	121
2559	4095	3071	0	137	93
2815	4095	3071	0	108	70
3071	4095	3071	1	85	52
3327	4095	3071	3	65	37
3583	4095	3071	6	49	25
3839	4095	3071	9	35	16
4095	4095	3071	14	25	10
0	0	3327	694	236	1006
256	0	3327	1143	28	428
512	0	3327	1340	4	279
768	0	3327	1499	0	190
1024	0	3327	1638	0	130
1280	0	3327	1765	0	88
1536	0	3327	1883	0	58
1792	0	3327	1995	0	36
2048	0	3327	2101	0	21
2303	0	3327	2202	0	11
2559	0	3327	2301	0	4
2815	0	3327	2396	0	1
3071	0	3327	2488	0	0
3327	0	3327	2578	0	0
3583	0	3327	2667	0	0
3839	0	3327	2753	0	0
4095	0	3327	2837	0	0
0	256	3327	149	506	1152
256	256	3327	370	141	521
512	256	3327	480	66	354
768	256	3327	572	29	252
1024	256	3327	656	11	181
1280	256	3327	734	2	130
1536	256	3327	807	0	91
1792	256	3327	878	0	63
2048	256	3327	946	0	41
2303	256	3327	1012	0	26
2559	256	3327	1077	0	15
2815	256	3327	1140	0	7
3071	256	3327	1202	0	3
3327	256	3327	1263	0	0
3583	256	3327	1323	0	0
3839	256	3327	1382	0	0
4095	256	3327	1440	0	0
0	512	3327	53	634	1209
256	512	3327	198	208	558
512	512	3327	278	113	384
768	512	3327	347	61	277
1024	512	3327	411	31	202
1280	512	3327	472	14	147
1536	512	3327	530	4	106
1792	512	3327	587	0	75
2048	512	3327	642	0	51
2303	512	3327	695	0	33
2559	512	3327	748	0	20
2815	512	3327	800	0	11
3071	512	3327	851	0	5
3327	512	3327	902	0	2
3583	512	3327	952	0	0
3839	512	3327	1001	0	0
4095	512	3327	1050	0	0
0	768	3327	14	741	1252
256	768	3327	106	268	587
512	768	3327	164	156	408
768	768	3327	218	93	297
1024	768	3327	268	54	219
1280	768	3327	316	29	161
1536	768	3327	364	14	118
1792	768	3327	410	5	85
2048	768	3327	455	1	59
2303	768	3327	500	0	40
2559	768	3327	544	0	25
2815	768	3327	588	0	15
3071	768	3327	631	0	8
3327	768	3327	674	0	3
3583	768	3327	717	0	1
3839	768	3327	759	0	0
4095	768	3327	802	0	0
0	1024	3327	1	836	1289
256	1024	3327	53	324	611
512	1024	3327	94	198	428
768	1024	3327	135	126	314
1024	1024	3327	174	79	233
1280	1024	3327	213	48	174
1536	1024	3327	251	27	128
1792	1024	3327	289	13	93
2048	1024	3327	326	5	66
2303	1024	3327	364	1	46
2559	1024	3327	401	0	30
2815	1024	3327	438	0	18
3071	1024	3327	475	0	10
3327	1024	3327	512	0	5
3583	1024	3327	549	0	1
3839	1024	3327	586	0	0
4095	1024	3327	623	0	0
0	1280	3327	0	924	1322
256	1280	3327	22	377	633
512	1280	3327	50	240	446
768	1280	3327	80	158	329
1024	1280	3327	110	105	246
1280	1280	3327	140	67	185
1536	1280	3327	171	42	138
1792	1280	3327	202	24	101
2048	1280	3327	233	12	73
2303	1280	3327	264	5	51
2559	1280	3327	296	1	34
2815	1280	3327	327	0	22
3071	1280	3327	359	0	12
3327	1280	3327	391	0	6
3583	1280	3327	423	0	2
3839	1280	3327	455	0	0
4095	1280	3327	487	0	0
0	1536	3327	0	1007	1351
256	1536	3327	6	429	653
512	1536	3327	23	280	462
768	1536	3327	43	191	343
1024	1536	3327	65	131	258
1280	1536	3327	89	88	195
1536	1536	3327	113	58	146
1792	1536	3327	138	36	109
2048	1536	3327	164	21	79
2303	1536	3327	190	11	56
2559	1536	3327	216	4	38
2815	1536	3327	243	1	25
3071	1536	3327	270	0	15
3327	1536	3327	297	0	8
3583	1536	3327	325	0	3
3839	1536	3327	352	0	1
4095	1536	3327	380	0	0
0	1792	3327	0	1087	1378
256	1792	3327	0	479	671
512	1792	3327	8	320	477
768	1792	3327	20	224	355
1024	1792	3327	36	158	269
1280	1792	3327	53	110	204
1536	1792	3327	72	76	154
1792	1792	3327	91	50	116
2048	1792	3327	112	31	85
2303	1792	3327	133	18	61
2559	1792	3327	155	9	42
2815	1792	3327	177	4	28
3071	1792	3327	200	1	17
3327	1792	3327	224	0	10
3583	1792	3327	247	0	4
3839	1792	3327	271	0	1
4095	1792	3327	295	0	0
0	2048	3327	0	1163	1404
256	2048	3327	0	528	688
512	2048	3327	1	360	492
768	2048	3327	7	257	368
1024	2048	3327	17	185	280
1280	2048	3327	28	133	213
1536	2048	3327	42	94	162
1792	2048	3327	57	65	122
2048	2048	3327	73	43	91
2303	2048	3327	90	27	66
2559	2048	3327	108	16	46
2815	2048	3327	127	8	31
3071	2048	3327	146	3	20
3327	2048	3327	166	1	11
3583	2048	3327	186	0	6
3839	2048	3327	206	0	2
4095	2048	3327	227	0	0
0	2303	3327	0	1236	1428
256	2303	3327	0	576	704
512	2303	3327	0	399	505
768	2303	3327	1	289	379
1024	2303	3327	6	213	289
1280	2303	3327	13	156	222
1536	2303	3327	22	114	170
1792	2303	3327	33	81	129
2048	2303	3327	45	56	96
2303	2303	3327	58	37	70
2559	2303	3327	73	23	50
2815	2303	3327	88	13	34
3071	2303	3327	104	7	22
3327	2303	3327	120	2	13
3583	2303	3327	137	0	7
3839	2303	3327	155	0	3
4095	2303	3327	173	0	1
0	2559	3327	0	1308	1451
256	2559	3327	0	624	720
512	2559	3327	0	438	518
768	2559	3327	0	322	390
1024	2559	3327	1	241	299
1280	2559	3327	4	180	230
1536	2559	3327	9	134	177
1792	2559	3327	17	98	135
2048	2559	3327	25	70	101
2303	2559	3327	35	49	75
2559	2559	3327	46	32	54
2815	2559	3327	58	20	37
3071	2559	3327	71	11	24
3327	2559	3327	84	5	15
3583	2559	3327	98	2	8
3839	2559	3327	113	0	4
4095	2559	3327	128	0	1
0	2815	3327	0	1378	1472
256	2815	3327	0	671	735
512	2815	3327	0	477	531
768	2815	3327	0	355	401
1024	2815	3327	0	269	308
1280	2815	3327	0	204	238
1536	2815	3327	3	154	184
1792	2815	3327	7	115	141
2048	2815	3327	12	85	106
2303	2815	3327	19	61	79
2559	2815	3327	27	42	57
2815	2815	3327	36	28	40
3071	2815	3327	46	17	27
3327	2815	3327	57	10	17
3583	2815	3327	68	4	10
3839	2815	3327	80	1	5
4095	2815	3327	93	0	2
0	3071	3327	0	1446	1493
256	3071	3327	0	717	749
512	3071	3327	0	516	542
768	3071	3327	0	388	411
1024	3071	3327	0	297	317
1280	3071	3327	0	229	246
1536	3071	3327	0	175	191
1792	3071	3327	1	134	147
2048	3071	3327	4	100	111
2303	3071	3327	8	74	83
2559	3071	3327	14	53	61
2815	3071	3327	20	37	43
3071	3071	3327	27	24	29
3327	3071	3327	36	15	19
3583	3071	3327	45	8	11
3839	3071	3327	54	4	6
4095	3071	3327	65	1	2
0	3327	3327	0	1513	1513
256	3327	3327	0	763	763
512	3327	3327	0	554	554
768	3327	3327	0	421	421
1024	3327	3327	0	326	326
1280	3327	3327	0	254	254
1536	3327	3327	0	197	197
1792	3327	3327	0	152	152
2048	3327	3327	1	116	116
2303	3327	3327	2	88	88
2559	3327	3327	5	64	64
2815	3327	3327	10	46	46
3071	3327	3327	15	32	32
3327	3327	3327	21	21	21
3583	3327	3327	27	12	12
3839	3327	3327	35	6	6
4095	3327	3327	43	3	3
0	3583	3327	0	1579	1533
256	3583	3327	0	808	776
512	3583	3327	0	592	565
768	3583	3327	0	454	431
1024	3583	3327	0	355	334
1280	3583	3327	0	279	261
1536	3583	3327	0	219	203
1792	3583	3327	0	171	158
2048	3583	3327	0	133	121
2303	3583	3327	0	102	92
2559	3583	3327	1	77	68
2815	3583	3327	3	56	49
3071	3583	3327	6	40	34
3327	3583	3327	10	27	22
3583	3583	3327	15	18	14
3839	3583	3327	20	10	8
4095	3583	3327	27	5	3
0	3839	3327	0	1644	1551
256	3839	3327	0	853	789
512	3839	3327	0	630	576
768	3839	3327	0	487	440
1024	3839	3327	0	384	342
1280	3839	3327	0	304	268
1536	3839	3327	0	241	210
1792	3839	3327	0	191	163
2048	3839	3327	0	150	126
2303	3839	3327	0	117	96
2559	3839	3327	0	89	71
2815	3839	3327	0	67	52
3071	3839	3327	2	49	36
3327	3839	3327	4	35	24
3583	3839	3327	7	23	15
3839	3839	3327	10	15	9
4095	3839	3327	15	9	4
0	4095	3327	0	1708	1570
256	4095	3327	0	898	802
512	4095	3327	0	669	587
768	4095	3327	0	520	450
1024	4095	3327	0	413	351
1280	4095	3327	0	330	275
1536	4095	3327	0	264	216
1792	4095	3327	0	211	169
2048	4095	3327	0	168	131
2303	4095	3327	0	132	100
2559	4095	3327	0	103	75
2815	4095	3327	0	79	55
3071	4095	3327	0	59	39
3327	4095	3327	1	43	26
3583	4095	3327	2	30	17
3839	4095	3327	4	20	10
4095	4095	3327	7	13	5
0	0	3583	631	192	940
256	0	3583	1059	15	386
512	0	3583	1249	0	247
768	0	3583	1402	0	164
1024	0	3583	1537	0	109
1280	0	3583	1659	0	71
1536	0	3583	1773	0	44
1792	0	3583	1881	0	26
2048	0	3583	1984	0	13
2303	0	3583	2082	0	6
2559	0	3583	2178	0	2
2815	0	3583	2270	0	0
3071	0	3583	2360	0	0
3327	0	3583	2448	0	0
3583	0	3583	2533	0	0
3839	0	3583	2617	0	0
4095	0	3583	2699	0	0
0	256	3583	123	437	1080
256	256	3583	326	108	475
512	256	3583	428	45	317
768	256	3583	516	16	221
1024	256	3583	595	4	156
1280	256	3583	668	0	109
1536	256	3583	739	0	74
1792	256	3583	806	0	49
2048	256	3583	871	0	30
2303	256	3583	934	0	18
2559	256	3583	996	0	9
2815	256	3583	1057	0	3
3071	256	3583	1116	0	1
3327	256	3583	1175	0	0
3583	256	3583	1232	0	0
3839	256	3583	1289	0	0
4095	256	3583	1345	0	0
0	512	3583	38	556	1135
256	512	3583	166	167	510
512	512	3583	240	83	345
768	512	3583	304	41	245
1024	512	3583	364	18	175
1280	512	3583	421	6	125
1536	512	3583	476	1	87
1792	512	3583	529	0	59
2048	512	3583	581	0	39
2303	512	3583	632	0	24
2559	512	3583	682	0	13
2815	512	3583	732	0	6
3071	512	3583	781	0	2
3327	512	3583	829	0	0
3583	512	3583	876	0	0
3839	512	3583	924	0	0
4095	512	3583	971	0	0
0	768	3583	8	655	1177
256	768	3583	84	220	537
512	768	3583	136	121	368
768	768	3583	185	67	263
1024	768	3583	231	35	190
1280	768	3583	276	16	137
1536	768	3583	320	6	98
1792	768	3583	363	1	68
2048	768	3583	405	0	46
2303	768	3583	447	0	29
2559	768	3583	489	0	17
2815	768	3583	530	0	9
3071	768	3583	571	0	4
3327	768	3583	612	0	1
3583	768	3583	653	0	0
3839	768	3583	693	0	0
4095	768	3583	733	0	0
0	1024	3583	0	745	1213
256	1024	3583	38	270	561
512	1024	3583	74	158	386
768	1024	3583	109	95	279
1024	1024	3583	145	55	204
1280	1024	3583	180	30	149
1536	1024	3583	215	14	107
1792	1024	3583	250	5	76
2048	1024	3583	285	1	52
2303	1024	3583	320	0	34
2559	1024	3583	355	0	21
2815	1024	3583	389	0	11
3071	1024	3583	424	0	5
3327	1024	3583	459	0	2
3583	1024	3583	494	0	0
3839	1024	3583	528	0	0
4095	1024	3583	563	0	0
0	1280	3583	0	828	1244
256	1280	3583	13	319	581
512	1280	3583	36	194	403
768	1280	3583	61	123	293
1024	1280	3583	87	77	216
1280	1280	3583	114	46	159
1536	1280	3583	142	25	116
1792	1280	3583	170	12	83
2048	1280	3583	199	5	58
2303	1280	3583	227	1	39
2559	1280	3583	257	0	24
2815	1280	3583	286	0	14
3071	1280	3583	315	0	7
3327	1280	3583	345	0	3
3583	1280	3583	375	0	1
3839	1280	3583	405	0	0
4095	1280	3583	435	0	0
0	1536	3583	0	906	1273
256	1536	3583	2	366	600
512	1536	3583	14	231	419
768	1536	3583	30	151	306
1024	1536	3583	49	99	227
1280	1536	3583	69	63	168
1536	1536	3583	90	38	124
1792	1536	3583	113	21	89
2048	1536	3583	136	10	63
2303	1536	3583	159	4	43
2559	1536	3583	183	1	28
2815	1536	3583	208	0	17
3071	1536	3583	233	0	9
3327	1536	3583	258	0	4
3583	1536	3583	283	0	1
3839	1536	3583	309	0	0
4095	1536	3583	335	0	0
0	1792	3583	0	981	1299
256	1792	3583	0	412	618
512	1792	3583	3	267	433
768	1792	3583	12	180	318
1024	1792	3583	24	122	237
1280	1792	3583	38	82	177
1536	1792	3583	54	53	131
1792	1792	3583	71	32	96
2048	1792	3583	89	18	68
2303	1792	3583	108	9	47
2559	1792	3583	128	3	31
2815	1792	3583	148	0	19
3071	1792	3583	169	0	11
3327	1792	3583	190	0	5
3583	1792	3583	212	0	2
3839	1792	3583	234	0	0
4095	1792	3583	256	0	0
0	2048	3583	0	1053	1324
256	2048	3583	0	457	634
512	2048	3583	0	303	447
768	2048	3583	3	210	330
1024	2048	3583	9	146	247
1280	2048	3583	18	101	185
1536	2048	3583	29	68	138
1792	2048	3583	42	44	102
2048	2048	3583	56	27	73
2303	2048	3583	70	15	51
2559	2048	3583	86	7	34
2815	2048	3583	102	2	22
3071	2048	3583	120	0	13
3327	2048	3583	137	0	6
3583	2048	3583	156	0	2
3839	2048	3583	174	0	0
4095	2048	3583	193	0	0
0	2303	3583	0	1123	1347
256	2303	3583	0	502	650
512	2303	3583	0	339	460
768	2303	3583	0	239	341
1024	2303	3583	2	171	256
1280	2303	3583	7	121	193
1536	2303	3583	13	84	145
1792	2303	3583	22	57	108
2048	2303	3583	32	37	78
2303	2303	3583	43	22	55
2559	2303	3583	55	12	38
2815	2303	3583	68	5	24
3071	2303	3583	82	2	14
3327	2303	3583	97	0	8
3583	2303	3583	112	0	3
3839	2303	3583	127	0	1
4095	2303	3583	144	0	0
0	2559	3583	0	1191	1369
256	2559	3583	0	546	665
512	2559	3583	0	375	472
768	2559	3583	0	269	351
1024	2559	3583	0	195	265
1280	2559	3583	1	142	201
1536	2559	3583	4	101	152
1792	2559	3583	9	71	113
2048	2559	3583	16	48	83
2303	2559	3583	24	31	59
2559	2559	3583	33	18	41
2815	2559	3583	43	10	27
3071	2559	3583	53	4	16
3327	2559	3583	65	1	9
3583	2559	3583	77	0	4
3839	2559	3583	90	0	1
4095	2559	3583	104	0	0
0	2815	3583	0	1257	1390
256	2815	3583	0	590	679
512	2815	3583	0	410	484
768	2815	3583	0	299	361
1024	2815	3583	0	221	274
1280	2815	3583	0	163	208
1536	2815	3583	0	119	158
1792	2815	3583	2	86	119
2048	2815	3583	6	60	87
2303	2815	3583	11	41	63
2559	2815	3583	17	26	44
2815	2815	3583	24	15	29
3071	2815	3583	32	8	18
3327	2815	3583	41	3	10
3583	2815	3583	51	1	5
3839	2815	3583	61	0	2
4095	2815	3583	73	0	0
0	3071	3583	0	1322	1410
256	3071	3583	0	633	693
512	3071	3583	0	446	495
768	3071	3583	0	329	371
1024	3071	3583	0	246	282
1280	3071	3583	0	185	216
1536	3071	3583	0	138	164
1792	3071	3583	0	101	124
2048	3071	3583	1	73	92
2303	3071	3583	4	51	67
2559	3071	3583	7	34	47
2815	3071	3583	12	22	32
3071	3071	3583	18	12	20
3327	3071	3583	24	6	12
3583	3071	3583	31	2	6
3839	3071	3583	40	0	2
4095	3071	3583	48	0	0
0	3327	3583	0	1386	1430
256	3327	3583	0	676	706
512	3327	3583	0	482	506
768	3327	3583	0	359	380
1024	3327	3583	0	272	290
1280	3327	3583	0	207	223
1536	3327	3583	0	157	170
1792	3327	3583	0	117	129
2048	3327	3583	0	87	96
2303	3327	3583	0	62	71
2559	3327	3583	2	43	50
2815	3327	3583	4	29	34
3071	3327	3583	8	18	22
3327	3327	3583	12	10	13
3583	3327	3583	17	5	7
3839	3327	3583	23	2	3
4095	3327	3583	30	0	1
0	3583	3583	0	1449	1449
256	3583	3583	0	719	719
512	3583	3583	0	517	517
768	3583	3583	0	389	389
1024	3583	3583	0	298	298
1280	3583	3583	0	230	230
1536	3583	3583	0	176	176
1792	3583	3583	0	134	134
2048	3583	3583	0	101	101
2303	3583	3583	0	74	74
2559	3583	3583	0	53	53
2815	3583	3583	1	37	37
3071	3583	3583	2	24	24
3327	3583	3583	5	15	15
3583	3583	3583	8	8	8
3839	3583	3583	12	4	4
4095	3583	3583	17	1	1
0	3839	3583	0	1511	1467
256	3839	3583	0	761	731
512	3839	3583	0	552	527
768	3839	3583	0	420	398
1024	3839	3583	0	325	306
1280	3839	3583	0	253	236
1536	3839	3583	0	196	182
1792	3839	3583	0	151	139
2048	3839	3583	0	116	105
2303	3839	3583	0	87	78
2559	3839	3583	0	64	56
2815	3839	3583	0	46	39
3071	3839	3583	0	31	26
3327	3839	3583	1	20	16
3583	3839	3583	3	12	9
3839	3839	3583	5	6	4
4095	3839	3583	8	3	1
0	4095	3583	0	1571	1485
256	4095	3583	0	803	743
512	4095	3583	0	588	538
768	4095	3583	0	450	407
1024	4095	3583	0	351	314
1280	4095	3583	0	276	243
1536	4095	3583	0	217	188
1792	4095	3583	0	169	144
2048	4095	3583	0	131	109
2303	4095	3583	0	100	82
2559	4095	3583	0	75	59
2815	4095	3583	0	55	42
3071	4095	3583	0	39	28
3327	4095	3583	0	26	18
3583	4095	3583	0	17	10
3839	4095	3583	1	10	5
4095	4095	3583	3	5	2
0	0	3839	573	153	878
256	0	3839	982	7	349
512	0	3839	1165	0	218
768	0	3839	1312	0	141
1024	0	3839	1442	0	91
1280	0	3839	1560	0	57
1536	0	3839	1671	0	33
1792	0	3839	1775	0	18
2048	0	3839	1875	0	8
2303	0	3839	1970	0	3
2559	0	3839	2063	0	0
2815	0	3839	2153	0	0
3071	0	3839	2240	0	0
3327	0	3839	2325	0	0
3583	0	3839	2408	0	0
3839	0	3839	2490	0	0
4095	0	3839	2570	0	0
0	256	3839	100	376	1014
256	256	3839	286	80	433
512	256	3839	382	28	283
768	256	3839	464	8	194
1024	256	3839	539	1	133
1280	256	3839	609	0	90
1536	256	3839	676	0	59
1792	256	3839	740	0	37
2048	256	3839	802	0	22
2303	256	3839	863	0	11
2559	256	3839	922	0	5
2815	256	3839	980	0	1
3071	256	3839	1037	0	0
3327	256	3839	1093	0	0
3583	256	3839	1149	0	0
3839	256	3839	1203	0	0
4095	256	3839	1257	0	0
0	512	3839	27	486	1067
256	512	3839	139	131	466
512	512	3839	206	60	310
768	512	3839	266	25	215
1024	512	3839	322	8	151
1280	512	3839	375	1	105
1536	512	3839	427	0	71
1792	512	3839	477	0	46
2048	512	3839	526	0	29
2303	512	3839	574	0	16
2559	512	3839	622	0	8
2815	512	3839	669	0	3
3071	512	3839	716	0	0
3327	512	3839	762	0	0
3583	512	3839	807	0	0
3839	512	3839	852	0	0
4095	512	3839	897	0	0
0	768	3839	3	579	1108
256	768	3839	66	178	492
512	768	3839	112	91	331
768	768	3839	156	46	233
1024	768	3839	198	21	165
1280	768	3839	239	8	116
1536	768	3839	280	1	81
1792	768	3839	320	0	54
2048	768	3839	360	0	34
2303	768	3839	400	0	21
2559	768	3839	439	0	11
2815	768	3839	478	0	5
3071	768	3839	517	0	1
3327	768	3839	555	0	0
3583	768	3839	594	0	0
3839	768	3839	632	0	0
4095	768	3839	670	0	0
0	1024	3839	0	662	1142
256	1024	3839	26	224	514
512	1024	3839	57	124	349
768	1024	3839	88	69	247
1024	1024	3839	120	37	177
1280	1024	3839	151	17	127
1536	1024	3839	183	6	89
1792	1024	3839	216	1	61
2048	1024	3839	248	0	40
2303	1024	3839	280	0	25
2559	1024	3839	313	0	14
2815	1024	3839	345	0	7
3071	1024	3839	378	0	2
3327	1024	3839	411	0	0
3583	1024	3839	443	0	0
3839	1024	3839	476	0	0
4095	1024	3839	509	0	0
0	1280	3839	0	740	1172
256	1280	3839	7	268	534
512	1280	3839	25	156	365
768	1280	3839	46	93	261
1024	1280	3839	68	54	189
1280	1280	3839	92	29	136
1536	1280	3839	117	14	97
1792	1280	3839	143	5	67
2048	1280	3839	169	1	45
2303	1280	3839	195	0	28
2559	1280	3839	222	0	17
2815	1280	3839	249	0	9
3071	1280	3839	276	0	3
3327	1280	3839	304	0	1
3583	1280	3839	332	0	0
3839	1280	3839	360	0	0
4095	1280	3839	388	0	0
0	1536	3839	0	814	1200
256	1536	3839	0	311	552
512	1536	3839	8	188	380
768	1536	3839	20	118	273
1024	1536	3839	35	73	199
1280	1536	3839	53	43	145
1536	1536	3839	71	23	104
1792	1536	3839	91	11	73
2048	1536	3839	111	4	50
2303	1536	3839	132	1	32
2559	1536	3839	154	0	19
2815	1536	3839	177	0	10
3071	1536	3839	200	0	5
3327	1536	3839	223	0	1
3583	1536	3839	246	0	0
3839	1536	3839	270	0	0
4095	1536	3839	295	0	0
0	1792	3839	0	885	1226
256	1792	3839	0	353	569
512	1792	3839	1	221	393
768	1792	3839	6	143	284
1024	1792	3839	15	93	209
1280	1792	3839	27	58	153
1536	1792	3839	40	35	111
1792	1792	3839	54	19	79
2048	1792	3839	70	9	54
2303	1792	3839	87	3	36
2559	1792	3839	104	0	22
2815	1792	3839	122	0	13
3071	1792	3839	141	0	6
3327	1792	3839	161	0	2
3583	1792	3839	180	0	0
3839	1792	3839	201	0	0
4095	1792	3839	221	0	0
0	2048	3839	0	953	1249
256	2048	3839	0	395	585
512	2048	3839	0	253	406
768	2048	3839	1	169	295
1024	2048	3839	4	113	218
1280	2048	3839	11	74	160
1536	2048	3839	19	47	117
1792	2048	3839	29	28	84
2048	2048	3839	41	15	59
2303	2048	3839	54	7	39
2559	2048	3839	67	2	25
2815	2048	3839	82	0	15
3071	2048	3839	97	0	7
3327	2048	3839	113	0	3
3583	2048	3839	129	0	1
3839	2048	3839	146	0	0
4095	2048	3839	164	0	0
0	2303	3839	0	1019	1272
256	2303	3839	0	436	600
512	2303	3839	0	286	418
768	2303	3839	0	196	306
1024	2303	3839	0	135	226
1280	2303	3839	3	92	168
1536	2303	3839	7	60	123
1792	2303	3839	14	38	89
2048	2303	3839	21	22	63
2303	2303	3839	30	12	43
2559	2303	3839	41	5	28
2815	2303	3839	52	1	17
3071	2303	3839	64	0	9
3327	2303	3839	76	0	4
3583	2303	3839	90	0	1
3839	2303	3839	104	0	0
4095	2303	3839	118	0	0
0	2559	3839	0	1084	1293
256	2559	3839	0	477	614
512	2559	3839	0	319	430
768	2559	3839	0	222	315
1024	2559	3839	0	157	235
1280	2559	3839	0	109	175
1536	2559	3839	1	75	129
1792	2559	3839	4	49	94
2048	2559	3839	9	31	67
2303	2559	3839	15	18	46
2559	2559	3839	22	9	30
2815	2559	3839	30	4	19
3071	2559	3839	39	1	10
3327	2559	3839	49	0	5
3583	2559	3839	60	0	2
3839	2559	3839	71	0	0
4095	2559	3839	83	0	0
0	2815	3839	0	1147	1314
256	2815	3839	0	517	627
512	2815	3839	0	351	441
768	2815	3839	0	249	325
1024	2815	3839	0	179	243
1280	2815	3839	0	128	182
1536	2815	3839	0	90	135
1792	2815	3839	0	62	99
2048	2815	3839	2	41	71
2303	2815	3839	6	25	50
2559	2815	3839	10	14	33
2815	2815	3839	15	7	21
3071	2815	3839	22	2	12
3327	2815	3839	29	0	6
3583	2815	3839	37	0	2
3839	2815	3839	46	0	0
4095	2815	3839	56	0	0
0	3071	3839	0	1209	1333
256	3071	3839	0	558	641
512	3071	3839	0	384	452
768	3071	3839	0	277	334
1024	3071	3839	0	202	251
1280	3071	3839	0	147	189
1536	3071	3839	0	106	141
1792	3071	3839	0	75	104
2048	3071	3839	0	51	75
2303	3071	3839	1	33	53
2559	3071	3839	3	20	36
2815	3071	3839	6	11	23
3071	3071	3839	10	5	13
3327	3071	3839	15	2	7
3583	3071	3839	21	0	3
3839	3071	3839	28	0	1
4095	3071	3839	35	0	0
0	3327	3839	0	1269	1352
256	3327	3839	0	598	653
512	3327	3839	0	417	463
768	3327	3839	0	304	343
1024	3327	3839	0	225	258
1280	3327	3839	0	167	195
1536	3327	3839	0	123	147
1792	3327	3839	0	89	109
2048	3327	3839	0	62	79
2303	3327	3839	0	42	56
2559	3327	3839	0	27	38
2815	3327	3839	1	16	25
3071	3327	3839	3	9	15
3327	3327	3839	6	4	8
3583	3327	3839	10	1	3
3839	3327	3839	15	0	1
4095	3327	3839	20	0	0
0	3583	3839	0	1329	1370
256	3583	3839	0	638	666
512	3583	3839	0	450	473
768	3583	3839	0	332	352
1024	3583	3839	0	249	266
1280	3583	3839	0	187	201
1536	3583	3839	0	140	152
1792	3583	3839	0	103	113
2048	3583	3839	0	74	83
2303	3583	3839	0	52	60
2559	3583	3839	0	35	41
2815	3583	3839	0	22	27
3071	3583	3839	0	13	17
3327	3583	3839	2	7	9
3583	3583	3839	4	3	4
3839	3583	3839	6	1	1
4095	3583	3839	10	0	0
0	3839	3839	0	1388	1388
256	3839	3839	0	677	677
512	3839	3839	0	483	483
768	3839	3839	0	360	360
1024	3839	3839	0	273	273
1280	3839	3839	0	208	208
1536	3839	3839	0	157	157
1792	3839	3839	0	118	118
2048	3839	3839	0	87	87
2303	3839	3839	0	63	63
2559	3839	3839	0	44	44
2815	3839	3839	0	29	29
3071	3839	3839	0	18	18
3327	3839	3839	0	10	10
3583	3839	3839	1	5	5
3839	3839	3839	2	2	2
4095	3839	3839	4	0	0
0	4095	3839	0	1446	1405
256	4095	3839	0	717	689
512	4095	3839	0	516	492
768	4095	3839	0	388	368
1024	4095	3839	0	297	280
1280	4095	3839	0	229	214
1536	4095	3839	0	175	163
1792	4095	3839	0	134	123
2048	4095	3839	0	100	91
2303	4095	3839	0	74	66
2559	4095	3839	0	53	46
2815	4095	3839	0	37	31
3071	4095	3839	0	24	20
3327	4095	3839	0	15	11
3583	4095	3839	0	8	6
3839	4095	3839	0	4	2
4095	4095	3839	1	1	0
0	0	4095	521	121	821
256	0	4095	911	2	315
512	0	4095	1086	0	191
768	0	4095	1228	0	120
1024	0	4095	1354	0	75
1280	0	4095	1468	0	44
1536	0	4095	1575	0	24
1792	0	4095	1676	0	12
2048	0	4095	1773	0	4
2303	0	4095	1866	0	1
2559	0	4095	1955	0	0
2815	0	4095	2043	0	0
3071	0	4095	2127	0	0
3327	0	4095	2210	0	0
3583	0	4095	2291	0	0
3839	0	4095	2371	0	0
4095	0	4095	2449	0	0
0	256	4095	80	322	952
256	256	4095	250	58	394
512	256	4095	340	16	253
768	256	4095	417	2	169
1024	256	4095	488	0	113
1280	256	4095	554	0	74
1536	256	4095	618	0	47
1792	256	4095	679	0	28
2048	256	4095	738	0	15
2303	256	4095	796	0	6
2559	256	4095	853	0	2
2815	256	4095	909	0	0
3071	256	4095	964	0	0
3327	256	4095	1018	0	0
3583	256	4095	1071	0	0
3839	256	4095	1124	0	0
4095	256	4095	1176	0	0
0	512	4095	18	423	1003
256	512	4095	115	102	426
512	512	4095	176	41	278
768	512	4095	231	14	189
1024	512	4095	283	3	130
1280	512	4095	333	0	87
1536	512	4095	382	0	57
1792	512	4095	429	0	35
2048	512	4095	476	0	20
2303	512	4095	521	0	10
2559	512	4095	567	0	4
2815	512	4095	611	0	1
3071	512	4095	656	0	0
3327	512	4095	700	0	0
3583	512	4095	743	0	0
3839	512	4095	787	0	0
4095	512	4095	829	0	0
0	768	4095	1	509	1042
256	768	4095	50	143	451
512	768	4095	91	67	298
768	768	4095	130	30	205
1024	768	4095	169	11	143
1280	768	4095	207	2	98
1536	768	4095	245	0	66
1792	768	4095	282	0	42
2048	768	4095	319	0	25
2303	768	4095	356	0	14
2559	768	4095	393	0	6
2815	768	4095	430	0	2
3071	768	4095	467	0	0
3327	768	4095	503	0	0
3583	768	4095	540	0	0
3839	768	4095	576	0	0
4095	768	4095	613	0	0
0	1024	4095	0	588	1076
256	1024	4095	17	183	472
512	1024	4095	43	95	315
768	1024	4095	70	49	219
1024	1024	4095	98	23	154
1280	1024	4095	126	8	107
1536	1024	4095	156	2	73
1792	1024	4095	185	0	48
2048	1024	4095	215	0	30
2303	1024	4095	245	0	17
2559	1024	4095	275	0	8
2815	1024	4095	306	0	3
3071	1024	4095	336	0	1
3327	1024	4095	367	0	0
3583	1024	4095	398	0	0
3839	1024	4095	429	0	0
4095	1024	4095	460	0	0
0	1280	4095	0	661	1105
256	1280	4095	3	223	491
512	1280	4095	16	123	330
768	1280	4095	33	69	232
1024	1280	4095	53	36	164
1280	1280	4095	73	17	116
1536	1280	4095	95	6	80
1792	1280	4095	118	1	54
2048	1280	4095	142	0	34
2303	1280	4095	166	0	20
2559	1280	4095	191	0	11
2815	1280	4095	216	0	5
3071	1280	4095	241	0	1
3327	1280	4095	267	0	0
3583	1280	4095	293	0	0
3839	1280	4095	319	0	0
4095	1280	4095	345	0	0
0	1536	4095	0	730	1132
256	1536	4095	0	262	508
512	1536	4095	3	152	344
768	1536	4095	12	90	243
1024	1536	4095	25	52	174
1280	1536	4095	39	28	124
1536	1536	4095	55	13	87
1792	1536	4095	72	4	59
2048	1536	4095	90	1	38
2303	1536	4095	109	0	23
2559	1536	4095	129	0	13
2815	1536	4095	149	0	6
3071	1536	4095	170	0	2
3327	1536	4095	192	0	0
3583	1536	4095	213	0	0
3839	1536	4095	236	0	0
4095	1536	4095	258	0	0
0	1792	4095	0	797	1157
256	1792	4095	0	301	524
512	1792	4095	0	181	357
768	1792	4095	3	112	254
1024	1792	4095	9	68	183
1280	1792	4095	17	40	131
1536	1792	4095	28	21	93
1792	1792	4095	40	9	64
2048	1792	4095	54	3	42
2303	1792	4095	69	0	26
2559	1792	4095	84	0	15
2815	1792	4095	100	0	7
3071	1792	4095	117	0	3
3327	1792	4095	135	0	1
3583	1792	4095	153	0	0
3839	1792	4095	171	0	0
4095	1792	4095	190	0	0
0	2048	4095	0	862	1180
256	2048	4095	0	339	539
512	2048	4095	0	210	369
768	2048	4095	0	135	264
1024	2048	4095	1	86	191
1280	2048	4095	6	53	138
1536	2048	4095	12	31	99
1792	2048	4095	20	16	69
2048	2048	4095	29	7	46
2303	2048	4095	40	2	29
2559	2048	4095	52	0	17
2815	2048	4095	64	0	9
3071	2048	4095	78	0	4
3327	2048	4095	92	0	1
3583	2048	4095	106	0	0
3839	2048	4095	122	0	0
4095	2048	4095	138	0	0
0	2303	4095	0	924	1202
256	2303	4095	0	377	553
512	2303	4095	0	239	380
768	2303	4095	0	158	274
1024	2303	4095	0	105	199
1280	2303	4095	1	67	145
1536	2303	4095	3	42	104
1792	2303	4095	7	24	73
2048	2303	4095	13	12	50
2303	2303	4095	21	5	32
2559	2303	4095	29	1	20
2815	2303	4095	38	0	11
3071	2303	4095	49	0	5
3327	2303	4095	60	0	1
3583	2303	4095	71	0	0
3839	2303	4095	84	0	0
4095	2303	4095	97	0	0
0	2559	4095	0	985	1222
256	2559	4095	0	415	567
512	2559	4095	0	269	392
768	2559	4095	0	182	283
1024	2559	4095	0	124	207
1280	2559	4095	0	83	152
1536	2559	4095	0	53	110
1792	2559	4095	1	33	78
2048	2559	4095	4	18	54
2303	2559	4095	8	9	35
2559	2559	4095	14	3	22
2815	2559	4095	20	1	12
3071	2559	4095	28	0	6
3327	2559	4095	36	0	2
3583	2559	4095	45	0	0
3839	2559	4095	55	0	0
4095	2559	4095	65	0	0
0	2815	4095	0	1045	1242
256	2815	4095	0	453	580
512	2815	4095	0	299	402
768	2815	4095	0	206	292
1024	2815	4095	0	144	215
1280	2815	4095	0	99	158
1536	2815	4095	0	66	115
1792	2815	4095	0	43	82
2048	2815	4095	0	26	57
2303	2815	4095	2	14	38
2559	2815	4095	5	6	24
2815	2815	4095	9	2	14
3071	2815	4095	14	0	7
3327	2815	4095	19	0	3
3583	2815	4095	26	0	1
3839	2815	4095	33	0	0
4095	2815	4095	41	0	0
0	3071	4095	0	1104	1261
256	3071	4095	0	490	593
512	3071	4095	0	329	413
768	3071	4095	0	231	301
1024	3071	4095	0	164	222
1280	3071	4095	0	115	164
1536	3071	4095	0	80	120
1792	3071	4095	0	53	87
2048	3071	4095	0	34	61
2303	3071	4095	0	20	41
2559	3071	4095	1	11	26
2815	3071	4095	2	4	16
3071	3071	4095	5	1	8
3327	3071	4095	9	0	3
3583	3071	4095	13	0	1
3839	3071	4095	18	0	0
4095	3071	4095	24	0	0
0	3327	4095	0	1162	1280
256	3327	4095	0	527	605
512	3327	4095	0	359	423
768	3327	4095	0	256	309
1024	3327	4095	0	185	229
1280	3327	4095	0	133	170
1536	3327	4095	0	94	126
1792	3327	4095	0	65	91
2048	3327	4095	0	43	64
2303	3327	4095	0	27	44
2559	3327	4095	0	16	29
2815	3327	4095	0	8	17
3071	3327	4095	1	3	9
3327	3327	4095	3	1	4
3583	3327	4095	5	0	1
3839	3327	4095	8	0	0
4095	3327	4095	12	0	0
0	3583	4095	0	1219	1297
256	3583	4095	0	565	616
512	3583	4095	0	390	432
768	3583	4095	0	282	317
1024	3583	4095	0	206	236
1280	3583	4095	0	151	176
1536	3583	4095	0	109	131
1792	3583	4095	0	77	95
2048	3583	4095	0	53	68
2303	3583	4095	0	35	47
2559	3583	4095	0	21	31
2815	3583	4095	0	12	19
3071	3583	4095	0	6	11
3327	3583	4095	0	2	5
3583	3583	4095	1	0	2
3839	3583	4095	3	0	0
4095	3583	4095	5	0	0
0	3839	4095	0	1275	1314
256	3839	4095	0	602	628
512	3839	4095	0	420	442
768	3839	4095	0	307	325
1024	3839	4095	0	228	243
1280	3839	4095	0	169	182
1536	3839	4095	0	124	135
1792	3839	4095	0	90	99
2048	3839	4095	0	64	71
2303	3839	4095	0	43	50
2559	3839	4095	0	28	33
2815	3839	4095	0	17	21
3071	3839	4095	0	9	12
3327	3839	4095	0	4	6
3583	3839	4095	0	1	2
3839	3839	4095	0	0	0
4095	3839	4095	1	0	0
0	4095	4095	0	1331	1331
256	4095	4095	0	639	639
512	4095	4095	0	451	451
768	4095	4095	0	333	333
1024	4095	4095	0	250	250
1280	4095	4095	0	188	188
1536	4095	4095	0	140	140
1792	4095	4095	0	103	103
2048	4095	4095	0	75	75
2303	4095	4095	0	53	53
2559	4095	4095	0	35	35
2815	4095	4095	0	23	23
3071	4095	4095	0	13	13
3327	4095	4095	0	7	7
3583	4095	4095	0	3	3
3839	4095	4095	0	1	1
4095	4095	4095	0	0	0
